order_id,customer_id,order_status,order_purchase_timestamp,order_approved_at,order_delivered_customer_date,order_estimated_delivery_date,late_delivery
O000001,C00049,delivered,2026-08-28T00:02:17,2026-08-28T07:02:17,2026-09-03T07:02:17,2026-09-08T00:02:17,False
O000002,C00066,delivered,2026-08-21T00:04:34,2026-08-21T14:04:34,2026-08-30T14:04:34,2026-09-04T00:04:34,False
O000003,C00083,delivered,2026-08-14T00:06:51,2026-08-14T02:06:51,2026-08-18T02:06:51,2026-08-24T00:06:51,False
O000004,C00100,delivered,2026-08-07T00:09:08,2026-08-07T09:09:08,2026-08-14T09:09:08,2026-08-20T00:09:08,False
O000005,C00117,delivered,2026-07-31T00:11:25,2026-07-31T16:11:25,2026-08-08T00:11:25,2026-08-09T00:11:25,False
O000006,C00134,delivered,2026-07-24T00:13:42,2026-07-24T04:13:42,2026-07-29T04:13:42,2026-08-05T00:13:42,False
O000007,C00151,delivered,2026-07-17T00:15:59,2026-07-17T11:15:59,2026-07-25T11:15:59,2026-07-25T00:15:59,False
O000008,C00168,delivered,2026-07-10T00:18:16,2026-07-10T18:18:16,2026-07-13T18:18:16,2026-07-21T00:18:16,False
O000009,C00185,delivered,2026-07-03T00:20:33,2026-07-03T06:20:33,2026-07-09T06:20:33,2026-07-17T00:20:33,False
O000010,C00202,delivered,2026-06-26T00:22:50,2026-06-26T13:22:50,2026-07-05T13:22:50,2026-07-06T00:22:50,False
O000011,C00219,delivered,2026-06-19T00:25:07,2026-06-19T01:25:07,2026-06-23T01:25:07,2026-07-02T00:25:07,False
O000012,C00236,delivered,2026-06-12T00:27:24,2026-06-12T08:27:24,2026-06-19T08:27:24,2026-06-21T00:27:24,False
O000013,C00253,delivered,2026-06-05T00:29:41,2026-06-05T15:29:41,2026-06-22T00:29:41,2026-06-17T00:29:41,True
O000014,C00270,delivered,2026-05-29T00:31:58,2026-05-29T03:31:58,2026-06-03T03:31:58,2026-06-06T00:31:58,False
O000015,C00287,delivered,2026-05-22T00:34:15,2026-05-22T10:34:15,2026-05-30T10:34:15,2026-06-02T00:34:15,False
O000016,C00304,delivered,2026-05-15T00:36:32,2026-05-15T17:36:32,2026-05-18T17:36:32,2026-05-29T00:36:32,False
O000017,C00321,delivered,2026-05-08T00:38:49,2026-05-08T05:38:49,2026-05-14T05:38:49,2026-05-18T00:38:49,False
O000018,C00338,delivered,2026-05-01T00:41:06,2026-05-01T12:41:06,2026-05-10T12:41:06,2026-05-14T00:41:06,False
O000019,C00355,delivered,2026-04-24T00:43:23,2026-04-24T00:43:23,2026-04-28T00:43:23,2026-05-03T00:43:23,False
O000020,C00372,delivered,2026-04-17T00:45:40,2026-04-17T07:45:40,2026-04-24T07:45:40,2026-04-29T00:45:40,False
O000021,C00389,delivered,2026-04-10T00:47:57,2026-04-10T14:47:57,2026-04-17T00:47:57,2026-04-18T00:47:57,False
O000022,C00406,delivered,2026-04-03T00:50:14,2026-04-03T02:50:14,2026-04-08T02:50:14,2026-04-14T00:50:14,False
O000023,C00423,delivered,2026-03-27T00:52:31,2026-03-27T09:52:31,2026-04-04T09:52:31,2026-04-10T00:52:31,False
O000024,C00440,delivered,2026-03-20T00:54:48,2026-03-20T16:54:48,2026-03-23T16:54:48,2026-03-30T00:54:48,False
O000025,C00457,delivered,2026-03-13T00:57:05,2026-03-13T04:57:05,2026-03-19T04:57:05,2026-03-26T00:57:05,False
O000026,C00474,delivered,2026-03-06T00:59:22,2026-03-06T11:59:22,2026-03-18T00:59:22,2026-03-15T00:59:22,True
O000027,C00491,delivered,2026-02-27T01:01:39,2026-02-27T19:01:39,2026-03-03T19:01:39,2026-03-11T01:01:39,False
O000028,C00508,delivered,2026-02-20T01:03:56,2026-02-20T07:03:56,2026-02-27T07:03:56,2026-02-28T01:03:56,False
O000029,C00525,delivered,2026-02-13T01:06:13,2026-02-13T14:06:13,2026-02-23T14:06:13,2026-02-24T01:06:13,False
O000030,C00542,delivered,2026-02-06T01:08:30,2026-02-06T02:08:30,2026-02-11T02:08:30,2026-02-20T01:08:30,False
O000031,C00559,delivered,2026-01-30T01:10:47,2026-01-30T09:10:47,2026-02-07T09:10:47,2026-02-09T01:10:47,False
O000032,C00576,delivered,2026-01-23T01:13:04,2026-01-23T16:13:04,2026-01-26T16:13:04,2026-02-05T01:13:04,False
O000033,C00593,delivered,2026-01-16T01:15:21,2026-01-16T04:15:21,2026-01-22T04:15:21,2026-01-25T01:15:21,False
O000034,C00610,delivered,2026-01-09T01:17:38,2026-01-09T11:17:38,2026-01-18T11:17:38,2026-01-21T01:17:38,False
O000035,C00627,delivered,2026-01-02T01:19:55,2026-01-02T18:19:55,2026-01-06T18:19:55,2026-01-10T01:19:55,False
O000036,C00644,delivered,2025-12-26T01:22:12,2025-12-26T06:22:12,2026-01-02T06:22:12,2026-01-06T01:22:12,False
O000037,C00661,delivered,2025-12-19T01:24:29,2025-12-19T13:24:29,2025-12-29T13:24:29,2026-01-02T01:24:29,False
O000038,C00678,delivered,2025-12-12T01:26:46,2025-12-12T01:26:46,2025-12-17T01:26:46,2025-12-22T01:26:46,False
O000039,C00695,delivered,2025-12-05T01:29:03,2025-12-05T08:29:03,2025-12-24T01:29:03,2025-12-18T01:29:03,True
O000040,C00712,delivered,2025-11-28T01:31:20,2025-11-28T15:31:20,2025-12-01T15:31:20,2025-12-07T01:31:20,False
O000041,C00729,delivered,2025-11-21T01:33:37,2025-11-21T03:33:37,2025-11-27T03:33:37,2025-12-03T01:33:37,False
O000042,C00746,delivered,2025-11-14T01:35:54,2025-11-14T10:35:54,2025-11-21T01:35:54,2025-11-22T01:35:54,False
O000043,C00763,delivered,2025-11-07T01:38:11,2025-11-07T17:38:11,2025-11-11T17:38:11,2025-11-18T01:38:11,False
O000044,C00780,delivered,2025-10-31T01:40:28,2025-10-31T05:40:28,2025-11-07T05:40:28,2025-11-14T01:40:28,False
O000045,C00797,delivered,2025-10-24T01:42:45,2025-10-24T12:42:45,2025-11-03T12:42:45,2025-11-03T01:42:45,False
O000046,C00814,delivered,2025-10-17T01:45:02,2025-10-17T19:45:02,2025-10-22T19:45:02,2025-10-30T01:45:02,False
O000047,C00831,delivered,2025-10-10T01:47:19,2025-10-10T07:47:19,2025-10-18T07:47:19,2025-10-19T01:47:19,False
O000048,C00848,delivered,2025-10-03T01:49:36,2025-10-03T14:49:36,2025-10-06T14:49:36,2025-10-15T01:49:36,False
O000049,C00865,delivered,2025-09-26T01:51:53,2025-09-26T02:51:53,2025-10-02T02:51:53,2025-10-04T01:51:53,False
O000050,C00882,delivered,2025-09-19T01:54:10,2025-09-19T09:54:10,2025-09-28T09:54:10,2025-09-30T01:54:10,False
O000051,C00899,delivered,2025-09-12T01:56:27,2025-09-12T16:56:27,2025-09-16T16:56:27,2025-09-26T01:56:27,False
O000052,C00916,delivered,2025-09-05T01:58:44,2025-09-05T04:58:44,2025-09-19T01:58:44,2025-09-15T01:58:44,True
O000053,C00933,delivered,2026-08-29T02:01:01,2026-08-29T12:01:01,2026-09-08T12:01:01,2026-09-11T02:01:01,False
O000054,C00950,delivered,2026-08-22T02:03:18,2026-08-22T19:03:18,2026-08-27T19:03:18,2026-08-31T02:03:18,False
O000055,C00967,delivered,2026-08-15T02:05:35,2026-08-15T07:05:35,2026-08-23T07:05:35,2026-08-27T02:05:35,False
O000056,C00984,delivered,2026-08-08T02:07:52,2026-08-08T14:07:52,2026-08-11T14:07:52,2026-08-16T02:07:52,False
O000057,C00001,delivered,2026-08-01T02:10:09,2026-08-01T02:10:09,2026-08-07T02:10:09,2026-08-12T02:10:09,False
O000058,C00018,delivered,2026-07-25T02:12:26,2026-07-25T09:12:26,2026-08-03T09:12:26,2026-08-08T02:12:26,False
O000059,C00035,delivered,2026-07-18T02:14:43,2026-07-18T16:14:43,2026-07-22T16:14:43,2026-07-28T02:14:43,False
O000060,C00052,delivered,2026-07-11T02:17:00,2026-07-11T04:17:00,2026-07-18T04:17:00,2026-07-24T02:17:00,False
O000061,C00069,delivered,2026-07-04T02:19:17,2026-07-04T11:19:17,2026-07-12T02:19:17,2026-07-13T02:19:17,False
O000062,C00086,delivered,2026-06-27T02:21:34,2026-06-27T18:21:34,2026-07-02T18:21:34,2026-07-09T02:21:34,False
O000063,C00103,delivered,2026-06-20T02:23:51,2026-06-20T06:23:51,2026-06-28T06:23:51,2026-06-28T02:23:51,False
O000064,C00120,delivered,2026-06-13T02:26:08,2026-06-13T13:26:08,2026-06-16T13:26:08,2026-06-24T02:26:08,False
O000065,C00137,delivered,2026-06-06T02:28:25,2026-06-06T20:28:25,2026-06-22T02:28:25,2026-06-20T02:28:25,True
O000066,C00154,delivered,2026-05-30T02:30:42,2026-05-30T08:30:42,2026-06-08T08:30:42,2026-06-09T02:30:42,False
O000067,C00171,delivered,2026-05-23T02:32:59,2026-05-23T15:32:59,2026-05-27T15:32:59,2026-06-05T02:32:59,False
O000068,C00188,delivered,2026-05-16T02:35:16,2026-05-16T03:35:16,2026-05-23T03:35:16,2026-05-25T02:35:16,False
O000069,C00205,delivered,2026-05-09T02:37:33,2026-05-09T10:37:33,2026-05-19T10:37:33,2026-05-21T02:37:33,False
O000070,C00222,delivered,2026-05-02T02:39:50,2026-05-02T17:39:50,2026-05-07T17:39:50,2026-05-10T02:39:50,False
O000071,C00239,delivered,2026-04-25T02:42:07,2026-04-25T05:42:07,2026-05-03T05:42:07,2026-05-06T02:42:07,False
O000072,C00256,delivered,2026-04-18T02:44:24,2026-04-18T12:44:24,2026-04-21T12:44:24,2026-05-02T02:44:24,False
O000073,C00273,delivered,2026-04-11T02:46:41,2026-04-11T19:46:41,2026-04-17T19:46:41,2026-04-21T02:46:41,False
O000074,C00290,delivered,2026-04-04T02:48:58,2026-04-04T07:48:58,2026-04-13T07:48:58,2026-04-17T02:48:58,False
O000075,C00307,delivered,2026-03-28T02:51:15,2026-03-28T14:51:15,2026-04-01T14:51:15,2026-04-06T02:51:15,False
O000076,C00324,delivered,2026-03-21T02:53:32,2026-03-21T02:53:32,2026-03-28T02:53:32,2026-04-02T02:53:32,False
O000077,C00341,delivered,2026-03-14T02:55:49,2026-03-14T09:55:49,2026-03-21T02:55:49,2026-03-22T02:55:49,False
O000078,C00358,delivered,2026-03-07T02:58:06,2026-03-07T16:58:06,2026-03-23T02:58:06,2026-03-18T02:58:06,True
O000079,C00375,delivered,2026-02-28T03:00:23,2026-02-28T05:00:23,2026-03-08T05:00:23,2026-03-14T03:00:23,False
O000080,C00392,delivered,2026-02-21T03:02:40,2026-02-21T12:02:40,2026-02-24T12:02:40,2026-03-03T03:02:40,False
O000081,C00409,delivered,2026-02-14T03:04:57,2026-02-14T19:04:57,2026-02-20T19:04:57,2026-02-27T03:04:57,False
O000082,C00426,delivered,2026-02-07T03:07:14,2026-02-07T07:07:14,2026-02-16T07:07:14,2026-02-16T03:07:14,False
O000083,C00443,delivered,2026-01-31T03:09:31,2026-01-31T14:09:31,2026-02-04T14:09:31,2026-02-12T03:09:31,False
O000084,C00460,delivered,2026-01-24T03:11:48,2026-01-24T21:11:48,2026-01-31T21:11:48,2026-02-01T03:11:48,False
O000085,C00477,delivered,2026-01-17T03:14:05,2026-01-17T09:14:05,2026-01-27T09:14:05,2026-01-28T03:14:05,False
O000086,C00494,delivered,2026-01-10T03:16:22,2026-01-10T16:16:22,2026-01-15T16:16:22,2026-01-24T03:16:22,False
O000087,C00511,delivered,2026-01-03T03:18:39,2026-01-03T04:18:39,2026-01-11T04:18:39,2026-01-13T03:18:39,False
O000088,C00528,delivered,2025-12-27T03:20:56,2025-12-27T11:20:56,2025-12-30T11:20:56,2026-01-09T03:20:56,False
O000089,C00545,delivered,2025-12-20T03:23:13,2025-12-20T18:23:13,2025-12-26T18:23:13,2025-12-29T03:23:13,False
O000090,C00562,shipped,2025-12-13T03:25:30,2025-12-13T06:25:30,2025-12-22T06:25:30,2025-12-25T03:25:30,False
O000091,C00579,shipped,2025-12-06T03:27:47,2025-12-06T13:27:47,2025-12-17T03:27:47,2025-12-14T03:27:47,True
O000092,C00596,shipped,2025-11-29T03:30:04,2025-11-29T20:30:04,2025-12-06T20:30:04,2025-12-10T03:30:04,False
O000093,C00613,shipped,2025-11-22T03:32:21,2025-11-22T08:32:21,2025-12-02T08:32:21,2025-12-06T03:32:21,False
O000094,C00630,processing,2025-11-15T03:34:38,2025-11-15T15:34:38,,2025-11-25T03:34:38,
O000095,C00647,processing,2025-11-08T03:36:55,2025-11-08T03:36:55,,2025-11-21T03:36:55,
O000096,C00664,processing,2025-11-01T03:39:12,2025-11-01T10:39:12,,2025-11-10T03:39:12,
O000097,C00681,canceled,2025-10-25T03:41:29,2025-10-25T17:41:29,,2025-11-06T03:41:29,
O000098,C00698,canceled,2025-10-18T03:43:46,2025-10-18T05:43:46,,2025-10-26T03:43:46,
O000099,C00715,invoiced,2025-10-11T03:46:03,2025-10-11T12:46:03,,2025-10-22T03:46:03,
O000100,C00732,delivered,2025-10-04T03:48:20,2025-10-04T19:48:20,2025-10-11T19:48:20,2025-10-18T03:48:20,False
O000101,C00749,delivered,2025-09-27T03:50:37,2025-09-27T07:50:37,2025-10-07T07:50:37,2025-10-07T03:50:37,False
O000102,C00766,delivered,2025-09-20T03:52:54,2025-09-20T14:52:54,2025-09-25T14:52:54,2025-10-03T03:52:54,False
O000103,C00783,delivered,2025-09-13T03:55:11,2025-09-13T21:55:11,2025-09-21T21:55:11,2025-09-22T03:55:11,False
O000104,C00800,delivered,2025-09-06T03:57:28,2025-09-06T09:57:28,2025-09-24T03:57:28,2025-09-18T03:57:28,True
O000105,C00817,delivered,2026-08-30T03:59:45,2026-08-30T16:59:45,2026-09-05T16:59:45,2026-09-07T03:59:45,False
O000106,C00834,delivered,2026-08-23T04:02:02,2026-08-23T05:02:02,2026-09-01T05:02:02,2026-09-03T04:02:02,False
O000107,C00851,delivered,2026-08-16T04:04:19,2026-08-16T12:04:19,2026-08-20T12:04:19,2026-08-30T04:04:19,False
O000108,C00868,delivered,2026-08-09T04:06:36,2026-08-09T19:06:36,2026-08-16T19:06:36,2026-08-19T04:06:36,False
O000109,C00885,delivered,2026-08-02T04:08:53,2026-08-02T07:08:53,2026-08-12T07:08:53,2026-08-15T04:08:53,False
O000110,C00902,delivered,2026-07-26T04:11:10,2026-07-26T14:11:10,2026-07-31T14:11:10,2026-08-04T04:11:10,False
O000111,C00919,delivered,2026-07-19T04:13:27,2026-07-19T21:13:27,2026-07-27T21:13:27,2026-07-31T04:13:27,False
O000112,C00936,delivered,2026-07-12T04:15:44,2026-07-12T09:15:44,2026-07-15T09:15:44,2026-07-20T04:15:44,False
O000113,C00953,delivered,2026-07-05T04:18:01,2026-07-05T16:18:01,2026-07-11T16:18:01,2026-07-16T04:18:01,False
O000114,C00970,delivered,2026-06-28T04:20:18,2026-06-28T04:20:18,2026-07-07T04:20:18,2026-07-12T04:20:18,False
O000115,C00987,delivered,2026-06-21T04:22:35,2026-06-21T11:22:35,2026-06-25T11:22:35,2026-07-01T04:22:35,False
O000116,C00004,delivered,2026-06-14T04:24:52,2026-06-14T18:24:52,2026-06-21T18:24:52,2026-06-27T04:24:52,False
O000117,C00021,delivered,2026-06-07T04:27:09,2026-06-07T06:27:09,2026-06-20T04:27:09,2026-06-16T04:27:09,True
O000118,C00038,delivered,2026-05-31T04:29:26,2026-05-31T13:29:26,2026-06-05T13:29:26,2026-06-12T04:29:26,False
O000119,C00055,delivered,2026-05-24T04:31:43,2026-05-24T20:31:43,2026-06-01T20:31:43,2026-06-01T04:31:43,False
O000120,C00072,delivered,2026-05-17T04:34:00,2026-05-17T08:34:00,2026-05-20T08:34:00,2026-05-28T04:34:00,False
O000121,C00089,delivered,2026-05-10T04:36:17,2026-05-10T15:36:17,2026-05-16T15:36:17,2026-05-24T04:36:17,False
O000122,C00106,delivered,2026-05-03T04:38:34,2026-05-03T22:38:34,2026-05-12T22:38:34,2026-05-13T04:38:34,False
O000123,C00123,delivered,2026-04-26T04:40:51,2026-04-26T10:40:51,2026-04-30T10:40:51,2026-05-09T04:40:51,False
O000124,C00140,delivered,2026-04-19T04:43:08,2026-04-19T17:43:08,2026-04-26T17:43:08,2026-04-28T04:43:08,False
O000125,C00157,delivered,2026-04-12T04:45:25,2026-04-12T05:45:25,2026-04-22T05:45:25,2026-04-24T04:45:25,False
O000126,C00174,delivered,2026-04-05T04:47:42,2026-04-05T12:47:42,2026-04-10T12:47:42,2026-04-13T04:47:42,False
O000127,C00191,delivered,2026-03-29T04:49:59,2026-03-29T19:49:59,2026-04-06T19:49:59,2026-04-09T04:49:59,False
O000128,C00208,delivered,2026-03-22T04:52:16,2026-03-22T07:52:16,2026-03-25T07:52:16,2026-04-05T04:52:16,False
O000129,C00225,delivered,2026-03-15T04:54:33,2026-03-15T14:54:33,2026-03-21T14:54:33,2026-03-25T04:54:33,False
O000130,C00242,delivered,2026-03-08T04:56:50,2026-03-08T21:56:50,2026-03-23T04:56:50,2026-03-21T04:56:50,True
O000131,C00259,delivered,2026-03-01T04:59:07,2026-03-01T09:59:07,2026-03-05T09:59:07,2026-03-10T04:59:07,False
O000132,C00276,delivered,2026-02-22T05:01:24,2026-02-22T17:01:24,2026-03-01T17:01:24,2026-03-06T05:01:24,False
O000133,C00293,delivered,2026-02-15T05:03:41,2026-02-15T05:03:41,2026-02-22T05:03:41,2026-02-23T05:03:41,False
O000134,C00310,delivered,2026-02-08T05:05:58,2026-02-08T12:05:58,2026-02-13T12:05:58,2026-02-19T05:05:58,False
O000135,C00327,delivered,2026-02-01T05:08:15,2026-02-01T19:08:15,2026-02-09T19:08:15,2026-02-15T05:08:15,False
O000136,C00344,delivered,2026-01-25T05:10:32,2026-01-25T07:10:32,2026-01-28T07:10:32,2026-02-04T05:10:32,False
O000137,C00361,delivered,2026-01-18T05:12:49,2026-01-18T14:12:49,2026-01-24T14:12:49,2026-01-31T05:12:49,False
O000138,C00378,delivered,2026-01-11T05:15:06,2026-01-11T21:15:06,2026-01-20T21:15:06,2026-01-20T05:15:06,False
O000139,C00395,delivered,2026-01-04T05:17:23,2026-01-04T09:17:23,2026-01-08T09:17:23,2026-01-16T05:17:23,False
O000140,C00412,delivered,2025-12-28T05:19:40,2025-12-28T16:19:40,2026-01-04T16:19:40,2026-01-05T05:19:40,False
O000141,C00429,delivered,2025-12-21T05:21:57,2025-12-21T23:21:57,2025-12-31T23:21:57,2026-01-01T05:21:57,False
O000142,C00446,delivered,2025-12-14T05:24:14,2025-12-14T11:24:14,2025-12-19T11:24:14,2025-12-28T05:24:14,False
O000143,C00463,delivered,2025-12-07T05:26:31,2025-12-07T18:26:31,2025-12-22T05:26:31,2025-12-17T05:26:31,True
O000144,C00480,delivered,2025-11-30T05:28:48,2025-11-30T06:28:48,2025-12-03T06:28:48,2025-12-13T05:28:48,False
O000145,C00497,delivered,2025-11-23T05:31:05,2025-11-23T13:31:05,2025-11-29T13:31:05,2025-12-02T05:31:05,False
O000146,C00514,delivered,2025-11-16T05:33:22,2025-11-16T20:33:22,2025-11-25T20:33:22,2025-11-28T05:33:22,False
O000147,C00531,delivered,2025-11-09T05:35:39,2025-11-09T08:35:39,2025-11-13T08:35:39,2025-11-17T05:35:39,False
O000148,C00548,delivered,2025-11-02T05:37:56,2025-11-02T15:37:56,2025-11-09T15:37:56,2025-11-13T05:37:56,False
O000149,C00565,delivered,2025-10-26T05:40:13,2025-10-26T22:40:13,2025-11-05T22:40:13,2025-11-09T05:40:13,False
O000150,C00582,delivered,2025-10-19T05:42:30,2025-10-19T10:42:30,2025-10-24T10:42:30,2025-10-29T05:42:30,False
O000151,C00599,delivered,2025-10-12T05:44:47,2025-10-12T17:44:47,2025-10-20T17:44:47,2025-10-25T05:44:47,False
O000152,C00616,delivered,2025-10-05T05:47:04,2025-10-05T05:47:04,2025-10-08T05:47:04,2025-10-14T05:47:04,False
O000153,C00633,delivered,2025-09-28T05:49:21,2025-09-28T12:49:21,2025-10-04T12:49:21,2025-10-10T05:49:21,False
O000154,C00650,delivered,2025-09-21T05:51:38,2025-09-21T19:51:38,2025-09-28T05:51:38,2025-09-29T05:51:38,False
O000155,C00667,delivered,2025-09-14T05:53:55,2025-09-14T07:53:55,2025-09-18T07:53:55,2025-09-25T05:53:55,False
O000156,C00684,delivered,2025-09-07T05:56:12,2025-09-07T14:56:12,2025-09-24T05:56:12,2025-09-21T05:56:12,True
O000157,C00701,delivered,2026-08-31T05:58:29,2026-08-31T21:58:29,2026-09-10T21:58:29,2026-09-10T05:58:29,False
O000158,C00718,delivered,2026-08-24T06:00:46,2026-08-24T10:00:46,2026-08-29T10:00:46,2026-09-06T06:00:46,False
O000159,C00735,delivered,2026-08-17T06:03:03,2026-08-17T17:03:03,2026-08-25T17:03:03,2026-08-26T06:03:03,False
O000160,C00752,delivered,2026-08-10T06:05:20,2026-08-11T00:05:20,2026-08-14T00:05:20,2026-08-22T06:05:20,False
O000161,C00769,delivered,2026-08-03T06:07:37,2026-08-03T12:07:37,2026-08-09T12:07:37,2026-08-11T06:07:37,False
O000162,C00786,delivered,2026-07-27T06:09:54,2026-07-27T19:09:54,2026-08-05T19:09:54,2026-08-07T06:09:54,False
O000163,C00803,delivered,2026-07-20T06:12:11,2026-07-20T07:12:11,2026-07-24T07:12:11,2026-08-03T06:12:11,False
O000164,C00820,delivered,2026-07-13T06:14:28,2026-07-13T14:14:28,2026-07-20T14:14:28,2026-07-23T06:14:28,False
O000165,C00837,delivered,2026-07-06T06:16:45,2026-07-06T21:16:45,2026-07-16T21:16:45,2026-07-19T06:16:45,False
O000166,C00854,delivered,2026-06-29T06:19:02,2026-06-29T09:19:02,2026-07-04T09:19:02,2026-07-08T06:19:02,False
O000167,C00871,delivered,2026-06-22T06:21:19,2026-06-22T16:21:19,2026-06-30T16:21:19,2026-07-04T06:21:19,False
O000168,C00888,delivered,2026-06-15T06:23:36,2026-06-15T23:23:36,2026-06-18T23:23:36,2026-06-23T06:23:36,False
O000169,C00905,delivered,2026-06-08T06:25:53,2026-06-08T11:25:53,2026-06-25T06:25:53,2026-06-19T06:25:53,True
O000170,C00922,delivered,2026-06-01T06:28:10,2026-06-01T18:28:10,2026-06-10T18:28:10,2026-06-15T06:28:10,False
O000171,C00939,delivered,2026-05-25T06:30:27,2026-05-25T06:30:27,2026-05-29T06:30:27,2026-06-04T06:30:27,False
O000172,C00956,delivered,2026-05-18T06:32:44,2026-05-18T13:32:44,2026-05-25T13:32:44,2026-05-31T06:32:44,False
O000173,C00973,delivered,2026-05-11T06:35:01,2026-05-11T20:35:01,2026-05-19T06:35:01,2026-05-20T06:35:01,False
O000174,C00990,delivered,2026-05-04T06:37:18,2026-05-04T08:37:18,2026-05-09T08:37:18,2026-05-16T06:37:18,False
O000175,C00007,delivered,2026-04-27T06:39:35,2026-04-27T15:39:35,2026-05-05T15:39:35,2026-05-05T06:39:35,False
O000176,C00024,delivered,2026-04-20T06:41:52,2026-04-20T22:41:52,2026-04-23T22:41:52,2026-05-01T06:41:52,False
O000177,C00041,delivered,2026-04-13T06:44:09,2026-04-13T10:44:09,2026-04-19T10:44:09,2026-04-27T06:44:09,False
O000178,C00058,delivered,2026-04-06T06:46:26,2026-04-06T17:46:26,2026-04-15T17:46:26,2026-04-16T06:46:26,False
O000179,C00075,delivered,2026-03-30T06:48:43,2026-03-31T00:48:43,2026-04-04T00:48:43,2026-04-12T06:48:43,False
O000180,C00092,delivered,2026-03-23T06:51:00,2026-03-23T12:51:00,2026-03-30T12:51:00,2026-04-01T06:51:00,False
O000181,C00109,delivered,2026-03-16T06:53:17,2026-03-16T19:53:17,2026-03-26T19:53:17,2026-03-28T06:53:17,False
O000182,C00126,delivered,2026-03-09T06:55:34,2026-03-09T07:55:34,2026-03-21T06:55:34,2026-03-17T06:55:34,True
O000183,C00143,delivered,2026-03-02T06:57:51,2026-03-02T14:57:51,2026-03-10T14:57:51,2026-03-13T06:57:51,False
O000184,C00160,delivered,2026-02-23T07:00:08,2026-02-23T22:00:08,2026-02-26T22:00:08,2026-03-09T07:00:08,False
O000185,C00177,delivered,2026-02-16T07:02:25,2026-02-16T10:02:25,2026-02-22T10:02:25,2026-02-26T07:02:25,False
O000186,C00194,delivered,2026-02-09T07:04:42,2026-02-09T17:04:42,2026-02-18T17:04:42,2026-02-22T07:04:42,False
O000187,C00211,delivered,2026-02-02T07:06:59,2026-02-03T00:06:59,2026-02-07T00:06:59,2026-02-11T07:06:59,False
O000188,C00228,delivered,2026-01-26T07:09:16,2026-01-26T12:09:16,2026-02-02T12:09:16,2026-02-07T07:09:16,False
O000189,C00245,delivered,2026-01-19T07:11:33,2026-01-19T19:11:33,2026-01-26T07:11:33,2026-01-27T07:11:33,False
O000190,C00262,shipped,2026-01-12T07:13:50,2026-01-12T07:13:50,2026-01-17T07:13:50,2026-01-23T07:13:50,False
O000191,C00279,shipped,2026-01-05T07:16:07,2026-01-05T14:16:07,2026-01-13T14:16:07,2026-01-19T07:16:07,False
O000192,C00296,shipped,2025-12-29T07:18:24,2025-12-29T21:18:24,2026-01-01T21:18:24,2026-01-08T07:18:24,False
O000193,C00313,shipped,2025-12-22T07:20:41,2025-12-22T09:20:41,2025-12-28T09:20:41,2026-01-04T07:20:41,False
O000194,C00330,processing,2025-12-15T07:22:58,2025-12-15T16:22:58,,2025-12-24T07:22:58,
O000195,C00347,processing,2025-12-08T07:25:15,2025-12-08T23:25:15,,2025-12-20T07:25:15,
O000196,C00364,processing,2025-12-01T07:27:32,2025-12-01T11:27:32,,2025-12-09T07:27:32,
O000197,C00381,canceled,2025-11-24T07:29:49,2025-11-24T18:29:49,,2025-12-05T07:29:49,
O000198,C00398,canceled,2025-11-17T07:32:06,2025-11-18T01:32:06,,2025-12-01T07:32:06,
O000199,C00415,invoiced,2025-11-10T07:34:23,2025-11-10T13:34:23,,2025-11-20T07:34:23,
O000200,C00432,delivered,2025-11-03T07:36:40,2025-11-03T20:36:40,2025-11-06T20:36:40,2025-11-16T07:36:40,False
O000201,C00449,delivered,2025-10-27T07:38:57,2025-10-27T08:38:57,2025-11-02T08:38:57,2025-11-05T07:38:57,False
O000202,C00466,delivered,2025-10-20T07:41:14,2025-10-20T15:41:14,2025-10-29T15:41:14,2025-11-01T07:41:14,False
O000203,C00483,delivered,2025-10-13T07:43:31,2025-10-13T22:43:31,2025-10-17T22:43:31,2025-10-21T07:43:31,False
O000204,C00500,delivered,2025-10-06T07:45:48,2025-10-06T10:45:48,2025-10-13T10:45:48,2025-10-17T07:45:48,False
O000205,C00517,delivered,2025-09-29T07:48:05,2025-09-29T17:48:05,2025-10-09T17:48:05,2025-10-13T07:48:05,False
O000206,C00534,delivered,2025-09-22T07:50:22,2025-09-23T00:50:22,2025-09-28T00:50:22,2025-10-02T07:50:22,False
O000207,C00551,delivered,2025-09-15T07:52:39,2025-09-15T12:52:39,2025-09-23T12:52:39,2025-09-28T07:52:39,False
O000208,C00568,delivered,2025-09-08T07:54:56,2025-09-08T19:54:56,2025-09-22T07:54:56,2025-09-17T07:54:56,True
O000209,C00585,delivered,2026-09-01T07:57:13,2026-09-01T07:57:13,2026-09-07T07:57:13,2026-09-13T07:57:13,False
O000210,C00602,delivered,2026-08-25T07:59:30,2026-08-25T14:59:30,2026-09-01T07:59:30,2026-09-02T07:59:30,False
O000211,C00619,delivered,2026-08-18T08:01:47,2026-08-18T22:01:47,2026-08-22T22:01:47,2026-08-29T08:01:47,False
O000212,C00636,delivered,2026-08-11T08:04:04,2026-08-11T10:04:04,2026-08-18T10:04:04,2026-08-25T08:04:04,False
O000213,C00653,delivered,2026-08-04T08:06:21,2026-08-04T17:06:21,2026-08-14T17:06:21,2026-08-14T08:06:21,False
O000214,C00670,delivered,2026-07-28T08:08:38,2026-07-29T00:08:38,2026-08-03T00:08:38,2026-08-10T08:08:38,False
O000215,C00687,delivered,2026-07-21T08:10:55,2026-07-21T12:10:55,2026-07-29T12:10:55,2026-07-30T08:10:55,False
O000216,C00704,delivered,2026-07-14T08:13:12,2026-07-14T19:13:12,2026-07-17T19:13:12,2026-07-26T08:13:12,False
O000217,C00721,delivered,2026-07-07T08:15:29,2026-07-08T02:15:29,2026-07-14T02:15:29,2026-07-15T08:15:29,False
O000218,C00738,delivered,2026-06-30T08:17:46,2026-06-30T14:17:46,2026-07-09T14:17:46,2026-07-11T08:17:46,False
O000219,C00755,delivered,2026-06-23T08:20:03,2026-06-23T21:20:03,2026-06-27T21:20:03,2026-07-07T08:20:03,False
O000220,C00772,delivered,2026-06-16T08:22:20,2026-06-16T09:22:20,2026-06-23T09:22:20,2026-06-26T08:22:20,False
O000221,C00789,delivered,2026-06-09T08:24:37,2026-06-09T16:24:37,2026-06-25T08:24:37,2026-06-22T08:24:37,True
O000222,C00806,delivered,2026-06-02T08:26:54,2026-06-02T23:26:54,2026-06-07T23:26:54,2026-06-11T08:26:54,False
O000223,C00823,delivered,2026-05-26T08:29:11,2026-05-26T11:29:11,2026-06-03T11:29:11,2026-06-07T08:29:11,False
O000224,C00840,delivered,2026-05-19T08:31:28,2026-05-19T18:31:28,2026-05-22T18:31:28,2026-05-27T08:31:28,False
O000225,C00857,delivered,2026-05-12T08:33:45,2026-05-13T01:33:45,2026-05-19T01:33:45,2026-05-23T08:33:45,False
O000226,C00874,delivered,2026-05-05T08:36:02,2026-05-05T13:36:02,2026-05-14T13:36:02,2026-05-19T08:36:02,False
O000227,C00891,delivered,2026-04-28T08:38:19,2026-04-28T20:38:19,2026-05-02T20:38:19,2026-05-08T08:38:19,False
O000228,C00908,delivered,2026-04-21T08:40:36,2026-04-21T08:40:36,2026-04-28T08:40:36,2026-05-04T08:40:36,False
O000229,C00925,delivered,2026-04-14T08:42:53,2026-04-14T15:42:53,2026-04-22T08:42:53,2026-04-23T08:42:53,False
O000230,C00942,delivered,2026-04-07T08:45:10,2026-04-07T22:45:10,2026-04-12T22:45:10,2026-04-19T08:45:10,False
O000231,C00959,delivered,2026-03-31T08:47:27,2026-03-31T10:47:27,2026-04-08T10:47:27,2026-04-08T08:47:27,False
O000232,C00976,delivered,2026-03-24T08:49:44,2026-03-24T17:49:44,2026-03-27T17:49:44,2026-04-04T08:49:44,False
O000233,C00993,delivered,2026-03-17T08:52:01,2026-03-18T00:52:01,2026-03-24T00:52:01,2026-03-31T08:52:01,False
O000234,C00010,delivered,2026-03-10T08:54:18,2026-03-10T12:54:18,2026-03-26T08:54:18,2026-03-20T08:54:18,True
O000235,C00027,delivered,2026-03-03T08:56:35,2026-03-03T19:56:35,2026-03-07T19:56:35,2026-03-16T08:56:35,False
O000236,C00044,delivered,2026-02-24T08:58:52,2026-02-25T02:58:52,2026-03-04T02:58:52,2026-03-05T08:58:52,False
O000237,C00061,delivered,2026-02-17T09:01:09,2026-02-17T15:01:09,2026-02-27T15:01:09,2026-03-01T09:01:09,False
O000238,C00078,delivered,2026-02-10T09:03:26,2026-02-10T22:03:26,2026-02-15T22:03:26,2026-02-18T09:03:26,False
O000239,C00095,delivered,2026-02-03T09:05:43,2026-02-03T10:05:43,2026-02-11T10:05:43,2026-02-14T09:05:43,False
O000240,C00112,delivered,2026-01-27T09:08:00,2026-01-27T17:08:00,2026-01-30T17:08:00,2026-02-10T09:08:00,False
O000241,C00129,delivered,2026-01-20T09:10:17,2026-01-21T00:10:17,2026-01-27T00:10:17,2026-01-30T09:10:17,False
O000242,C00146,delivered,2026-01-13T09:12:34,2026-01-13T12:12:34,2026-01-22T12:12:34,2026-01-26T09:12:34,False
O000243,C00163,delivered,2026-01-06T09:14:51,2026-01-06T19:14:51,2026-01-10T19:14:51,2026-01-15T09:14:51,False
O000244,C00180,delivered,2025-12-30T09:17:08,2025-12-31T02:17:08,2026-01-07T02:17:08,2026-01-11T09:17:08,False
O000245,C00197,delivered,2025-12-23T09:19:25,2025-12-23T14:19:25,2025-12-30T09:19:25,2025-12-31T09:19:25,False
O000246,C00214,delivered,2025-12-16T09:21:42,2025-12-16T21:21:42,2025-12-21T21:21:42,2025-12-27T09:21:42,False
O000247,C00231,delivered,2025-12-09T09:23:59,2025-12-09T09:23:59,2025-12-27T09:23:59,2025-12-23T09:23:59,True
O000248,C00248,delivered,2025-12-02T09:26:16,2025-12-02T16:26:16,2025-12-05T16:26:16,2025-12-12T09:26:16,False
O000249,C00265,delivered,2025-11-25T09:28:33,2025-11-25T23:28:33,2025-12-01T23:28:33,2025-12-08T09:28:33,False
O000250,C00282,delivered,2025-11-18T09:30:50,2025-11-18T11:30:50,2025-11-27T11:30:50,2025-11-27T09:30:50,False
O000251,C00299,delivered,2025-11-11T09:33:07,2025-11-11T18:33:07,2025-11-15T18:33:07,2025-11-23T09:33:07,False
O000252,C00316,delivered,2025-11-04T09:35:24,2025-11-05T01:35:24,2025-11-12T01:35:24,2025-11-12T09:35:24,False
O000253,C00333,delivered,2025-10-28T09:37:41,2025-10-28T13:37:41,2025-11-07T13:37:41,2025-11-08T09:37:41,False
O000254,C00350,delivered,2025-10-21T09:39:58,2025-10-21T20:39:58,2025-10-26T20:39:58,2025-11-04T09:39:58,False
O000255,C00367,delivered,2025-10-14T09:42:15,2025-10-15T03:42:15,2025-10-23T03:42:15,2025-10-24T09:42:15,False
O000256,C00384,delivered,2025-10-07T09:44:32,2025-10-07T15:44:32,2025-10-10T15:44:32,2025-10-20T09:44:32,False
O000257,C00401,delivered,2025-09-30T09:46:49,2025-09-30T22:46:49,2025-10-06T22:46:49,2025-10-09T09:46:49,False
O000258,C00418,delivered,2025-09-23T09:49:06,2025-09-23T10:49:06,2025-10-02T10:49:06,2025-10-05T09:49:06,False
O000259,C00435,delivered,2025-09-16T09:51:23,2025-09-16T17:51:23,2025-09-20T17:51:23,2025-09-24T09:51:23,False
O000260,C00452,delivered,2025-09-09T09:53:40,2025-09-10T00:53:40,2025-09-22T09:53:40,2025-09-20T09:53:40,True
O000261,C00469,delivered,2026-09-02T09:55:57,2026-09-02T12:55:57,2026-09-12T12:55:57,2026-09-16T09:55:57,False
O000262,C00486,delivered,2026-08-26T09:58:14,2026-08-26T19:58:14,2026-08-31T19:58:14,2026-09-05T09:58:14,False
O000263,C00503,delivered,2026-08-19T10:00:31,2026-08-20T03:00:31,2026-08-28T03:00:31,2026-09-01T10:00:31,False
O000264,C00520,delivered,2026-08-12T10:02:48,2026-08-12T15:02:48,2026-08-15T15:02:48,2026-08-21T10:02:48,False
O000265,C00537,delivered,2026-08-05T10:05:05,2026-08-05T22:05:05,2026-08-11T22:05:05,2026-08-17T10:05:05,False
O000266,C00554,delivered,2026-07-29T10:07:22,2026-07-29T10:07:22,2026-08-05T10:07:22,2026-08-06T10:07:22,False
O000267,C00571,delivered,2026-07-22T10:09:39,2026-07-22T17:09:39,2026-07-26T17:09:39,2026-08-02T10:09:39,False
O000268,C00588,delivered,2026-07-15T10:11:56,2026-07-16T00:11:56,2026-07-23T00:11:56,2026-07-29T10:11:56,False
O000269,C00605,delivered,2026-07-08T10:14:13,2026-07-08T12:14:13,2026-07-18T12:14:13,2026-07-18T10:14:13,False
O000270,C00622,delivered,2026-07-01T10:16:30,2026-07-01T19:16:30,2026-07-06T19:16:30,2026-07-14T10:16:30,False
O000271,C00639,delivered,2026-06-24T10:18:47,2026-06-25T02:18:47,2026-07-03T02:18:47,2026-07-03T10:18:47,False
O000272,C00656,delivered,2026-06-17T10:21:04,2026-06-17T14:21:04,2026-06-20T14:21:04,2026-06-29T10:21:04,False
O000273,C00673,delivered,2026-06-10T10:23:21,2026-06-10T21:23:21,2026-06-23T10:23:21,2026-06-18T10:23:21,True
O000274,C00690,delivered,2026-06-03T10:25:38,2026-06-04T04:25:38,2026-06-13T04:25:38,2026-06-14T10:25:38,False
O000275,C00707,delivered,2026-05-27T10:27:55,2026-05-27T16:27:55,2026-05-31T16:27:55,2026-06-10T10:27:55,False
O000276,C00724,delivered,2026-05-20T10:30:12,2026-05-20T23:30:12,2026-05-27T23:30:12,2026-05-30T10:30:12,False
O000277,C00741,delivered,2026-05-13T10:32:29,2026-05-13T11:32:29,2026-05-23T11:32:29,2026-05-26T10:32:29,False
O000278,C00758,delivered,2026-05-06T10:34:46,2026-05-06T18:34:46,2026-05-11T18:34:46,2026-05-15T10:34:46,False
O000279,C00775,delivered,2026-04-29T10:37:03,2026-04-30T01:37:03,2026-05-08T01:37:03,2026-05-11T10:37:03,False
O000280,C00792,delivered,2026-04-22T10:39:20,2026-04-22T13:39:20,2026-04-25T13:39:20,2026-04-30T10:39:20,False
O000281,C00809,delivered,2026-04-15T10:41:37,2026-04-15T20:41:37,2026-04-21T20:41:37,2026-04-26T10:41:37,False
O000282,C00826,delivered,2026-04-08T10:43:54,2026-04-09T03:43:54,2026-04-18T03:43:54,2026-04-22T10:43:54,False
O000283,C00843,delivered,2026-04-01T10:46:11,2026-04-01T15:46:11,2026-04-05T15:46:11,2026-04-11T10:46:11,False
O000284,C00860,delivered,2026-03-25T10:48:28,2026-03-25T22:48:28,2026-04-01T22:48:28,2026-04-07T10:48:28,False
O000285,C00877,delivered,2026-03-18T10:50:45,2026-03-18T10:50:45,2026-03-26T10:50:45,2026-03-27T10:50:45,False
O000286,C00894,delivered,2026-03-11T10:53:02,2026-03-11T17:53:02,2026-03-26T10:53:02,2026-03-23T10:53:02,True
O000287,C00911,delivered,2026-03-04T10:55:19,2026-03-05T00:55:19,2026-03-11T10:55:19,2026-03-12T10:55:19,False
O000288,C00928,delivered,2026-02-25T10:57:36,2026-02-25T12:57:36,2026-02-28T12:57:36,2026-03-08T10:57:36,False
O000289,C00945,delivered,2026-02-18T10:59:53,2026-02-18T19:59:53,2026-02-24T19:59:53,2026-03-04T10:59:53,False
O000290,C00962,shipped,2026-02-11T11:02:10,2026-02-12T03:02:10,2026-02-21T03:02:10,2026-02-21T11:02:10,False
O000291,C00979,shipped,2026-02-04T11:04:27,2026-02-04T15:04:27,2026-02-08T15:04:27,2026-02-17T11:04:27,False
O000292,C00996,shipped,2026-01-28T11:06:44,2026-01-28T22:06:44,2026-02-04T22:06:44,2026-02-06T11:06:44,False
O000293,C00013,shipped,2026-01-21T11:09:01,2026-01-22T05:09:01,2026-02-01T05:09:01,2026-02-02T11:09:01,False
O000294,C00030,processing,2026-01-14T11:11:18,2026-01-14T17:11:18,,2026-01-22T11:11:18,
O000295,C00047,processing,2026-01-07T11:13:35,2026-01-08T00:13:35,,2026-01-18T11:13:35,
O000296,C00064,processing,2025-12-31T11:15:52,2025-12-31T12:15:52,,2026-01-14T11:15:52,
O000297,C00081,canceled,2025-12-24T11:18:09,2025-12-24T19:18:09,,2026-01-03T11:18:09,
O000298,C00098,canceled,2025-12-17T11:20:26,2025-12-18T02:20:26,,2025-12-30T11:20:26,
O000299,C00115,invoiced,2025-12-10T11:22:43,2025-12-10T14:22:43,,2025-12-19T11:22:43,
O000300,C00132,delivered,2025-12-03T11:25:00,2025-12-03T21:25:00,2025-12-10T21:25:00,2025-12-15T11:25:00,False
O000301,C00149,delivered,2025-11-26T11:27:17,2025-11-27T04:27:17,2025-12-03T11:27:17,2025-12-04T11:27:17,False
O000302,C00166,delivered,2025-11-19T11:29:34,2025-11-19T16:29:34,2025-11-24T16:29:34,2025-11-30T11:29:34,False
O000303,C00183,delivered,2025-11-12T11:31:51,2025-11-12T23:31:51,2025-11-20T23:31:51,2025-11-26T11:31:51,False
O000304,C00200,delivered,2025-11-05T11:34:08,2025-11-05T11:34:08,2025-11-08T11:34:08,2025-11-15T11:34:08,False
O000305,C00217,delivered,2025-10-29T11:36:25,2025-10-29T18:36:25,2025-11-04T18:36:25,2025-11-11T11:36:25,False
O000306,C00234,delivered,2025-10-22T11:38:42,2025-10-23T01:38:42,2025-10-30T11:38:42,2025-10-31T11:38:42,False
O000307,C00251,delivered,2025-10-15T11:40:59,2025-10-15T13:40:59,2025-10-19T13:40:59,2025-10-27T11:40:59,False
O000308,C00268,delivered,2025-10-08T11:43:16,2025-10-08T20:43:16,2025-10-15T20:43:16,2025-10-16T11:43:16,False
O000309,C00285,delivered,2025-10-01T11:45:33,2025-10-02T03:45:33,2025-10-12T03:45:33,2025-10-12T11:45:33,False
O000310,C00302,delivered,2025-09-24T11:47:50,2025-09-24T15:47:50,2025-09-29T15:47:50,2025-10-08T11:47:50,False
O000311,C00319,delivered,2025-09-17T11:50:07,2025-09-17T22:50:07,2025-09-25T22:50:07,2025-09-27T11:50:07,False
O000312,C00336,delivered,2025-09-10T11:52:24,2025-09-11T05:52:24,2025-09-27T11:52:24,2025-09-23T11:52:24,True
O000313,C00353,delivered,2026-09-03T11:54:41,2026-09-03T17:54:41,2026-09-09T17:54:41,2026-09-12T11:54:41,False
O000314,C00370,delivered,2026-08-27T11:56:58,2026-08-28T00:56:58,2026-09-06T00:56:58,2026-09-08T11:56:58,False
O000315,C00387,delivered,2026-08-20T11:59:15,2026-08-20T12:59:15,2026-08-24T12:59:15,2026-08-28T11:59:15,False
O000316,C00404,delivered,2026-08-13T12:01:32,2026-08-13T20:01:32,2026-08-20T20:01:32,2026-08-24T12:01:32,False
O000317,C00421,delivered,2026-08-06T12:03:49,2026-08-07T03:03:49,2026-08-17T03:03:49,2026-08-20T12:03:49,False
O000318,C00438,delivered,2026-07-30T12:06:06,2026-07-30T15:06:06,2026-08-04T15:06:06,2026-08-09T12:06:06,False
O000319,C00455,delivered,2026-07-23T12:08:23,2026-07-23T22:08:23,2026-07-31T22:08:23,2026-08-05T12:08:23,False
O000320,C00472,delivered,2026-07-16T12:10:40,2026-07-17T05:10:40,2026-07-20T05:10:40,2026-07-25T12:10:40,False
O000321,C00489,delivered,2026-07-09T12:12:57,2026-07-09T17:12:57,2026-07-15T17:12:57,2026-07-21T12:12:57,False
O000322,C00506,delivered,2026-07-02T12:15:14,2026-07-03T00:15:14,2026-07-09T12:15:14,2026-07-10T12:15:14,False
O000323,C00523,delivered,2026-06-25T12:17:31,2026-06-25T12:17:31,2026-06-29T12:17:31,2026-07-06T12:17:31,False
O000324,C00540,delivered,2026-06-18T12:19:48,2026-06-18T19:19:48,2026-06-25T19:19:48,2026-07-02T12:19:48,False
O000325,C00557,delivered,2026-06-11T12:22:05,2026-06-12T02:22:05,2026-06-23T12:22:05,2026-06-21T12:22:05,True
O000326,C00574,delivered,2026-06-04T12:24:22,2026-06-04T14:24:22,2026-06-09T14:24:22,2026-06-17T12:24:22,False
O000327,C00591,delivered,2026-05-28T12:26:39,2026-05-28T21:26:39,2026-06-05T21:26:39,2026-06-06T12:26:39,False
O000328,C00608,delivered,2026-05-21T12:28:56,2026-05-22T04:28:56,2026-05-25T04:28:56,2026-06-02T12:28:56,False
O000329,C00625,delivered,2026-05-14T12:31:13,2026-05-14T16:31:13,2026-05-20T16:31:13,2026-05-22T12:31:13,False
O000330,C00642,delivered,2026-05-07T12:33:30,2026-05-07T23:33:30,2026-05-16T23:33:30,2026-05-18T12:33:30,False
O000331,C00659,delivered,2026-04-30T12:35:47,2026-05-01T06:35:47,2026-05-05T06:35:47,2026-05-14T12:35:47,False
O000332,C00676,delivered,2026-04-23T12:38:04,2026-04-23T18:38:04,2026-04-30T18:38:04,2026-05-03T12:38:04,False
O000333,C00693,delivered,2026-04-16T12:40:21,2026-04-17T01:40:21,2026-04-27T01:40:21,2026-04-29T12:40:21,False
O000334,C00710,delivered,2026-04-09T12:42:38,2026-04-09T13:42:38,2026-04-14T13:42:38,2026-04-18T12:42:38,False
O000335,C00727,delivered,2026-04-02T12:44:55,2026-04-02T20:44:55,2026-04-10T20:44:55,2026-04-14T12:44:55,False
O000336,C00744,delivered,2026-03-26T12:47:12,2026-03-27T03:47:12,2026-03-30T03:47:12,2026-04-03T12:47:12,False
O000337,C00761,delivered,2026-03-19T12:49:29,2026-03-19T15:49:29,2026-03-25T15:49:29,2026-03-30T12:49:29,False
O000338,C00778,delivered,2026-03-12T12:51:46,2026-03-12T22:51:46,2026-03-31T12:51:46,2026-03-26T12:51:46,True
O000339,C00795,delivered,2026-03-05T12:54:03,2026-03-06T05:54:03,2026-03-10T05:54:03,2026-03-15T12:54:03,False
O000340,C00812,delivered,2026-02-26T12:56:20,2026-02-26T17:56:20,2026-03-05T17:56:20,2026-03-11T12:56:20,False
O000341,C00829,delivered,2026-02-19T12:58:37,2026-02-20T00:58:37,2026-02-27T12:58:37,2026-02-28T12:58:37,False
O000342,C00846,delivered,2026-02-12T13:00:54,2026-02-12T13:00:54,2026-02-17T13:00:54,2026-02-24T13:00:54,False
O000343,C00863,delivered,2026-02-05T13:03:11,2026-02-05T20:03:11,2026-02-13T20:03:11,2026-02-13T13:03:11,False
O000344,C00880,delivered,2026-01-29T13:05:28,2026-01-30T03:05:28,2026-02-02T03:05:28,2026-02-09T13:05:28,False
O000345,C00897,delivered,2026-01-22T13:07:45,2026-01-22T15:07:45,2026-01-28T15:07:45,2026-02-05T13:07:45,False
O000346,C00914,delivered,2026-01-15T13:10:02,2026-01-15T22:10:02,2026-01-24T22:10:02,2026-01-25T13:10:02,False
O000347,C00931,delivered,2026-01-08T13:12:19,2026-01-09T05:12:19,2026-01-13T05:12:19,2026-01-21T13:12:19,False
O000348,C00948,delivered,2026-01-01T13:14:36,2026-01-01T17:14:36,2026-01-08T17:14:36,2026-01-10T13:14:36,False
O000349,C00965,delivered,2025-12-25T13:16:53,2025-12-26T00:16:53,2026-01-05T00:16:53,2026-01-06T13:16:53,False
O000350,C00982,delivered,2025-12-18T13:19:10,2025-12-19T07:19:10,2025-12-24T07:19:10,2025-12-26T13:19:10,False
O000351,C00999,delivered,2025-12-11T13:21:27,2025-12-11T19:21:27,2025-12-25T13:21:27,2025-12-22T13:21:27,True
O000352,C00016,delivered,2025-12-04T13:23:44,2025-12-05T02:23:44,2025-12-08T02:23:44,2025-12-18T13:23:44,False
O000353,C00033,delivered,2025-11-27T13:26:01,2025-11-27T14:26:01,2025-12-03T14:26:01,2025-12-07T13:26:01,False
O000354,C00050,delivered,2025-11-20T13:28:18,2025-11-20T21:28:18,2025-11-29T21:28:18,2025-12-03T13:28:18,False
O000355,C00067,delivered,2025-11-13T13:30:35,2025-11-14T04:30:35,2025-11-18T04:30:35,2025-11-22T13:30:35,False
O000356,C00084,delivered,2025-11-06T13:32:52,2025-11-06T16:32:52,2025-11-13T16:32:52,2025-11-18T13:32:52,False
O000357,C00101,delivered,2025-10-30T13:35:09,2025-10-30T23:35:09,2025-11-06T13:35:09,2025-11-07T13:35:09,False
O000358,C00118,delivered,2025-10-23T13:37:26,2025-10-24T06:37:26,2025-10-29T06:37:26,2025-11-03T13:37:26,False
O000359,C00135,delivered,2025-10-16T13:39:43,2025-10-16T18:39:43,2025-10-24T18:39:43,2025-10-30T13:39:43,False
O000360,C00152,delivered,2025-10-09T13:42:00,2025-10-10T01:42:00,2025-10-13T01:42:00,2025-10-19T13:42:00,False
O000361,C00169,delivered,2025-10-02T13:44:17,2025-10-02T13:44:17,2025-10-08T13:44:17,2025-10-15T13:44:17,False
O000362,C00186,delivered,2025-09-25T13:46:34,2025-09-25T20:46:34,2025-10-04T20:46:34,2025-10-04T13:46:34,False
O000363,C00203,delivered,2025-09-18T13:48:51,2025-09-19T03:48:51,2025-09-23T03:48:51,2025-09-30T13:48:51,False
O000364,C00220,delivered,2025-09-11T13:51:08,2025-09-11T15:51:08,2025-09-25T13:51:08,2025-09-19T13:51:08,True
O000365,C00237,delivered,2026-09-04T13:53:25,2026-09-04T22:53:25,2026-09-14T22:53:25,2026-09-15T13:53:25,False
O000366,C00254,delivered,2026-08-28T13:55:42,2026-08-29T05:55:42,2026-09-03T05:55:42,2026-09-11T13:55:42,False
O000367,C00271,delivered,2026-08-21T13:57:59,2026-08-21T17:57:59,2026-08-29T17:57:59,2026-08-31T13:57:59,False
O000368,C00288,delivered,2026-08-14T14:00:16,2026-08-15T01:00:16,2026-08-18T01:00:16,2026-08-27T14:00:16,False
O000369,C00305,delivered,2026-08-07T14:02:33,2026-08-08T08:02:33,2026-08-14T08:02:33,2026-08-16T14:02:33,False
O000370,C00322,delivered,2026-07-31T14:04:50,2026-07-31T20:04:50,2026-08-09T20:04:50,2026-08-12T14:04:50,False
O000371,C00339,delivered,2026-07-24T14:07:07,2026-07-25T03:07:07,2026-07-29T03:07:07,2026-08-01T14:07:07,False
O000372,C00356,delivered,2026-07-17T14:09:24,2026-07-17T15:09:24,2026-07-24T15:09:24,2026-07-28T14:09:24,False
O000373,C00373,delivered,2026-07-10T14:11:41,2026-07-10T22:11:41,2026-07-20T22:11:41,2026-07-24T14:11:41,False
O000374,C00390,delivered,2026-07-03T14:13:58,2026-07-04T05:13:58,2026-07-09T05:13:58,2026-07-13T14:13:58,False
O000375,C00407,delivered,2026-06-26T14:16:15,2026-06-26T17:16:15,2026-07-04T17:16:15,2026-07-09T14:16:15,False
O000376,C00424,delivered,2026-06-19T14:18:32,2026-06-20T00:18:32,2026-06-23T00:18:32,2026-06-28T14:18:32,False
O000377,C00441,delivered,2026-06-12T14:20:49,2026-06-13T07:20:49,2026-06-28T14:20:49,2026-06-24T14:20:49,True
O000378,C00458,delivered,2026-06-05T14:23:06,2026-06-05T19:23:06,2026-06-12T14:23:06,2026-06-13T14:23:06,False
O000379,C00475,delivered,2026-05-29T14:25:23,2026-05-30T02:25:23,2026-06-03T02:25:23,2026-06-09T14:25:23,False
O000380,C00492,delivered,2026-05-22T14:27:40,2026-05-22T14:27:40,2026-05-29T14:27:40,2026-06-05T14:27:40,False
O000381,C00509,delivered,2026-05-15T14:29:57,2026-05-15T21:29:57,2026-05-25T21:29:57,2026-05-25T14:29:57,False
O000382,C00526,delivered,2026-05-08T14:32:14,2026-05-09T04:32:14,2026-05-14T04:32:14,2026-05-21T14:32:14,False
O000383,C00543,delivered,2026-05-01T14:34:31,2026-05-01T16:34:31,2026-05-09T16:34:31,2026-05-10T14:34:31,False
O000384,C00560,delivered,2026-04-24T14:36:48,2026-04-24T23:36:48,2026-04-27T23:36:48,2026-05-06T14:36:48,False
O000385,C00577,delivered,2026-04-17T14:39:05,2026-04-18T06:39:05,2026-04-24T06:39:05,2026-04-25T14:39:05,False
O000386,C00594,delivered,2026-04-10T14:41:22,2026-04-10T18:41:22,2026-04-19T18:41:22,2026-04-21T14:41:22,False
O000387,C00611,delivered,2026-04-03T14:43:39,2026-04-04T01:43:39,2026-04-08T01:43:39,2026-04-17T14:43:39,False
O000388,C00628,delivered,2026-03-27T14:45:56,2026-03-28T08:45:56,2026-04-04T08:45:56,2026-04-06T14:45:56,False
O000389,C00645,delivered,2026-03-20T14:48:13,2026-03-20T20:48:13,2026-03-30T20:48:13,2026-04-02T14:48:13,False
O000390,C00662,shipped,2026-03-13T14:50:30,2026-03-14T03:50:30,2026-03-24T14:50:30,2026-03-22T14:50:30,True
O000391,C00679,shipped,2026-03-06T14:52:47,2026-03-06T15:52:47,2026-03-14T15:52:47,2026-03-18T14:52:47,False
O000392,C00696,shipped,2026-02-27T14:55:04,2026-02-27T22:55:04,2026-03-02T22:55:04,2026-03-07T14:55:04,False
O000393,C00713,shipped,2026-02-20T14:57:21,2026-02-21T05:57:21,2026-02-27T05:57:21,2026-03-03T14:57:21,False
O000394,C00730,processing,2026-02-13T14:59:38,2026-02-13T17:59:38,,2026-02-27T14:59:38,
O000395,C00747,processing,2026-02-06T15:01:55,2026-02-07T01:01:55,,2026-02-16T15:01:55,
O000396,C00764,processing,2026-01-30T15:04:12,2026-01-31T08:04:12,,2026-02-12T15:04:12,
O000397,C00781,canceled,2026-01-23T15:06:29,2026-01-23T20:06:29,,2026-02-01T15:06:29,
O000398,C00798,canceled,2026-01-16T15:08:46,2026-01-17T03:08:46,,2026-01-28T15:08:46,
O000399,C00815,invoiced,2026-01-09T15:11:03,2026-01-09T15:11:03,,2026-01-17T15:11:03,
O000400,C00832,delivered,2026-01-02T15:13:20,2026-01-02T22:13:20,2026-01-05T22:13:20,2026-01-13T15:13:20,False
O000401,C00849,delivered,2025-12-26T15:15:37,2025-12-27T05:15:37,2026-01-02T05:15:37,2026-01-09T15:15:37,False
O000402,C00866,delivered,2025-12-19T15:17:54,2025-12-19T17:17:54,2025-12-28T17:17:54,2025-12-29T15:17:54,False
O000403,C00883,delivered,2025-12-12T15:20:11,2025-12-13T00:20:11,2025-12-30T15:20:11,2025-12-25T15:20:11,True
O000404,C00900,delivered,2025-12-05T15:22:28,2025-12-06T07:22:28,2025-12-13T07:22:28,2025-12-14T15:22:28,False
O000405,C00917,delivered,2025-11-28T15:24:45,2025-11-28T19:24:45,2025-12-08T19:24:45,2025-12-10T15:24:45,False
O000406,C00934,delivered,2025-11-21T15:27:02,2025-11-22T02:27:02,2025-11-27T02:27:02,2025-11-29T15:27:02,False
O000407,C00951,delivered,2025-11-14T15:29:19,2025-11-15T09:29:19,2025-11-23T09:29:19,2025-11-25T15:29:19,False
O000408,C00968,delivered,2025-11-07T15:31:36,2025-11-07T21:31:36,2025-11-10T21:31:36,2025-11-21T15:31:36,False
O000409,C00985,delivered,2025-10-31T15:33:53,2025-11-01T04:33:53,2025-11-07T04:33:53,2025-11-10T15:33:53,False
O000410,C00002,delivered,2025-10-24T15:36:10,2025-10-24T16:36:10,2025-11-02T16:36:10,2025-11-06T15:36:10,False
O000411,C00019,delivered,2025-10-17T15:38:27,2025-10-17T23:38:27,2025-10-21T23:38:27,2025-10-26T15:38:27,False
O000412,C00036,delivered,2025-10-10T15:40:44,2025-10-11T06:40:44,2025-10-18T06:40:44,2025-10-22T15:40:44,False
O000413,C00053,delivered,2025-10-03T15:43:01,2025-10-03T18:43:01,2025-10-10T15:43:01,2025-10-11T15:43:01,False
O000414,C00070,delivered,2025-09-26T15:45:18,2025-09-27T01:45:18,2025-10-02T01:45:18,2025-10-07T15:45:18,False
O000415,C00087,delivered,2025-09-19T15:47:35,2025-09-20T08:47:35,2025-09-28T08:47:35,2025-10-03T15:47:35,False
O000416,C00104,delivered,2025-09-12T15:49:52,2025-09-12T20:49:52,2025-09-25T15:49:52,2025-09-22T15:49:52,True
O000417,C00121,delivered,2025-09-05T15:52:09,2025-09-06T03:52:09,2025-09-12T03:52:09,2025-09-18T15:52:09,False
O000418,C00138,delivered,2026-08-29T15:54:26,2026-08-29T15:54:26,2026-09-07T15:54:26,2026-09-07T15:54:26,False
O000419,C00155,delivered,2026-08-22T15:56:43,2026-08-22T22:56:43,2026-08-26T22:56:43,2026-09-03T15:56:43,False
O000420,C00172,delivered,2026-08-15T15:59:00,2026-08-16T05:59:00,2026-08-23T05:59:00,2026-08-23T15:59:00,False
O000421,C00189,delivered,2026-08-08T16:01:17,2026-08-08T18:01:17,2026-08-18T18:01:17,2026-08-19T16:01:17,False
O000422,C00206,delivered,2026-08-01T16:03:34,2026-08-02T01:03:34,2026-08-07T01:03:34,2026-08-15T16:03:34,False
O000423,C00223,delivered,2026-07-25T16:05:51,2026-07-26T08:05:51,2026-08-03T08:05:51,2026-08-04T16:05:51,False
O000424,C00240,delivered,2026-07-18T16:08:08,2026-07-18T20:08:08,2026-07-21T20:08:08,2026-07-31T16:08:08,False
O000425,C00257,delivered,2026-07-11T16:10:25,2026-07-12T03:10:25,2026-07-18T03:10:25,2026-07-20T16:10:25,False
O000426,C00274,delivered,2026-07-04T16:12:42,2026-07-05T10:12:42,2026-07-14T10:12:42,2026-07-16T16:12:42,False
O000427,C00291,delivered,2026-06-27T16:14:59,2026-06-27T22:14:59,2026-07-01T22:14:59,2026-07-05T16:14:59,False
O000428,C00308,delivered,2026-06-20T16:17:16,2026-06-21T05:17:16,2026-06-28T05:17:16,2026-07-01T16:17:16,False
O000429,C00325,delivered,2026-06-13T16:19:33,2026-06-13T17:19:33,2026-07-03T16:19:33,2026-06-27T16:19:33,True
O000430,C00342,delivered,2026-06-06T16:21:50,2026-06-07T00:21:50,2026-06-12T00:21:50,2026-06-16T16:21:50,False
O000431,C00359,delivered,2026-05-30T16:24:07,2026-05-31T07:24:07,2026-06-08T07:24:07,2026-06-12T16:24:07,False
O000432,C00376,delivered,2026-05-23T16:26:24,2026-05-23T19:26:24,2026-05-26T19:26:24,2026-06-01T16:26:24,False
O000433,C00393,delivered,2026-05-16T16:28:41,2026-05-17T02:28:41,2026-05-23T02:28:41,2026-05-28T16:28:41,False
O000434,C00410,delivered,2026-05-09T16:30:58,2026-05-10T09:30:58,2026-05-16T16:30:58,2026-05-17T16:30:58,False
O000435,C00427,delivered,2026-05-02T16:33:15,2026-05-02T21:33:15,2026-05-06T21:33:15,2026-05-13T16:33:15,False
O000436,C00444,delivered,2026-04-25T16:35:32,2026-04-26T04:35:32,2026-05-03T04:35:32,2026-05-09T16:35:32,False
O000437,C00461,delivered,2026-04-18T16:37:49,2026-04-18T16:37:49,2026-04-28T16:37:49,2026-04-28T16:37:49,False
O000438,C00478,delivered,2026-04-11T16:40:06,2026-04-11T23:40:06,2026-04-16T23:40:06,2026-04-24T16:40:06,False
O000439,C00495,delivered,2026-04-04T16:42:23,2026-04-05T06:42:23,2026-04-13T06:42:23,2026-04-13T16:42:23,False
O000440,C00512,delivered,2026-03-28T16:44:40,2026-03-28T18:44:40,2026-03-31T18:44:40,2026-04-09T16:44:40,False
O000441,C00529,delivered,2026-03-21T16:46:57,2026-03-22T01:46:57,2026-03-28T01:46:57,2026-03-29T16:46:57,False
O000442,C00546,delivered,2026-03-14T16:49:14,2026-03-15T08:49:14,2026-03-29T16:49:14,2026-03-25T16:49:14,True
O000443,C00563,delivered,2026-03-07T16:51:31,2026-03-07T20:51:31,2026-03-11T20:51:31,2026-03-21T16:51:31,False
O000444,C00580,delivered,2026-02-28T16:53:48,2026-03-01T03:53:48,2026-03-08T03:53:48,2026-03-10T16:53:48,False
O000445,C00597,delivered,2026-02-21T16:56:05,2026-02-22T10:56:05,2026-03-04T10:56:05,2026-03-06T16:56:05,False
O000446,C00614,delivered,2026-02-14T16:58:22,2026-02-14T22:58:22,2026-02-19T22:58:22,2026-02-23T16:58:22,False
O000447,C00631,delivered,2026-02-07T17:00:39,2026-02-08T06:00:39,2026-02-16T06:00:39,2026-02-19T17:00:39,False
O000448,C00648,delivered,2026-01-31T17:02:56,2026-01-31T18:02:56,2026-02-03T18:02:56,2026-02-08T17:02:56,False
O000449,C00665,delivered,2026-01-24T17:05:13,2026-01-25T01:05:13,2026-01-31T01:05:13,2026-02-04T17:05:13,False
O000450,C00682,delivered,2026-01-17T17:07:30,2026-01-18T08:07:30,2026-01-27T08:07:30,2026-01-31T17:07:30,False
O000451,C00699,delivered,2026-01-10T17:09:47,2026-01-10T20:09:47,2026-01-14T20:09:47,2026-01-20T17:09:47,False
O000452,C00716,delivered,2026-01-03T17:12:04,2026-01-04T03:12:04,2026-01-11T03:12:04,2026-01-16T17:12:04,False
O000453,C00733,delivered,2025-12-27T17:14:21,2025-12-28T10:14:21,2026-01-04T17:14:21,2026-01-05T17:14:21,False
O000454,C00750,delivered,2025-12-20T17:16:38,2025-12-20T22:16:38,2025-12-25T22:16:38,2026-01-01T17:16:38,False
O000455,C00767,delivered,2025-12-13T17:18:55,2025-12-14T05:18:55,2025-12-23T17:18:55,2025-12-21T17:18:55,True
O000456,C00784,delivered,2025-12-06T17:21:12,2025-12-06T17:21:12,2025-12-09T17:21:12,2025-12-17T17:21:12,False
O000457,C00801,delivered,2025-11-29T17:23:29,2025-11-30T00:23:29,2025-12-06T00:23:29,2025-12-13T17:23:29,False
O000458,C00818,delivered,2025-11-22T17:25:46,2025-11-23T07:25:46,2025-12-02T07:25:46,2025-12-02T17:25:46,False
O000459,C00835,delivered,2025-11-15T17:28:03,2025-11-15T19:28:03,2025-11-19T19:28:03,2025-11-28T17:28:03,False
O000460,C00852,delivered,2025-11-08T17:30:20,2025-11-09T02:30:20,2025-11-16T02:30:20,2025-11-17T17:30:20,False
O000461,C00869,delivered,2025-11-01T17:32:37,2025-11-02T09:32:37,2025-11-12T09:32:37,2025-11-13T17:32:37,False
O000462,C00886,delivered,2025-10-25T17:34:54,2025-10-25T21:34:54,2025-10-30T21:34:54,2025-11-02T17:34:54,False
O000463,C00903,delivered,2025-10-18T17:37:11,2025-10-19T04:37:11,2025-10-27T04:37:11,2025-10-29T17:37:11,False
O000464,C00920,delivered,2025-10-11T17:39:28,2025-10-12T11:39:28,2025-10-15T11:39:28,2025-10-25T17:39:28,False
O000465,C00937,delivered,2025-10-04T17:41:45,2025-10-04T23:41:45,2025-10-10T23:41:45,2025-10-14T17:41:45,False
O000466,C00954,delivered,2025-09-27T17:44:02,2025-09-28T06:44:02,2025-10-07T06:44:02,2025-10-10T17:44:02,False
O000467,C00971,delivered,2025-09-20T17:46:19,2025-09-20T18:46:19,2025-09-24T18:46:19,2025-09-29T17:46:19,False
O000468,C00988,delivered,2025-09-13T17:48:36,2025-09-14T01:48:36,2025-09-30T17:48:36,2025-09-25T17:48:36,True
O000469,C00005,delivered,2025-09-06T17:50:53,2025-09-07T08:50:53,2025-09-13T17:50:53,2025-09-14T17:50:53,False
O000470,C00022,delivered,2026-08-30T17:53:10,2026-08-30T20:53:10,2026-09-04T20:53:10,2026-09-10T17:53:10,False
O000471,C00039,delivered,2026-08-23T17:55:27,2026-08-24T03:55:27,2026-09-01T03:55:27,2026-09-06T17:55:27,False
O000472,C00056,delivered,2026-08-16T17:57:44,2026-08-17T10:57:44,2026-08-20T10:57:44,2026-08-26T17:57:44,False
O000473,C00073,delivered,2026-08-09T18:00:01,2026-08-09T23:00:01,2026-08-15T23:00:01,2026-08-22T18:00:01,False
O000474,C00090,delivered,2026-08-02T18:02:18,2026-08-03T06:02:18,2026-08-10T18:02:18,2026-08-11T18:02:18,False
O000475,C00107,delivered,2026-07-26T18:04:35,2026-07-26T18:04:35,2026-07-30T18:04:35,2026-08-07T18:04:35,False
O000476,C00124,delivered,2026-07-19T18:06:52,2026-07-20T01:06:52,2026-07-27T01:06:52,2026-07-27T18:06:52,False
O000477,C00141,delivered,2026-07-12T18:09:09,2026-07-13T08:09:09,2026-07-23T08:09:09,2026-07-23T18:09:09,False
O000478,C00158,delivered,2026-07-05T18:11:26,2026-07-05T20:11:26,2026-07-10T20:11:26,2026-07-19T18:11:26,False
O000479,C00175,delivered,2026-06-28T18:13:43,2026-06-29T03:13:43,2026-07-07T03:13:43,2026-07-08T18:13:43,False
O000480,C00192,delivered,2026-06-21T18:16:00,2026-06-22T10:16:00,2026-06-25T10:16:00,2026-07-04T18:16:00,False
O000481,C00209,delivered,2026-06-14T18:18:17,2026-06-14T22:18:17,2026-06-26T18:18:17,2026-06-23T18:18:17,True
O000482,C00226,delivered,2026-06-07T18:20:34,2026-06-08T05:20:34,2026-06-17T05:20:34,2026-06-19T18:20:34,False
O000483,C00243,delivered,2026-05-31T18:22:51,2026-06-01T12:22:51,2026-06-05T12:22:51,2026-06-08T18:22:51,False
O000484,C00260,delivered,2026-05-24T18:25:08,2026-05-25T00:25:08,2026-06-01T00:25:08,2026-06-04T18:25:08,False
O000485,C00277,delivered,2026-05-17T18:27:25,2026-05-18T07:27:25,2026-05-28T07:27:25,2026-05-31T18:27:25,False
O000486,C00294,delivered,2026-05-10T18:29:42,2026-05-10T19:29:42,2026-05-15T19:29:42,2026-05-20T18:29:42,False
O000487,C00311,delivered,2026-05-03T18:31:59,2026-05-04T02:31:59,2026-05-12T02:31:59,2026-05-16T18:31:59,False
O000488,C00328,delivered,2026-04-26T18:34:16,2026-04-27T09:34:16,2026-04-30T09:34:16,2026-05-05T18:34:16,False
O000489,C00345,delivered,2026-04-19T18:36:33,2026-04-19T21:36:33,2026-04-25T21:36:33,2026-05-01T18:36:33,False
O000490,C00362,shipped,2026-04-12T18:38:50,2026-04-13T04:38:50,2026-04-19T18:38:50,2026-04-20T18:38:50,False
O000491,C00379,shipped,2026-04-05T18:41:07,2026-04-06T11:41:07,2026-04-10T11:41:07,2026-04-16T18:41:07,False
O000492,C00396,shipped,2026-03-29T18:43:24,2026-03-29T23:43:24,2026-04-05T23:43:24,2026-04-12T18:43:24,False
O000493,C00413,shipped,2026-03-22T18:45:41,2026-03-23T06:45:41,2026-03-31T18:45:41,2026-04-01T18:45:41,False
O000494,C00430,processing,2026-03-15T18:47:58,2026-03-15T18:47:58,,2026-03-28T18:47:58,
O000495,C00447,processing,2026-03-08T18:50:15,2026-03-09T01:50:15,,2026-03-17T18:50:15,
O000496,C00464,processing,2026-03-01T18:52:32,2026-03-02T08:52:32,,2026-03-13T18:52:32,
O000497,C00481,canceled,2026-02-22T18:54:49,2026-02-22T20:54:49,,2026-03-02T18:54:49,
O000498,C00498,canceled,2026-02-15T18:57:06,2026-02-16T03:57:06,,2026-02-26T18:57:06,
O000499,C00515,invoiced,2026-02-08T18:59:23,2026-02-09T10:59:23,,2026-02-22T18:59:23,
O000500,C00532,delivered,2026-02-01T19:01:40,2026-02-01T23:01:40,2026-02-08T23:01:40,2026-02-11T19:01:40,False
O000501,C00549,delivered,2026-01-25T19:03:57,2026-01-26T06:03:57,2026-02-05T06:03:57,2026-02-07T19:03:57,False
O000502,C00566,delivered,2026-01-18T19:06:14,2026-01-19T13:06:14,2026-01-24T13:06:14,2026-01-27T19:06:14,False
O000503,C00583,delivered,2026-01-11T19:08:31,2026-01-12T01:08:31,2026-01-20T01:08:31,2026-01-23T19:08:31,False
O000504,C00600,delivered,2026-01-04T19:10:48,2026-01-05T08:10:48,2026-01-08T08:10:48,2026-01-12T19:10:48,False
O000505,C00617,delivered,2025-12-28T19:13:05,2025-12-28T20:13:05,2026-01-03T20:13:05,2026-01-08T19:13:05,False
O000506,C00634,delivered,2025-12-21T19:15:22,2025-12-22T03:15:22,2025-12-31T03:15:22,2026-01-04T19:15:22,False
O000507,C00651,delivered,2025-12-14T19:17:39,2025-12-15T10:17:39,2025-12-28T19:17:39,2025-12-24T19:17:39,True
O000508,C00668,delivered,2025-12-07T19:19:56,2025-12-07T22:19:56,2025-12-14T22:19:56,2025-12-20T19:19:56,False
O000509,C00685,delivered,2025-11-30T19:22:13,2025-12-01T05:22:13,2025-12-08T19:22:13,2025-12-09T19:22:13,False
O000510,C00702,delivered,2025-11-23T19:24:30,2025-11-24T12:24:30,2025-11-29T12:24:30,2025-12-05T19:24:30,False
O000511,C00719,delivered,2025-11-16T19:26:47,2025-11-17T00:26:47,2025-11-23T19:26:47,2025-11-24T19:26:47,False
O000512,C00736,delivered,2025-11-09T19:29:04,2025-11-10T07:29:04,2025-11-13T07:29:04,2025-11-20T19:29:04,False
O000513,C00753,delivered,2025-11-02T19:31:21,2025-11-02T19:31:21,2025-11-08T19:31:21,2025-11-16T19:31:21,False
O000514,C00770,delivered,2025-10-26T19:33:38,2025-10-27T02:33:38,2025-11-05T02:33:38,2025-11-05T19:33:38,False
O000515,C00787,delivered,2025-10-19T19:35:55,2025-10-20T09:35:55,2025-10-24T09:35:55,2025-11-01T19:35:55,False
O000516,C00804,delivered,2025-10-12T19:38:12,2025-10-12T21:38:12,2025-10-19T21:38:12,2025-10-21T19:38:12,False
O000517,C00821,delivered,2025-10-05T19:40:29,2025-10-06T04:40:29,2025-10-16T04:40:29,2025-10-17T19:40:29,False
O000518,C00838,delivered,2025-09-28T19:42:46,2025-09-29T11:42:46,2025-10-04T11:42:46,2025-10-06T19:42:46,False
O000519,C00855,delivered,2025-09-21T19:45:03,2025-09-21T23:45:03,2025-09-29T23:45:03,2025-10-02T19:45:03,False
O000520,C00872,delivered,2025-09-14T19:47:20,2025-09-15T06:47:20,2025-09-30T19:47:20,2025-09-28T19:47:20,True
O000521,C00889,delivered,2025-09-07T19:49:37,2025-09-08T13:49:37,2025-09-14T13:49:37,2025-09-17T19:49:37,False
O000522,C00906,delivered,2026-08-31T19:51:54,2026-09-01T01:51:54,2026-09-10T01:51:54,2026-09-13T19:51:54,False
O000523,C00923,delivered,2026-08-24T19:54:11,2026-08-25T08:54:11,2026-08-29T08:54:11,2026-09-02T19:54:11,False
O000524,C00940,delivered,2026-08-17T19:56:28,2026-08-17T20:56:28,2026-08-24T20:56:28,2026-08-29T19:56:28,False
O000525,C00957,delivered,2026-08-10T19:58:45,2026-08-11T03:58:45,2026-08-17T19:58:45,2026-08-18T19:58:45,False
O000526,C00974,delivered,2026-08-03T20:01:02,2026-08-04T11:01:02,2026-08-09T11:01:02,2026-08-14T20:01:02,False
O000527,C00991,delivered,2026-07-27T20:03:19,2026-07-27T23:03:19,2026-08-04T23:03:19,2026-08-10T20:03:19,False
O000528,C00008,delivered,2026-07-20T20:05:36,2026-07-21T06:05:36,2026-07-24T06:05:36,2026-07-30T20:05:36,False
O000529,C00025,delivered,2026-07-13T20:07:53,2026-07-14T13:07:53,2026-07-20T13:07:53,2026-07-26T20:07:53,False
O000530,C00042,delivered,2026-07-06T20:10:10,2026-07-07T01:10:10,2026-07-14T20:10:10,2026-07-15T20:10:10,False
O000531,C00059,delivered,2026-06-29T20:12:27,2026-06-30T08:12:27,2026-07-04T08:12:27,2026-07-11T20:12:27,False
O000532,C00076,delivered,2026-06-22T20:14:44,2026-06-22T20:14:44,2026-06-29T20:14:44,2026-06-30T20:14:44,False
O000533,C00093,delivered,2026-06-15T20:17:01,2026-06-16T03:17:01,2026-07-01T20:17:01,2026-06-26T20:17:01,True
O000534,C00110,delivered,2026-06-08T20:19:18,2026-06-09T10:19:18,2026-06-14T10:19:18,2026-06-22T20:19:18,False
O000535,C00127,delivered,2026-06-01T20:21:35,2026-06-01T22:21:35,2026-06-09T22:21:35,2026-06-11T20:21:35,False
O000536,C00144,delivered,2026-05-25T20:23:52,2026-05-26T05:23:52,2026-05-29T05:23:52,2026-06-07T20:23:52,False
O000537,C00161,delivered,2026-05-18T20:26:09,2026-05-19T12:26:09,2026-05-25T12:26:09,2026-05-27T20:26:09,False
O000538,C00178,delivered,2026-05-11T20:28:26,2026-05-12T00:28:26,2026-05-21T00:28:26,2026-05-23T20:28:26,False
O000539,C00195,delivered,2026-05-04T20:30:43,2026-05-05T07:30:43,2026-05-09T07:30:43,2026-05-12T20:30:43,False
O000540,C00212,delivered,2026-04-27T20:33:00,2026-04-28T14:33:00,2026-05-05T14:33:00,2026-05-08T20:33:00,False
O000541,C00229,delivered,2026-04-20T20:35:17,2026-04-21T02:35:17,2026-05-01T02:35:17,2026-05-04T20:35:17,False
O000542,C00246,delivered,2026-04-13T20:37:34,2026-04-14T09:37:34,2026-04-19T09:37:34,2026-04-23T20:37:34,False
O000543,C00263,delivered,2026-04-06T20:39:51,2026-04-06T21:39:51,2026-04-14T21:39:51,2026-04-19T20:39:51,False
O000544,C00280,delivered,2026-03-30T20:42:08,2026-03-31T04:42:08,2026-04-03T04:42:08,2026-04-08T20:42:08,False
O000545,C00297,delivered,2026-03-23T20:44:25,2026-03-24T11:44:25,2026-03-30T11:44:25,2026-04-04T20:44:25,False
O000546,C00314,delivered,2026-03-16T20:46:42,2026-03-16T23:46:42,2026-03-27T20:46:42,2026-03-24T20:46:42,True
O000547,C00331,delivered,2026-03-09T20:48:59,2026-03-10T06:48:59,2026-03-14T06:48:59,2026-03-20T20:48:59,False
O000548,C00348,delivered,2026-03-02T20:51:16,2026-03-03T13:51:16,2026-03-10T13:51:16,2026-03-16T20:51:16,False
O000549,C00365,delivered,2026-02-23T20:53:33,2026-02-24T01:53:33,2026-03-04T20:53:33,2026-03-05T20:53:33,False
O000550,C00382,delivered,2026-02-16T20:55:50,2026-02-17T08:55:50,2026-02-22T08:55:50,2026-03-01T20:55:50,False
O000551,C00399,delivered,2026-02-09T20:58:07,2026-02-09T20:58:07,2026-02-17T20:58:07,2026-02-18T20:58:07,False
O000552,C00416,delivered,2026-02-02T21:00:24,2026-02-03T04:00:24,2026-02-06T04:00:24,2026-02-14T21:00:24,False
O000553,C00433,delivered,2026-01-26T21:02:41,2026-01-27T11:02:41,2026-02-02T11:02:41,2026-02-03T21:02:41,False
O000554,C00450,delivered,2026-01-19T21:04:58,2026-01-19T23:04:58,2026-01-28T23:04:58,2026-01-30T21:04:58,False
O000555,C00467,delivered,2026-01-12T21:07:15,2026-01-13T06:07:15,2026-01-17T06:07:15,2026-01-26T21:07:15,False
O000556,C00484,delivered,2026-01-05T21:09:32,2026-01-06T13:09:32,2026-01-13T13:09:32,2026-01-15T21:09:32,False
O000557,C00501,delivered,2025-12-29T21:11:49,2025-12-30T01:11:49,2026-01-09T01:11:49,2026-01-11T21:11:49,False
O000558,C00518,delivered,2025-12-22T21:14:06,2025-12-23T08:14:06,2025-12-28T08:14:06,2025-12-31T21:14:06,False
O000559,C00535,delivered,2025-12-15T21:16:23,2025-12-16T15:16:23,2026-01-02T21:16:23,2025-12-27T21:16:23,True
O000560,C00552,delivered,2025-12-08T21:18:40,2025-12-09T03:18:40,2025-12-12T03:18:40,2025-12-16T21:18:40,False
O000561,C00569,delivered,2025-12-01T21:20:57,2025-12-02T10:20:57,2025-12-08T10:20:57,2025-12-12T21:20:57,False
O000562,C00586,delivered,2025-11-24T21:23:14,2025-11-24T22:23:14,2025-12-03T22:23:14,2025-12-08T21:23:14,False
O000563,C00603,delivered,2025-11-17T21:25:31,2025-11-18T05:25:31,2025-11-22T05:25:31,2025-11-27T21:25:31,False
O000564,C00620,delivered,2025-11-10T21:27:48,2025-11-11T12:27:48,2025-11-18T12:27:48,2025-11-23T21:27:48,False
O000565,C00637,delivered,2025-11-03T21:30:05,2025-11-04T00:30:05,2025-11-11T21:30:05,2025-11-12T21:30:05,False
O000566,C00654,delivered,2025-10-27T21:32:22,2025-10-28T07:32:22,2025-11-02T07:32:22,2025-11-08T21:32:22,False
O000567,C00671,delivered,2025-10-20T21:34:39,2025-10-21T14:34:39,2025-10-27T21:34:39,2025-10-28T21:34:39,False
O000568,C00688,delivered,2025-10-13T21:36:56,2025-10-14T02:36:56,2025-10-17T02:36:56,2025-10-24T21:36:56,False
O000569,C00705,delivered,2025-10-06T21:39:13,2025-10-07T09:39:13,2025-10-13T09:39:13,2025-10-20T21:39:13,False
O000570,C00722,delivered,2025-09-29T21:41:30,2025-09-29T21:41:30,2025-10-08T21:41:30,2025-10-09T21:41:30,False
O000571,C00739,delivered,2025-09-22T21:43:47,2025-09-23T04:43:47,2025-09-27T04:43:47,2025-10-05T21:43:47,False
O000572,C00756,delivered,2025-09-15T21:46:04,2025-09-16T11:46:04,2025-09-28T21:46:04,2025-09-24T21:46:04,True
O000573,C00773,delivered,2025-09-08T21:48:21,2025-09-08T23:48:21,2025-09-18T23:48:21,2025-09-20T21:48:21,False
O000574,C00790,delivered,2026-09-01T21:50:38,2026-09-02T06:50:38,2026-09-07T06:50:38,2026-09-09T21:50:38,False
O000575,C00807,delivered,2026-08-25T21:52:55,2026-08-26T13:52:55,2026-09-03T13:52:55,2026-09-05T21:52:55,False
O000576,C00824,delivered,2026-08-18T21:55:12,2026-08-19T01:55:12,2026-08-22T01:55:12,2026-09-01T21:55:12,False
O000577,C00841,delivered,2026-08-11T21:57:29,2026-08-12T08:57:29,2026-08-18T08:57:29,2026-08-21T21:57:29,False
O000578,C00858,delivered,2026-08-04T21:59:46,2026-08-05T15:59:46,2026-08-14T15:59:46,2026-08-17T21:59:46,False
O000579,C00875,delivered,2026-07-28T22:02:03,2026-07-29T04:02:03,2026-08-02T04:02:03,2026-08-06T22:02:03,False
O000580,C00892,delivered,2026-07-21T22:04:20,2026-07-22T11:04:20,2026-07-29T11:04:20,2026-08-02T22:04:20,False
O000581,C00909,delivered,2026-07-14T22:06:37,2026-07-14T23:06:37,2026-07-21T22:06:37,2026-07-22T22:06:37,False
O000582,C00926,delivered,2026-07-07T22:08:54,2026-07-08T06:08:54,2026-07-13T06:08:54,2026-07-18T22:08:54,False
O000583,C00943,delivered,2026-06-30T22:11:11,2026-07-01T13:11:11,2026-07-09T13:11:11,2026-07-14T22:11:11,False
O000584,C00960,delivered,2026-06-23T22:13:28,2026-06-24T01:13:28,2026-06-27T01:13:28,2026-07-03T22:13:28,False
O000585,C00977,delivered,2026-06-16T22:15:45,2026-06-17T08:15:45,2026-07-01T22:15:45,2026-06-29T22:15:45,True
O000586,C00994,delivered,2026-06-09T22:18:02,2026-06-10T15:18:02,2026-06-17T22:18:02,2026-06-18T22:18:02,False
O000587,C00011,delivered,2026-06-02T22:20:19,2026-06-03T03:20:19,2026-06-07T03:20:19,2026-06-14T22:20:19,False
O000588,C00028,delivered,2026-05-26T22:22:36,2026-05-27T10:22:36,2026-06-03T10:22:36,2026-06-03T22:22:36,False
O000589,C00045,delivered,2026-05-19T22:24:53,2026-05-19T22:24:53,2026-05-29T22:24:53,2026-05-30T22:24:53,False
O000590,C00062,shipped,2026-05-12T22:27:10,2026-05-13T05:27:10,2026-05-18T05:27:10,2026-05-26T22:27:10,False
O000591,C00079,shipped,2026-05-05T22:29:27,2026-05-06T12:29:27,2026-05-14T12:29:27,2026-05-15T22:29:27,False
O000592,C00096,shipped,2026-04-28T22:31:44,2026-04-29T00:31:44,2026-05-02T00:31:44,2026-05-11T22:31:44,False
O000593,C00113,shipped,2026-04-21T22:34:01,2026-04-22T07:34:01,2026-04-28T07:34:01,2026-04-30T22:34:01,False
O000594,C00130,processing,2026-04-14T22:36:18,2026-04-15T14:36:18,,2026-04-26T22:36:18,
O000595,C00147,processing,2026-04-07T22:38:35,2026-04-08T02:38:35,,2026-04-15T22:38:35,
O000596,C00164,processing,2026-03-31T22:40:52,2026-04-01T09:40:52,,2026-04-11T22:40:52,
O000597,C00181,canceled,2026-03-24T22:43:09,2026-03-25T16:43:09,,2026-04-07T22:43:09,
O000598,C00198,canceled,2026-03-17T22:45:26,2026-03-18T04:45:26,,2026-03-27T22:45:26,
O000599,C00215,invoiced,2026-03-10T22:47:43,2026-03-11T11:47:43,,2026-03-23T22:47:43,
O000600,C00232,delivered,2026-03-03T22:50:00,2026-03-03T23:50:00,2026-03-06T23:50:00,2026-03-12T22:50:00,False
O000601,C00249,delivered,2026-02-24T22:52:17,2026-02-25T06:52:17,2026-03-03T06:52:17,2026-03-08T22:52:17,False
O000602,C00266,delivered,2026-02-17T22:54:34,2026-02-18T13:54:34,2026-02-24T22:54:34,2026-02-25T22:54:34,False
O000603,C00283,delivered,2026-02-10T22:56:51,2026-02-11T01:56:51,2026-02-15T01:56:51,2026-02-21T22:56:51,False
O000604,C00300,delivered,2026-02-03T22:59:08,2026-02-04T08:59:08,2026-02-11T08:59:08,2026-02-17T22:59:08,False
O000605,C00317,delivered,2026-01-27T23:01:25,2026-01-28T16:01:25,2026-02-05T23:01:25,2026-02-06T23:01:25,False
O000606,C00334,delivered,2026-01-20T23:03:42,2026-01-21T04:03:42,2026-01-26T04:03:42,2026-02-02T23:03:42,False
O000607,C00351,delivered,2026-01-13T23:05:59,2026-01-14T11:05:59,2026-01-22T11:05:59,2026-01-22T23:05:59,False
O000608,C00368,delivered,2026-01-06T23:08:16,2026-01-06T23:08:16,2026-01-09T23:08:16,2026-01-18T23:08:16,False
O000609,C00385,delivered,2025-12-30T23:10:33,2025-12-31T06:10:33,2026-01-06T06:10:33,2026-01-07T23:10:33,False
O000610,C00402,delivered,2025-12-23T23:12:50,2025-12-24T13:12:50,2026-01-02T13:12:50,2026-01-03T23:12:50,False
O000611,C00419,delivered,2025-12-16T23:15:07,2025-12-17T01:15:07,2026-01-02T23:15:07,2025-12-30T23:15:07,True
O000612,C00436,delivered,2025-12-09T23:17:24,2025-12-10T08:17:24,2025-12-17T08:17:24,2025-12-19T23:17:24,False
O000613,C00453,delivered,2025-12-02T23:19:41,2025-12-03T15:19:41,2025-12-13T15:19:41,2025-12-15T23:19:41,False
O000614,C00470,delivered,2025-11-25T23:21:58,2025-11-26T03:21:58,2025-12-01T03:21:58,2025-12-04T23:21:58,False
O000615,C00487,delivered,2025-11-18T23:24:15,2025-11-19T10:24:15,2025-11-27T10:24:15,2025-11-30T23:24:15,False
O000616,C00504,delivered,2025-11-11T23:26:32,2025-11-12T17:26:32,2025-11-15T17:26:32,2025-11-19T23:26:32,False
O000617,C00521,delivered,2025-11-04T23:28:49,2025-11-05T05:28:49,2025-11-11T05:28:49,2025-11-15T23:28:49,False
O000618,C00538,delivered,2025-10-28T23:31:06,2025-10-29T12:31:06,2025-11-07T12:31:06,2025-11-11T23:31:06,False
O000619,C00555,delivered,2025-10-21T23:33:23,2025-10-22T00:33:23,2025-10-26T00:33:23,2025-10-31T23:33:23,False
O000620,C00572,delivered,2025-10-14T23:35:40,2025-10-15T07:35:40,2025-10-22T07:35:40,2025-10-27T23:35:40,False
O000621,C00589,delivered,2025-10-07T23:37:57,2025-10-08T14:37:57,2025-10-15T23:37:57,2025-10-16T23:37:57,False
O000622,C00606,delivered,2025-09-30T23:40:14,2025-10-01T02:40:14,2025-10-06T02:40:14,2025-10-12T23:40:14,False
O000623,C00623,delivered,2025-09-23T23:42:31,2025-09-24T09:42:31,2025-09-30T23:42:31,2025-10-01T23:42:31,False
O000624,C00640,delivered,2025-09-16T23:44:48,2025-09-17T16:44:48,2025-10-03T23:44:48,2025-09-27T23:44:48,True
O000625,C00657,delivered,2025-09-09T23:47:05,2025-09-10T04:47:05,2025-09-16T04:47:05,2025-09-23T23:47:05,False
O000626,C00674,delivered,2026-09-02T23:49:22,2026-09-03T11:49:22,2026-09-12T11:49:22,2026-09-12T23:49:22,False
O000627,C00691,delivered,2026-08-26T23:51:39,2026-08-26T23:51:39,2026-08-30T23:51:39,2026-09-08T23:51:39,False
O000628,C00708,delivered,2026-08-19T23:53:56,2026-08-20T06:53:56,2026-08-27T06:53:56,2026-08-28T23:53:56,False
O000629,C00725,delivered,2026-08-12T23:56:13,2026-08-13T13:56:13,2026-08-23T13:56:13,2026-08-24T23:56:13,False
O000630,C00742,delivered,2026-08-05T23:58:30,2026-08-06T01:58:30,2026-08-11T01:58:30,2026-08-13T23:58:30,False
O000631,C00759,delivered,2026-07-29T00:00:47,2026-07-29T09:00:47,2026-08-06T09:00:47,2026-08-09T00:00:47,False
O000632,C00776,delivered,2026-07-22T00:03:04,2026-07-22T16:03:04,2026-07-25T16:03:04,2026-08-05T00:03:04,False
O000633,C00793,delivered,2026-07-15T00:05:21,2026-07-15T04:05:21,2026-07-21T04:05:21,2026-07-25T00:05:21,False
O000634,C00810,delivered,2026-07-08T00:07:38,2026-07-08T11:07:38,2026-07-17T11:07:38,2026-07-21T00:07:38,False
O000635,C00827,delivered,2026-07-01T00:09:55,2026-07-01T18:09:55,2026-07-05T18:09:55,2026-07-10T00:09:55,False
O000636,C00844,delivered,2026-06-24T00:12:12,2026-06-24T06:12:12,2026-07-01T06:12:12,2026-07-06T00:12:12,False
O000637,C00861,delivered,2026-06-17T00:14:29,2026-06-17T13:14:29,2026-06-29T00:14:29,2026-06-25T00:14:29,True
O000638,C00878,delivered,2026-06-10T00:16:46,2026-06-10T01:16:46,2026-06-15T01:16:46,2026-06-21T00:16:46,False
O000639,C00895,delivered,2026-06-03T00:19:03,2026-06-03T08:19:03,2026-06-11T08:19:03,2026-06-17T00:19:03,False
O000640,C00912,delivered,2026-05-27T00:21:20,2026-05-27T15:21:20,2026-05-30T15:21:20,2026-06-06T00:21:20,False
O000641,C00929,delivered,2026-05-20T00:23:37,2026-05-20T03:23:37,2026-05-26T03:23:37,2026-06-02T00:23:37,False
O000642,C00946,delivered,2026-05-13T00:25:54,2026-05-13T10:25:54,2026-05-22T10:25:54,2026-05-22T00:25:54,False
O000643,C00963,delivered,2026-05-06T00:28:11,2026-05-06T17:28:11,2026-05-10T17:28:11,2026-05-18T00:28:11,False
O000644,C00980,delivered,2026-04-29T00:30:28,2026-04-29T05:30:28,2026-05-06T05:30:28,2026-05-07T00:30:28,False
O000645,C00997,delivered,2026-04-22T00:32:45,2026-04-22T12:32:45,2026-05-02T12:32:45,2026-05-03T00:32:45,False
O000646,C00014,delivered,2026-04-15T00:35:02,2026-04-15T00:35:02,2026-04-20T00:35:02,2026-04-29T00:35:02,False
O000647,C00031,delivered,2026-04-08T00:37:19,2026-04-08T07:37:19,2026-04-16T07:37:19,2026-04-18T00:37:19,False
O000648,C00048,delivered,2026-04-01T00:39:36,2026-04-01T14:39:36,2026-04-04T14:39:36,2026-04-14T00:39:36,False
O000649,C00065,delivered,2026-03-25T00:41:53,2026-03-25T02:41:53,2026-03-31T02:41:53,2026-04-03T00:41:53,False
O000650,C00082,delivered,2026-03-18T00:44:10,2026-03-18T09:44:10,2026-04-01T00:44:10,2026-03-30T00:44:10,True
O000651,C00099,delivered,2026-03-11T00:46:27,2026-03-11T16:46:27,2026-03-15T16:46:27,2026-03-19T00:46:27,False
O000652,C00116,delivered,2026-03-04T00:48:44,2026-03-04T04:48:44,2026-03-11T04:48:44,2026-03-15T00:48:44,False
O000653,C00133,delivered,2026-02-25T00:51:01,2026-02-25T11:51:01,2026-03-07T11:51:01,2026-03-11T00:51:01,False
O000654,C00150,delivered,2026-02-18T00:53:18,2026-02-18T18:53:18,2026-02-23T18:53:18,2026-02-28T00:53:18,False
O000655,C00167,delivered,2026-02-11T00:55:35,2026-02-11T06:55:35,2026-02-19T06:55:35,2026-02-24T00:55:35,False
O000656,C00184,delivered,2026-02-04T00:57:52,2026-02-04T13:57:52,2026-02-07T13:57:52,2026-02-13T00:57:52,False
O000657,C00201,delivered,2026-01-28T01:00:09,2026-01-28T02:00:09,2026-02-03T02:00:09,2026-02-09T01:00:09,False
O000658,C00218,delivered,2026-01-21T01:02:26,2026-01-21T09:02:26,2026-01-28T01:02:26,2026-01-29T01:02:26,False
O000659,C00235,delivered,2026-01-14T01:04:43,2026-01-14T16:04:43,2026-01-18T16:04:43,2026-01-25T01:04:43,False
O000660,C00252,delivered,2026-01-07T01:07:00,2026-01-07T04:07:00,2026-01-14T04:07:00,2026-01-21T01:07:00,False
O000661,C00269,delivered,2025-12-31T01:09:17,2025-12-31T11:09:17,2026-01-10T11:09:17,2026-01-10T01:09:17,False
O000662,C00286,delivered,2025-12-24T01:11:34,2025-12-24T18:11:34,2025-12-29T18:11:34,2026-01-06T01:11:34,False
O000663,C00303,delivered,2025-12-17T01:13:51,2025-12-17T06:13:51,2025-12-31T01:13:51,2025-12-26T01:13:51,True
O000664,C00320,delivered,2025-12-10T01:16:08,2025-12-10T13:16:08,2025-12-13T13:16:08,2025-12-22T01:16:08,False
O000665,C00337,delivered,2025-12-03T01:18:25,2025-12-03T01:18:25,2025-12-09T01:18:25,2025-12-11T01:18:25,False
O000666,C00354,delivered,2025-11-26T01:20:42,2025-11-26T08:20:42,2025-12-05T08:20:42,2025-12-07T01:20:42,False
O000667,C00371,delivered,2025-11-19T01:22:59,2025-11-19T15:22:59,2025-11-23T15:22:59,2025-12-03T01:22:59,False
O000668,C00388,delivered,2025-11-12T01:25:16,2025-11-12T03:25:16,2025-11-19T03:25:16,2025-11-22T01:25:16,False
O000669,C00405,delivered,2025-11-05T01:27:33,2025-11-05T10:27:33,2025-11-15T10:27:33,2025-11-18T01:27:33,False
O000670,C00422,delivered,2025-10-29T01:29:50,2025-10-29T17:29:50,2025-11-03T17:29:50,2025-11-07T01:29:50,False
O000671,C00439,delivered,2025-10-22T01:32:07,2025-10-22T05:32:07,2025-10-30T05:32:07,2025-11-03T01:32:07,False
O000672,C00456,delivered,2025-10-15T01:34:24,2025-10-15T12:34:24,2025-10-18T12:34:24,2025-10-23T01:34:24,False
O000673,C00473,delivered,2025-10-08T01:36:41,2025-10-08T19:36:41,2025-10-14T19:36:41,2025-10-19T01:36:41,False
O000674,C00490,delivered,2025-10-01T01:38:58,2025-10-01T07:38:58,2025-10-10T07:38:58,2025-10-15T01:38:58,False
O000675,C00507,delivered,2025-09-24T01:41:15,2025-09-24T14:41:15,2025-09-28T14:41:15,2025-10-04T01:41:15,False
O000676,C00524,delivered,2025-09-17T01:43:32,2025-09-17T02:43:32,2025-10-03T01:43:32,2025-09-30T01:43:32,True
O000677,C00541,delivered,2025-09-10T01:45:49,2025-09-10T09:45:49,2025-09-18T01:45:49,2025-09-19T01:45:49,False
O000678,C00558,delivered,2026-09-03T01:48:06,2026-09-03T16:48:06,2026-09-08T16:48:06,2026-09-15T01:48:06,False
O000679,C00575,delivered,2026-08-27T01:50:23,2026-08-27T04:50:23,2026-09-04T04:50:23,2026-09-04T01:50:23,False
O000680,C00592,delivered,2026-08-20T01:52:40,2026-08-20T11:52:40,2026-08-23T11:52:40,2026-08-31T01:52:40,False
O000681,C00609,delivered,2026-08-13T01:54:57,2026-08-13T18:54:57,2026-08-19T18:54:57,2026-08-27T01:54:57,False
O000682,C00626,delivered,2026-08-06T01:57:14,2026-08-06T06:57:14,2026-08-15T06:57:14,2026-08-16T01:57:14,False
O000683,C00643,delivered,2026-07-30T01:59:31,2026-07-30T13:59:31,2026-08-03T13:59:31,2026-08-12T01:59:31,False
O000684,C00660,delivered,2026-07-23T02:01:48,2026-07-23T02:01:48,2026-07-30T02:01:48,2026-08-01T02:01:48,False
O000685,C00677,delivered,2026-07-16T02:04:05,2026-07-16T09:04:05,2026-07-26T09:04:05,2026-07-28T02:04:05,False
O000686,C00694,delivered,2026-07-09T02:06:22,2026-07-09T16:06:22,2026-07-14T16:06:22,2026-07-17T02:06:22,False
O000687,C00711,delivered,2026-07-02T02:08:39,2026-07-02T04:08:39,2026-07-10T04:08:39,2026-07-13T02:08:39,False
O000688,C00728,delivered,2026-06-25T02:10:56,2026-06-25T11:10:56,2026-06-28T11:10:56,2026-07-09T02:10:56,False
O000689,C00745,delivered,2026-06-18T02:13:13,2026-06-18T18:13:13,2026-07-04T02:13:13,2026-06-28T02:13:13,True
O000690,C00762,shipped,2026-06-11T02:15:30,2026-06-11T06:15:30,2026-06-20T06:15:30,2026-06-24T02:15:30,False
O000691,C00779,shipped,2026-06-04T02:17:47,2026-06-04T13:17:47,2026-06-08T13:17:47,2026-06-13T02:17:47,False
O000692,C00796,shipped,2026-05-28T02:20:04,2026-05-28T20:20:04,2026-06-04T20:20:04,2026-06-09T02:20:04,False
O000693,C00813,shipped,2026-05-21T02:22:21,2026-05-21T08:22:21,2026-05-28T02:22:21,2026-05-29T02:22:21,False
O000694,C00830,processing,2026-05-14T02:24:38,2026-05-14T15:24:38,,2026-05-25T02:24:38,
O000695,C00847,processing,2026-05-07T02:26:55,2026-05-07T03:26:55,,2026-05-21T02:26:55,
O000696,C00864,processing,2026-04-30T02:29:12,2026-04-30T10:29:12,,2026-05-10T02:29:12,
O000697,C00881,canceled,2026-04-23T02:31:29,2026-04-23T17:31:29,,2026-05-06T02:31:29,
O000698,C00898,canceled,2026-04-16T02:33:46,2026-04-16T05:33:46,,2026-04-25T02:33:46,
O000699,C00915,invoiced,2026-04-09T02:36:03,2026-04-09T12:36:03,,2026-04-21T02:36:03,
O000700,C00932,delivered,2026-04-02T02:38:20,2026-04-02T19:38:20,2026-04-09T19:38:20,2026-04-10T02:38:20,False
O000701,C00949,delivered,2026-03-26T02:40:37,2026-03-26T07:40:37,2026-04-05T07:40:37,2026-04-06T02:40:37,False
O000702,C00966,delivered,2026-03-19T02:42:54,2026-03-19T14:42:54,2026-04-06T02:42:54,2026-04-02T02:42:54,True
O000703,C00983,delivered,2026-03-12T02:45:11,2026-03-12T02:45:11,2026-03-20T02:45:11,2026-03-22T02:45:11,False
O000704,C01000,delivered,2026-03-05T02:47:28,2026-03-05T09:47:28,2026-03-08T09:47:28,2026-03-18T02:47:28,False
O000705,C00017,delivered,2026-02-26T02:49:45,2026-02-26T16:49:45,2026-03-04T16:49:45,2026-03-07T02:49:45,False
O000706,C00034,delivered,2026-02-19T02:52:02,2026-02-19T04:52:02,2026-02-28T04:52:02,2026-03-03T02:52:02,False
O000707,C00051,delivered,2026-02-12T02:54:19,2026-02-12T11:54:19,2026-02-16T11:54:19,2026-02-20T02:54:19,False
O000708,C00068,delivered,2026-02-05T02:56:36,2026-02-05T18:56:36,2026-02-12T18:56:36,2026-02-16T02:56:36,False
O000709,C00085,delivered,2026-01-29T02:58:53,2026-01-29T06:58:53,2026-02-08T06:58:53,2026-02-12T02:58:53,False
O000710,C00102,delivered,2026-01-22T03:01:10,2026-01-22T14:01:10,2026-01-27T14:01:10,2026-02-01T03:01:10,False
O000711,C00119,delivered,2026-01-15T03:03:27,2026-01-15T21:03:27,2026-01-23T21:03:27,2026-01-28T03:03:27,False
O000712,C00136,delivered,2026-01-08T03:05:44,2026-01-08T09:05:44,2026-01-11T09:05:44,2026-01-17T03:05:44,False
O000713,C00153,delivered,2026-01-01T03:08:01,2026-01-01T16:08:01,2026-01-07T16:08:01,2026-01-13T03:08:01,False
O000714,C00170,delivered,2025-12-25T03:10:18,2025-12-25T04:10:18,2026-01-01T03:10:18,2026-01-02T03:10:18,False
O000715,C00187,delivered,2025-12-18T03:12:35,2025-12-18T11:12:35,2025-12-31T03:12:35,2025-12-29T03:12:35,True
O000716,C00204,delivered,2025-12-11T03:14:52,2025-12-11T18:14:52,2025-12-18T18:14:52,2025-12-25T03:14:52,False
O000717,C00221,delivered,2025-12-04T03:17:09,2025-12-04T06:17:09,2025-12-14T06:17:09,2025-12-14T03:17:09,False
O000718,C00238,delivered,2025-11-27T03:19:26,2025-11-27T13:19:26,2025-12-02T13:19:26,2025-12-10T03:19:26,False
O000719,C00255,delivered,2025-11-20T03:21:43,2025-11-20T20:21:43,2025-11-28T20:21:43,2025-11-29T03:21:43,False
O000720,C00272,delivered,2025-11-13T03:24:00,2025-11-13T08:24:00,2025-11-16T08:24:00,2025-11-25T03:24:00,False
O000721,C00289,delivered,2025-11-06T03:26:17,2025-11-06T15:26:17,2025-11-12T15:26:17,2025-11-14T03:26:17,False
O000722,C00306,delivered,2025-10-30T03:28:34,2025-10-30T03:28:34,2025-11-08T03:28:34,2025-11-10T03:28:34,False
O000723,C00323,delivered,2025-10-23T03:30:51,2025-10-23T10:30:51,2025-10-27T10:30:51,2025-11-06T03:30:51,False
O000724,C00340,delivered,2025-10-16T03:33:08,2025-10-16T17:33:08,2025-10-23T17:33:08,2025-10-26T03:33:08,False
O000725,C00357,delivered,2025-10-09T03:35:25,2025-10-09T05:35:25,2025-10-19T05:35:25,2025-10-22T03:35:25,False
O000726,C00374,delivered,2025-10-02T03:37:42,2025-10-02T12:37:42,2025-10-07T12:37:42,2025-10-11T03:37:42,False
O000727,C00391,delivered,2025-09-25T03:39:59,2025-09-25T19:39:59,2025-10-03T19:39:59,2025-10-07T03:39:59,False
O000728,C00408,delivered,2025-09-18T03:42:16,2025-09-18T07:42:16,2025-10-01T03:42:16,2025-09-26T03:42:16,True
O000729,C00425,delivered,2025-09-11T03:44:33,2025-09-11T14:44:33,2025-09-17T14:44:33,2025-09-22T03:44:33,False
O000730,C00442,delivered,2026-09-04T03:46:50,2026-09-04T21:46:50,2026-09-13T21:46:50,2026-09-18T03:46:50,False
O000731,C00459,delivered,2026-08-28T03:49:07,2026-08-28T09:49:07,2026-09-01T09:49:07,2026-09-07T03:49:07,False
O000732,C00476,delivered,2026-08-21T03:51:24,2026-08-21T16:51:24,2026-08-28T16:51:24,2026-09-03T03:51:24,False
O000733,C00493,delivered,2026-08-14T03:53:41,2026-08-14T04:53:41,2026-08-22T03:53:41,2026-08-23T03:53:41,False
O000734,C00510,delivered,2026-08-07T03:55:58,2026-08-07T11:55:58,2026-08-12T11:55:58,2026-08-19T03:55:58,False
O000735,C00527,delivered,2026-07-31T03:58:15,2026-07-31T18:58:15,2026-08-08T18:58:15,2026-08-08T03:58:15,False
O000736,C00544,delivered,2026-07-24T04:00:32,2026-07-24T07:00:32,2026-07-27T07:00:32,2026-08-04T04:00:32,False
O000737,C00561,delivered,2026-07-17T04:02:49,2026-07-17T14:02:49,2026-07-23T14:02:49,2026-07-31T04:02:49,False
O000738,C00578,delivered,2026-07-10T04:05:06,2026-07-10T21:05:06,2026-07-19T21:05:06,2026-07-20T04:05:06,False
O000739,C00595,delivered,2026-07-03T04:07:23,2026-07-03T09:07:23,2026-07-07T09:07:23,2026-07-16T04:07:23,False
O000740,C00612,delivered,2026-06-26T04:09:40,2026-06-26T16:09:40,2026-07-03T16:09:40,2026-07-05T04:09:40,False
O000741,C00629,delivered,2026-06-19T04:11:57,2026-06-19T04:11:57,2026-07-04T04:11:57,2026-07-01T04:11:57,True
O000742,C00646,delivered,2026-06-12T04:14:14,2026-06-12T11:14:14,2026-06-17T11:14:14,2026-06-20T04:14:14,False
O000743,C00663,delivered,2026-06-05T04:16:31,2026-06-05T18:16:31,2026-06-13T18:16:31,2026-06-16T04:16:31,False
O000744,C00680,delivered,2026-05-29T04:18:48,2026-05-29T06:18:48,2026-06-01T06:18:48,2026-06-12T04:18:48,False
O000745,C00697,delivered,2026-05-22T04:21:05,2026-05-22T13:21:05,2026-05-28T13:21:05,2026-06-01T04:21:05,False
O000746,C00714,delivered,2026-05-15T04:23:22,2026-05-15T20:23:22,2026-05-24T20:23:22,2026-05-28T04:23:22,False
O000747,C00731,delivered,2026-05-08T04:25:39,2026-05-08T08:25:39,2026-05-12T08:25:39,2026-05-17T04:25:39,False
O000748,C00748,delivered,2026-05-01T04:27:56,2026-05-01T15:27:56,2026-05-08T15:27:56,2026-05-13T04:27:56,False
O000749,C00765,delivered,2026-04-24T04:30:13,2026-04-24T22:30:13,2026-05-01T04:30:13,2026-05-02T04:30:13,False
O000750,C00782,delivered,2026-04-17T04:32:30,2026-04-17T10:32:30,2026-04-22T10:32:30,2026-04-28T04:32:30,False
O000751,C00799,delivered,2026-04-10T04:34:47,2026-04-10T17:34:47,2026-04-18T17:34:47,2026-04-24T04:34:47,False
O000752,C00816,delivered,2026-04-03T04:37:04,2026-04-03T05:37:04,2026-04-06T05:37:04,2026-04-13T04:37:04,False
O000753,C00833,delivered,2026-03-27T04:39:21,2026-03-27T12:39:21,2026-04-02T12:39:21,2026-04-09T04:39:21,False
O000754,C00850,delivered,2026-03-20T04:41:38,2026-03-20T19:41:38,2026-04-04T04:41:38,2026-03-29T04:41:38,True
O000755,C00867,delivered,2026-03-13T04:43:55,2026-03-13T07:43:55,2026-03-17T07:43:55,2026-03-25T04:43:55,False
O000756,C00884,delivered,2026-03-06T04:46:12,2026-03-06T14:46:12,2026-03-13T14:46:12,2026-03-14T04:46:12,False
O000757,C00901,delivered,2026-02-27T04:48:29,2026-02-27T21:48:29,2026-03-09T21:48:29,2026-03-10T04:48:29,False
O000758,C00918,delivered,2026-02-20T04:50:46,2026-02-20T09:50:46,2026-02-25T09:50:46,2026-03-06T04:50:46,False
O000759,C00935,delivered,2026-02-13T04:53:03,2026-02-13T16:53:03,2026-02-21T16:53:03,2026-02-23T04:53:03,False
O000760,C00952,delivered,2026-02-06T04:55:20,2026-02-06T04:55:20,2026-02-09T04:55:20,2026-02-19T04:55:20,False
O000761,C00969,delivered,2026-01-30T04:57:37,2026-01-30T11:57:37,2026-02-05T11:57:37,2026-02-08T04:57:37,False
O000762,C00986,delivered,2026-01-23T04:59:54,2026-01-23T18:59:54,2026-02-01T18:59:54,2026-02-04T04:59:54,False
O000763,C00003,delivered,2026-01-16T05:02:11,2026-01-16T07:02:11,2026-01-20T07:02:11,2026-01-24T05:02:11,False
O000764,C00020,delivered,2026-01-09T05:04:28,2026-01-09T14:04:28,2026-01-16T14:04:28,2026-01-20T05:04:28,False
O000765,C00037,delivered,2026-01-02T05:06:45,2026-01-02T21:06:45,2026-01-12T21:06:45,2026-01-16T05:06:45,False
O000766,C00054,delivered,2025-12-26T05:09:02,2025-12-26T09:09:02,2025-12-31T09:09:02,2026-01-05T05:09:02,False
O000767,C00071,delivered,2025-12-19T05:11:19,2025-12-19T16:11:19,2026-01-05T05:11:19,2026-01-01T05:11:19,True
O000768,C00088,delivered,2025-12-12T05:13:36,2025-12-12T23:13:36,2025-12-15T23:13:36,2025-12-21T05:13:36,False
O000769,C00105,delivered,2025-12-05T05:15:53,2025-12-05T11:15:53,2025-12-11T11:15:53,2025-12-17T05:15:53,False
O000770,C00122,delivered,2025-11-28T05:18:10,2025-11-28T18:18:10,2025-12-05T05:18:10,2025-12-06T05:18:10,False
O000771,C00139,delivered,2025-11-21T05:20:27,2025-11-21T06:20:27,2025-11-25T06:20:27,2025-12-02T05:20:27,False
O000772,C00156,delivered,2025-11-14T05:22:44,2025-11-14T13:22:44,2025-11-21T13:22:44,2025-11-28T05:22:44,False
O000773,C00173,delivered,2025-11-07T05:25:01,2025-11-07T20:25:01,2025-11-17T20:25:01,2025-11-17T05:25:01,False
O000774,C00190,delivered,2025-10-31T05:27:18,2025-10-31T08:27:18,2025-11-05T08:27:18,2025-11-13T05:27:18,False
O000775,C00207,delivered,2025-10-24T05:29:35,2025-10-24T15:29:35,2025-11-01T15:29:35,2025-11-02T05:29:35,False
O000776,C00224,delivered,2025-10-17T05:31:52,2025-10-17T22:31:52,2025-10-20T22:31:52,2025-10-29T05:31:52,False
O000777,C00241,delivered,2025-10-10T05:34:09,2025-10-10T10:34:09,2025-10-16T10:34:09,2025-10-18T05:34:09,False
O000778,C00258,delivered,2025-10-03T05:36:26,2025-10-03T17:36:26,2025-10-12T17:36:26,2025-10-14T05:36:26,False
O000779,C00275,delivered,2025-09-26T05:38:43,2025-09-26T05:38:43,2025-09-30T05:38:43,2025-10-10T05:38:43,False
O000780,C00292,delivered,2025-09-19T05:41:00,2025-09-19T12:41:00,2025-10-01T05:41:00,2025-09-29T05:41:00,True
O000781,C00309,delivered,2025-09-12T05:43:17,2025-09-12T19:43:17,2025-09-22T19:43:17,2025-09-25T05:43:17,False
O000782,C00326,delivered,2025-09-05T05:45:34,2025-09-05T07:45:34,2025-09-10T07:45:34,2025-09-14T05:45:34,False
O000783,C00343,delivered,2026-08-29T05:47:51,2026-08-29T14:47:51,2026-09-06T14:47:51,2026-09-10T05:47:51,False
O000784,C00360,delivered,2026-08-22T05:50:08,2026-08-22T21:50:08,2026-08-25T21:50:08,2026-08-30T05:50:08,False
O000785,C00377,delivered,2026-08-15T05:52:25,2026-08-15T09:52:25,2026-08-21T09:52:25,2026-08-26T05:52:25,False
O000786,C00394,delivered,2026-08-08T05:54:42,2026-08-08T16:54:42,2026-08-17T16:54:42,2026-08-22T05:54:42,False
O000787,C00411,delivered,2026-08-01T05:56:59,2026-08-01T23:56:59,2026-08-05T23:56:59,2026-08-11T05:56:59,False
O000788,C00428,delivered,2026-07-25T05:59:16,2026-07-25T11:59:16,2026-08-01T11:59:16,2026-08-07T05:59:16,False
O000789,C00445,delivered,2026-07-18T06:01:33,2026-07-18T19:01:33,2026-07-26T06:01:33,2026-07-27T06:01:33,False
O000790,C00462,shipped,2026-07-11T06:03:50,2026-07-11T07:03:50,2026-07-16T07:03:50,2026-07-23T06:03:50,False
O000791,C00479,shipped,2026-07-04T06:06:07,2026-07-04T14:06:07,2026-07-12T14:06:07,2026-07-12T06:06:07,False
O000792,C00496,shipped,2026-06-27T06:08:24,2026-06-27T21:08:24,2026-06-30T21:08:24,2026-07-08T06:08:24,False
O000793,C00513,shipped,2026-06-20T06:10:41,2026-06-20T09:10:41,2026-07-09T06:10:41,2026-07-04T06:10:41,True
O000794,C00530,processing,2026-06-13T06:12:58,2026-06-13T16:12:58,,2026-06-23T06:12:58,
O000795,C00547,processing,2026-06-06T06:15:15,2026-06-06T23:15:15,,2026-06-19T06:15:15,
O000796,C00564,processing,2026-05-30T06:17:32,2026-05-30T11:17:32,,2026-06-08T06:17:32,
O000797,C00581,canceled,2026-05-23T06:19:49,2026-05-23T18:19:49,,2026-06-04T06:19:49,
O000798,C00598,canceled,2026-05-16T06:22:06,2026-05-16T06:22:06,,2026-05-24T06:22:06,
O000799,C00615,invoiced,2026-05-09T06:24:23,2026-05-09T13:24:23,,2026-05-20T06:24:23,
O000800,C00632,delivered,2026-05-02T06:26:40,2026-05-02T20:26:40,2026-05-05T20:26:40,2026-05-16T06:26:40,False
O000801,C00649,delivered,2026-04-25T06:28:57,2026-04-25T08:28:57,2026-05-01T08:28:57,2026-05-05T06:28:57,False
O000802,C00666,delivered,2026-04-18T06:31:14,2026-04-18T15:31:14,2026-04-27T15:31:14,2026-05-01T06:31:14,False
O000803,C00683,delivered,2026-04-11T06:33:31,2026-04-11T22:33:31,2026-04-15T22:33:31,2026-04-20T06:33:31,False
O000804,C00700,delivered,2026-04-04T06:35:48,2026-04-04T10:35:48,2026-04-11T10:35:48,2026-04-16T06:35:48,False
O000805,C00717,delivered,2026-03-28T06:38:05,2026-03-28T17:38:05,2026-04-04T06:38:05,2026-04-05T06:38:05,False
O000806,C00734,delivered,2026-03-21T06:40:22,2026-03-22T00:40:22,2026-04-04T06:40:22,2026-04-01T06:40:22,True
O000807,C00751,delivered,2026-03-14T06:42:39,2026-03-14T12:42:39,2026-03-22T12:42:39,2026-03-28T06:42:39,False
O000808,C00768,delivered,2026-03-07T06:44:56,2026-03-07T19:44:56,2026-03-10T19:44:56,2026-03-17T06:44:56,False
O000809,C00785,delivered,2026-02-28T06:47:13,2026-02-28T07:47:13,2026-03-06T07:47:13,2026-03-13T06:47:13,False
O000810,C00802,delivered,2026-02-21T06:49:30,2026-02-21T14:49:30,2026-03-02T14:49:30,2026-03-02T06:49:30,False
O000811,C00819,delivered,2026-02-14T06:51:47,2026-02-14T21:51:47,2026-02-18T21:51:47,2026-02-26T06:51:47,False
O000812,C00836,delivered,2026-02-07T06:54:04,2026-02-07T09:54:04,2026-02-14T09:54:04,2026-02-15T06:54:04,False
O000813,C00853,delivered,2026-01-31T06:56:21,2026-01-31T16:56:21,2026-02-10T16:56:21,2026-02-11T06:56:21,False
O000814,C00870,delivered,2026-01-24T06:58:38,2026-01-24T23:58:38,2026-01-29T23:58:38,2026-02-07T06:58:38,False
O000815,C00887,delivered,2026-01-17T07:00:55,2026-01-17T12:00:55,2026-01-25T12:00:55,2026-01-27T07:00:55,False
O000816,C00904,delivered,2026-01-10T07:03:12,2026-01-10T19:03:12,2026-01-13T19:03:12,2026-01-23T07:03:12,False
O000817,C00921,delivered,2026-01-03T07:05:29,2026-01-03T07:05:29,2026-01-09T07:05:29,2026-01-12T07:05:29,False
O000818,C00938,delivered,2025-12-27T07:07:46,2025-12-27T14:07:46,2026-01-05T14:07:46,2026-01-08T07:07:46,False
O000819,C00955,delivered,2025-12-20T07:10:03,2025-12-20T21:10:03,2026-01-03T07:10:03,2025-12-28T07:10:03,True
O000820,C00972,delivered,2025-12-13T07:12:20,2025-12-13T09:12:20,2025-12-20T09:12:20,2025-12-24T07:12:20,False
O000821,C00989,delivered,2025-12-06T07:14:37,2025-12-06T16:14:37,2025-12-16T16:14:37,2025-12-20T07:14:37,False
O000822,C00006,delivered,2025-11-29T07:16:54,2025-11-29T23:16:54,2025-12-04T23:16:54,2025-12-09T07:16:54,False
O000823,C00023,delivered,2025-11-22T07:19:11,2025-11-22T11:19:11,2025-11-30T11:19:11,2025-12-05T07:19:11,False
O000824,C00040,delivered,2025-11-15T07:21:28,2025-11-15T18:21:28,2025-11-18T18:21:28,2025-11-24T07:21:28,False
O000825,C00057,delivered,2025-11-08T07:23:45,2025-11-09T01:23:45,2025-11-15T01:23:45,2025-11-20T07:23:45,False
O000826,C00074,delivered,2025-11-01T07:26:02,2025-11-01T13:26:02,2025-11-08T07:26:02,2025-11-09T07:26:02,False
O000827,C00091,delivered,2025-10-25T07:28:19,2025-10-25T20:28:19,2025-10-29T20:28:19,2025-11-05T07:28:19,False
O000828,C00108,delivered,2025-10-18T07:30:36,2025-10-18T08:30:36,2025-10-25T08:30:36,2025-11-01T07:30:36,False
O000829,C00125,delivered,2025-10-11T07:32:53,2025-10-11T15:32:53,2025-10-21T15:32:53,2025-10-21T07:32:53,False
O000830,C00142,delivered,2025-10-04T07:35:10,2025-10-04T22:35:10,2025-10-09T22:35:10,2025-10-17T07:35:10,False
O000831,C00159,delivered,2025-09-27T07:37:27,2025-09-27T10:37:27,2025-10-05T10:37:27,2025-10-06T07:37:27,False
O000832,C00176,delivered,2025-09-20T07:39:44,2025-09-20T17:39:44,2025-10-06T07:39:44,2025-10-02T07:39:44,True
O000833,C00193,delivered,2025-09-13T07:42:01,2025-09-14T00:42:01,2025-09-20T00:42:01,2025-09-21T07:42:01,False
O000834,C00210,delivered,2025-09-06T07:44:18,2025-09-06T12:44:18,2025-09-15T12:44:18,2025-09-17T07:44:18,False
O000835,C00227,delivered,2026-08-30T07:46:35,2026-08-30T19:46:35,2026-09-03T19:46:35,2026-09-13T07:46:35,False
O000836,C00244,delivered,2026-08-23T07:48:52,2026-08-23T07:48:52,2026-08-30T07:48:52,2026-09-02T07:48:52,False
O000837,C00261,delivered,2026-08-16T07:51:09,2026-08-16T14:51:09,2026-08-26T14:51:09,2026-08-29T07:51:09,False
O000838,C00278,delivered,2026-08-09T07:53:26,2026-08-09T21:53:26,2026-08-14T21:53:26,2026-08-18T07:53:26,False
O000839,C00295,delivered,2026-08-02T07:55:43,2026-08-02T09:55:43,2026-08-10T09:55:43,2026-08-14T07:55:43,False
O000840,C00312,delivered,2026-07-26T07:58:00,2026-07-26T16:58:00,2026-07-29T16:58:00,2026-08-03T07:58:00,False
O000841,C00329,delivered,2026-07-19T08:00:17,2026-07-20T00:00:17,2026-07-26T00:00:17,2026-07-30T08:00:17,False
O000842,C00346,delivered,2026-07-12T08:02:34,2026-07-12T12:02:34,2026-07-21T12:02:34,2026-07-26T08:02:34,False
O000843,C00363,delivered,2026-07-05T08:04:51,2026-07-05T19:04:51,2026-07-09T19:04:51,2026-07-15T08:04:51,False
O000844,C00380,delivered,2026-06-28T08:07:08,2026-06-29T02:07:08,2026-07-06T02:07:08,2026-07-11T08:07:08,False
O000845,C00397,delivered,2026-06-21T08:09:25,2026-06-21T14:09:25,2026-07-02T08:09:25,2026-06-30T08:09:25,True
O000846,C00414,delivered,2026-06-14T08:11:42,2026-06-14T21:11:42,2026-06-19T21:11:42,2026-06-26T08:11:42,False
O000847,C00431,delivered,2026-06-07T08:13:59,2026-06-07T09:13:59,2026-06-15T09:13:59,2026-06-15T08:13:59,False
O000848,C00448,delivered,2026-05-31T08:16:16,2026-05-31T16:16:16,2026-06-03T16:16:16,2026-06-11T08:16:16,False
O000849,C00465,delivered,2026-05-24T08:18:33,2026-05-24T23:18:33,2026-05-30T23:18:33,2026-06-07T08:18:33,False
O000850,C00482,delivered,2026-05-17T08:20:50,2026-05-17T11:20:50,2026-05-26T11:20:50,2026-05-27T08:20:50,False
O000851,C00499,delivered,2026-05-10T08:23:07,2026-05-10T18:23:07,2026-05-14T18:23:07,2026-05-23T08:23:07,False
O000852,C00516,delivered,2026-05-03T08:25:24,2026-05-04T01:25:24,2026-05-11T01:25:24,2026-05-12T08:25:24,False
O000853,C00533,delivered,2026-04-26T08:27:41,2026-04-26T13:27:41,2026-05-06T13:27:41,2026-05-08T08:27:41,False
O000854,C00550,delivered,2026-04-19T08:29:58,2026-04-19T20:29:58,2026-04-24T20:29:58,2026-04-27T08:29:58,False
O000855,C00567,delivered,2026-04-12T08:32:15,2026-04-12T08:32:15,2026-04-20T08:32:15,2026-04-23T08:32:15,False
O000856,C00584,delivered,2026-04-05T08:34:32,2026-04-05T15:34:32,2026-04-08T15:34:32,2026-04-19T08:34:32,False
O000857,C00601,delivered,2026-03-29T08:36:49,2026-03-29T22:36:49,2026-04-04T22:36:49,2026-04-08T08:36:49,False
O000858,C00618,delivered,2026-03-22T08:39:06,2026-03-22T10:39:06,2026-04-09T08:39:06,2026-04-04T08:39:06,True
O000859,C00635,delivered,2026-03-15T08:41:23,2026-03-15T17:41:23,2026-03-19T17:41:23,2026-03-24T08:41:23,False
O000860,C00652,delivered,2026-03-08T08:43:40,2026-03-09T00:43:40,2026-03-16T00:43:40,2026-03-20T08:43:40,False
O000861,C00669,delivered,2026-03-01T08:45:57,2026-03-01T12:45:57,2026-03-08T08:45:57,2026-03-09T08:45:57,False
O000862,C00686,delivered,2026-02-22T08:48:14,2026-02-22T19:48:14,2026-02-27T19:48:14,2026-03-05T08:48:14,False
O000863,C00703,delivered,2026-02-15T08:50:31,2026-02-16T02:50:31,2026-02-24T02:50:31,2026-03-01T08:50:31,False
O000864,C00720,delivered,2026-02-08T08:52:48,2026-02-08T14:52:48,2026-02-11T14:52:48,2026-02-18T08:52:48,False
O000865,C00737,delivered,2026-02-01T08:55:05,2026-02-01T21:55:05,2026-02-07T21:55:05,2026-02-14T08:55:05,False
O000866,C00754,delivered,2026-01-25T08:57:22,2026-01-25T09:57:22,2026-02-03T09:57:22,2026-02-03T08:57:22,False
O000867,C00771,delivered,2026-01-18T08:59:39,2026-01-18T16:59:39,2026-01-22T16:59:39,2026-01-30T08:59:39,False
O000868,C00788,delivered,2026-01-11T09:01:56,2026-01-12T00:01:56,2026-01-19T00:01:56,2026-01-19T09:01:56,False
O000869,C00805,delivered,2026-01-04T09:04:13,2026-01-04T12:04:13,2026-01-14T12:04:13,2026-01-15T09:04:13,False
O000870,C00822,delivered,2025-12-28T09:06:30,2025-12-28T19:06:30,2026-01-02T19:06:30,2026-01-11T09:06:30,False
O000871,C00839,delivered,2025-12-21T09:08:47,2025-12-22T02:08:47,2026-01-03T09:08:47,2025-12-31T09:08:47,True
O000872,C00856,delivered,2025-12-14T09:11:04,2025-12-14T14:11:04,2025-12-17T14:11:04,2025-12-27T09:11:04,False
O000873,C00873,delivered,2025-12-07T09:13:21,2025-12-07T21:13:21,2025-12-13T21:13:21,2025-12-16T09:13:21,False
O000874,C00890,delivered,2025-11-30T09:15:38,2025-11-30T09:15:38,2025-12-09T09:15:38,2025-12-12T09:15:38,False
O000875,C00907,delivered,2025-11-23T09:17:55,2025-11-23T16:17:55,2025-11-27T16:17:55,2025-12-01T09:17:55,False
O000876,C00924,delivered,2025-11-16T09:20:12,2025-11-16T23:20:12,2025-11-23T23:20:12,2025-11-27T09:20:12,False
O000877,C00941,delivered,2025-11-09T09:22:29,2025-11-09T11:22:29,2025-11-19T11:22:29,2025-11-23T09:22:29,False
O000878,C00958,delivered,2025-11-02T09:24:46,2025-11-02T18:24:46,2025-11-07T18:24:46,2025-11-12T09:24:46,False
O000879,C00975,delivered,2025-10-26T09:27:03,2025-10-27T01:27:03,2025-11-04T01:27:03,2025-11-08T09:27:03,False
O000880,C00992,delivered,2025-10-19T09:29:20,2025-10-19T13:29:20,2025-10-22T13:29:20,2025-10-28T09:29:20,False
O000881,C00009,delivered,2025-10-12T09:31:37,2025-10-12T20:31:37,2025-10-18T20:31:37,2025-10-24T09:31:37,False
O000882,C00026,delivered,2025-10-05T09:33:54,2025-10-06T03:33:54,2025-10-12T09:33:54,2025-10-13T09:33:54,False
O000883,C00043,delivered,2025-09-28T09:36:11,2025-09-28T15:36:11,2025-10-02T15:36:11,2025-10-09T09:36:11,False
O000884,C00060,delivered,2025-09-21T09:38:28,2025-09-21T22:38:28,2025-10-11T09:38:28,2025-10-05T09:38:28,True
O000885,C00077,delivered,2025-09-14T09:40:45,2025-09-14T10:40:45,2025-09-24T10:40:45,2025-09-24T09:40:45,False
O000886,C00094,delivered,2025-09-07T09:43:02,2025-09-07T17:43:02,2025-09-12T17:43:02,2025-09-20T09:43:02,False
O000887,C00111,delivered,2026-08-31T09:45:19,2026-09-01T00:45:19,2026-09-09T00:45:19,2026-09-09T09:45:19,False
O000888,C00128,delivered,2026-08-24T09:47:36,2026-08-24T12:47:36,2026-08-27T12:47:36,2026-09-05T09:47:36,False
O000889,C00145,delivered,2026-08-17T09:49:53,2026-08-17T19:49:53,2026-08-23T19:49:53,2026-08-25T09:49:53,False
O000890,C00162,shipped,2026-08-10T09:52:10,2026-08-11T02:52:10,2026-08-20T02:52:10,2026-08-21T09:52:10,False
O000891,C00179,shipped,2026-08-03T09:54:27,2026-08-03T14:54:27,2026-08-07T14:54:27,2026-08-17T09:54:27,False
O000892,C00196,shipped,2026-07-27T09:56:44,2026-07-27T21:56:44,2026-08-03T21:56:44,2026-08-06T09:56:44,False
O000893,C00213,shipped,2026-07-20T09:59:01,2026-07-20T09:59:01,2026-07-30T09:59:01,2026-08-02T09:59:01,False
O000894,C00230,processing,2026-07-13T10:01:18,2026-07-13T17:01:18,,2026-07-22T10:01:18,
O000895,C00247,processing,2026-07-06T10:03:35,2026-07-07T00:03:35,,2026-07-18T10:03:35,
O000896,C00264,processing,2026-06-29T10:05:52,2026-06-29T12:05:52,,2026-07-07T10:05:52,
O000897,C00281,canceled,2026-06-22T10:08:09,2026-06-22T19:08:09,,2026-07-03T10:08:09,
O000898,C00298,canceled,2026-06-15T10:10:26,2026-06-16T02:10:26,,2026-06-29T10:10:26,
O000899,C00315,invoiced,2026-06-08T10:12:43,2026-06-08T14:12:43,,2026-06-18T10:12:43,
O000900,C00332,delivered,2026-06-01T10:15:00,2026-06-01T21:15:00,2026-06-08T21:15:00,2026-06-14T10:15:00,False
O000901,C00349,delivered,2026-05-25T10:17:17,2026-05-26T04:17:17,2026-06-02T10:17:17,2026-06-03T10:17:17,False
O000902,C00366,delivered,2026-05-18T10:19:34,2026-05-18T16:19:34,2026-05-23T16:19:34,2026-05-30T10:19:34,False
O000903,C00383,delivered,2026-05-11T10:21:51,2026-05-11T23:21:51,2026-05-19T23:21:51,2026-05-19T10:21:51,False
O000904,C00400,delivered,2026-05-04T10:24:08,2026-05-04T11:24:08,2026-05-07T11:24:08,2026-05-15T10:24:08,False
O000905,C00417,delivered,2026-04-27T10:26:25,2026-04-27T18:26:25,2026-05-03T18:26:25,2026-05-11T10:26:25,False
O000906,C00434,delivered,2026-04-20T10:28:42,2026-04-21T01:28:42,2026-04-30T01:28:42,2026-04-30T10:28:42,False
O000907,C00451,delivered,2026-04-13T10:30:59,2026-04-13T13:30:59,2026-04-17T13:30:59,2026-04-26T10:30:59,False
O000908,C00468,delivered,2026-04-06T10:33:16,2026-04-06T20:33:16,2026-04-13T20:33:16,2026-04-15T10:33:16,False
O000909,C00485,delivered,2026-03-30T10:35:33,2026-03-31T03:35:33,2026-04-10T03:35:33,2026-04-11T10:35:33,False
O000910,C00502,delivered,2026-03-23T10:37:50,2026-03-23T15:37:50,2026-04-02T10:37:50,2026-03-31T10:37:50,True
O000911,C00519,delivered,2026-03-16T10:40:07,2026-03-16T22:40:07,2026-03-24T22:40:07,2026-03-27T10:40:07,False
O000912,C00536,delivered,2026-03-09T10:42:24,2026-03-09T10:42:24,2026-03-12T10:42:24,2026-03-23T10:42:24,False
O000913,C00553,delivered,2026-03-02T10:44:41,2026-03-02T17:44:41,2026-03-08T17:44:41,2026-03-12T10:44:41,False
O000914,C00570,delivered,2026-02-23T10:46:58,2026-02-24T00:46:58,2026-03-05T00:46:58,2026-03-08T10:46:58,False
O000915,C00587,delivered,2026-02-16T10:49:15,2026-02-16T12:49:15,2026-02-20T12:49:15,2026-02-25T10:49:15,False
O000916,C00604,delivered,2026-02-09T10:51:32,2026-02-09T19:51:32,2026-02-16T19:51:32,2026-02-21T10:51:32,False
O000917,C00621,delivered,2026-02-02T10:53:49,2026-02-03T02:53:49,2026-02-09T10:53:49,2026-02-10T10:53:49,False
O000918,C00638,delivered,2026-01-26T10:56:06,2026-01-26T14:56:06,2026-01-31T14:56:06,2026-02-06T10:56:06,False
O000919,C00655,delivered,2026-01-19T10:58:23,2026-01-19T21:58:23,2026-01-27T21:58:23,2026-02-02T10:58:23,False
O000920,C00672,delivered,2026-01-12T11:00:40,2026-01-13T05:00:40,2026-01-16T05:00:40,2026-01-22T11:00:40,False
O000921,C00689,delivered,2026-01-05T11:02:57,2026-01-05T17:02:57,2026-01-11T17:02:57,2026-01-18T11:02:57,False
O000922,C00706,delivered,2025-12-29T11:05:14,2025-12-30T00:05:14,2026-01-06T11:05:14,2026-01-07T11:05:14,False
O000923,C00723,delivered,2025-12-22T11:07:31,2025-12-22T12:07:31,2026-01-08T11:07:31,2026-01-03T11:07:31,True
O000924,C00740,delivered,2025-12-15T11:09:48,2025-12-15T19:09:48,2025-12-22T19:09:48,2025-12-23T11:09:48,False
O000925,C00757,delivered,2025-12-08T11:12:05,2025-12-09T02:12:05,2025-12-19T02:12:05,2025-12-19T11:12:05,False
O000926,C00774,delivered,2025-12-01T11:14:22,2025-12-01T14:14:22,2025-12-06T14:14:22,2025-12-15T11:14:22,False
O000927,C00791,delivered,2025-11-24T11:16:39,2025-11-24T21:16:39,2025-12-02T21:16:39,2025-12-04T11:16:39,False
O000928,C00808,delivered,2025-11-17T11:18:56,2025-11-18T04:18:56,2025-11-21T04:18:56,2025-11-30T11:18:56,False
O000929,C00825,delivered,2025-11-10T11:21:13,2025-11-10T16:21:13,2025-11-16T16:21:13,2025-11-19T11:21:13,False
O000930,C00842,delivered,2025-11-03T11:23:30,2025-11-03T23:23:30,2025-11-12T23:23:30,2025-11-15T11:23:30,False
O000931,C00859,delivered,2025-10-27T11:25:47,2025-10-27T11:25:47,2025-10-31T11:25:47,2025-11-04T11:25:47,False
O000932,C00876,delivered,2025-10-20T11:28:04,2025-10-20T18:28:04,2025-10-27T18:28:04,2025-10-31T11:28:04,False
O000933,C00893,delivered,2025-10-13T11:30:21,2025-10-14T01:30:21,2025-10-24T01:30:21,2025-10-27T11:30:21,False
O000934,C00910,delivered,2025-10-06T11:32:38,2025-10-06T13:32:38,2025-10-11T13:32:38,2025-10-16T11:32:38,False
O000935,C00927,delivered,2025-09-29T11:34:55,2025-09-29T20:34:55,2025-10-07T20:34:55,2025-10-12T11:34:55,False
O000936,C00944,delivered,2025-09-22T11:37:12,2025-09-23T03:37:12,2025-10-04T11:37:12,2025-10-01T11:37:12,True
O000937,C00961,delivered,2025-09-15T11:39:29,2025-09-15T15:39:29,2025-09-21T15:39:29,2025-09-27T11:39:29,False
O000938,C00978,delivered,2025-09-08T11:41:46,2025-09-08T22:41:46,2025-09-15T11:41:46,2025-09-16T11:41:46,False
O000939,C00995,delivered,2026-09-01T11:44:03,2026-09-02T05:44:03,2026-09-06T05:44:03,2026-09-12T11:44:03,False
O000940,C00012,delivered,2026-08-25T11:46:20,2026-08-25T17:46:20,2026-09-01T17:46:20,2026-09-08T11:46:20,False
O000941,C00029,delivered,2026-08-18T11:48:37,2026-08-19T00:48:37,2026-08-27T11:48:37,2026-08-28T11:48:37,False
O000942,C00046,delivered,2026-08-11T11:50:54,2026-08-11T12:50:54,2026-08-16T12:50:54,2026-08-24T11:50:54,False
O000943,C00063,delivered,2026-08-04T11:53:11,2026-08-04T19:53:11,2026-08-12T19:53:11,2026-08-13T11:53:11,False
O000944,C00080,delivered,2026-07-28T11:55:28,2026-07-29T02:55:28,2026-08-01T02:55:28,2026-08-09T11:55:28,False
O000945,C00097,delivered,2026-07-21T11:57:45,2026-07-21T14:57:45,2026-07-27T14:57:45,2026-07-29T11:57:45,False
O000946,C00114,delivered,2026-07-14T12:00:02,2026-07-14T22:00:02,2026-07-23T22:00:02,2026-07-25T12:00:02,False
O000947,C00131,delivered,2026-07-07T12:02:19,2026-07-08T05:02:19,2026-07-12T05:02:19,2026-07-21T12:02:19,False
O000948,C00148,delivered,2026-06-30T12:04:36,2026-06-30T17:04:36,2026-07-07T17:04:36,2026-07-10T12:04:36,False
O000949,C00165,delivered,2026-06-23T12:06:53,2026-06-24T00:06:53,2026-07-12T12:06:53,2026-07-06T12:06:53,True
O000950,C00182,delivered,2026-06-16T12:09:10,2026-06-16T12:09:10,2026-06-21T12:09:10,2026-06-25T12:09:10,False
O000951,C00199,delivered,2026-06-09T12:11:27,2026-06-09T19:11:27,2026-06-17T19:11:27,2026-06-21T12:11:27,False
O000952,C00216,delivered,2026-06-02T12:13:44,2026-06-03T02:13:44,2026-06-06T02:13:44,2026-06-10T12:13:44,False
O000953,C00233,delivered,2026-05-26T12:16:01,2026-05-26T14:16:01,2026-06-01T14:16:01,2026-06-06T12:16:01,False
O000954,C00250,delivered,2026-05-19T12:18:18,2026-05-19T21:18:18,2026-05-28T21:18:18,2026-06-02T12:18:18,False
O000955,C00267,delivered,2026-05-12T12:20:35,2026-05-13T04:20:35,2026-05-17T04:20:35,2026-05-22T12:20:35,False
O000956,C00284,delivered,2026-05-05T12:22:52,2026-05-05T16:22:52,2026-05-12T16:22:52,2026-05-18T12:22:52,False
O000957,C00301,delivered,2026-04-28T12:25:09,2026-04-28T23:25:09,2026-05-06T12:25:09,2026-05-07T12:25:09,False
O000958,C00318,delivered,2026-04-21T12:27:26,2026-04-22T06:27:26,2026-04-27T06:27:26,2026-05-03T12:27:26,False
O000959,C00335,delivered,2026-04-14T12:29:43,2026-04-14T18:29:43,2026-04-22T18:29:43,2026-04-22T12:29:43,False
O000960,C00352,delivered,2026-04-07T12:32:00,2026-04-08T01:32:00,2026-04-11T01:32:00,2026-04-18T12:32:00,False
O000961,C00369,delivered,2026-03-31T12:34:17,2026-03-31T13:34:17,2026-04-06T13:34:17,2026-04-14T12:34:17,False
O000962,C00386,delivered,2026-03-24T12:36:34,2026-03-24T20:36:34,2026-04-07T12:36:34,2026-04-03T12:36:34,True
O000963,C00403,delivered,2026-03-17T12:38:51,2026-03-18T03:38:51,2026-03-22T03:38:51,2026-03-30T12:38:51,False
O000964,C00420,delivered,2026-03-10T12:41:08,2026-03-10T15:41:08,2026-03-17T15:41:08,2026-03-19T12:41:08,False
O000965,C00437,delivered,2026-03-03T12:43:25,2026-03-03T22:43:25,2026-03-13T22:43:25,2026-03-15T12:43:25,False
O000966,C00454,delivered,2026-02-24T12:45:42,2026-02-25T05:45:42,2026-03-02T05:45:42,2026-03-04T12:45:42,False
O000967,C00471,delivered,2026-02-17T12:47:59,2026-02-17T17:47:59,2026-02-25T17:47:59,2026-02-28T12:47:59,False
O000968,C00488,delivered,2026-02-10T12:50:16,2026-02-11T00:50:16,2026-02-14T00:50:16,2026-02-24T12:50:16,False
O000969,C00505,delivered,2026-02-03T12:52:33,2026-02-03T12:52:33,2026-02-09T12:52:33,2026-02-13T12:52:33,False
O000970,C00522,delivered,2026-01-27T12:54:50,2026-01-27T19:54:50,2026-02-05T19:54:50,2026-02-09T12:54:50,False
O000971,C00539,delivered,2026-01-20T12:57:07,2026-01-21T02:57:07,2026-01-25T02:57:07,2026-01-29T12:57:07,False
O000972,C00556,delivered,2026-01-13T12:59:24,2026-01-13T14:59:24,2026-01-20T14:59:24,2026-01-25T12:59:24,False
O000973,C00573,delivered,2026-01-06T13:01:41,2026-01-06T22:01:41,2026-01-13T13:01:41,2026-01-14T13:01:41,False
O000974,C00590,delivered,2025-12-30T13:03:58,2025-12-31T05:03:58,2026-01-05T05:03:58,2026-01-10T13:03:58,False
O000975,C00607,delivered,2025-12-23T13:06:15,2025-12-23T17:06:15,2026-01-08T13:06:15,2026-01-06T13:06:15,True
O000976,C00624,delivered,2025-12-16T13:08:32,2025-12-17T00:08:32,2025-12-20T00:08:32,2025-12-26T13:08:32,False
O000977,C00641,delivered,2025-12-09T13:10:49,2025-12-10T07:10:49,2025-12-16T07:10:49,2025-12-22T13:10:49,False
O000978,C00658,delivered,2025-12-02T13:13:06,2025-12-02T19:13:06,2025-12-11T19:13:06,2025-12-11T13:13:06,False
O000979,C00675,delivered,2025-11-25T13:15:23,2025-11-26T02:15:23,2025-11-30T02:15:23,2025-12-07T13:15:23,False
O000980,C00692,delivered,2025-11-18T13:17:40,2025-11-18T14:17:40,2025-11-25T14:17:40,2025-11-26T13:17:40,False
O000981,C00709,delivered,2025-11-11T13:19:57,2025-11-11T21:19:57,2025-11-21T21:19:57,2025-11-22T13:19:57,False
O000982,C00726,delivered,2025-11-04T13:22:14,2025-11-05T04:22:14,2025-11-10T04:22:14,2025-11-18T13:22:14,False
O000983,C00743,delivered,2025-10-28T13:24:31,2025-10-28T16:24:31,2025-11-05T16:24:31,2025-11-07T13:24:31,False
O000984,C00760,delivered,2025-10-21T13:26:48,2025-10-21T23:26:48,2025-10-24T23:26:48,2025-11-03T13:26:48,False
O000985,C00777,delivered,2025-10-14T13:29:05,2025-10-15T06:29:05,2025-10-21T06:29:05,2025-10-23T13:29:05,False
O000986,C00794,delivered,2025-10-07T13:31:22,2025-10-07T18:31:22,2025-10-16T18:31:22,2025-10-19T13:31:22,False
O000987,C00811,delivered,2025-09-30T13:33:39,2025-10-01T01:33:39,2025-10-05T01:33:39,2025-10-08T13:33:39,False
O000988,C00828,delivered,2025-09-23T13:35:56,2025-09-23T13:35:56,2025-10-09T13:35:56,2025-10-04T13:35:56,True
O000989,C00845,delivered,2025-09-16T13:38:13,2025-09-16T20:38:13,2025-09-26T20:38:13,2025-09-30T13:38:13,False
O000990,C00862,shipped,2025-09-09T13:40:30,2025-09-10T03:40:30,2025-09-15T03:40:30,2025-09-19T13:40:30,False
O000991,C00879,shipped,2026-09-02T13:42:47,2026-09-02T15:42:47,2026-09-10T15:42:47,2026-09-15T13:42:47,False
O000992,C00896,shipped,2026-08-26T13:45:04,2026-08-26T22:45:04,2026-08-29T22:45:04,2026-09-04T13:45:04,False
O000993,C00913,shipped,2026-08-19T13:47:21,2026-08-20T05:47:21,2026-08-26T05:47:21,2026-08-31T13:47:21,False
O000994,C00930,processing,2026-08-12T13:49:38,2026-08-12T17:49:38,,2026-08-20T13:49:38,
O000995,C00947,processing,2026-08-05T13:51:55,2026-08-06T00:51:55,,2026-08-16T13:51:55,
O000996,C00964,processing,2026-07-29T13:54:12,2026-07-30T07:54:12,,2026-08-12T13:54:12,
O000997,C00981,canceled,2026-07-22T13:56:29,2026-07-22T19:56:29,,2026-08-01T13:56:29,
O000998,C00998,canceled,2026-07-15T13:58:46,2026-07-16T02:58:46,,2026-07-28T13:58:46,
O000999,C00015,invoiced,2026-07-08T14:01:03,2026-07-08T15:01:03,,2026-07-17T14:01:03,
O001000,C00032,delivered,2026-07-01T14:03:20,2026-07-01T22:03:20,2026-07-04T22:03:20,2026-07-13T14:03:20,False
O001001,C00049,delivered,2026-06-24T14:05:37,2026-06-25T05:05:37,2026-07-05T14:05:37,2026-07-02T14:05:37,True
O001002,C00066,delivered,2026-06-17T14:07:54,2026-06-17T17:07:54,2026-06-26T17:07:54,2026-06-28T14:07:54,False
O001003,C00083,delivered,2026-06-10T14:10:11,2026-06-11T00:10:11,2026-06-15T00:10:11,2026-06-24T14:10:11,False
O001004,C00100,delivered,2026-06-03T14:12:28,2026-06-04T07:12:28,2026-06-11T07:12:28,2026-06-13T14:12:28,False
O001005,C00117,delivered,2026-05-27T14:14:45,2026-05-27T19:14:45,2026-06-06T19:14:45,2026-06-09T14:14:45,False
O001006,C00134,delivered,2026-05-20T14:17:02,2026-05-21T02:17:02,2026-05-26T02:17:02,2026-05-29T14:17:02,False
O001007,C00151,delivered,2026-05-13T14:19:19,2026-05-13T14:19:19,2026-05-21T14:19:19,2026-05-25T14:19:19,False
O001008,C00168,delivered,2026-05-06T14:21:36,2026-05-06T21:21:36,2026-05-09T21:21:36,2026-05-14T14:21:36,False
O001009,C00185,delivered,2026-04-29T14:23:53,2026-04-30T04:23:53,2026-05-06T04:23:53,2026-05-10T14:23:53,False
O001010,C00202,delivered,2026-04-22T14:26:10,2026-04-22T16:26:10,2026-05-01T16:26:10,2026-05-06T14:26:10,False
O001011,C00219,delivered,2026-04-15T14:28:27,2026-04-15T23:28:27,2026-04-19T23:28:27,2026-04-25T14:28:27,False
O001012,C00236,delivered,2026-04-08T14:30:44,2026-04-09T06:30:44,2026-04-16T06:30:44,2026-04-21T14:30:44,False
O001013,C00253,delivered,2026-04-01T14:33:01,2026-04-01T18:33:01,2026-04-09T14:33:01,2026-04-10T14:33:01,False
O001014,C00270,delivered,2026-03-25T14:35:18,2026-03-26T01:35:18,2026-04-12T14:35:18,2026-04-06T14:35:18,True
O001015,C00287,delivered,2026-03-18T14:37:35,2026-03-19T08:37:35,2026-03-25T14:37:35,2026-03-26T14:37:35,False
O001016,C00304,delivered,2026-03-11T14:39:52,2026-03-11T20:39:52,2026-03-14T20:39:52,2026-03-22T14:39:52,False
O001017,C00321,delivered,2026-03-04T14:42:09,2026-03-05T03:42:09,2026-03-11T03:42:09,2026-03-18T14:42:09,False
O001018,C00338,delivered,2026-02-25T14:44:26,2026-02-25T15:44:26,2026-03-06T15:44:26,2026-03-07T14:44:26,False
O001019,C00355,delivered,2026-02-18T14:46:43,2026-02-18T22:46:43,2026-02-22T22:46:43,2026-03-03T14:46:43,False
O001020,C00372,delivered,2026-02-11T14:49:00,2026-02-12T05:49:00,2026-02-19T05:49:00,2026-02-20T14:49:00,False
O001021,C00389,delivered,2026-02-04T14:51:17,2026-02-04T17:51:17,2026-02-14T17:51:17,2026-02-16T14:51:17,False
O001022,C00406,delivered,2026-01-28T14:53:34,2026-01-29T00:53:34,2026-02-03T00:53:34,2026-02-05T14:53:34,False
O001023,C00423,delivered,2026-01-21T14:55:51,2026-01-22T07:55:51,2026-01-30T07:55:51,2026-02-01T14:55:51,False
O001024,C00440,delivered,2026-01-14T14:58:08,2026-01-14T19:58:08,2026-01-17T19:58:08,2026-01-28T14:58:08,False
O001025,C00457,delivered,2026-01-07T15:00:25,2026-01-08T03:00:25,2026-01-14T03:00:25,2026-01-17T15:00:25,False
O001026,C00474,delivered,2025-12-31T15:02:42,2025-12-31T15:02:42,2026-01-09T15:02:42,2026-01-13T15:02:42,False
O001027,C00491,delivered,2025-12-24T15:04:59,2025-12-24T22:04:59,2026-01-06T15:04:59,2026-01-02T15:04:59,True
O001028,C00508,delivered,2025-12-17T15:07:16,2025-12-18T05:07:16,2025-12-25T05:07:16,2025-12-29T15:07:16,False
O001029,C00525,delivered,2025-12-10T15:09:33,2025-12-10T17:09:33,2025-12-17T15:09:33,2025-12-18T15:09:33,False
O001030,C00542,delivered,2025-12-03T15:11:50,2025-12-04T00:11:50,2025-12-09T00:11:50,2025-12-14T15:11:50,False
O001031,C00559,delivered,2025-11-26T15:14:07,2025-11-27T07:14:07,2025-12-05T07:14:07,2025-12-10T15:14:07,False
O001032,C00576,delivered,2025-11-19T15:16:24,2025-11-19T19:16:24,2025-11-22T19:16:24,2025-11-29T15:16:24,False
O001033,C00593,delivered,2025-11-12T15:18:41,2025-11-13T02:18:41,2025-11-19T02:18:41,2025-11-25T15:18:41,False
O001034,C00610,delivered,2025-11-05T15:20:58,2025-11-06T09:20:58,2025-11-13T15:20:58,2025-11-14T15:20:58,False
O001035,C00627,delivered,2025-10-29T15:23:15,2025-10-29T21:23:15,2025-11-02T21:23:15,2025-11-10T15:23:15,False
O001036,C00644,delivered,2025-10-22T15:25:32,2025-10-23T04:25:32,2025-10-30T04:25:32,2025-10-30T15:25:32,False
O001037,C00661,delivered,2025-10-15T15:27:49,2025-10-15T16:27:49,2025-10-25T16:27:49,2025-10-26T15:27:49,False
O001038,C00678,delivered,2025-10-08T15:30:06,2025-10-08T23:30:06,2025-10-13T23:30:06,2025-10-22T15:30:06,False
O001039,C00695,delivered,2025-10-01T15:32:23,2025-10-02T06:32:23,2025-10-10T06:32:23,2025-10-11T15:32:23,False
O001040,C00712,delivered,2025-09-24T15:34:40,2025-09-24T18:34:40,2025-10-09T15:34:40,2025-10-07T15:34:40,True
O001041,C00729,delivered,2025-09-17T15:36:57,2025-09-18T01:36:57,2025-09-24T01:36:57,2025-09-26T15:36:57,False
O001042,C00746,delivered,2025-09-10T15:39:14,2025-09-11T08:39:14,2025-09-20T08:39:14,2025-09-22T15:39:14,False
O001043,C00763,delivered,2026-09-03T15:41:31,2026-09-03T20:41:31,2026-09-07T20:41:31,2026-09-11T15:41:31,False
O001044,C00780,delivered,2026-08-27T15:43:48,2026-08-28T03:43:48,2026-09-04T03:43:48,2026-09-07T15:43:48,False
O001045,C00797,delivered,2026-08-20T15:46:05,2026-08-20T15:46:05,2026-08-30T15:46:05,2026-09-03T15:46:05,False
O001046,C00814,delivered,2026-08-13T15:48:22,2026-08-13T22:48:22,2026-08-18T22:48:22,2026-08-23T15:48:22,False
O001047,C00831,delivered,2026-08-06T15:50:39,2026-08-07T05:50:39,2026-08-15T05:50:39,2026-08-19T15:50:39,False
O001048,C00848,delivered,2026-07-30T15:52:56,2026-07-30T17:52:56,2026-08-02T17:52:56,2026-08-08T15:52:56,False
O001049,C00865,delivered,2026-07-23T15:55:13,2026-07-24T00:55:13,2026-07-30T00:55:13,2026-08-04T15:55:13,False
O001050,C00882,delivered,2026-07-16T15:57:30,2026-07-17T07:57:30,2026-07-23T15:57:30,2026-07-24T15:57:30,False
O001051,C00899,delivered,2026-07-09T15:59:47,2026-07-09T19:59:47,2026-07-13T19:59:47,2026-07-20T15:59:47,False
O001052,C00916,delivered,2026-07-02T16:02:04,2026-07-03T03:02:04,2026-07-10T03:02:04,2026-07-16T16:02:04,False
O001053,C00933,delivered,2026-06-25T16:04:21,2026-06-26T10:04:21,2026-07-10T16:04:21,2026-07-05T16:04:21,True
O001054,C00950,delivered,2026-06-18T16:06:38,2026-06-18T22:06:38,2026-06-23T22:06:38,2026-07-01T16:06:38,False
O001055,C00967,delivered,2026-06-11T16:08:55,2026-06-12T05:08:55,2026-06-20T05:08:55,2026-06-20T16:08:55,False
O001056,C00984,delivered,2026-06-04T16:11:12,2026-06-04T17:11:12,2026-06-07T17:11:12,2026-06-16T16:11:12,False
O001057,C00001,delivered,2026-05-28T16:13:29,2026-05-29T00:13:29,2026-06-04T00:13:29,2026-06-05T16:13:29,False
O001058,C00018,delivered,2026-05-21T16:15:46,2026-05-22T07:15:46,2026-05-31T07:15:46,2026-06-01T16:15:46,False
O001059,C00035,delivered,2026-05-14T16:18:03,2026-05-14T19:18:03,2026-05-18T19:18:03,2026-05-28T16:18:03,False
O001060,C00052,delivered,2026-05-07T16:20:20,2026-05-08T02:20:20,2026-05-15T02:20:20,2026-05-17T16:20:20,False
O001061,C00069,delivered,2026-04-30T16:22:37,2026-05-01T09:22:37,2026-05-11T09:22:37,2026-05-13T16:22:37,False
O001062,C00086,delivered,2026-04-23T16:24:54,2026-04-23T21:24:54,2026-04-28T21:24:54,2026-05-02T16:24:54,False
O001063,C00103,delivered,2026-04-16T16:27:11,2026-04-17T04:27:11,2026-04-25T04:27:11,2026-04-28T16:27:11,False
O001064,C00120,delivered,2026-04-09T16:29:28,2026-04-09T16:29:28,2026-04-12T16:29:28,2026-04-17T16:29:28,False
O001065,C00137,delivered,2026-04-02T16:31:45,2026-04-02T23:31:45,2026-04-08T23:31:45,2026-04-13T16:31:45,False
O001066,C00154,delivered,2026-03-26T16:34:02,2026-03-27T06:34:02,2026-04-12T16:34:02,2026-04-09T16:34:02,True
O001067,C00171,delivered,2026-03-19T16:36:19,2026-03-19T18:36:19,2026-03-23T18:36:19,2026-03-29T16:36:19,False
O001068,C00188,delivered,2026-03-12T16:38:36,2026-03-13T01:38:36,2026-03-20T01:38:36,2026-03-25T16:38:36,False
O001069,C00205,delivered,2026-03-05T16:40:53,2026-03-06T08:40:53,2026-03-13T16:40:53,2026-03-14T16:40:53,False
O001070,C00222,delivered,2026-02-26T16:43:10,2026-02-26T20:43:10,2026-03-03T20:43:10,2026-03-10T16:43:10,False
O001071,C00239,delivered,2026-02-19T16:45:27,2026-02-20T03:45:27,2026-02-26T16:45:27,2026-02-27T16:45:27,False
O001072,C00256,delivered,2026-02-12T16:47:44,2026-02-13T10:47:44,2026-02-16T10:47:44,2026-02-23T16:47:44,False
O001073,C00273,delivered,2026-02-05T16:50:01,2026-02-05T22:50:01,2026-02-11T22:50:01,2026-02-19T16:50:01,False
O001074,C00290,delivered,2026-01-29T16:52:18,2026-01-30T05:52:18,2026-02-08T05:52:18,2026-02-08T16:52:18,False
O001075,C00307,delivered,2026-01-22T16:54:35,2026-01-22T17:54:35,2026-01-26T17:54:35,2026-02-04T16:54:35,False
O001076,C00324,delivered,2026-01-15T16:56:52,2026-01-16T00:56:52,2026-01-23T00:56:52,2026-01-24T16:56:52,False
O001077,C00341,delivered,2026-01-08T16:59:09,2026-01-09T07:59:09,2026-01-19T07:59:09,2026-01-20T16:59:09,False
O001078,C00358,delivered,2026-01-01T17:01:26,2026-01-01T20:01:26,2026-01-06T20:01:26,2026-01-09T17:01:26,False
O001079,C00375,delivered,2025-12-25T17:03:43,2025-12-26T03:03:43,2026-01-11T17:03:43,2026-01-05T17:03:43,True
O001080,C00392,delivered,2025-12-18T17:06:00,2025-12-19T10:06:00,2025-12-22T10:06:00,2026-01-01T17:06:00,False
O001081,C00409,delivered,2025-12-11T17:08:17,2025-12-11T22:08:17,2025-12-17T22:08:17,2025-12-21T17:08:17,False
O001082,C00426,delivered,2025-12-04T17:10:34,2025-12-05T05:10:34,2025-12-14T05:10:34,2025-12-17T17:10:34,False
O001083,C00443,delivered,2025-11-27T17:12:51,2025-11-27T17:12:51,2025-12-01T17:12:51,2025-12-06T17:12:51,False
O001084,C00460,delivered,2025-11-20T17:15:08,2025-11-21T00:15:08,2025-11-28T00:15:08,2025-12-02T17:15:08,False
O001085,C00477,delivered,2025-11-13T17:17:25,2025-11-14T07:17:25,2025-11-20T17:17:25,2025-11-21T17:17:25,False
O001086,C00494,delivered,2025-11-06T17:19:42,2025-11-06T19:19:42,2025-11-11T19:19:42,2025-11-17T17:19:42,False
O001087,C00511,delivered,2025-10-30T17:21:59,2025-10-31T02:21:59,2025-11-08T02:21:59,2025-11-13T17:21:59,False
O001088,C00528,delivered,2025-10-23T17:24:16,2025-10-24T09:24:16,2025-10-27T09:24:16,2025-11-02T17:24:16,False
O001089,C00545,delivered,2025-10-16T17:26:33,2025-10-16T21:26:33,2025-10-22T21:26:33,2025-10-29T17:26:33,False
O001090,C00562,shipped,2025-10-09T17:28:50,2025-10-10T04:28:50,2025-10-17T17:28:50,2025-10-18T17:28:50,False
O001091,C00579,shipped,2025-10-02T17:31:07,2025-10-03T11:31:07,2025-10-07T11:31:07,2025-10-14T17:31:07,False
O001092,C00596,shipped,2025-09-25T17:33:24,2025-09-25T23:33:24,2025-10-07T17:33:24,2025-10-03T17:33:24,True
O001093,C00613,shipped,2025-09-18T17:35:41,2025-09-19T06:35:41,2025-09-29T06:35:41,2025-09-29T17:35:41,False
O001094,C00630,processing,2025-09-11T17:37:58,2025-09-11T18:37:58,,2025-09-25T17:37:58,
O001095,C00647,processing,2026-09-04T17:40:15,2026-09-05T01:40:15,,2026-09-14T17:40:15,
O001096,C00664,processing,2026-08-28T17:42:32,2026-08-29T08:42:32,,2026-09-10T17:42:32,
O001097,C00681,canceled,2026-08-21T17:44:49,2026-08-21T20:44:49,,2026-08-30T17:44:49,
O001098,C00698,canceled,2026-08-14T17:47:06,2026-08-15T03:47:06,,2026-08-26T17:47:06,
O001099,C00715,invoiced,2026-08-07T17:49:23,2026-08-08T10:49:23,,2026-08-15T17:49:23,
O001100,C00732,delivered,2026-07-31T17:51:40,2026-07-31T22:51:40,2026-08-07T22:51:40,2026-08-11T17:51:40,False
O001101,C00749,delivered,2026-07-24T17:53:57,2026-07-25T05:53:57,2026-08-04T05:53:57,2026-08-07T17:53:57,False
O001102,C00766,delivered,2026-07-17T17:56:14,2026-07-17T17:56:14,2026-07-22T17:56:14,2026-07-27T17:56:14,False
O001103,C00783,delivered,2026-07-10T17:58:31,2026-07-11T00:58:31,2026-07-19T00:58:31,2026-07-23T17:58:31,False
O001104,C00800,delivered,2026-07-03T18:00:48,2026-07-04T08:00:48,2026-07-07T08:00:48,2026-07-12T18:00:48,False
O001105,C00817,delivered,2026-06-26T18:03:05,2026-06-26T20:03:05,2026-07-10T18:03:05,2026-07-08T18:03:05,True
O001106,C00834,delivered,2026-06-19T18:05:22,2026-06-20T03:05:22,2026-06-26T18:05:22,2026-06-27T18:05:22,False
O001107,C00851,delivered,2026-06-12T18:07:39,2026-06-13T10:07:39,2026-06-17T10:07:39,2026-06-23T18:07:39,False
O001108,C00868,delivered,2026-06-05T18:09:56,2026-06-05T22:09:56,2026-06-12T22:09:56,2026-06-19T18:09:56,False
O001109,C00885,delivered,2026-05-29T18:12:13,2026-05-30T05:12:13,2026-06-07T18:12:13,2026-06-08T18:12:13,False
O001110,C00902,delivered,2026-05-22T18:14:30,2026-05-23T12:14:30,2026-05-28T12:14:30,2026-06-04T18:14:30,False
O001111,C00919,delivered,2026-05-15T18:16:47,2026-05-16T00:16:47,2026-05-24T00:16:47,2026-05-24T18:16:47,False
O001112,C00936,delivered,2026-05-08T18:19:04,2026-05-09T07:19:04,2026-05-12T07:19:04,2026-05-20T18:19:04,False
O001113,C00953,delivered,2026-05-01T18:21:21,2026-05-01T19:21:21,2026-05-07T19:21:21,2026-05-09T18:21:21,False
O001114,C00970,delivered,2026-04-24T18:23:38,2026-04-25T02:23:38,2026-05-04T02:23:38,2026-05-05T18:23:38,False
O001115,C00987,delivered,2026-04-17T18:25:55,2026-04-18T09:25:55,2026-04-22T09:25:55,2026-05-01T18:25:55,False
O001116,C00004,delivered,2026-04-10T18:28:12,2026-04-10T21:28:12,2026-04-17T21:28:12,2026-04-20T18:28:12,False
O001117,C00021,delivered,2026-04-03T18:30:29,2026-04-04T04:30:29,2026-04-14T04:30:29,2026-04-16T18:30:29,False
O001118,C00038,delivered,2026-03-27T18:32:46,2026-03-28T11:32:46,2026-04-10T18:32:46,2026-04-05T18:32:46,True
O001119,C00055,delivered,2026-03-20T18:35:03,2026-03-20T23:35:03,2026-03-28T23:35:03,2026-04-01T18:35:03,False
O001120,C00072,delivered,2026-03-13T18:37:20,2026-03-14T06:37:20,2026-03-17T06:37:20,2026-03-21T18:37:20,False
O001121,C00089,delivered,2026-03-06T18:39:37,2026-03-06T18:39:37,2026-03-12T18:39:37,2026-03-17T18:39:37,False
O001122,C00106,delivered,2026-02-27T18:41:54,2026-02-28T01:41:54,2026-03-09T01:41:54,2026-03-13T18:41:54,False
O001123,C00123,delivered,2026-02-20T18:44:11,2026-02-21T08:44:11,2026-02-25T08:44:11,2026-03-02T18:44:11,False
O001124,C00140,delivered,2026-02-13T18:46:28,2026-02-13T20:46:28,2026-02-20T20:46:28,2026-02-26T18:46:28,False
O001125,C00157,delivered,2026-02-06T18:48:45,2026-02-07T03:48:45,2026-02-14T18:48:45,2026-02-15T18:48:45,False
O001126,C00174,delivered,2026-01-30T18:51:02,2026-01-31T10:51:02,2026-02-05T10:51:02,2026-02-11T18:51:02,False
O001127,C00191,delivered,2026-01-23T18:53:19,2026-01-23T22:53:19,2026-01-31T22:53:19,2026-01-31T18:53:19,False
O001128,C00208,delivered,2026-01-16T18:55:36,2026-01-17T05:55:36,2026-01-20T05:55:36,2026-01-27T18:55:36,False
O001129,C00225,delivered,2026-01-09T18:57:53,2026-01-10T12:57:53,2026-01-16T12:57:53,2026-01-23T18:57:53,False
O001130,C00242,delivered,2026-01-02T19:00:10,2026-01-03T01:00:10,2026-01-12T01:00:10,2026-01-12T19:00:10,False
O001131,C00259,delivered,2025-12-26T19:02:27,2025-12-27T08:02:27,2026-01-11T19:02:27,2026-01-08T19:02:27,True
O001132,C00276,delivered,2025-12-19T19:04:44,2025-12-19T20:04:44,2025-12-26T20:04:44,2025-12-28T19:04:44,False
O001133,C00293,delivered,2025-12-12T19:07:01,2025-12-13T03:07:01,2025-12-23T03:07:01,2025-12-24T19:07:01,False
O001134,C00310,delivered,2025-12-05T19:09:18,2025-12-06T10:09:18,2025-12-11T10:09:18,2025-12-13T19:09:18,False
O001135,C00327,delivered,2025-11-28T19:11:35,2025-11-28T22:11:35,2025-12-06T22:11:35,2025-12-09T19:11:35,False
O001136,C00344,delivered,2025-11-21T19:13:52,2025-11-22T05:13:52,2025-11-25T05:13:52,2025-12-05T19:13:52,False
O001137,C00361,delivered,2025-11-14T19:16:09,2025-11-15T12:16:09,2025-11-21T12:16:09,2025-11-24T19:16:09,False
O001138,C00378,delivered,2025-11-07T19:18:26,2025-11-08T00:18:26,2025-11-17T00:18:26,2025-11-20T19:18:26,False
O001139,C00395,delivered,2025-10-31T19:20:43,2025-11-01T07:20:43,2025-11-05T07:20:43,2025-11-09T19:20:43,False
O001140,C00412,delivered,2025-10-24T19:23:00,2025-10-24T19:23:00,2025-10-31T19:23:00,2025-11-05T19:23:00,False
O001141,C00429,delivered,2025-10-17T19:25:17,2025-10-18T02:25:17,2025-10-24T19:25:17,2025-10-25T19:25:17,False
O001142,C00446,delivered,2025-10-10T19:27:34,2025-10-11T09:27:34,2025-10-16T09:27:34,2025-10-21T19:27:34,False
O001143,C00463,delivered,2025-10-03T19:29:51,2025-10-03T21:29:51,2025-10-11T21:29:51,2025-10-17T19:29:51,False
O001144,C00480,delivered,2025-09-26T19:32:08,2025-09-27T04:32:08,2025-10-12T19:32:08,2025-10-06T19:32:08,True
O001145,C00497,delivered,2025-09-19T19:34:25,2025-09-20T11:34:25,2025-09-26T11:34:25,2025-10-02T19:34:25,False
O001146,C00514,delivered,2025-09-12T19:36:42,2025-09-12T23:36:42,2025-09-21T23:36:42,2025-09-21T19:36:42,False
O001147,C00531,delivered,2025-09-05T19:38:59,2025-09-06T06:38:59,2025-09-10T06:38:59,2025-09-17T19:38:59,False
O001148,C00548,delivered,2026-08-29T19:41:16,2026-08-30T13:41:16,2026-09-06T13:41:16,2026-09-06T19:41:16,False
O001149,C00565,delivered,2026-08-22T19:43:33,2026-08-23T01:43:33,2026-09-02T01:43:33,2026-09-02T19:43:33,False
O001150,C00582,delivered,2026-08-15T19:45:50,2026-08-16T08:45:50,2026-08-21T08:45:50,2026-08-29T19:45:50,False
O001151,C00599,delivered,2026-08-08T19:48:07,2026-08-08T20:48:07,2026-08-16T20:48:07,2026-08-18T19:48:07,False
O001152,C00616,delivered,2026-08-01T19:50:24,2026-08-02T03:50:24,2026-08-05T03:50:24,2026-08-14T19:50:24,False
O001153,C00633,delivered,2026-07-25T19:52:41,2026-07-26T10:52:41,2026-08-01T10:52:41,2026-08-03T19:52:41,False
O001154,C00650,delivered,2026-07-18T19:54:58,2026-07-18T22:54:58,2026-07-27T22:54:58,2026-07-30T19:54:58,False
O001155,C00667,delivered,2026-07-11T19:57:15,2026-07-12T05:57:15,2026-07-16T05:57:15,2026-07-19T19:57:15,False
O001156,C00684,delivered,2026-07-04T19:59:32,2026-07-05T12:59:32,2026-07-12T12:59:32,2026-07-15T19:59:32,False
O001157,C00701,delivered,2026-06-27T20:01:49,2026-06-28T01:01:49,2026-07-15T20:01:49,2026-07-11T20:01:49,True
O001158,C00718,delivered,2026-06-20T20:04:06,2026-06-21T08:04:06,2026-06-26T08:04:06,2026-06-30T20:04:06,False
O001159,C00735,delivered,2026-06-13T20:06:23,2026-06-13T20:06:23,2026-06-21T20:06:23,2026-06-26T20:06:23,False
O001160,C00752,delivered,2026-06-06T20:08:40,2026-06-07T03:08:40,2026-06-10T03:08:40,2026-06-15T20:08:40,False
O001161,C00769,delivered,2026-05-30T20:10:57,2026-05-31T10:10:57,2026-06-06T10:10:57,2026-06-11T20:10:57,False
O001162,C00786,delivered,2026-05-23T20:13:14,2026-05-23T22:13:14,2026-05-30T20:13:14,2026-05-31T20:13:14,False
O001163,C00803,delivered,2026-05-16T20:15:31,2026-05-17T05:15:31,2026-05-21T05:15:31,2026-05-27T20:15:31,False
O001164,C00820,delivered,2026-05-09T20:17:48,2026-05-10T12:17:48,2026-05-17T12:17:48,2026-05-23T20:17:48,False
O001165,C00837,delivered,2026-05-02T20:20:05,2026-05-03T00:20:05,2026-05-11T20:20:05,2026-05-12T20:20:05,False
O001166,C00854,delivered,2026-04-25T20:22:22,2026-04-26T07:22:22,2026-05-01T07:22:22,2026-05-08T20:22:22,False
O001167,C00871,delivered,2026-04-18T20:24:39,2026-04-19T14:24:39,2026-04-27T14:24:39,2026-04-27T20:24:39,False
O001168,C00888,delivered,2026-04-11T20:26:56,2026-04-12T02:26:56,2026-04-15T02:26:56,2026-04-23T20:26:56,False
O001169,C00905,delivered,2026-04-04T20:29:13,2026-04-05T09:29:13,2026-04-11T09:29:13,2026-04-12T20:29:13,False
O001170,C00922,delivered,2026-03-28T20:31:30,2026-03-28T21:31:30,2026-04-10T20:31:30,2026-04-08T20:31:30,True
O001171,C00939,delivered,2026-03-21T20:33:47,2026-03-22T04:33:47,2026-03-26T04:33:47,2026-04-04T20:33:47,False
O001172,C00956,delivered,2026-03-14T20:36:04,2026-03-15T11:36:04,2026-03-22T11:36:04,2026-03-24T20:36:04,False
O001173,C00973,delivered,2026-03-07T20:38:21,2026-03-07T23:38:21,2026-03-17T23:38:21,2026-03-20T20:38:21,False
O001174,C00990,delivered,2026-02-28T20:40:38,2026-03-01T06:40:38,2026-03-06T06:40:38,2026-03-09T20:40:38,False
O001175,C00007,delivered,2026-02-21T20:42:55,2026-02-22T13:42:55,2026-03-02T13:42:55,2026-03-05T20:42:55,False
O001176,C00024,delivered,2026-02-14T20:45:12,2026-02-15T01:45:12,2026-02-18T01:45:12,2026-02-22T20:45:12,False
O001177,C00041,delivered,2026-02-07T20:47:29,2026-02-08T08:47:29,2026-02-14T08:47:29,2026-02-18T20:47:29,False
O001178,C00058,delivered,2026-01-31T20:49:46,2026-01-31T20:49:46,2026-02-09T20:49:46,2026-02-14T20:49:46,False
O001179,C00075,delivered,2026-01-24T20:52:03,2026-01-25T03:52:03,2026-01-29T03:52:03,2026-02-03T20:52:03,False
O001180,C00092,delivered,2026-01-17T20:54:20,2026-01-18T10:54:20,2026-01-25T10:54:20,2026-01-30T20:54:20,False
O001181,C00109,delivered,2026-01-10T20:56:37,2026-01-10T22:56:37,2026-01-18T20:56:37,2026-01-19T20:56:37,False
O001182,C00126,delivered,2026-01-03T20:58:54,2026-01-04T05:58:54,2026-01-09T05:58:54,2026-01-15T20:58:54,False
O001183,C00143,delivered,2025-12-27T21:01:11,2025-12-28T13:01:11,2026-01-09T21:01:11,2026-01-04T21:01:11,True
O001184,C00160,delivered,2025-12-20T21:03:28,2025-12-21T01:03:28,2025-12-24T01:03:28,2025-12-31T21:03:28,False
O001185,C00177,delivered,2025-12-13T21:05:45,2025-12-14T08:05:45,2025-12-20T08:05:45,2025-12-27T21:05:45,False
O001186,C00194,delivered,2025-12-06T21:08:02,2025-12-07T15:08:02,2025-12-16T15:08:02,2025-12-16T21:08:02,False
O001187,C00211,delivered,2025-11-29T21:10:19,2025-11-30T03:10:19,2025-12-04T03:10:19,2025-12-12T21:10:19,False
O001188,C00228,delivered,2025-11-22T21:12:36,2025-11-23T10:12:36,2025-11-30T10:12:36,2025-12-01T21:12:36,False
O001189,C00245,delivered,2025-11-15T21:14:53,2025-11-15T22:14:53,2025-11-25T22:14:53,2025-11-27T21:14:53,False
O001190,C00262,shipped,2025-11-08T21:17:10,2025-11-09T05:17:10,2025-11-14T05:17:10,2025-11-16T21:17:10,False
O001191,C00279,shipped,2025-11-01T21:19:27,2025-11-02T12:19:27,2025-11-10T12:19:27,2025-11-12T21:19:27,False
O001192,C00296,shipped,2025-10-25T21:21:44,2025-10-26T00:21:44,2025-10-29T00:21:44,2025-11-08T21:21:44,False
O001193,C00313,shipped,2025-10-18T21:24:01,2025-10-19T07:24:01,2025-10-25T07:24:01,2025-10-28T21:24:01,False
O001194,C00330,processing,2025-10-11T21:26:18,2025-10-12T14:26:18,,2025-10-24T21:26:18,
O001195,C00347,processing,2025-10-04T21:28:35,2025-10-05T02:28:35,,2025-10-13T21:28:35,
O001196,C00364,processing,2025-09-27T21:30:52,2025-09-28T09:30:52,,2025-10-09T21:30:52,
O001197,C00381,canceled,2025-09-20T21:33:09,2025-09-20T21:33:09,,2025-09-28T21:33:09,
O001198,C00398,canceled,2025-09-13T21:35:26,2025-09-14T04:35:26,,2025-09-24T21:35:26,
O001199,C00415,invoiced,2025-09-06T21:37:43,2025-09-07T11:37:43,,2025-09-20T21:37:43,
O001200,C00432,delivered,2026-08-30T21:40:00,2026-08-30T23:40:00,2026-09-02T23:40:00,2026-09-09T21:40:00,False
O001201,C00449,delivered,2026-08-23T21:42:17,2026-08-24T06:42:17,2026-08-30T06:42:17,2026-09-05T21:42:17,False
O001202,C00466,delivered,2026-08-16T21:44:34,2026-08-17T13:44:34,2026-08-24T21:44:34,2026-08-25T21:44:34,False
O001203,C00483,delivered,2026-08-09T21:46:51,2026-08-10T01:46:51,2026-08-14T01:46:51,2026-08-21T21:46:51,False
O001204,C00500,delivered,2026-08-02T21:49:08,2026-08-03T08:49:08,2026-08-10T08:49:08,2026-08-10T21:49:08,False
O001205,C00517,delivered,2026-07-26T21:51:25,2026-07-27T15:51:25,2026-08-06T15:51:25,2026-08-06T21:51:25,False
O001206,C00534,delivered,2026-07-19T21:53:42,2026-07-20T03:53:42,2026-07-25T03:53:42,2026-08-02T21:53:42,False
O001207,C00551,delivered,2026-07-12T21:55:59,2026-07-13T10:55:59,2026-07-21T10:55:59,2026-07-22T21:55:59,False
O001208,C00568,delivered,2026-07-05T21:58:16,2026-07-05T22:58:16,2026-07-08T22:58:16,2026-07-18T21:58:16,False
O001209,C00585,delivered,2026-06-28T22:00:33,2026-06-29T06:00:33,2026-07-13T22:00:33,2026-07-07T22:00:33,True
O001210,C00602,delivered,2026-06-21T22:02:50,2026-06-22T13:02:50,2026-07-01T13:02:50,2026-07-03T22:02:50,False
O001211,C00619,delivered,2026-06-14T22:05:07,2026-06-15T01:05:07,2026-06-19T01:05:07,2026-06-22T22:05:07,False
O001212,C00636,delivered,2026-06-07T22:07:24,2026-06-08T08:07:24,2026-06-15T08:07:24,2026-06-18T22:07:24,False
O001213,C00653,delivered,2026-05-31T22:09:41,2026-06-01T15:09:41,2026-06-11T15:09:41,2026-06-14T22:09:41,False
O001214,C00670,delivered,2026-05-24T22:11:58,2026-05-25T03:11:58,2026-05-30T03:11:58,2026-06-03T22:11:58,False
O001215,C00687,delivered,2026-05-17T22:14:15,2026-05-18T10:14:15,2026-05-26T10:14:15,2026-05-30T22:14:15,False
O001216,C00704,delivered,2026-05-10T22:16:32,2026-05-10T22:16:32,2026-05-13T22:16:32,2026-05-19T22:16:32,False
O001217,C00721,delivered,2026-05-03T22:18:49,2026-05-04T05:18:49,2026-05-10T05:18:49,2026-05-15T22:18:49,False
O001218,C00738,delivered,2026-04-26T22:21:06,2026-04-27T12:21:06,2026-05-03T22:21:06,2026-05-04T22:21:06,False
O001219,C00755,delivered,2026-04-19T22:23:23,2026-04-20T00:23:23,2026-04-24T00:23:23,2026-04-30T22:23:23,False
O001220,C00772,delivered,2026-04-12T22:25:40,2026-04-13T07:25:40,2026-04-20T07:25:40,2026-04-26T22:25:40,False
O001221,C00789,delivered,2026-04-05T22:27:57,2026-04-06T14:27:57,2026-04-14T22:27:57,2026-04-15T22:27:57,False
O001222,C00806,delivered,2026-03-29T22:30:14,2026-03-30T02:30:14,2026-04-15T22:30:14,2026-04-11T22:30:14,True
O001223,C00823,delivered,2026-03-22T22:32:31,2026-03-23T09:32:31,2026-03-31T09:32:31,2026-03-31T22:32:31,False
O001224,C00840,delivered,2026-03-15T22:34:48,2026-03-16T16:34:48,2026-03-19T16:34:48,2026-03-27T22:34:48,False
O001225,C00857,delivered,2026-03-08T22:37:05,2026-03-09T04:37:05,2026-03-15T04:37:05,2026-03-16T22:37:05,False
O001226,C00874,delivered,2026-03-01T22:39:22,2026-03-02T11:39:22,2026-03-11T11:39:22,2026-03-12T22:39:22,False
O001227,C00891,delivered,2026-02-22T22:41:39,2026-02-22T23:41:39,2026-02-26T23:41:39,2026-03-08T22:41:39,False
O001228,C00908,delivered,2026-02-15T22:43:56,2026-02-16T06:43:56,2026-02-23T06:43:56,2026-02-25T22:43:56,False
O001229,C00925,delivered,2026-02-08T22:46:13,2026-02-09T13:46:13,2026-02-19T13:46:13,2026-02-21T22:46:13,False
O001230,C00942,delivered,2026-02-01T22:48:30,2026-02-02T01:48:30,2026-02-07T01:48:30,2026-02-10T22:48:30,False
O001231,C00959,delivered,2026-01-25T22:50:47,2026-01-26T08:50:47,2026-02-03T08:50:47,2026-02-06T22:50:47,False
O001232,C00976,delivered,2026-01-18T22:53:04,2026-01-19T15:53:04,2026-01-22T15:53:04,2026-01-26T22:53:04,False
O001233,C00993,delivered,2026-01-11T22:55:21,2026-01-12T03:55:21,2026-01-18T03:55:21,2026-01-22T22:55:21,False
O001234,C00010,delivered,2026-01-04T22:57:38,2026-01-05T10:57:38,2026-01-14T10:57:38,2026-01-18T22:57:38,False
O001235,C00027,delivered,2025-12-28T22:59:55,2025-12-28T22:59:55,2026-01-09T22:59:55,2026-01-07T22:59:55,True
O001236,C00044,delivered,2025-12-21T23:02:12,2025-12-22T06:02:12,2025-12-29T06:02:12,2026-01-03T23:02:12,False
O001237,C00061,delivered,2025-12-14T23:04:29,2025-12-15T13:04:29,2025-12-22T23:04:29,2025-12-23T23:04:29,False
O001238,C00078,delivered,2025-12-07T23:06:46,2025-12-08T01:06:46,2025-12-13T01:06:46,2025-12-19T23:06:46,False
O001239,C00095,delivered,2025-11-30T23:09:03,2025-12-01T08:09:03,2025-12-07T23:09:03,2025-12-08T23:09:03,False
O001240,C00112,delivered,2025-11-23T23:11:20,2025-11-24T15:11:20,2025-11-27T15:11:20,2025-12-04T23:11:20,False
O001241,C00129,delivered,2025-11-16T23:13:37,2025-11-17T03:13:37,2025-11-23T03:13:37,2025-11-30T23:13:37,False
O001242,C00146,delivered,2025-11-09T23:15:54,2025-11-10T10:15:54,2025-11-19T10:15:54,2025-11-19T23:15:54,False
O001243,C00163,delivered,2025-11-02T23:18:11,2025-11-03T17:18:11,2025-11-07T17:18:11,2025-11-15T23:18:11,False
O001244,C00180,delivered,2025-10-26T23:20:28,2025-10-27T05:20:28,2025-11-03T05:20:28,2025-11-04T23:20:28,False
O001245,C00197,delivered,2025-10-19T23:22:45,2025-10-20T12:22:45,2025-10-30T12:22:45,2025-10-31T23:22:45,False
O001246,C00214,delivered,2025-10-12T23:25:02,2025-10-13T00:25:02,2025-10-18T00:25:02,2025-10-20T23:25:02,False
O001247,C00231,delivered,2025-10-05T23:27:19,2025-10-06T07:27:19,2025-10-14T07:27:19,2025-10-16T23:27:19,False
O001248,C00248,delivered,2025-09-28T23:29:36,2025-09-29T14:29:36,2025-10-17T23:29:36,2025-10-12T23:29:36,True
O001249,C00265,delivered,2025-09-21T23:31:53,2025-09-22T02:31:53,2025-09-28T02:31:53,2025-10-01T23:31:53,False
O001250,C00282,delivered,2025-09-14T23:34:10,2025-09-15T09:34:10,2025-09-24T09:34:10,2025-09-27T23:34:10,False
O001251,C00299,delivered,2025-09-07T23:36:27,2025-09-08T16:36:27,2025-09-12T16:36:27,2025-09-16T23:36:27,False
O001252,C00316,delivered,2026-08-31T23:38:44,2026-09-01T04:38:44,2026-09-08T04:38:44,2026-09-12T23:38:44,False
O001253,C00333,delivered,2026-08-24T23:41:01,2026-08-25T11:41:01,2026-08-31T23:41:01,2026-09-01T23:41:01,False
O001254,C00350,delivered,2026-08-17T23:43:18,2026-08-17T23:43:18,2026-08-22T23:43:18,2026-08-28T23:43:18,False
O001255,C00367,delivered,2026-08-10T23:45:35,2026-08-11T06:45:35,2026-08-19T06:45:35,2026-08-24T23:45:35,False
O001256,C00384,delivered,2026-08-03T23:47:52,2026-08-04T13:47:52,2026-08-07T13:47:52,2026-08-13T23:47:52,False
O001257,C00401,delivered,2026-07-27T23:50:09,2026-07-28T01:50:09,2026-08-03T01:50:09,2026-08-09T23:50:09,False
O001258,C00418,delivered,2026-07-20T23:52:26,2026-07-21T08:52:26,2026-07-28T23:52:26,2026-07-29T23:52:26,False
O001259,C00435,delivered,2026-07-13T23:54:43,2026-07-14T15:54:43,2026-07-18T15:54:43,2026-07-25T23:54:43,False
O001260,C00452,delivered,2026-07-06T23:57:00,2026-07-07T03:57:00,2026-07-14T03:57:00,2026-07-14T23:57:00,False
O001261,C00469,delivered,2026-06-29T23:59:17,2026-06-30T10:59:17,2026-07-13T23:59:17,2026-07-10T23:59:17,True
O001262,C00486,delivered,2026-06-22T00:01:34,2026-06-22T18:01:34,2026-06-27T18:01:34,2026-07-06T00:01:34,False
O001263,C00503,delivered,2026-06-15T00:03:51,2026-06-15T06:03:51,2026-06-23T06:03:51,2026-06-25T00:03:51,False
O001264,C00520,delivered,2026-06-08T00:06:08,2026-06-08T13:06:08,2026-06-11T13:06:08,2026-06-21T00:06:08,False
O001265,C00537,delivered,2026-06-01T00:08:25,2026-06-01T01:08:25,2026-06-07T01:08:25,2026-06-10T00:08:25,False
O001266,C00554,delivered,2026-05-25T00:10:42,2026-05-25T08:10:42,2026-06-03T08:10:42,2026-06-06T00:10:42,False
O001267,C00571,delivered,2026-05-18T00:12:59,2026-05-18T15:12:59,2026-05-22T15:12:59,2026-05-26T00:12:59,False
O001268,C00588,delivered,2026-05-11T00:15:16,2026-05-11T03:15:16,2026-05-18T03:15:16,2026-05-22T00:15:16,False
O001269,C00605,delivered,2026-05-04T00:17:33,2026-05-04T10:17:33,2026-05-14T10:17:33,2026-05-18T00:17:33,False
O001270,C00622,delivered,2026-04-27T00:19:50,2026-04-27T17:19:50,2026-05-02T17:19:50,2026-05-07T00:19:50,False
O001271,C00639,delivered,2026-04-20T00:22:07,2026-04-20T05:22:07,2026-04-28T05:22:07,2026-05-03T00:22:07,False
O001272,C00656,delivered,2026-04-13T00:24:24,2026-04-13T12:24:24,2026-04-16T12:24:24,2026-04-22T00:24:24,False
O001273,C00673,delivered,2026-04-06T00:26:41,2026-04-06T00:26:41,2026-04-12T00:26:41,2026-04-18T00:26:41,False
O001274,C00690,delivered,2026-03-30T00:28:58,2026-03-30T07:28:58,2026-04-13T00:28:58,2026-04-07T00:28:58,True
O001275,C00707,delivered,2026-03-23T00:31:15,2026-03-23T14:31:15,2026-03-27T14:31:15,2026-04-03T00:31:15,False
O001276,C00724,delivered,2026-03-16T00:33:32,2026-03-16T02:33:32,2026-03-23T02:33:32,2026-03-30T00:33:32,False
O001277,C00741,delivered,2026-03-09T00:35:49,2026-03-09T09:35:49,2026-03-19T09:35:49,2026-03-19T00:35:49,False
O001278,C00758,delivered,2026-03-02T00:38:06,2026-03-02T16:38:06,2026-03-07T16:38:06,2026-03-15T00:38:06,False
O001279,C00775,delivered,2026-02-23T00:40:23,2026-02-23T04:40:23,2026-03-03T04:40:23,2026-03-04T00:40:23,False
O001280,C00792,delivered,2026-02-16T00:42:40,2026-02-16T11:42:40,2026-02-19T11:42:40,2026-02-28T00:42:40,False
O001281,C00809,delivered,2026-02-09T00:44:57,2026-02-09T18:44:57,2026-02-15T18:44:57,2026-02-17T00:44:57,False
O001282,C00826,delivered,2026-02-02T00:47:14,2026-02-02T06:47:14,2026-02-11T06:47:14,2026-02-13T00:47:14,False
O001283,C00843,delivered,2026-01-26T00:49:31,2026-01-26T13:49:31,2026-01-30T13:49:31,2026-02-09T00:49:31,False
O001284,C00860,delivered,2026-01-19T00:51:48,2026-01-19T01:51:48,2026-01-26T01:51:48,2026-01-29T00:51:48,False
O001285,C00877,delivered,2026-01-12T00:54:05,2026-01-12T08:54:05,2026-01-22T08:54:05,2026-01-25T00:54:05,False
O001286,C00894,delivered,2026-01-05T00:56:22,2026-01-05T15:56:22,2026-01-10T15:56:22,2026-01-14T00:56:22,False
O001287,C00911,delivered,2025-12-29T00:58:39,2025-12-29T03:58:39,2026-01-14T00:58:39,2026-01-10T00:58:39,True
O001288,C00928,delivered,2025-12-22T01:00:56,2025-12-22T11:00:56,2025-12-25T11:00:56,2025-12-30T01:00:56,False
O001289,C00945,delivered,2025-12-15T01:03:13,2025-12-15T18:03:13,2025-12-21T18:03:13,2025-12-26T01:03:13,False
O001290,C00962,shipped,2025-12-08T01:05:30,2025-12-08T06:05:30,2025-12-17T06:05:30,2025-12-22T01:05:30,False
O001291,C00979,shipped,2025-12-01T01:07:47,2025-12-01T13:07:47,2025-12-05T13:07:47,2025-12-11T01:07:47,False
O001292,C00996,shipped,2025-11-24T01:10:04,2025-11-24T01:10:04,2025-12-01T01:10:04,2025-12-07T01:10:04,False
O001293,C00013,shipped,2025-11-17T01:12:21,2025-11-17T08:12:21,2025-11-25T01:12:21,2025-11-26T01:12:21,False
O001294,C00030,processing,2025-11-10T01:14:38,2025-11-10T15:14:38,,2025-11-22T01:14:38,
O001295,C00047,processing,2025-11-03T01:16:55,2025-11-03T03:16:55,,2025-11-11T01:16:55,
O001296,C00064,processing,2025-10-27T01:19:12,2025-10-27T10:19:12,,2025-11-07T01:19:12,
O001297,C00081,canceled,2025-10-20T01:21:29,2025-10-20T17:21:29,,2025-11-03T01:21:29,
O001298,C00098,canceled,2025-10-13T01:23:46,2025-10-13T05:23:46,,2025-10-23T01:23:46,
O001299,C00115,invoiced,2025-10-06T01:26:03,2025-10-06T12:26:03,,2025-10-19T01:26:03,
O001300,C00132,delivered,2025-09-29T01:28:20,2025-09-29T19:28:20,2025-10-10T01:28:20,2025-10-08T01:28:20,True
O001301,C00149,delivered,2025-09-22T01:30:37,2025-09-22T07:30:37,2025-10-02T07:30:37,2025-10-04T01:30:37,False
O001302,C00166,delivered,2025-09-15T01:32:54,2025-09-15T14:32:54,2025-09-20T14:32:54,2025-09-23T01:32:54,False
O001303,C00183,delivered,2025-09-08T01:35:11,2025-09-08T02:35:11,2025-09-16T02:35:11,2025-09-19T01:35:11,False
O001304,C00200,delivered,2026-09-01T01:37:28,2026-09-01T09:37:28,2026-09-04T09:37:28,2026-09-15T01:37:28,False
O001305,C00217,delivered,2026-08-25T01:39:45,2026-08-25T16:39:45,2026-08-31T16:39:45,2026-09-04T01:39:45,False
O001306,C00234,delivered,2026-08-18T01:42:02,2026-08-18T04:42:02,2026-08-27T04:42:02,2026-08-31T01:42:02,False
O001307,C00251,delivered,2026-08-11T01:44:19,2026-08-11T11:44:19,2026-08-15T11:44:19,2026-08-20T01:44:19,False
O001308,C00268,delivered,2026-08-04T01:46:36,2026-08-04T18:46:36,2026-08-11T18:46:36,2026-08-16T01:46:36,False
O001309,C00285,delivered,2026-07-28T01:48:53,2026-07-28T06:48:53,2026-08-04T01:48:53,2026-08-05T01:48:53,False
O001310,C00302,delivered,2026-07-21T01:51:10,2026-07-21T13:51:10,2026-07-26T13:51:10,2026-08-01T01:51:10,False
O001311,C00319,delivered,2026-07-14T01:53:27,2026-07-14T01:53:27,2026-07-22T01:53:27,2026-07-28T01:53:27,False
O001312,C00336,delivered,2026-07-07T01:55:44,2026-07-07T08:55:44,2026-07-10T08:55:44,2026-07-17T01:55:44,False
O001313,C00353,delivered,2026-06-30T01:58:01,2026-06-30T15:58:01,2026-07-18T01:58:01,2026-07-13T01:58:01,True
O001314,C00370,delivered,2026-06-23T02:00:18,2026-06-23T04:00:18,2026-07-02T04:00:18,2026-07-02T02:00:18,False
O001315,C00387,delivered,2026-06-16T02:02:35,2026-06-16T11:02:35,2026-06-20T11:02:35,2026-06-28T02:02:35,False
O001316,C00404,delivered,2026-06-09T02:04:52,2026-06-09T18:04:52,2026-06-16T18:04:52,2026-06-17T02:04:52,False
O001317,C00421,delivered,2026-06-02T02:07:09,2026-06-02T06:07:09,2026-06-12T06:07:09,2026-06-13T02:07:09,False
O001318,C00438,delivered,2026-05-26T02:09:26,2026-05-26T13:09:26,2026-05-31T13:09:26,2026-06-09T02:09:26,False
O001319,C00455,delivered,2026-05-19T02:11:43,2026-05-19T20:11:43,2026-05-27T20:11:43,2026-05-29T02:11:43,False
O001320,C00472,delivered,2026-05-12T02:14:00,2026-05-12T08:14:00,2026-05-15T08:14:00,2026-05-25T02:14:00,False
O001321,C00489,delivered,2026-05-05T02:16:17,2026-05-05T15:16:17,2026-05-11T15:16:17,2026-05-14T02:16:17,False
O001322,C00506,delivered,2026-04-28T02:18:34,2026-04-28T03:18:34,2026-05-07T03:18:34,2026-05-10T02:18:34,False
O001323,C00523,delivered,2026-04-21T02:20:51,2026-04-21T10:20:51,2026-04-25T10:20:51,2026-04-29T02:20:51,False
O001324,C00540,delivered,2026-04-14T02:23:08,2026-04-14T17:23:08,2026-04-21T17:23:08,2026-04-25T02:23:08,False
O001325,C00557,delivered,2026-04-07T02:25:25,2026-04-07T05:25:25,2026-04-17T05:25:25,2026-04-21T02:25:25,False
O001326,C00574,delivered,2026-03-31T02:27:42,2026-03-31T12:27:42,2026-04-13T02:27:42,2026-04-10T02:27:42,True
O001327,C00591,delivered,2026-03-24T02:29:59,2026-03-24T19:29:59,2026-04-01T19:29:59,2026-04-06T02:29:59,False
O001328,C00608,delivered,2026-03-17T02:32:16,2026-03-17T07:32:16,2026-03-20T07:32:16,2026-03-26T02:32:16,False
O001329,C00625,delivered,2026-03-10T02:34:33,2026-03-10T14:34:33,2026-03-16T14:34:33,2026-03-22T02:34:33,False
O001330,C00642,delivered,2026-03-03T02:36:50,2026-03-03T02:36:50,2026-03-10T02:36:50,2026-03-11T02:36:50,False
O001331,C00659,delivered,2026-02-24T02:39:07,2026-02-24T09:39:07,2026-02-28T09:39:07,2026-03-07T02:39:07,False
O001332,C00676,delivered,2026-02-17T02:41:24,2026-02-17T16:41:24,2026-02-24T16:41:24,2026-03-03T02:41:24,False
O001333,C00693,delivered,2026-02-10T02:43:41,2026-02-10T04:43:41,2026-02-20T04:43:41,2026-02-20T02:43:41,False
O001334,C00710,delivered,2026-02-03T02:45:58,2026-02-03T11:45:58,2026-02-08T11:45:58,2026-02-16T02:45:58,False
O001335,C00727,delivered,2026-01-27T02:48:15,2026-01-27T18:48:15,2026-02-04T18:48:15,2026-02-05T02:48:15,False
O001336,C00744,delivered,2026-01-20T02:50:32,2026-01-20T06:50:32,2026-01-23T06:50:32,2026-02-01T02:50:32,False
O001337,C00761,delivered,2026-01-13T02:52:49,2026-01-13T13:52:49,2026-01-19T13:52:49,2026-01-21T02:52:49,False
O001338,C00778,delivered,2026-01-06T02:55:06,2026-01-06T20:55:06,2026-01-15T20:55:06,2026-01-17T02:55:06,False
O001339,C00795,delivered,2025-12-30T02:57:23,2025-12-30T08:57:23,2026-01-19T02:57:23,2026-01-13T02:57:23,True
O001340,C00812,delivered,2025-12-23T02:59:40,2025-12-23T15:59:40,2025-12-30T15:59:40,2026-01-02T02:59:40,False
O001341,C00829,delivered,2025-12-16T03:01:57,2025-12-16T04:01:57,2025-12-26T04:01:57,2025-12-29T03:01:57,False
O001342,C00846,delivered,2025-12-09T03:04:14,2025-12-09T11:04:14,2025-12-14T11:04:14,2025-12-18T03:04:14,False
O001343,C00863,delivered,2025-12-02T03:06:31,2025-12-02T18:06:31,2025-12-10T18:06:31,2025-12-14T03:06:31,False
O001344,C00880,delivered,2025-11-25T03:08:48,2025-11-25T06:08:48,2025-11-28T06:08:48,2025-12-03T03:08:48,False
O001345,C00897,delivered,2025-11-18T03:11:05,2025-11-18T13:11:05,2025-11-24T13:11:05,2025-11-29T03:11:05,False
O001346,C00914,delivered,2025-11-11T03:13:22,2025-11-11T20:13:22,2025-11-20T20:13:22,2025-11-25T03:13:22,False
O001347,C00931,delivered,2025-11-04T03:15:39,2025-11-04T08:15:39,2025-11-08T08:15:39,2025-11-14T03:15:39,False
O001348,C00948,delivered,2025-10-28T03:17:56,2025-10-28T15:17:56,2025-11-04T15:17:56,2025-11-10T03:17:56,False
O001349,C00965,delivered,2025-10-21T03:20:13,2025-10-21T03:20:13,2025-10-29T03:20:13,2025-10-30T03:20:13,False
O001350,C00982,delivered,2025-10-14T03:22:30,2025-10-14T10:22:30,2025-10-19T10:22:30,2025-10-26T03:22:30,False
O001351,C00999,delivered,2025-10-07T03:24:47,2025-10-07T17:24:47,2025-10-15T17:24:47,2025-10-15T03:24:47,False
O001352,C00016,delivered,2025-09-30T03:27:04,2025-09-30T05:27:04,2025-10-15T03:27:04,2025-10-11T03:27:04,True
O001353,C00033,delivered,2025-09-23T03:29:21,2025-09-23T12:29:21,2025-09-29T12:29:21,2025-10-07T03:29:21,False
O001354,C00050,delivered,2025-09-16T03:31:38,2025-09-16T19:31:38,2025-09-25T19:31:38,2025-09-26T03:31:38,False
O001355,C00067,delivered,2025-09-09T03:33:55,2025-09-09T07:33:55,2025-09-13T07:33:55,2025-09-22T03:33:55,False
O001356,C00084,delivered,2026-09-02T03:36:12,2026-09-02T14:36:12,2026-09-09T14:36:12,2026-09-11T03:36:12,False
O001357,C00101,delivered,2026-08-26T03:38:29,2026-08-26T21:38:29,2026-09-05T21:38:29,2026-09-07T03:38:29,False
O001358,C00118,delivered,2026-08-19T03:40:46,2026-08-19T09:40:46,2026-08-24T09:40:46,2026-08-27T03:40:46,False
O001359,C00135,delivered,2026-08-12T03:43:03,2026-08-12T16:43:03,2026-08-20T16:43:03,2026-08-23T03:43:03,False
O001360,C00152,delivered,2026-08-05T03:45:20,2026-08-05T04:45:20,2026-08-08T04:45:20,2026-08-19T03:45:20,False
O001361,C00169,delivered,2026-07-29T03:47:37,2026-07-29T11:47:37,2026-08-04T11:47:37,2026-08-08T03:47:37,False
O001362,C00186,delivered,2026-07-22T03:49:54,2026-07-22T18:49:54,2026-07-31T18:49:54,2026-08-04T03:49:54,False
O001363,C00203,delivered,2026-07-15T03:52:11,2026-07-15T06:52:11,2026-07-19T06:52:11,2026-07-24T03:52:11,False
O001364,C00220,delivered,2026-07-08T03:54:28,2026-07-08T13:54:28,2026-07-15T13:54:28,2026-07-20T03:54:28,False
O001365,C00237,delivered,2026-07-01T03:56:45,2026-07-01T20:56:45,2026-07-11T03:56:45,2026-07-09T03:56:45,True
O001366,C00254,delivered,2026-06-24T03:59:02,2026-06-24T08:59:02,2026-06-29T08:59:02,2026-07-05T03:59:02,False
O001367,C00271,delivered,2026-06-17T04:01:19,2026-06-17T16:01:19,2026-06-25T16:01:19,2026-07-01T04:01:19,False
O001368,C00288,delivered,2026-06-10T04:03:36,2026-06-10T04:03:36,2026-06-13T04:03:36,2026-06-20T04:03:36,False
O001369,C00305,delivered,2026-06-03T04:05:53,2026-06-03T11:05:53,2026-06-09T11:05:53,2026-06-16T04:05:53,False
O001370,C00322,delivered,2026-05-27T04:08:10,2026-05-27T18:08:10,2026-06-05T18:08:10,2026-06-05T04:08:10,False
O001371,C00339,delivered,2026-05-20T04:10:27,2026-05-20T06:10:27,2026-05-24T06:10:27,2026-06-01T04:10:27,False
O001372,C00356,delivered,2026-05-13T04:12:44,2026-05-13T13:12:44,2026-05-20T13:12:44,2026-05-21T04:12:44,False
O001373,C00373,delivered,2026-05-06T04:15:01,2026-05-06T20:15:01,2026-05-16T20:15:01,2026-05-17T04:15:01,False
O001374,C00390,delivered,2026-04-29T04:17:18,2026-04-29T08:17:18,2026-05-04T08:17:18,2026-05-13T04:17:18,False
O001375,C00407,delivered,2026-04-22T04:19:35,2026-04-22T15:19:35,2026-04-30T15:19:35,2026-05-02T04:19:35,False
O001376,C00424,delivered,2026-04-15T04:21:52,2026-04-15T22:21:52,2026-04-18T22:21:52,2026-04-28T04:21:52,False
O001377,C00441,delivered,2026-04-08T04:24:09,2026-04-08T10:24:09,2026-04-14T10:24:09,2026-04-17T04:24:09,False
O001378,C00458,delivered,2026-04-01T04:26:26,2026-04-01T17:26:26,2026-04-18T04:26:26,2026-04-13T04:26:26,True
O001379,C00475,delivered,2026-03-25T04:28:43,2026-03-25T05:28:43,2026-03-29T05:28:43,2026-04-02T04:28:43,False
O001380,C00492,delivered,2026-03-18T04:31:00,2026-03-18T12:31:00,2026-03-25T12:31:00,2026-03-29T04:31:00,False
O001381,C00509,delivered,2026-03-11T04:33:17,2026-03-11T19:33:17,2026-03-21T19:33:17,2026-03-25T04:33:17,False
O001382,C00526,delivered,2026-03-04T04:35:34,2026-03-04T07:35:34,2026-03-09T07:35:34,2026-03-14T04:35:34,False
O001383,C00543,delivered,2026-02-25T04:37:51,2026-02-25T14:37:51,2026-03-05T14:37:51,2026-03-10T04:37:51,False
O001384,C00560,delivered,2026-02-18T04:40:08,2026-02-18T21:40:08,2026-02-21T21:40:08,2026-02-27T04:40:08,False
O001385,C00577,delivered,2026-02-11T04:42:25,2026-02-11T09:42:25,2026-02-17T09:42:25,2026-02-23T04:42:25,False
O001386,C00594,delivered,2026-02-04T04:44:42,2026-02-04T16:44:42,2026-02-11T04:44:42,2026-02-12T04:44:42,False
O001387,C00611,delivered,2026-01-28T04:46:59,2026-01-28T04:46:59,2026-02-01T04:46:59,2026-02-08T04:46:59,False
O001388,C00628,delivered,2026-01-21T04:49:16,2026-01-21T11:49:16,2026-01-28T11:49:16,2026-02-04T04:49:16,False
O001389,C00645,delivered,2026-01-14T04:51:33,2026-01-14T18:51:33,2026-01-24T18:51:33,2026-01-24T04:51:33,False
O001390,C00662,shipped,2026-01-07T04:53:50,2026-01-07T06:53:50,2026-01-12T06:53:50,2026-01-20T04:53:50,False
O001391,C00679,shipped,2025-12-31T04:56:07,2025-12-31T13:56:07,2026-01-12T04:56:07,2026-01-09T04:56:07,True
O001392,C00696,shipped,2025-12-24T04:58:24,2025-12-24T20:58:24,2025-12-27T20:58:24,2026-01-05T04:58:24,False
O001393,C00713,shipped,2025-12-17T05:00:41,2025-12-17T09:00:41,2025-12-23T09:00:41,2025-12-25T05:00:41,False
O001394,C00730,processing,2025-12-10T05:02:58,2025-12-10T16:02:58,,2025-12-21T05:02:58,
O001395,C00747,processing,2025-12-03T05:05:15,2025-12-03T23:05:15,,2025-12-17T05:05:15,
O001396,C00764,processing,2025-11-26T05:07:32,2025-11-26T11:07:32,,2025-12-06T05:07:32,
O001397,C00781,canceled,2025-11-19T05:09:49,2025-11-19T18:09:49,,2025-12-02T05:09:49,
O001398,C00798,canceled,2025-11-12T05:12:06,2025-11-12T06:12:06,,2025-11-21T05:12:06,
O001399,C00815,invoiced,2025-11-05T05:14:23,2025-11-05T13:14:23,,2025-11-17T05:14:23,
O001400,C00832,delivered,2025-10-29T05:16:40,2025-10-29T20:16:40,2025-11-01T20:16:40,2025-11-06T05:16:40,False
O001401,C00849,delivered,2025-10-22T05:18:57,2025-10-22T08:18:57,2025-10-28T08:18:57,2025-11-02T05:18:57,False
O001402,C00866,delivered,2025-10-15T05:21:14,2025-10-15T15:21:14,2025-10-24T15:21:14,2025-10-29T05:21:14,False
O001403,C00883,delivered,2025-10-08T05:23:31,2025-10-08T22:23:31,2025-10-12T22:23:31,2025-10-18T05:23:31,False
O001404,C00900,delivered,2025-10-01T05:25:48,2025-10-01T10:25:48,2025-10-20T05:25:48,2025-10-14T05:25:48,True
O001405,C00917,delivered,2025-09-24T05:28:05,2025-09-24T17:28:05,2025-10-02T05:28:05,2025-10-03T05:28:05,False
O001406,C00934,delivered,2025-09-17T05:30:22,2025-09-17T05:30:22,2025-09-22T05:30:22,2025-09-29T05:30:22,False
O001407,C00951,delivered,2025-09-10T05:32:39,2025-09-10T12:32:39,2025-09-18T12:32:39,2025-09-18T05:32:39,False
O001408,C00968,delivered,2026-09-03T05:34:56,2026-09-03T19:34:56,2026-09-06T19:34:56,2026-09-14T05:34:56,False
O001409,C00985,delivered,2026-08-27T05:37:13,2026-08-27T07:37:13,2026-09-02T07:37:13,2026-09-10T05:37:13,False
O001410,C00002,delivered,2026-08-20T05:39:30,2026-08-20T14:39:30,2026-08-29T14:39:30,2026-08-30T05:39:30,False
O001411,C00019,delivered,2026-08-13T05:41:47,2026-08-13T21:41:47,2026-08-17T21:41:47,2026-08-26T05:41:47,False
O001412,C00036,delivered,2026-08-06T05:44:04,2026-08-06T09:44:04,2026-08-13T09:44:04,2026-08-15T05:44:04,False
O001413,C00053,delivered,2026-07-30T05:46:21,2026-07-30T16:46:21,2026-08-09T16:46:21,2026-08-11T05:46:21,False
O001414,C00070,delivered,2026-07-23T05:48:38,2026-07-23T23:48:38,2026-07-28T23:48:38,2026-07-31T05:48:38,False
O001415,C00087,delivered,2026-07-16T05:50:55,2026-07-16T11:50:55,2026-07-24T11:50:55,2026-07-27T05:50:55,False
O001416,C00104,delivered,2026-07-09T05:53:12,2026-07-09T18:53:12,2026-07-12T18:53:12,2026-07-23T05:53:12,False
O001417,C00121,delivered,2026-07-02T05:55:29,2026-07-02T06:55:29,2026-07-16T05:55:29,2026-07-12T05:55:29,True
O001418,C00138,delivered,2026-06-25T05:57:46,2026-06-25T13:57:46,2026-07-04T13:57:46,2026-07-08T05:57:46,False
O001419,C00155,delivered,2026-06-18T06:00:03,2026-06-18T21:00:03,2026-06-22T21:00:03,2026-06-27T06:00:03,False
O001420,C00172,delivered,2026-06-11T06:02:20,2026-06-11T09:02:20,2026-06-18T09:02:20,2026-06-23T06:02:20,False
O001421,C00189,delivered,2026-06-04T06:04:37,2026-06-04T16:04:37,2026-06-11T06:04:37,2026-06-12T06:04:37,False
O001422,C00206,delivered,2026-05-28T06:06:54,2026-05-28T23:06:54,2026-06-02T23:06:54,2026-06-08T06:06:54,False
O001423,C00223,delivered,2026-05-21T06:09:11,2026-05-21T11:09:11,2026-05-29T11:09:11,2026-06-04T06:09:11,False
O001424,C00240,delivered,2026-05-14T06:11:28,2026-05-14T18:11:28,2026-05-17T18:11:28,2026-05-24T06:11:28,False
O001425,C00257,delivered,2026-05-07T06:13:45,2026-05-07T06:13:45,2026-05-13T06:13:45,2026-05-20T06:13:45,False
O001426,C00274,delivered,2026-04-30T06:16:02,2026-04-30T13:16:02,2026-05-09T13:16:02,2026-05-09T06:16:02,False
O001427,C00291,delivered,2026-04-23T06:18:19,2026-04-23T20:18:19,2026-04-27T20:18:19,2026-05-05T06:18:19,False
O001428,C00308,delivered,2026-04-16T06:20:36,2026-04-16T08:20:36,2026-04-23T08:20:36,2026-04-24T06:20:36,False
O001429,C00325,delivered,2026-04-09T06:22:53,2026-04-09T15:22:53,2026-04-19T15:22:53,2026-04-20T06:22:53,False
O001430,C00342,delivered,2026-04-02T06:25:10,2026-04-02T22:25:10,2026-04-18T06:25:10,2026-04-16T06:25:10,True
O001431,C00359,delivered,2026-03-26T06:27:27,2026-03-26T10:27:27,2026-04-03T10:27:27,2026-04-05T06:27:27,False
O001432,C00376,delivered,2026-03-19T06:29:44,2026-03-19T17:29:44,2026-03-22T17:29:44,2026-04-01T06:29:44,False
O001433,C00393,delivered,2026-03-12T06:32:01,2026-03-13T00:32:01,2026-03-19T00:32:01,2026-03-21T06:32:01,False
O001434,C00410,delivered,2026-03-05T06:34:18,2026-03-05T12:34:18,2026-03-14T12:34:18,2026-03-17T06:34:18,False
O001435,C00427,delivered,2026-02-26T06:36:35,2026-02-26T19:36:35,2026-03-02T19:36:35,2026-03-06T06:36:35,False
O001436,C00444,delivered,2026-02-19T06:38:52,2026-02-19T07:38:52,2026-02-26T07:38:52,2026-03-02T06:38:52,False
O001437,C00461,delivered,2026-02-12T06:41:09,2026-02-12T14:41:09,2026-02-22T14:41:09,2026-02-26T06:41:09,False
O001438,C00478,delivered,2026-02-05T06:43:26,2026-02-05T21:43:26,2026-02-10T21:43:26,2026-02-15T06:43:26,False
O001439,C00495,delivered,2026-01-29T06:45:43,2026-01-29T09:45:43,2026-02-06T09:45:43,2026-02-11T06:45:43,False
O001440,C00512,delivered,2026-01-22T06:48:00,2026-01-22T16:48:00,2026-01-25T16:48:00,2026-01-31T06:48:00,False
O001441,C00529,delivered,2026-01-15T06:50:17,2026-01-15T23:50:17,2026-01-21T23:50:17,2026-01-27T06:50:17,False
O001442,C00546,delivered,2026-01-08T06:52:34,2026-01-08T11:52:34,2026-01-15T06:52:34,2026-01-16T06:52:34,False
O001443,C00563,delivered,2026-01-01T06:54:51,2026-01-01T18:54:51,2026-01-17T06:54:51,2026-01-12T06:54:51,True
O001444,C00580,delivered,2025-12-25T06:57:08,2025-12-25T06:57:08,2026-01-01T06:57:08,2026-01-08T06:57:08,False
O001445,C00597,delivered,2025-12-18T06:59:25,2025-12-18T13:59:25,2025-12-28T13:59:25,2025-12-28T06:59:25,False
O001446,C00614,delivered,2025-12-11T07:01:42,2025-12-11T21:01:42,2025-12-16T21:01:42,2025-12-24T07:01:42,False
O001447,C00631,delivered,2025-12-04T07:03:59,2025-12-04T09:03:59,2025-12-12T09:03:59,2025-12-13T07:03:59,False
O001448,C00648,delivered,2025-11-27T07:06:16,2025-11-27T16:06:16,2025-11-30T16:06:16,2025-12-09T07:06:16,False
O001449,C00665,delivered,2025-11-20T07:08:33,2025-11-20T23:08:33,2025-11-26T23:08:33,2025-11-28T07:08:33,False
O001450,C00682,delivered,2025-11-13T07:10:50,2025-11-13T11:10:50,2025-11-22T11:10:50,2025-11-24T07:10:50,False
O001451,C00699,delivered,2025-11-06T07:13:07,2025-11-06T18:13:07,2025-11-10T18:13:07,2025-11-20T07:13:07,False
O001452,C00716,delivered,2025-10-30T07:15:24,2025-10-31T01:15:24,2025-11-07T01:15:24,2025-11-09T07:15:24,False
O001453,C00733,delivered,2025-10-23T07:17:41,2025-10-23T13:17:41,2025-11-02T13:17:41,2025-11-05T07:17:41,False
O001454,C00750,delivered,2025-10-16T07:19:58,2025-10-16T20:19:58,2025-10-21T20:19:58,2025-10-25T07:19:58,False
O001455,C00767,delivered,2025-10-09T07:22:15,2025-10-09T08:22:15,2025-10-17T08:22:15,2025-10-21T07:22:15,False
O001456,C00784,delivered,2025-10-02T07:24:32,2025-10-02T15:24:32,2025-10-13T07:24:32,2025-10-10T07:24:32,True
O001457,C00801,delivered,2025-09-25T07:26:49,2025-09-25T22:26:49,2025-10-01T22:26:49,2025-10-06T07:26:49,False
O001458,C00818,delivered,2025-09-18T07:29:06,2025-09-18T10:29:06,2025-09-27T10:29:06,2025-10-02T07:29:06,False
O001459,C00835,delivered,2025-09-11T07:31:23,2025-09-11T17:31:23,2025-09-15T17:31:23,2025-09-21T07:31:23,False
O001460,C00852,delivered,2026-09-04T07:33:40,2026-09-05T00:33:40,2026-09-12T00:33:40,2026-09-17T07:33:40,False
O001461,C00869,delivered,2026-08-28T07:35:57,2026-08-28T12:35:57,2026-09-05T07:35:57,2026-09-06T07:35:57,False
O001462,C00886,delivered,2026-08-21T07:38:14,2026-08-21T19:38:14,2026-08-26T19:38:14,2026-09-02T07:38:14,False
O001463,C00903,delivered,2026-08-14T07:40:31,2026-08-14T07:40:31,2026-08-22T07:40:31,2026-08-22T07:40:31,False
O001464,C00920,delivered,2026-08-07T07:42:48,2026-08-07T14:42:48,2026-08-10T14:42:48,2026-08-18T07:42:48,False
O001465,C00937,delivered,2026-07-31T07:45:05,2026-07-31T21:45:05,2026-08-06T21:45:05,2026-08-14T07:45:05,False
O001466,C00954,delivered,2026-07-24T07:47:22,2026-07-24T09:47:22,2026-08-02T09:47:22,2026-08-03T07:47:22,False
O001467,C00971,delivered,2026-07-17T07:49:39,2026-07-17T16:49:39,2026-07-21T16:49:39,2026-07-30T07:49:39,False
O001468,C00988,delivered,2026-07-10T07:51:56,2026-07-10T23:51:56,2026-07-17T23:51:56,2026-07-19T07:51:56,False
O001469,C00005,delivered,2026-07-03T07:54:13,2026-07-03T11:54:13,2026-07-21T07:54:13,2026-07-15T07:54:13,True
O001470,C00022,delivered,2026-06-26T07:56:30,2026-06-26T18:56:30,2026-07-01T18:56:30,2026-07-04T07:56:30,False
O001471,C00039,delivered,2026-06-19T07:58:47,2026-06-20T01:58:47,2026-06-28T01:58:47,2026-06-30T07:58:47,False
O001472,C00056,delivered,2026-06-12T08:01:04,2026-06-12T14:01:04,2026-06-15T14:01:04,2026-06-26T08:01:04,False
O001473,C00073,delivered,2026-06-05T08:03:21,2026-06-05T21:03:21,2026-06-11T21:03:21,2026-06-15T08:03:21,False
O001474,C00090,delivered,2026-05-29T08:05:38,2026-05-29T09:05:38,2026-06-07T09:05:38,2026-06-11T08:05:38,False
O001475,C00107,delivered,2026-05-22T08:07:55,2026-05-22T16:07:55,2026-05-26T16:07:55,2026-05-31T08:07:55,False
O001476,C00124,delivered,2026-05-15T08:10:12,2026-05-15T23:10:12,2026-05-22T23:10:12,2026-05-27T08:10:12,False
O001477,C00141,delivered,2026-05-08T08:12:29,2026-05-08T11:12:29,2026-05-15T08:12:29,2026-05-16T08:12:29,False
O001478,C00158,delivered,2026-05-01T08:14:46,2026-05-01T18:14:46,2026-05-06T18:14:46,2026-05-12T08:14:46,False
O001479,C00175,delivered,2026-04-24T08:17:03,2026-04-25T01:17:03,2026-05-03T01:17:03,2026-05-08T08:17:03,False
O001480,C00192,delivered,2026-04-17T08:19:20,2026-04-17T13:19:20,2026-04-20T13:19:20,2026-04-27T08:19:20,False
O001481,C00209,delivered,2026-04-10T08:21:37,2026-04-10T20:21:37,2026-04-16T20:21:37,2026-04-23T08:21:37,False
O001482,C00226,delivered,2026-04-03T08:23:54,2026-04-03T08:23:54,2026-04-16T08:23:54,2026-04-12T08:23:54,True
O001483,C00243,delivered,2026-03-27T08:26:11,2026-03-27T15:26:11,2026-03-31T15:26:11,2026-04-08T08:26:11,False
O001484,C00260,delivered,2026-03-20T08:28:28,2026-03-20T22:28:28,2026-03-27T22:28:28,2026-03-28T08:28:28,False
O001485,C00277,delivered,2026-03-13T08:30:45,2026-03-13T10:30:45,2026-03-23T10:30:45,2026-03-24T08:30:45,False
O001486,C00294,delivered,2026-03-06T08:33:02,2026-03-06T17:33:02,2026-03-11T17:33:02,2026-03-20T08:33:02,False
O001487,C00311,delivered,2026-02-27T08:35:19,2026-02-28T00:35:19,2026-03-08T00:35:19,2026-03-09T08:35:19,False
O001488,C00328,delivered,2026-02-20T08:37:36,2026-02-20T12:37:36,2026-02-23T12:37:36,2026-03-05T08:37:36,False
O001489,C00345,delivered,2026-02-13T08:39:53,2026-02-13T19:39:53,2026-02-19T19:39:53,2026-02-22T08:39:53,False
O001490,C00362,shipped,2026-02-06T08:42:10,2026-02-07T02:42:10,2026-02-16T02:42:10,2026-02-18T08:42:10,False
O001491,C00379,shipped,2026-01-30T08:44:27,2026-01-30T14:44:27,2026-02-03T14:44:27,2026-02-07T08:44:27,False
O001492,C00396,shipped,2026-01-23T08:46:44,2026-01-23T21:46:44,2026-01-30T21:46:44,2026-02-03T08:46:44,False
O001493,C00413,shipped,2026-01-16T08:49:01,2026-01-16T09:49:01,2026-01-26T09:49:01,2026-01-30T08:49:01,False
O001494,C00430,processing,2026-01-09T08:51:18,2026-01-09T16:51:18,,2026-01-19T08:51:18,
O001495,C00447,processing,2026-01-02T08:53:35,2026-01-02T23:53:35,,2026-01-15T08:53:35,
O001496,C00464,processing,2025-12-26T08:55:52,2025-12-26T11:55:52,,2026-01-04T08:55:52,
O001497,C00481,canceled,2025-12-19T08:58:09,2025-12-19T18:58:09,,2025-12-31T08:58:09,
O001498,C00498,canceled,2025-12-12T09:00:26,2025-12-13T02:00:26,,2025-12-20T09:00:26,
O001499,C00515,invoiced,2025-12-05T09:02:43,2025-12-05T14:02:43,,2025-12-16T09:02:43,
O001500,C00532,delivered,2025-11-28T09:05:00,2025-11-28T21:05:00,2025-12-05T21:05:00,2025-12-12T09:05:00,False
O001501,C00549,delivered,2025-11-21T09:07:17,2025-11-21T09:07:17,2025-12-01T09:07:17,2025-12-01T09:07:17,False
O001502,C00566,delivered,2025-11-14T09:09:34,2025-11-14T16:09:34,2025-11-19T16:09:34,2025-11-27T09:09:34,False
O001503,C00583,delivered,2025-11-07T09:11:51,2025-11-07T23:11:51,2025-11-15T23:11:51,2025-11-16T09:11:51,False
O001504,C00600,delivered,2025-10-31T09:14:08,2025-10-31T11:14:08,2025-11-03T11:14:08,2025-11-12T09:14:08,False
O001505,C00617,delivered,2025-10-24T09:16:25,2025-10-24T18:16:25,2025-10-30T18:16:25,2025-11-01T09:16:25,False
O001506,C00634,delivered,2025-10-17T09:18:42,2025-10-18T01:18:42,2025-10-27T01:18:42,2025-10-28T09:18:42,False
O001507,C00651,delivered,2025-10-10T09:20:59,2025-10-10T13:20:59,2025-10-14T13:20:59,2025-10-24T09:20:59,False
O001508,C00668,delivered,2025-10-03T09:23:16,2025-10-03T20:23:16,2025-10-18T09:23:16,2025-10-13T09:23:16,True
O001509,C00685,delivered,2025-09-26T09:25:33,2025-09-27T03:25:33,2025-10-07T03:25:33,2025-10-09T09:25:33,False
O001510,C00702,delivered,2025-09-19T09:27:50,2025-09-19T15:27:50,2025-09-24T15:27:50,2025-09-28T09:27:50,False
O001511,C00719,delivered,2025-09-12T09:30:07,2025-09-12T22:30:07,2025-09-20T22:30:07,2025-09-24T09:30:07,False
O001512,C00736,delivered,2025-09-05T09:32:24,2025-09-05T10:32:24,2025-09-08T10:32:24,2025-09-13T09:32:24,False
O001513,C00753,delivered,2026-08-29T09:34:41,2026-08-29T17:34:41,2026-09-04T17:34:41,2026-09-09T09:34:41,False
O001514,C00770,delivered,2026-08-22T09:36:58,2026-08-23T00:36:58,2026-09-01T00:36:58,2026-09-05T09:36:58,False
O001515,C00787,delivered,2026-08-15T09:39:15,2026-08-15T12:39:15,2026-08-19T12:39:15,2026-08-25T09:39:15,False
O001516,C00804,delivered,2026-08-08T09:41:32,2026-08-08T19:41:32,2026-08-15T19:41:32,2026-08-21T09:41:32,False
O001517,C00821,delivered,2026-08-01T09:43:49,2026-08-02T02:43:49,2026-08-09T09:43:49,2026-08-10T09:43:49,False
O001518,C00838,delivered,2026-07-25T09:46:06,2026-07-25T14:46:06,2026-07-30T14:46:06,2026-08-06T09:46:06,False
O001519,C00855,delivered,2026-07-18T09:48:23,2026-07-18T21:48:23,2026-07-26T21:48:23,2026-07-26T09:48:23,False
O001520,C00872,delivered,2026-07-11T09:50:40,2026-07-11T09:50:40,2026-07-14T09:50:40,2026-07-22T09:50:40,False
O001521,C00889,delivered,2026-07-04T09:52:57,2026-07-04T16:52:57,2026-07-21T09:52:57,2026-07-18T09:52:57,True
O001522,C00906,delivered,2026-06-27T09:55:14,2026-06-27T23:55:14,2026-07-06T23:55:14,2026-07-07T09:55:14,False
O001523,C00923,delivered,2026-06-20T09:57:31,2026-06-20T11:57:31,2026-06-24T11:57:31,2026-07-03T09:57:31,False
O001524,C00940,delivered,2026-06-13T09:59:48,2026-06-13T18:59:48,2026-06-20T18:59:48,2026-06-22T09:59:48,False
O001525,C00957,delivered,2026-06-06T10:02:05,2026-06-07T02:02:05,2026-06-17T02:02:05,2026-06-18T10:02:05,False
O001526,C00974,delivered,2026-05-30T10:04:22,2026-05-30T14:04:22,2026-06-04T14:04:22,2026-06-07T10:04:22,False
O001527,C00991,delivered,2026-05-23T10:06:39,2026-05-23T21:06:39,2026-05-31T21:06:39,2026-06-03T10:06:39,False
O001528,C00008,delivered,2026-05-16T10:08:56,2026-05-17T04:08:56,2026-05-20T04:08:56,2026-05-30T10:08:56,False
O001529,C00025,delivered,2026-05-09T10:11:13,2026-05-09T16:11:13,2026-05-15T16:11:13,2026-05-19T10:11:13,False
O001530,C00042,delivered,2026-05-02T10:13:30,2026-05-02T23:13:30,2026-05-11T23:13:30,2026-05-15T10:13:30,False
O001531,C00059,delivered,2026-04-25T10:15:47,2026-04-25T11:15:47,2026-04-29T11:15:47,2026-05-04T10:15:47,False
O001532,C00076,delivered,2026-04-18T10:18:04,2026-04-18T18:18:04,2026-04-25T18:18:04,2026-04-30T10:18:04,False
O001533,C00093,delivered,2026-04-11T10:20:21,2026-04-12T01:20:21,2026-04-18T10:20:21,2026-04-19T10:20:21,False
O001534,C00110,delivered,2026-04-04T10:22:38,2026-04-04T13:22:38,2026-04-21T10:22:38,2026-04-15T10:22:38,True
O001535,C00127,delivered,2026-03-28T10:24:55,2026-03-28T20:24:55,2026-04-05T20:24:55,2026-04-11T10:24:55,False
O001536,C00144,delivered,2026-03-21T10:27:12,2026-03-22T03:27:12,2026-03-25T03:27:12,2026-03-31T10:27:12,False
O001537,C00161,delivered,2026-03-14T10:29:29,2026-03-14T15:29:29,2026-03-20T15:29:29,2026-03-27T10:29:29,False
O001538,C00178,delivered,2026-03-07T10:31:46,2026-03-07T22:31:46,2026-03-16T22:31:46,2026-03-16T10:31:46,False
O001539,C00195,delivered,2026-02-28T10:34:03,2026-02-28T10:34:03,2026-03-04T10:34:03,2026-03-12T10:34:03,False
O001540,C00212,delivered,2026-02-21T10:36:20,2026-02-21T17:36:20,2026-02-28T17:36:20,2026-03-01T10:36:20,False
O001541,C00229,delivered,2026-02-14T10:38:37,2026-02-15T00:38:37,2026-02-25T00:38:37,2026-02-25T10:38:37,False
O001542,C00246,delivered,2026-02-07T10:40:54,2026-02-07T12:40:54,2026-02-12T12:40:54,2026-02-21T10:40:54,False
O001543,C00263,delivered,2026-01-31T10:43:11,2026-01-31T19:43:11,2026-02-08T19:43:11,2026-02-10T10:43:11,False
O001544,C00280,delivered,2026-01-24T10:45:28,2026-01-25T02:45:28,2026-01-28T02:45:28,2026-02-06T10:45:28,False
O001545,C00297,delivered,2026-01-17T10:47:45,2026-01-17T14:47:45,2026-01-23T14:47:45,2026-01-26T10:47:45,False
O001546,C00314,delivered,2026-01-10T10:50:02,2026-01-10T21:50:02,2026-01-19T21:50:02,2026-01-22T10:50:02,False
O001547,C00331,delivered,2026-01-03T10:52:19,2026-01-04T04:52:19,2026-01-15T10:52:19,2026-01-11T10:52:19,True
O001548,C00348,delivered,2025-12-27T10:54:36,2025-12-27T16:54:36,2026-01-03T16:54:36,2026-01-07T10:54:36,False
O001549,C00365,delivered,2025-12-20T10:56:53,2025-12-20T23:56:53,2025-12-30T23:56:53,2026-01-03T10:56:53,False
O001550,C00382,delivered,2025-12-13T10:59:10,2025-12-13T11:59:10,2025-12-18T11:59:10,2025-12-23T10:59:10,False
O001551,C00399,delivered,2025-12-06T11:01:27,2025-12-06T19:01:27,2025-12-14T19:01:27,2025-12-19T11:01:27,False
O001552,C00416,delivered,2025-11-29T11:03:44,2025-11-30T02:03:44,2025-12-03T02:03:44,2025-12-08T11:03:44,False
O001553,C00433,delivered,2025-11-22T11:06:01,2025-11-22T14:06:01,2025-11-28T14:06:01,2025-12-04T11:06:01,False
O001554,C00450,delivered,2025-11-15T11:08:18,2025-11-15T21:08:18,2025-11-22T11:08:18,2025-11-23T11:08:18,False
O001555,C00467,delivered,2025-11-08T11:10:35,2025-11-09T04:10:35,2025-11-13T04:10:35,2025-11-19T11:10:35,False
O001556,C00484,delivered,2025-11-01T11:12:52,2025-11-01T16:12:52,2025-11-08T16:12:52,2025-11-15T11:12:52,False
O001557,C00501,delivered,2025-10-25T11:15:09,2025-10-25T23:15:09,2025-11-04T23:15:09,2025-11-04T11:15:09,False
O001558,C00518,delivered,2025-10-18T11:17:26,2025-10-18T11:17:26,2025-10-23T11:17:26,2025-10-31T11:17:26,False
O001559,C00535,delivered,2025-10-11T11:19:43,2025-10-11T18:19:43,2025-10-19T18:19:43,2025-10-20T11:19:43,False
O001560,C00552,delivered,2025-10-04T11:22:00,2025-10-05T01:22:00,2025-10-18T11:22:00,2025-10-16T11:22:00,True
O001561,C00569,delivered,2025-09-27T11:24:17,2025-09-27T13:24:17,2025-10-03T13:24:17,2025-10-05T11:24:17,False
O001562,C00586,delivered,2025-09-20T11:26:34,2025-09-20T20:26:34,2025-09-29T20:26:34,2025-10-01T11:26:34,False
O001563,C00603,delivered,2025-09-13T11:28:51,2025-09-14T03:28:51,2025-09-18T03:28:51,2025-09-27T11:28:51,False
O001564,C00620,delivered,2025-09-06T11:31:08,2025-09-06T15:31:08,2025-09-13T15:31:08,2025-09-16T11:31:08,False
O001565,C00637,delivered,2026-08-30T11:33:25,2026-08-30T22:33:25,2026-09-09T22:33:25,2026-09-12T11:33:25,False
O001566,C00654,delivered,2026-08-23T11:35:42,2026-08-24T05:35:42,2026-08-29T05:35:42,2026-09-01T11:35:42,False
O001567,C00671,delivered,2026-08-16T11:37:59,2026-08-16T17:37:59,2026-08-24T17:37:59,2026-08-28T11:37:59,False
O001568,C00688,delivered,2026-08-09T11:40:16,2026-08-10T00:40:16,2026-08-13T00:40:16,2026-08-17T11:40:16,False
O001569,C00705,delivered,2026-08-02T11:42:33,2026-08-02T12:42:33,2026-08-08T12:42:33,2026-08-13T11:42:33,False
O001570,C00722,delivered,2026-07-26T11:44:50,2026-07-26T19:44:50,2026-08-04T19:44:50,2026-08-09T11:44:50,False
O001571,C00739,delivered,2026-07-19T11:47:07,2026-07-20T02:47:07,2026-07-24T02:47:07,2026-07-29T11:47:07,False
O001572,C00756,delivered,2026-07-12T11:49:24,2026-07-12T14:49:24,2026-07-19T14:49:24,2026-07-25T11:49:24,False
O001573,C00773,delivered,2026-07-05T11:51:41,2026-07-05T21:51:41,2026-07-19T11:51:41,2026-07-14T11:51:41,True
O001574,C00790,delivered,2026-06-28T11:53:58,2026-06-29T04:53:58,2026-07-04T04:53:58,2026-07-10T11:53:58,False
O001575,C00807,delivered,2026-06-21T11:56:15,2026-06-21T16:56:15,2026-06-29T16:56:15,2026-06-29T11:56:15,False
O001576,C00824,delivered,2026-06-14T11:58:32,2026-06-14T23:58:32,2026-06-17T23:58:32,2026-06-25T11:58:32,False
O001577,C00841,delivered,2026-06-07T12:00:49,2026-06-07T12:00:49,2026-06-13T12:00:49,2026-06-21T12:00:49,False
O001578,C00858,delivered,2026-05-31T12:03:06,2026-05-31T19:03:06,2026-06-09T19:03:06,2026-06-10T12:03:06,False
O001579,C00875,delivered,2026-05-24T12:05:23,2026-05-25T02:05:23,2026-05-29T02:05:23,2026-06-06T12:05:23,False
O001580,C00892,delivered,2026-05-17T12:07:40,2026-05-17T14:07:40,2026-05-24T14:07:40,2026-05-26T12:07:40,False
O001581,C00909,delivered,2026-05-10T12:09:57,2026-05-10T21:09:57,2026-05-20T21:09:57,2026-05-22T12:09:57,False
O001582,C00926,delivered,2026-05-03T12:12:14,2026-05-04T04:12:14,2026-05-09T04:12:14,2026-05-11T12:12:14,False
O001583,C00943,delivered,2026-04-26T12:14:31,2026-04-26T16:14:31,2026-05-04T16:14:31,2026-05-07T12:14:31,False
O001584,C00960,delivered,2026-04-19T12:16:48,2026-04-19T23:16:48,2026-04-22T23:16:48,2026-05-03T12:16:48,False
O001585,C00977,delivered,2026-04-12T12:19:05,2026-04-13T06:19:05,2026-04-19T06:19:05,2026-04-22T12:19:05,False
O001586,C00994,delivered,2026-04-05T12:21:22,2026-04-05T18:21:22,2026-04-21T12:21:22,2026-04-18T12:21:22,True
O001587,C00011,delivered,2026-03-29T12:23:39,2026-03-30T01:23:39,2026-04-03T01:23:39,2026-04-07T12:23:39,False
O001588,C00028,delivered,2026-03-22T12:25:56,2026-03-22T13:25:56,2026-03-29T13:25:56,2026-04-03T12:25:56,False
O001589,C00045,delivered,2026-03-15T12:28:13,2026-03-15T20:28:13,2026-03-22T12:28:13,2026-03-23T12:28:13,False
O001590,C00062,shipped,2026-03-08T12:30:30,2026-03-09T03:30:30,2026-03-14T03:30:30,2026-03-19T12:30:30,False
O001591,C00079,shipped,2026-03-01T12:32:47,2026-03-01T15:32:47,2026-03-09T15:32:47,2026-03-15T12:32:47,False
O001592,C00096,shipped,2026-02-22T12:35:04,2026-02-22T22:35:04,2026-02-25T22:35:04,2026-03-04T12:35:04,False
O001593,C00113,shipped,2026-02-15T12:37:21,2026-02-16T05:37:21,2026-02-22T05:37:21,2026-02-28T12:37:21,False
O001594,C00130,processing,2026-02-08T12:39:38,2026-02-08T17:39:38,,2026-02-17T12:39:38,
O001595,C00147,processing,2026-02-01T12:41:55,2026-02-02T00:41:55,,2026-02-13T12:41:55,
O001596,C00164,processing,2026-01-25T12:44:12,2026-01-25T12:44:12,,2026-02-02T12:44:12,
O001597,C00181,canceled,2026-01-18T12:46:29,2026-01-18T19:46:29,,2026-01-29T12:46:29,
O001598,C00198,canceled,2026-01-11T12:48:46,2026-01-12T02:48:46,,2026-01-25T12:48:46,
O001599,C00215,invoiced,2026-01-04T12:51:03,2026-01-04T14:51:03,,2026-01-14T12:51:03,
O001600,C00232,delivered,2025-12-28T12:53:20,2025-12-28T21:53:20,2025-12-31T21:53:20,2026-01-10T12:53:20,False
O001601,C00249,delivered,2025-12-21T12:55:37,2025-12-22T04:55:37,2025-12-28T04:55:37,2025-12-30T12:55:37,False
O001602,C00266,delivered,2025-12-14T12:57:54,2025-12-14T16:57:54,2025-12-23T16:57:54,2025-12-26T12:57:54,False
O001603,C00283,delivered,2025-12-07T13:00:11,2025-12-08T00:00:11,2025-12-12T00:00:11,2025-12-15T13:00:11,False
O001604,C00300,delivered,2025-11-30T13:02:28,2025-12-01T07:02:28,2025-12-08T07:02:28,2025-12-11T13:02:28,False
O001605,C00317,delivered,2025-11-23T13:04:45,2025-11-23T19:04:45,2025-12-03T19:04:45,2025-12-07T13:04:45,False
O001606,C00334,delivered,2025-11-16T13:07:02,2025-11-17T02:07:02,2025-11-22T02:07:02,2025-11-26T13:07:02,False
O001607,C00351,delivered,2025-11-09T13:09:19,2025-11-09T14:09:19,2025-11-17T14:09:19,2025-11-22T13:09:19,False
O001608,C00368,delivered,2025-11-02T13:11:36,2025-11-02T21:11:36,2025-11-05T21:11:36,2025-11-11T13:11:36,False
O001609,C00385,delivered,2025-10-26T13:13:53,2025-10-27T04:13:53,2025-11-02T04:13:53,2025-11-07T13:13:53,False
O001610,C00402,delivered,2025-10-19T13:16:10,2025-10-19T16:16:10,2025-10-26T13:16:10,2025-10-27T13:16:10,False
O001611,C00419,delivered,2025-10-12T13:18:27,2025-10-12T23:18:27,2025-10-16T23:18:27,2025-10-23T13:18:27,False
O001612,C00436,delivered,2025-10-05T13:20:44,2025-10-06T06:20:44,2025-10-23T13:20:44,2025-10-19T13:20:44,True
O001613,C00453,delivered,2025-09-28T13:23:01,2025-09-28T18:23:01,2025-10-08T18:23:01,2025-10-08T13:23:01,False
O001614,C00470,delivered,2025-09-21T13:25:18,2025-09-22T01:25:18,2025-09-27T01:25:18,2025-10-04T13:25:18,False
O001615,C00487,delivered,2025-09-14T13:27:35,2025-09-14T13:27:35,2025-09-22T13:27:35,2025-09-23T13:27:35,False
O001616,C00504,delivered,2025-09-07T13:29:52,2025-09-07T20:29:52,2025-09-10T20:29:52,2025-09-19T13:29:52,False
O001617,C00521,delivered,2026-08-31T13:32:09,2026-09-01T03:32:09,2026-09-07T03:32:09,2026-09-08T13:32:09,False
O001618,C00538,delivered,2026-08-24T13:34:26,2026-08-24T15:34:26,2026-09-02T15:34:26,2026-09-04T13:34:26,False
O001619,C00555,delivered,2026-08-17T13:36:43,2026-08-17T22:36:43,2026-08-21T22:36:43,2026-08-31T13:36:43,False
O001620,C00572,delivered,2026-08-10T13:39:00,2026-08-11T05:39:00,2026-08-18T05:39:00,2026-08-20T13:39:00,False
O001621,C00589,delivered,2026-08-03T13:41:17,2026-08-03T17:41:17,2026-08-13T17:41:17,2026-08-16T13:41:17,False
O001622,C00606,delivered,2026-07-27T13:43:34,2026-07-28T00:43:34,2026-08-02T00:43:34,2026-08-05T13:43:34,False
O001623,C00623,delivered,2026-07-20T13:45:51,2026-07-21T07:45:51,2026-07-29T07:45:51,2026-08-01T13:45:51,False
O001624,C00640,delivered,2026-07-13T13:48:08,2026-07-13T19:48:08,2026-07-16T19:48:08,2026-07-21T13:48:08,False
O001625,C00657,delivered,2026-07-06T13:50:25,2026-07-07T02:50:25,2026-07-19T13:50:25,2026-07-17T13:50:25,True
O001626,C00674,delivered,2026-06-29T13:52:42,2026-06-29T14:52:42,2026-07-08T14:52:42,2026-07-13T13:52:42,False
O001627,C00691,delivered,2026-06-22T13:54:59,2026-06-22T21:54:59,2026-06-26T21:54:59,2026-07-02T13:54:59,False
O001628,C00708,delivered,2026-06-15T13:57:16,2026-06-16T04:57:16,2026-06-23T04:57:16,2026-06-28T13:57:16,False
O001629,C00725,delivered,2026-06-08T13:59:33,2026-06-08T16:59:33,2026-06-16T13:59:33,2026-06-17T13:59:33,False
O001630,C00742,delivered,2026-06-01T14:01:50,2026-06-02T00:01:50,2026-06-07T00:01:50,2026-06-13T14:01:50,False
O001631,C00759,delivered,2026-05-25T14:04:07,2026-05-26T07:04:07,2026-06-01T14:04:07,2026-06-02T14:04:07,False
O001632,C00776,delivered,2026-05-18T14:06:24,2026-05-18T19:06:24,2026-05-21T19:06:24,2026-05-29T14:06:24,False
O001633,C00793,delivered,2026-05-11T14:08:41,2026-05-12T02:08:41,2026-05-18T02:08:41,2026-05-25T14:08:41,False
O001634,C00810,delivered,2026-05-04T14:10:58,2026-05-04T14:10:58,2026-05-13T14:10:58,2026-05-14T14:10:58,False
O001635,C00827,delivered,2026-04-27T14:13:15,2026-04-27T21:13:15,2026-05-01T21:13:15,2026-05-10T14:13:15,False
O001636,C00844,delivered,2026-04-20T14:15:32,2026-04-21T04:15:32,2026-04-28T04:15:32,2026-04-29T14:15:32,False
O001637,C00861,delivered,2026-04-13T14:17:49,2026-04-13T16:17:49,2026-04-23T16:17:49,2026-04-25T14:17:49,False
O001638,C00878,delivered,2026-04-06T14:20:06,2026-04-06T23:20:06,2026-04-19T14:20:06,2026-04-14T14:20:06,True
O001639,C00895,delivered,2026-03-30T14:22:23,2026-03-31T06:22:23,2026-04-08T06:22:23,2026-04-10T14:22:23,False
O001640,C00912,delivered,2026-03-23T14:24:40,2026-03-23T18:24:40,2026-03-26T18:24:40,2026-04-06T14:24:40,False
O001641,C00929,delivered,2026-03-16T14:26:57,2026-03-17T01:26:57,2026-03-23T01:26:57,2026-03-26T14:26:57,False
O001642,C00946,delivered,2026-03-09T14:29:14,2026-03-10T08:29:14,2026-03-19T08:29:14,2026-03-22T14:29:14,False
O001643,C00963,delivered,2026-03-02T14:31:31,2026-03-02T20:31:31,2026-03-06T20:31:31,2026-03-11T14:31:31,False
O001644,C00980,delivered,2026-02-23T14:33:48,2026-02-24T03:33:48,2026-03-03T03:33:48,2026-03-07T14:33:48,False
O001645,C00997,delivered,2026-02-16T14:36:05,2026-02-16T15:36:05,2026-02-23T14:36:05,2026-02-24T14:36:05,False
O001646,C00014,delivered,2026-02-09T14:38:22,2026-02-09T22:38:22,2026-02-14T22:38:22,2026-02-20T14:38:22,False
O001647,C00031,delivered,2026-02-02T14:40:39,2026-02-03T05:40:39,2026-02-11T05:40:39,2026-02-16T14:40:39,False
O001648,C00048,delivered,2026-01-26T14:42:56,2026-01-26T17:42:56,2026-01-29T17:42:56,2026-02-05T14:42:56,False
O001649,C00065,delivered,2026-01-19T14:45:13,2026-01-20T00:45:13,2026-01-26T00:45:13,2026-02-01T14:45:13,False
O001650,C00082,delivered,2026-01-12T14:47:30,2026-01-13T07:47:30,2026-01-20T14:47:30,2026-01-21T14:47:30,False
O001651,C00099,delivered,2026-01-05T14:49:47,2026-01-05T19:49:47,2026-01-20T14:49:47,2026-01-17T14:49:47,True
O001652,C00116,delivered,2025-12-29T14:52:04,2025-12-30T02:52:04,2026-01-06T02:52:04,2026-01-06T14:52:04,False
O001653,C00133,delivered,2025-12-22T14:54:21,2025-12-22T14:54:21,2026-01-01T14:54:21,2026-01-02T14:54:21,False
O001654,C00150,delivered,2025-12-15T14:56:38,2025-12-15T21:56:38,2025-12-20T21:56:38,2025-12-29T14:56:38,False
O001655,C00167,delivered,2025-12-08T14:58:55,2025-12-09T04:58:55,2025-12-17T04:58:55,2025-12-18T14:58:55,False
O001656,C00184,delivered,2025-12-01T15:01:12,2025-12-01T17:01:12,2025-12-04T17:01:12,2025-12-14T15:01:12,False
O001657,C00201,delivered,2025-11-24T15:03:29,2025-11-25T00:03:29,2025-12-01T00:03:29,2025-12-03T15:03:29,False
O001658,C00218,delivered,2025-11-17T15:05:46,2025-11-18T07:05:46,2025-11-27T07:05:46,2025-11-29T15:05:46,False
O001659,C00235,delivered,2025-11-10T15:08:03,2025-11-10T19:08:03,2025-11-14T19:08:03,2025-11-18T15:08:03,False
O001660,C00252,delivered,2025-11-03T15:10:20,2025-11-04T02:10:20,2025-11-11T02:10:20,2025-11-14T15:10:20,False
O001661,C00269,delivered,2025-10-27T15:12:37,2025-10-28T09:12:37,2025-11-07T09:12:37,2025-11-10T15:12:37,False
O001662,C00286,delivered,2025-10-20T15:14:54,2025-10-20T21:14:54,2025-10-25T21:14:54,2025-10-30T15:14:54,False
O001663,C00303,delivered,2025-10-13T15:17:11,2025-10-14T04:17:11,2025-10-22T04:17:11,2025-10-26T15:17:11,False
O001664,C00320,delivered,2025-10-06T15:19:28,2025-10-06T16:19:28,2025-10-21T15:19:28,2025-10-15T15:19:28,True
O001665,C00337,delivered,2025-09-29T15:21:45,2025-09-29T23:21:45,2025-10-05T23:21:45,2025-10-11T15:21:45,False
O001666,C00354,delivered,2025-09-22T15:24:02,2025-09-23T06:24:02,2025-09-29T15:24:02,2025-09-30T15:24:02,False
O001667,C00371,delivered,2025-09-15T15:26:19,2025-09-15T18:26:19,2025-09-19T18:26:19,2025-09-26T15:26:19,False
O001668,C00388,delivered,2025-09-08T15:28:36,2025-09-09T01:28:36,2025-09-16T01:28:36,2025-09-22T15:28:36,False
O001669,C00405,delivered,2026-09-01T15:30:53,2026-09-02T08:30:53,2026-09-10T15:30:53,2026-09-11T15:30:53,False
O001670,C00422,delivered,2026-08-25T15:33:10,2026-08-25T20:33:10,2026-08-30T20:33:10,2026-09-07T15:33:10,False
O001671,C00439,delivered,2026-08-18T15:35:27,2026-08-19T03:35:27,2026-08-27T03:35:27,2026-08-27T15:35:27,False
O001672,C00456,delivered,2026-08-11T15:37:44,2026-08-11T15:37:44,2026-08-14T15:37:44,2026-08-23T15:37:44,False
O001673,C00473,delivered,2026-08-04T15:40:01,2026-08-04T22:40:01,2026-08-10T22:40:01,2026-08-12T15:40:01,False
O001674,C00490,delivered,2026-07-28T15:42:18,2026-07-29T05:42:18,2026-08-07T05:42:18,2026-08-08T15:42:18,False
O001675,C00507,delivered,2026-07-21T15:44:35,2026-07-21T17:44:35,2026-07-25T17:44:35,2026-08-04T15:44:35,False
O001676,C00524,delivered,2026-07-14T15:46:52,2026-07-15T00:46:52,2026-07-22T00:46:52,2026-07-24T15:46:52,False
O001677,C00541,delivered,2026-07-07T15:49:09,2026-07-08T07:49:09,2026-07-24T15:49:09,2026-07-20T15:49:09,True
O001678,C00558,delivered,2026-06-30T15:51:26,2026-06-30T19:51:26,2026-07-05T19:51:26,2026-07-09T15:51:26,False
O001679,C00575,delivered,2026-06-23T15:53:43,2026-06-24T02:53:43,2026-07-02T02:53:43,2026-07-05T15:53:43,False
O001680,C00592,delivered,2026-06-16T15:56:00,2026-06-17T09:56:00,2026-06-20T09:56:00,2026-06-24T15:56:00,False
O001681,C00609,delivered,2026-06-09T15:58:17,2026-06-09T21:58:17,2026-06-15T21:58:17,2026-06-20T15:58:17,False
O001682,C00626,delivered,2026-06-02T16:00:34,2026-06-03T05:00:34,2026-06-12T05:00:34,2026-06-16T16:00:34,False
O001683,C00643,delivered,2026-05-26T16:02:51,2026-05-26T17:02:51,2026-05-30T17:02:51,2026-06-05T16:02:51,False
O001684,C00660,delivered,2026-05-19T16:05:08,2026-05-20T00:05:08,2026-05-27T00:05:08,2026-06-01T16:05:08,False
O001685,C00677,delivered,2026-05-12T16:07:25,2026-05-13T07:07:25,2026-05-20T16:07:25,2026-05-21T16:07:25,False
O001686,C00694,delivered,2026-05-05T16:09:42,2026-05-05T19:09:42,2026-05-10T19:09:42,2026-05-17T16:09:42,False
O001687,C00711,delivered,2026-04-28T16:11:59,2026-04-29T02:11:59,2026-05-05T16:11:59,2026-05-06T16:11:59,False
O001688,C00728,delivered,2026-04-21T16:14:16,2026-04-22T09:14:16,2026-04-25T09:14:16,2026-05-02T16:14:16,False
O001689,C00745,delivered,2026-04-14T16:16:33,2026-04-14T21:16:33,2026-04-20T21:16:33,2026-04-28T16:16:33,False
O001690,C00762,shipped,2026-04-07T16:18:50,2026-04-08T04:18:50,2026-04-19T16:18:50,2026-04-17T16:18:50,True
O001691,C00779,shipped,2026-03-31T16:21:07,2026-03-31T16:21:07,2026-04-04T16:21:07,2026-04-13T16:21:07,False
O001692,C00796,shipped,2026-03-24T16:23:24,2026-03-24T23:23:24,2026-03-31T23:23:24,2026-04-02T16:23:24,False
O001693,C00813,shipped,2026-03-17T16:25:41,2026-03-18T06:25:41,2026-03-28T06:25:41,2026-03-29T16:25:41,False
O001694,C00830,processing,2026-03-10T16:27:58,2026-03-10T18:27:58,,2026-03-18T16:27:58,
O001695,C00847,processing,2026-03-03T16:30:15,2026-03-04T01:30:15,,2026-03-14T16:30:15,
O001696,C00864,processing,2026-02-24T16:32:32,2026-02-25T08:32:32,,2026-03-10T16:32:32,
O001697,C00881,canceled,2026-02-17T16:34:49,2026-02-17T20:34:49,,2026-02-27T16:34:49,
O001698,C00898,canceled,2026-02-10T16:37:06,2026-02-11T03:37:06,,2026-02-23T16:37:06,
O001699,C00915,invoiced,2026-02-03T16:39:23,2026-02-04T10:39:23,,2026-02-12T16:39:23,
O001700,C00932,delivered,2026-01-27T16:41:40,2026-01-27T22:41:40,2026-02-03T22:41:40,2026-02-08T16:41:40,False
O001701,C00949,delivered,2026-01-20T16:43:57,2026-01-21T05:43:57,2026-01-27T16:43:57,2026-01-28T16:43:57,False
O001702,C00966,delivered,2026-01-13T16:46:14,2026-01-13T17:46:14,2026-01-18T17:46:14,2026-01-24T16:46:14,False
O001703,C00983,delivered,2026-01-06T16:48:31,2026-01-07T00:48:31,2026-01-25T16:48:31,2026-01-20T16:48:31,True
O001704,C01000,delivered,2025-12-30T16:50:48,2025-12-31T07:50:48,2026-01-03T07:50:48,2026-01-09T16:50:48,False
O001705,C00017,delivered,2025-12-23T16:53:05,2025-12-23T19:53:05,2025-12-29T19:53:05,2026-01-05T16:53:05,False
O001706,C00034,delivered,2025-12-16T16:55:22,2025-12-17T02:55:22,2025-12-24T16:55:22,2025-12-25T16:55:22,False
O001707,C00051,delivered,2025-12-09T16:57:39,2025-12-10T09:57:39,2025-12-14T09:57:39,2025-12-21T16:57:39,False
O001708,C00068,delivered,2025-12-02T16:59:56,2025-12-02T21:59:56,2025-12-09T21:59:56,2025-12-10T16:59:56,False
O001709,C00085,delivered,2025-11-25T17:02:13,2025-11-26T05:02:13,2025-12-06T05:02:13,2025-12-06T17:02:13,False
O001710,C00102,delivered,2025-11-18T17:04:30,2025-11-18T17:04:30,2025-11-23T17:04:30,2025-12-02T17:04:30,False
O001711,C00119,delivered,2025-11-11T17:06:47,2025-11-12T00:06:47,2025-11-20T00:06:47,2025-11-21T17:06:47,False
O001712,C00136,delivered,2025-11-04T17:09:04,2025-11-05T07:09:04,2025-11-08T07:09:04,2025-11-17T17:09:04,False
O001713,C00153,delivered,2025-10-28T17:11:21,2025-10-28T19:11:21,2025-11-03T19:11:21,2025-11-06T17:11:21,False
O001714,C00170,delivered,2025-10-21T17:13:38,2025-10-22T02:13:38,2025-10-31T02:13:38,2025-11-02T17:13:38,False
O001715,C00187,delivered,2025-10-14T17:15:55,2025-10-15T09:15:55,2025-10-19T09:15:55,2025-10-22T17:15:55,False
O001716,C00204,delivered,2025-10-07T17:18:12,2025-10-07T21:18:12,2025-10-21T17:18:12,2025-10-18T17:18:12,True
O001717,C00221,delivered,2025-09-30T17:20:29,2025-10-01T04:20:29,2025-10-11T04:20:29,2025-10-14T17:20:29,False
O001718,C00238,delivered,2025-09-23T17:22:46,2025-09-24T11:22:46,2025-09-29T11:22:46,2025-10-03T17:22:46,False
O001719,C00255,delivered,2025-09-16T17:25:03,2025-09-16T23:25:03,2025-09-24T23:25:03,2025-09-29T17:25:03,False
O001720,C00272,delivered,2025-09-09T17:27:20,2025-09-10T06:27:20,2025-09-13T06:27:20,2025-09-18T17:27:20,False
O001721,C00289,delivered,2026-09-02T17:29:37,2026-09-02T18:29:37,2026-09-08T18:29:37,2026-09-14T17:29:37,False
O001722,C00306,delivered,2026-08-26T17:31:54,2026-08-27T01:31:54,2026-09-02T17:31:54,2026-09-03T17:31:54,False
O001723,C00323,delivered,2026-08-19T17:34:11,2026-08-20T08:34:11,2026-08-24T08:34:11,2026-08-30T17:34:11,False
O001724,C00340,delivered,2026-08-12T17:36:28,2026-08-12T20:36:28,2026-08-19T20:36:28,2026-08-26T17:36:28,False
O001725,C00357,delivered,2026-08-05T17:38:45,2026-08-06T03:38:45,2026-08-14T17:38:45,2026-08-15T17:38:45,False
O001726,C00374,delivered,2026-07-29T17:41:02,2026-07-30T10:41:02,2026-08-04T10:41:02,2026-08-11T17:41:02,False
O001727,C00391,delivered,2026-07-22T17:43:19,2026-07-22T22:43:19,2026-07-30T22:43:19,2026-07-31T17:43:19,False
O001728,C00408,delivered,2026-07-15T17:45:36,2026-07-16T05:45:36,2026-07-19T05:45:36,2026-07-27T17:45:36,False
O001729,C00425,delivered,2026-07-08T17:47:53,2026-07-08T17:47:53,2026-07-22T17:47:53,2026-07-16T17:47:53,True
O001730,C00442,delivered,2026-07-01T17:50:10,2026-07-02T00:50:10,2026-07-11T00:50:10,2026-07-12T17:50:10,False
O001731,C00459,delivered,2026-06-24T17:52:27,2026-06-25T07:52:27,2026-06-29T07:52:27,2026-07-08T17:52:27,False
O001732,C00476,delivered,2026-06-17T17:54:44,2026-06-17T19:54:44,2026-06-24T19:54:44,2026-06-27T17:54:44,False
O001733,C00493,delivered,2026-06-10T17:57:01,2026-06-11T02:57:01,2026-06-21T02:57:01,2026-06-23T17:57:01,False
O001734,C00510,delivered,2026-06-03T17:59:18,2026-06-04T09:59:18,2026-06-09T09:59:18,2026-06-12T17:59:18,False
O001735,C00527,delivered,2026-05-27T18:01:35,2026-05-27T22:01:35,2026-06-04T22:01:35,2026-06-08T18:01:35,False
O001736,C00544,delivered,2026-05-20T18:03:52,2026-05-21T05:03:52,2026-05-24T05:03:52,2026-05-28T18:03:52,False
O001737,C00561,delivered,2026-05-13T18:06:09,2026-05-14T12:06:09,2026-05-20T12:06:09,2026-05-24T18:06:09,False
O001738,C00578,delivered,2026-05-06T18:08:26,2026-05-07T00:08:26,2026-05-16T00:08:26,2026-05-20T18:08:26,False
O001739,C00595,delivered,2026-04-29T18:10:43,2026-04-30T07:10:43,2026-05-04T07:10:43,2026-05-09T18:10:43,False
O001740,C00612,delivered,2026-04-22T18:13:00,2026-04-22T19:13:00,2026-04-29T19:13:00,2026-05-05T18:13:00,False
O001741,C00629,delivered,2026-04-15T18:15:17,2026-04-16T02:15:17,2026-04-23T18:15:17,2026-04-24T18:15:17,False
O001742,C00646,delivered,2026-04-08T18:17:34,2026-04-09T09:17:34,2026-04-24T18:17:34,2026-04-20T18:17:34,True
O001743,C00663,delivered,2026-04-01T18:19:51,2026-04-01T21:19:51,2026-04-09T21:19:51,2026-04-09T18:19:51,False
O001744,C00680,delivered,2026-03-25T18:22:08,2026-03-26T04:22:08,2026-03-29T04:22:08,2026-04-05T18:22:08,False
O001745,C00697,delivered,2026-03-18T18:24:25,2026-03-19T11:24:25,2026-03-25T11:24:25,2026-04-01T18:24:25,False
O001746,C00714,delivered,2026-03-11T18:26:42,2026-03-11T23:26:42,2026-03-20T23:26:42,2026-03-21T18:26:42,False
O001747,C00731,delivered,2026-03-04T18:28:59,2026-03-05T06:28:59,2026-03-09T06:28:59,2026-03-17T18:28:59,False
O001748,C00748,delivered,2026-02-25T18:31:16,2026-02-25T18:31:16,2026-03-04T18:31:16,2026-03-06T18:31:16,False
O001749,C00765,delivered,2026-02-18T18:33:33,2026-02-19T01:33:33,2026-03-01T01:33:33,2026-03-02T18:33:33,False
O001750,C00782,delivered,2026-02-11T18:35:50,2026-02-12T08:35:50,2026-02-17T08:35:50,2026-02-19T18:35:50,False
O001751,C00799,delivered,2026-02-04T18:38:07,2026-02-04T20:38:07,2026-02-12T20:38:07,2026-02-15T18:38:07,False
O001752,C00816,delivered,2026-01-28T18:40:24,2026-01-29T03:40:24,2026-02-01T03:40:24,2026-02-11T18:40:24,False
O001753,C00833,delivered,2026-01-21T18:42:41,2026-01-22T10:42:41,2026-01-28T10:42:41,2026-01-31T18:42:41,False
O001754,C00850,delivered,2026-01-14T18:44:58,2026-01-14T22:44:58,2026-01-23T22:44:58,2026-01-27T18:44:58,False
O001755,C00867,delivered,2026-01-07T18:47:15,2026-01-08T05:47:15,2026-01-18T18:47:15,2026-01-16T18:47:15,True
O001756,C00884,delivered,2025-12-31T18:49:32,2026-01-01T12:49:32,2026-01-08T12:49:32,2026-01-12T18:49:32,False
O001757,C00901,delivered,2025-12-24T18:51:49,2025-12-25T00:51:49,2025-12-31T18:51:49,2026-01-01T18:51:49,False
O001758,C00918,delivered,2025-12-17T18:54:06,2025-12-18T07:54:06,2025-12-23T07:54:06,2025-12-28T18:54:06,False
O001759,C00935,delivered,2025-12-10T18:56:23,2025-12-10T19:56:23,2025-12-18T19:56:23,2025-12-24T18:56:23,False
O001760,C00952,delivered,2025-12-03T18:58:40,2025-12-04T02:58:40,2025-12-07T02:58:40,2025-12-13T18:58:40,False
O001761,C00969,delivered,2025-11-26T19:00:57,2025-11-27T10:00:57,2025-12-03T10:00:57,2025-12-09T19:00:57,False
O001762,C00986,delivered,2025-11-19T19:03:14,2025-11-19T22:03:14,2025-11-28T22:03:14,2025-11-28T19:03:14,False
O001763,C00003,delivered,2025-11-12T19:05:31,2025-11-13T05:05:31,2025-11-17T05:05:31,2025-11-24T19:05:31,False
O001764,C00020,delivered,2025-11-05T19:07:48,2025-11-06T12:07:48,2025-11-13T12:07:48,2025-11-13T19:07:48,False
O001765,C00037,delivered,2025-10-29T19:10:05,2025-10-30T00:10:05,2025-11-09T00:10:05,2025-11-09T19:10:05,False
O001766,C00054,delivered,2025-10-22T19:12:22,2025-10-23T07:12:22,2025-10-28T07:12:22,2025-11-05T19:12:22,False
O001767,C00071,delivered,2025-10-15T19:14:39,2025-10-15T19:14:39,2025-10-23T19:14:39,2025-10-25T19:14:39,False
O001768,C00088,delivered,2025-10-08T19:16:56,2025-10-09T02:16:56,2025-10-26T19:16:56,2025-10-21T19:16:56,True
O001769,C00105,delivered,2025-10-01T19:19:13,2025-10-02T09:19:13,2025-10-08T09:19:13,2025-10-10T19:19:13,False
O001770,C00122,delivered,2025-09-24T19:21:30,2025-09-24T21:21:30,2025-10-03T21:21:30,2025-10-06T19:21:30,False
O001771,C00139,delivered,2025-09-17T19:23:47,2025-09-18T04:23:47,2025-09-22T04:23:47,2025-09-25T19:23:47,False
O001772,C00156,delivered,2025-09-10T19:26:04,2025-09-11T11:26:04,2025-09-18T11:26:04,2025-09-21T19:26:04,False
O001773,C00173,delivered,2026-09-03T19:28:21,2026-09-03T23:28:21,2026-09-13T23:28:21,2026-09-17T19:28:21,False
O001774,C00190,delivered,2026-08-27T19:30:38,2026-08-28T06:30:38,2026-09-02T06:30:38,2026-09-06T19:30:38,False
O001775,C00207,delivered,2026-08-20T19:32:55,2026-08-21T13:32:55,2026-08-29T13:32:55,2026-09-02T19:32:55,False
O001776,C00224,delivered,2026-08-13T19:35:12,2026-08-14T01:35:12,2026-08-17T01:35:12,2026-08-22T19:35:12,False
O001777,C00241,delivered,2026-08-06T19:37:29,2026-08-07T08:37:29,2026-08-13T08:37:29,2026-08-18T19:37:29,False
O001778,C00258,delivered,2026-07-30T19:39:46,2026-07-30T20:39:46,2026-08-06T19:39:46,2026-08-07T19:39:46,False
O001779,C00275,delivered,2026-07-23T19:42:03,2026-07-24T03:42:03,2026-07-28T03:42:03,2026-08-03T19:42:03,False
O001780,C00292,delivered,2026-07-16T19:44:20,2026-07-17T10:44:20,2026-07-24T10:44:20,2026-07-30T19:44:20,False
O001781,C00309,delivered,2026-07-09T19:46:37,2026-07-09T22:46:37,2026-07-22T19:46:37,2026-07-19T19:46:37,True
O001782,C00326,delivered,2026-07-02T19:48:54,2026-07-03T05:48:54,2026-07-08T05:48:54,2026-07-15T19:48:54,False
O001783,C00343,delivered,2026-06-25T19:51:11,2026-06-26T12:51:11,2026-07-04T12:51:11,2026-07-04T19:51:11,False
O001784,C00360,delivered,2026-06-18T19:53:28,2026-06-19T00:53:28,2026-06-22T00:53:28,2026-06-30T19:53:28,False
O001785,C00377,delivered,2026-06-11T19:55:45,2026-06-12T07:55:45,2026-06-18T07:55:45,2026-06-19T19:55:45,False
O001786,C00394,delivered,2026-06-04T19:58:02,2026-06-04T19:58:02,2026-06-13T19:58:02,2026-06-15T19:58:02,False
O001787,C00411,delivered,2026-05-28T20:00:19,2026-05-29T03:00:19,2026-06-02T03:00:19,2026-06-11T20:00:19,False
O001788,C00428,delivered,2026-05-21T20:02:36,2026-05-22T10:02:36,2026-05-29T10:02:36,2026-05-31T20:02:36,False
O001789,C00445,delivered,2026-05-14T20:04:53,2026-05-14T22:04:53,2026-05-24T22:04:53,2026-05-27T20:04:53,False
O001790,C00462,shipped,2026-05-07T20:07:10,2026-05-08T05:07:10,2026-05-13T05:07:10,2026-05-16T20:07:10,False
O001791,C00479,shipped,2026-04-30T20:09:27,2026-05-01T12:09:27,2026-05-09T12:09:27,2026-05-12T20:09:27,False
O001792,C00496,shipped,2026-04-23T20:11:44,2026-04-24T00:11:44,2026-04-27T00:11:44,2026-05-01T20:11:44,False
O001793,C00513,shipped,2026-04-16T20:14:01,2026-04-17T07:14:01,2026-04-23T07:14:01,2026-04-27T20:14:01,False
O001794,C00530,processing,2026-04-09T20:16:18,2026-04-10T14:16:18,,2026-04-23T20:16:18,
O001795,C00547,processing,2026-04-02T20:18:35,2026-04-03T02:18:35,,2026-04-12T20:18:35,
O001796,C00564,processing,2026-03-26T20:20:52,2026-03-27T09:20:52,,2026-04-08T20:20:52,
O001797,C00581,canceled,2026-03-19T20:23:09,2026-03-19T21:23:09,,2026-03-28T20:23:09,
O001798,C00598,canceled,2026-03-12T20:25:26,2026-03-13T04:25:26,,2026-03-24T20:25:26,
O001799,C00615,invoiced,2026-03-05T20:27:43,2026-03-06T11:27:43,,2026-03-13T20:27:43,
O001800,C00632,delivered,2026-02-26T20:30:00,2026-02-26T23:30:00,2026-03-01T23:30:00,2026-03-09T20:30:00,False
O001801,C00649,delivered,2026-02-19T20:32:17,2026-02-20T06:32:17,2026-02-26T06:32:17,2026-03-05T20:32:17,False
O001802,C00666,delivered,2026-02-12T20:34:34,2026-02-13T13:34:34,2026-02-22T13:34:34,2026-02-22T20:34:34,False
O001803,C00683,delivered,2026-02-05T20:36:51,2026-02-06T01:36:51,2026-02-10T01:36:51,2026-02-18T20:36:51,False
O001804,C00700,delivered,2026-01-29T20:39:08,2026-01-30T08:39:08,2026-02-06T08:39:08,2026-02-07T20:39:08,False
O001805,C00717,delivered,2026-01-22T20:41:25,2026-01-22T20:41:25,2026-02-01T20:41:25,2026-02-03T20:41:25,False
O001806,C00734,delivered,2026-01-15T20:43:42,2026-01-16T03:43:42,2026-01-21T03:43:42,2026-01-23T20:43:42,False
O001807,C00751,delivered,2026-01-08T20:45:59,2026-01-09T10:45:59,2026-01-23T20:45:59,2026-01-19T20:45:59,True
O001808,C00768,delivered,2026-01-01T20:48:16,2026-01-01T22:48:16,2026-01-04T22:48:16,2026-01-15T20:48:16,False
O001809,C00785,delivered,2025-12-25T20:50:33,2025-12-26T05:50:33,2026-01-01T05:50:33,2026-01-04T20:50:33,False
O001810,C00802,delivered,2025-12-18T20:52:50,2025-12-19T12:52:50,2025-12-28T12:52:50,2025-12-31T20:52:50,False
O001811,C00819,delivered,2025-12-11T20:55:07,2025-12-12T00:55:07,2025-12-16T00:55:07,2025-12-20T20:55:07,False
O001812,C00836,delivered,2025-12-04T20:57:24,2025-12-05T07:57:24,2025-12-12T07:57:24,2025-12-16T20:57:24,False
O001813,C00853,delivered,2025-11-27T20:59:41,2025-11-28T14:59:41,2025-12-04T20:59:41,2025-12-05T20:59:41,False
O001814,C00870,delivered,2025-11-20T21:01:58,2025-11-21T03:01:58,2025-11-26T03:01:58,2025-12-01T21:01:58,False
O001815,C00887,delivered,2025-11-13T21:04:15,2025-11-14T10:04:15,2025-11-22T10:04:15,2025-11-27T21:04:15,False
O001816,C00904,delivered,2025-11-06T21:06:32,2025-11-06T22:06:32,2025-11-09T22:06:32,2025-11-16T21:06:32,False
O001817,C00921,delivered,2025-10-30T21:08:49,2025-10-31T05:08:49,2025-11-06T05:08:49,2025-11-12T21:08:49,False
O001818,C00938,delivered,2025-10-23T21:11:06,2025-10-24T12:11:06,2025-10-31T21:11:06,2025-11-01T21:11:06,False
O001819,C00955,delivered,2025-10-16T21:13:23,2025-10-17T00:13:23,2025-10-21T00:13:23,2025-10-28T21:13:23,False
O001820,C00972,delivered,2025-10-09T21:15:40,2025-10-10T07:15:40,2025-10-19T21:15:40,2025-10-17T21:15:40,True
O001821,C00989,delivered,2025-10-02T21:17:57,2025-10-03T14:17:57,2025-10-13T14:17:57,2025-10-13T21:17:57,False
O001822,C00006,delivered,2025-09-25T21:20:14,2025-09-26T02:20:14,2025-10-01T02:20:14,2025-10-09T21:20:14,False
O001823,C00023,delivered,2025-09-18T21:22:31,2025-09-19T09:22:31,2025-09-27T09:22:31,2025-09-28T21:22:31,False
O001824,C00040,delivered,2025-09-11T21:24:48,2025-09-11T21:24:48,2025-09-14T21:24:48,2025-09-24T21:24:48,False
O001825,C00057,delivered,2026-09-04T21:27:05,2026-09-05T04:27:05,2026-09-11T04:27:05,2026-09-13T21:27:05,False
O001826,C00074,delivered,2026-08-28T21:29:22,2026-08-29T11:29:22,2026-09-07T11:29:22,2026-09-09T21:29:22,False
O001827,C00091,delivered,2026-08-21T21:31:39,2026-08-21T23:31:39,2026-08-25T23:31:39,2026-08-29T21:31:39,False
O001828,C00108,delivered,2026-08-14T21:33:56,2026-08-15T06:33:56,2026-08-22T06:33:56,2026-08-25T21:33:56,False
O001829,C00125,delivered,2026-08-07T21:36:13,2026-08-08T13:36:13,2026-08-18T13:36:13,2026-08-21T21:36:13,False
O001830,C00142,delivered,2026-07-31T21:38:30,2026-08-01T01:38:30,2026-08-06T01:38:30,2026-08-10T21:38:30,False
O001831,C00159,delivered,2026-07-24T21:40:47,2026-07-25T08:40:47,2026-08-02T08:40:47,2026-08-06T21:40:47,False
O001832,C00176,delivered,2026-07-17T21:43:04,2026-07-18T15:43:04,2026-07-21T15:43:04,2026-07-26T21:43:04,False
O001833,C00193,delivered,2026-07-10T21:45:21,2026-07-11T03:45:21,2026-07-27T21:45:21,2026-07-22T21:45:21,True
O001834,C00210,delivered,2026-07-03T21:47:38,2026-07-04T10:47:38,2026-07-10T21:47:38,2026-07-11T21:47:38,False
O001835,C00227,delivered,2026-06-26T21:49:55,2026-06-26T22:49:55,2026-06-30T22:49:55,2026-07-07T21:49:55,False
O001836,C00244,delivered,2026-06-19T21:52:12,2026-06-20T05:52:12,2026-06-27T05:52:12,2026-07-03T21:52:12,False
O001837,C00261,delivered,2026-06-12T21:54:29,2026-06-13T12:54:29,2026-06-21T21:54:29,2026-06-22T21:54:29,False
O001838,C00278,delivered,2026-06-05T21:56:46,2026-06-06T00:56:46,2026-06-11T00:56:46,2026-06-18T21:56:46,False
O001839,C00295,delivered,2026-05-29T21:59:03,2026-05-30T07:59:03,2026-06-07T07:59:03,2026-06-07T21:59:03,False
O001840,C00312,delivered,2026-05-22T22:01:20,2026-05-23T15:01:20,2026-05-26T15:01:20,2026-06-03T22:01:20,False
O001841,C00329,delivered,2026-05-15T22:03:37,2026-05-16T03:03:37,2026-05-22T03:03:37,2026-05-23T22:03:37,False
O001842,C00346,delivered,2026-05-08T22:05:54,2026-05-09T10:05:54,2026-05-18T10:05:54,2026-05-19T22:05:54,False
O001843,C00363,delivered,2026-05-01T22:08:11,2026-05-01T22:08:11,2026-05-05T22:08:11,2026-05-15T22:08:11,False
O001844,C00380,delivered,2026-04-24T22:10:28,2026-04-25T05:10:28,2026-05-02T05:10:28,2026-05-04T22:10:28,False
O001845,C00397,delivered,2026-04-17T22:12:45,2026-04-18T12:12:45,2026-04-28T12:12:45,2026-04-30T22:12:45,False
O001846,C00414,delivered,2026-04-10T22:15:02,2026-04-11T00:15:02,2026-04-22T22:15:02,2026-04-19T22:15:02,True
O001847,C00431,delivered,2026-04-03T22:17:19,2026-04-04T07:17:19,2026-04-12T07:17:19,2026-04-15T22:17:19,False
O001848,C00448,delivered,2026-03-27T22:19:36,2026-03-28T14:19:36,2026-03-31T14:19:36,2026-04-04T22:19:36,False
O001849,C00465,delivered,2026-03-20T22:21:53,2026-03-21T02:21:53,2026-03-27T02:21:53,2026-03-31T22:21:53,False
O001850,C00482,delivered,2026-03-13T22:24:10,2026-03-14T09:24:10,2026-03-23T09:24:10,2026-03-27T22:24:10,False
O001851,C00499,delivered,2026-03-06T22:26:27,2026-03-07T16:26:27,2026-03-11T16:26:27,2026-03-16T22:26:27,False
O001852,C00516,delivered,2026-02-27T22:28:44,2026-02-28T04:28:44,2026-03-07T04:28:44,2026-03-12T22:28:44,False
O001853,C00533,delivered,2026-02-20T22:31:01,2026-02-21T11:31:01,2026-02-28T22:31:01,2026-03-01T22:31:01,False
O001854,C00550,delivered,2026-02-13T22:33:18,2026-02-13T23:33:18,2026-02-18T23:33:18,2026-02-25T22:33:18,False
O001855,C00567,delivered,2026-02-06T22:35:35,2026-02-07T06:35:35,2026-02-13T22:35:35,2026-02-14T22:35:35,False
O001856,C00584,delivered,2026-01-30T22:37:52,2026-01-31T13:37:52,2026-02-03T13:37:52,2026-02-10T22:37:52,False
O001857,C00601,delivered,2026-01-23T22:40:09,2026-01-24T01:40:09,2026-01-30T01:40:09,2026-02-06T22:40:09,False
O001858,C00618,delivered,2026-01-16T22:42:26,2026-01-17T08:42:26,2026-01-26T08:42:26,2026-01-26T22:42:26,False
O001859,C00635,delivered,2026-01-09T22:44:43,2026-01-10T15:44:43,2026-01-28T22:44:43,2026-01-22T22:44:43,True
O001860,C00652,delivered,2026-01-02T22:47:00,2026-01-03T03:47:00,2026-01-10T03:47:00,2026-01-11T22:47:00,False
O001861,C00669,delivered,2025-12-26T22:49:17,2025-12-27T10:49:17,2026-01-06T10:49:17,2026-01-07T22:49:17,False
O001862,C00686,delivered,2025-12-19T22:51:34,2025-12-19T22:51:34,2025-12-24T22:51:34,2025-12-27T22:51:34,False
O001863,C00703,delivered,2025-12-12T22:53:51,2025-12-13T05:53:51,2025-12-21T05:53:51,2025-12-23T22:53:51,False
O001864,C00720,delivered,2025-12-05T22:56:08,2025-12-06T12:56:08,2025-12-09T12:56:08,2025-12-19T22:56:08,False
O001865,C00737,delivered,2025-11-28T22:58:25,2025-11-29T00:58:25,2025-12-05T00:58:25,2025-12-08T22:58:25,False
O001866,C00754,delivered,2025-11-21T23:00:42,2025-11-22T08:00:42,2025-12-01T08:00:42,2025-12-04T23:00:42,False
O001867,C00771,delivered,2025-11-14T23:02:59,2025-11-15T15:02:59,2025-11-19T15:02:59,2025-11-23T23:02:59,False
O001868,C00788,delivered,2025-11-07T23:05:16,2025-11-08T03:05:16,2025-11-15T03:05:16,2025-11-19T23:05:16,False
O001869,C00805,delivered,2025-10-31T23:07:33,2025-11-01T10:07:33,2025-11-07T23:07:33,2025-11-08T23:07:33,False
O001870,C00822,delivered,2025-10-24T23:09:50,2025-10-25T17:09:50,2025-10-30T17:09:50,2025-11-04T23:09:50,False
O001871,C00839,delivered,2025-10-17T23:12:07,2025-10-18T05:12:07,2025-10-26T05:12:07,2025-10-31T23:12:07,False
O001872,C00856,delivered,2025-10-10T23:14:24,2025-10-11T12:14:24,2025-10-24T23:14:24,2025-10-20T23:14:24,True
O001873,C00873,delivered,2025-10-03T23:16:41,2025-10-04T00:16:41,2025-10-10T00:16:41,2025-10-16T23:16:41,False
O001874,C00890,delivered,2025-09-26T23:18:58,2025-09-27T07:18:58,2025-10-04T23:18:58,2025-10-05T23:18:58,False
O001875,C00907,delivered,2025-09-19T23:21:15,2025-09-20T14:21:15,2025-09-24T14:21:15,2025-10-01T23:21:15,False
O001876,C00924,delivered,2025-09-12T23:23:32,2025-09-13T02:23:32,2025-09-20T02:23:32,2025-09-20T23:23:32,False
O001877,C00941,delivered,2025-09-05T23:25:49,2025-09-06T09:25:49,2025-09-16T09:25:49,2025-09-16T23:25:49,False
O001878,C00958,delivered,2026-08-29T23:28:06,2026-08-30T16:28:06,2026-09-04T16:28:06,2026-09-12T23:28:06,False
O001879,C00975,delivered,2026-08-22T23:30:23,2026-08-23T04:30:23,2026-08-31T04:30:23,2026-09-01T23:30:23,False
O001880,C00992,delivered,2026-08-15T23:32:40,2026-08-16T11:32:40,2026-08-19T11:32:40,2026-08-28T23:32:40,False
O001881,C00009,delivered,2026-08-08T23:34:57,2026-08-08T23:34:57,2026-08-14T23:34:57,2026-08-17T23:34:57,False
O001882,C00026,delivered,2026-08-01T23:37:14,2026-08-02T06:37:14,2026-08-11T06:37:14,2026-08-13T23:37:14,False
O001883,C00043,delivered,2026-07-25T23:39:31,2026-07-26T13:39:31,2026-07-30T13:39:31,2026-08-02T23:39:31,False
O001884,C00060,delivered,2026-07-18T23:41:48,2026-07-19T01:41:48,2026-07-26T01:41:48,2026-07-29T23:41:48,False
O001885,C00077,delivered,2026-07-11T23:44:05,2026-07-12T08:44:05,2026-07-27T23:44:05,2026-07-25T23:44:05,True
O001886,C00094,delivered,2026-07-04T23:46:22,2026-07-05T15:46:22,2026-07-10T15:46:22,2026-07-14T23:46:22,False
O001887,C00111,delivered,2026-06-27T23:48:39,2026-06-28T03:48:39,2026-07-06T03:48:39,2026-07-10T23:48:39,False
O001888,C00128,delivered,2026-06-20T23:50:56,2026-06-21T10:50:56,2026-06-24T10:50:56,2026-06-29T23:50:56,False
O001889,C00145,delivered,2026-06-13T23:53:13,2026-06-14T17:53:13,2026-06-20T17:53:13,2026-06-25T23:53:13,False
O001890,C00162,shipped,2026-06-06T23:55:30,2026-06-07T05:55:30,2026-06-13T23:55:30,2026-06-14T23:55:30,False
O001891,C00179,shipped,2026-05-30T23:57:47,2026-05-31T12:57:47,2026-06-04T12:57:47,2026-06-10T23:57:47,False
O001892,C00196,shipped,2026-05-23T00:00:04,2026-05-23T01:00:04,2026-05-30T01:00:04,2026-06-06T00:00:04,False
O001893,C00213,shipped,2026-05-16T00:02:21,2026-05-16T08:02:21,2026-05-26T08:02:21,2026-05-26T00:02:21,False
O001894,C00230,processing,2026-05-09T00:04:38,2026-05-09T15:04:38,,2026-05-22T00:04:38,
O001895,C00247,processing,2026-05-02T00:06:55,2026-05-02T03:06:55,,2026-05-11T00:06:55,
O001896,C00264,processing,2026-04-25T00:09:12,2026-04-25T10:09:12,,2026-05-07T00:09:12,
O001897,C00281,canceled,2026-04-18T00:11:29,2026-04-18T17:11:29,,2026-04-26T00:11:29,
O001898,C00298,canceled,2026-04-11T00:13:46,2026-04-11T05:13:46,,2026-04-22T00:13:46,
O001899,C00315,invoiced,2026-04-04T00:16:03,2026-04-04T12:16:03,,2026-04-18T00:16:03,
O001900,C00332,delivered,2026-03-28T00:18:20,2026-03-28T00:18:20,2026-04-04T00:18:20,2026-04-07T00:18:20,False
O001901,C00349,delivered,2026-03-21T00:20:37,2026-03-21T07:20:37,2026-03-31T07:20:37,2026-04-03T00:20:37,False
O001902,C00366,delivered,2026-03-14T00:22:54,2026-03-14T14:22:54,2026-03-19T14:22:54,2026-03-23T00:22:54,False
O001903,C00383,delivered,2026-03-07T00:25:11,2026-03-07T02:25:11,2026-03-15T02:25:11,2026-03-19T00:25:11,False
O001904,C00400,delivered,2026-02-28T00:27:28,2026-02-28T09:27:28,2026-03-03T09:27:28,2026-03-08T00:27:28,False
O001905,C00417,delivered,2026-02-21T00:29:45,2026-02-21T16:29:45,2026-02-27T16:29:45,2026-03-04T00:29:45,False
O001906,C00434,delivered,2026-02-14T00:32:02,2026-02-14T04:32:02,2026-02-23T04:32:02,2026-02-28T00:32:02,False
O001907,C00451,delivered,2026-02-07T00:34:19,2026-02-07T11:34:19,2026-02-11T11:34:19,2026-02-17T00:34:19,False
O001908,C00468,delivered,2026-01-31T00:36:36,2026-01-31T18:36:36,2026-02-07T18:36:36,2026-02-13T00:36:36,False
O001909,C00485,delivered,2026-01-24T00:38:53,2026-01-24T06:38:53,2026-02-01T00:38:53,2026-02-02T00:38:53,False
O001910,C00502,delivered,2026-01-17T00:41:10,2026-01-17T13:41:10,2026-01-22T13:41:10,2026-01-29T00:41:10,False
O001911,C00519,delivered,2026-01-10T00:43:27,2026-01-10T01:43:27,2026-01-21T00:43:27,2026-01-18T00:43:27,True
O001912,C00536,delivered,2026-01-03T00:45:44,2026-01-03T08:45:44,2026-01-06T08:45:44,2026-01-14T00:45:44,False
O001913,C00553,delivered,2025-12-27T00:48:01,2025-12-27T15:48:01,2026-01-02T15:48:01,2026-01-10T00:48:01,False
O001914,C00570,delivered,2025-12-20T00:50:18,2025-12-20T03:50:18,2025-12-29T03:50:18,2025-12-30T00:50:18,False
O001915,C00587,delivered,2025-12-13T00:52:35,2025-12-13T10:52:35,2025-12-17T10:52:35,2025-12-26T00:52:35,False
O001916,C00604,delivered,2025-12-06T00:54:52,2025-12-06T17:54:52,2025-12-13T17:54:52,2025-12-15T00:54:52,False
O001917,C00621,delivered,2025-11-29T00:57:09,2025-11-29T05:57:09,2025-12-09T05:57:09,2025-12-11T00:57:09,False
O001918,C00638,delivered,2025-11-22T00:59:26,2025-11-22T12:59:26,2025-11-27T12:59:26,2025-11-30T00:59:26,False
O001919,C00655,delivered,2025-11-15T01:01:43,2025-11-15T01:01:43,2025-11-23T01:01:43,2025-11-26T01:01:43,False
O001920,C00672,delivered,2025-11-08T01:04:00,2025-11-08T08:04:00,2025-11-11T08:04:00,2025-11-22T01:04:00,False
O001921,C00689,delivered,2025-11-01T01:06:17,2025-11-01T15:06:17,2025-11-07T15:06:17,2025-11-11T01:06:17,False
O001922,C00706,delivered,2025-10-25T01:08:34,2025-10-25T03:08:34,2025-11-03T03:08:34,2025-11-07T01:08:34,False
O001923,C00723,delivered,2025-10-18T01:10:51,2025-10-18T10:10:51,2025-10-22T10:10:51,2025-10-27T01:10:51,False
O001924,C00740,delivered,2025-10-11T01:13:08,2025-10-11T17:13:08,2025-10-29T01:13:08,2025-10-23T01:13:08,True
O001925,C00757,delivered,2025-10-04T01:15:25,2025-10-04T05:15:25,2025-10-11T01:15:25,2025-10-12T01:15:25,False
O001926,C00774,delivered,2025-09-27T01:17:42,2025-09-27T12:17:42,2025-10-02T12:17:42,2025-10-08T01:17:42,False
O001927,C00791,delivered,2025-09-20T01:19:59,2025-09-20T19:19:59,2025-09-28T19:19:59,2025-10-04T01:19:59,False
O001928,C00808,delivered,2025-09-13T01:22:16,2025-09-13T07:22:16,2025-09-16T07:22:16,2025-09-23T01:22:16,False
O001929,C00825,delivered,2025-09-06T01:24:33,2025-09-06T14:24:33,2025-09-12T14:24:33,2025-09-19T01:24:33,False
O001930,C00842,delivered,2026-08-30T01:26:50,2026-08-30T02:26:50,2026-09-08T02:26:50,2026-09-08T01:26:50,False
O001931,C00859,delivered,2026-08-23T01:29:07,2026-08-23T09:29:07,2026-08-27T09:29:07,2026-09-04T01:29:07,False
O001932,C00876,delivered,2026-08-16T01:31:24,2026-08-16T16:31:24,2026-08-23T16:31:24,2026-08-24T01:31:24,False
O001933,C00893,delivered,2026-08-09T01:33:41,2026-08-09T04:33:41,2026-08-19T04:33:41,2026-08-20T01:33:41,False
O001934,C00910,delivered,2026-08-02T01:35:58,2026-08-02T11:35:58,2026-08-07T11:35:58,2026-08-16T01:35:58,False
O001935,C00927,delivered,2026-07-26T01:38:15,2026-07-26T18:38:15,2026-08-03T18:38:15,2026-08-05T01:38:15,False
O001936,C00944,delivered,2026-07-19T01:40:32,2026-07-19T06:40:32,2026-07-22T06:40:32,2026-08-01T01:40:32,False
O001937,C00961,delivered,2026-07-12T01:42:49,2026-07-12T13:42:49,2026-07-25T01:42:49,2026-07-21T01:42:49,True
O001938,C00978,delivered,2026-07-05T01:45:06,2026-07-05T01:45:06,2026-07-14T01:45:06,2026-07-17T01:45:06,False
O001939,C00995,delivered,2026-06-28T01:47:23,2026-06-28T08:47:23,2026-07-02T08:47:23,2026-07-06T01:47:23,False
O001940,C00012,delivered,2026-06-21T01:49:40,2026-06-21T15:49:40,2026-06-28T15:49:40,2026-07-02T01:49:40,False
O001941,C00029,delivered,2026-06-14T01:51:57,2026-06-14T03:51:57,2026-06-24T03:51:57,2026-06-28T01:51:57,False
O001942,C00046,delivered,2026-06-07T01:54:14,2026-06-07T10:54:14,2026-06-12T10:54:14,2026-06-17T01:54:14,False
O001943,C00063,delivered,2026-05-31T01:56:31,2026-05-31T17:56:31,2026-06-08T17:56:31,2026-06-13T01:56:31,False
O001944,C00080,delivered,2026-05-24T01:58:48,2026-05-24T05:58:48,2026-05-27T05:58:48,2026-06-02T01:58:48,False
O001945,C00097,delivered,2026-05-17T02:01:05,2026-05-17T13:01:05,2026-05-23T13:01:05,2026-05-29T02:01:05,False
O001946,C00114,delivered,2026-05-10T02:03:22,2026-05-10T20:03:22,2026-05-17T02:03:22,2026-05-18T02:03:22,False
O001947,C00131,delivered,2026-05-03T02:05:39,2026-05-03T08:05:39,2026-05-07T08:05:39,2026-05-14T02:05:39,False
O001948,C00148,delivered,2026-04-26T02:07:56,2026-04-26T15:07:56,2026-05-03T15:07:56,2026-05-10T02:07:56,False
O001949,C00165,delivered,2026-04-19T02:10:13,2026-04-19T03:10:13,2026-04-29T03:10:13,2026-04-29T02:10:13,False
O001950,C00182,delivered,2026-04-12T02:12:30,2026-04-12T10:12:30,2026-04-27T02:12:30,2026-04-25T02:12:30,True
O001951,C00199,delivered,2026-04-05T02:14:47,2026-04-05T17:14:47,2026-04-13T17:14:47,2026-04-14T02:14:47,False
O001952,C00216,delivered,2026-03-29T02:17:04,2026-03-29T05:17:04,2026-04-01T05:17:04,2026-04-10T02:17:04,False
O001953,C00233,delivered,2026-03-22T02:19:21,2026-03-22T12:19:21,2026-03-28T12:19:21,2026-03-30T02:19:21,False
O001954,C00250,delivered,2026-03-15T02:21:38,2026-03-15T19:21:38,2026-03-24T19:21:38,2026-03-26T02:21:38,False
O001955,C00267,delivered,2026-03-08T02:23:55,2026-03-08T07:23:55,2026-03-12T07:23:55,2026-03-22T02:23:55,False
O001956,C00284,delivered,2026-03-01T02:26:12,2026-03-01T14:26:12,2026-03-08T14:26:12,2026-03-11T02:26:12,False
O001957,C00301,delivered,2026-02-22T02:28:29,2026-02-22T02:28:29,2026-03-04T02:28:29,2026-03-07T02:28:29,False
O001958,C00318,delivered,2026-02-15T02:30:46,2026-02-15T09:30:46,2026-02-20T09:30:46,2026-02-24T02:30:46,False
O001959,C00335,delivered,2026-02-08T02:33:03,2026-02-08T16:33:03,2026-02-16T16:33:03,2026-02-20T02:33:03,False
O001960,C00352,delivered,2026-02-01T02:35:20,2026-02-01T04:35:20,2026-02-04T04:35:20,2026-02-09T02:35:20,False
O001961,C00369,delivered,2026-01-25T02:37:37,2026-01-25T11:37:37,2026-01-31T11:37:37,2026-02-05T02:37:37,False
O001962,C00386,delivered,2026-01-18T02:39:54,2026-01-18T18:39:54,2026-01-27T18:39:54,2026-02-01T02:39:54,False
O001963,C00403,delivered,2026-01-11T02:42:11,2026-01-11T06:42:11,2026-01-26T02:42:11,2026-01-21T02:42:11,True
O001964,C00420,delivered,2026-01-04T02:44:28,2026-01-04T13:44:28,2026-01-11T13:44:28,2026-01-17T02:44:28,False
O001965,C00437,delivered,2025-12-28T02:46:45,2025-12-28T20:46:45,2026-01-05T02:46:45,2026-01-06T02:46:45,False
O001966,C00454,delivered,2025-12-21T02:49:02,2025-12-21T08:49:02,2025-12-26T08:49:02,2026-01-02T02:49:02,False
O001967,C00471,delivered,2025-12-14T02:51:19,2025-12-14T15:51:19,2025-12-22T15:51:19,2025-12-22T02:51:19,False
O001968,C00488,delivered,2025-12-07T02:53:36,2025-12-07T03:53:36,2025-12-10T03:53:36,2025-12-18T02:53:36,False
O001969,C00505,delivered,2025-11-30T02:55:53,2025-11-30T10:55:53,2025-12-06T10:55:53,2025-12-14T02:55:53,False
O001970,C00522,delivered,2025-11-23T02:58:10,2025-11-23T17:58:10,2025-12-02T17:58:10,2025-12-03T02:58:10,False
O001971,C00539,delivered,2025-11-16T03:00:27,2025-11-16T06:00:27,2025-11-20T06:00:27,2025-11-29T03:00:27,False
O001972,C00556,delivered,2025-11-09T03:02:44,2025-11-09T13:02:44,2025-11-16T13:02:44,2025-11-18T03:02:44,False
O001973,C00573,delivered,2025-11-02T03:05:01,2025-11-02T20:05:01,2025-11-12T20:05:01,2025-11-14T03:05:01,False
O001974,C00590,delivered,2025-10-26T03:07:18,2025-10-26T08:07:18,2025-10-31T08:07:18,2025-11-03T03:07:18,False
O001975,C00607,delivered,2025-10-19T03:09:35,2025-10-19T15:09:35,2025-10-27T15:09:35,2025-10-30T03:09:35,False
O001976,C00624,delivered,2025-10-12T03:11:52,2025-10-12T03:11:52,2025-10-29T03:11:52,2025-10-26T03:11:52,True
O001977,C00641,delivered,2025-10-05T03:14:09,2025-10-05T10:14:09,2025-10-11T10:14:09,2025-10-15T03:14:09,False
O001978,C00658,delivered,2025-09-28T03:16:26,2025-09-28T17:16:26,2025-10-07T17:16:26,2025-10-11T03:16:26,False
O001979,C00675,delivered,2025-09-21T03:18:43,2025-09-21T05:18:43,2025-09-25T05:18:43,2025-09-30T03:18:43,False
O001980,C00692,delivered,2025-09-14T03:21:00,2025-09-14T12:21:00,2025-09-21T12:21:00,2025-09-26T03:21:00,False
O001981,C00709,delivered,2025-09-07T03:23:17,2025-09-07T19:23:17,2025-09-14T03:23:17,2025-09-15T03:23:17,False
O001982,C00726,delivered,2026-08-31T03:25:34,2026-08-31T07:25:34,2026-09-05T07:25:34,2026-09-11T03:25:34,False
O001983,C00743,delivered,2026-08-24T03:27:51,2026-08-24T14:27:51,2026-09-01T14:27:51,2026-09-07T03:27:51,False
O001984,C00760,delivered,2026-08-17T03:30:08,2026-08-17T21:30:08,2026-08-20T21:30:08,2026-08-27T03:30:08,False
O001985,C00777,delivered,2026-08-10T03:32:25,2026-08-10T09:32:25,2026-08-16T09:32:25,2026-08-23T03:32:25,False
O001986,C00794,delivered,2026-08-03T03:34:42,2026-08-03T16:34:42,2026-08-12T16:34:42,2026-08-12T03:34:42,False
O001987,C00811,delivered,2026-07-27T03:36:59,2026-07-27T04:36:59,2026-07-31T04:36:59,2026-08-08T03:36:59,False
O001988,C00828,delivered,2026-07-20T03:39:16,2026-07-20T11:39:16,2026-07-27T11:39:16,2026-07-28T03:39:16,False
O001989,C00845,delivered,2026-07-13T03:41:33,2026-07-13T18:41:33,2026-07-30T03:41:33,2026-07-24T03:41:33,True
O001990,C00862,shipped,2026-07-06T03:43:50,2026-07-06T06:43:50,2026-07-11T06:43:50,2026-07-20T03:43:50,False
O001991,C00879,shipped,2026-06-29T03:46:07,2026-06-29T13:46:07,2026-07-07T13:46:07,2026-07-09T03:46:07,False
O001992,C00896,shipped,2026-06-22T03:48:24,2026-06-22T20:48:24,2026-06-25T20:48:24,2026-07-05T03:48:24,False
O001993,C00913,shipped,2026-06-15T03:50:41,2026-06-15T08:50:41,2026-06-21T08:50:41,2026-06-24T03:50:41,False
O001994,C00930,processing,2026-06-08T03:52:58,2026-06-08T15:52:58,,2026-06-20T03:52:58,
O001995,C00947,processing,2026-06-01T03:55:15,2026-06-01T03:55:15,,2026-06-09T03:55:15,
O001996,C00964,processing,2026-05-25T03:57:32,2026-05-25T10:57:32,,2026-06-05T03:57:32,
O001997,C00981,canceled,2026-05-18T03:59:49,2026-05-18T17:59:49,,2026-06-01T03:59:49,
O001998,C00998,canceled,2026-05-11T04:02:06,2026-05-11T06:02:06,,2026-05-21T04:02:06,
O001999,C00015,invoiced,2026-05-04T04:04:23,2026-05-04T13:04:23,,2026-05-17T04:04:23,
O002000,C00032,delivered,2026-04-27T04:06:40,2026-04-27T20:06:40,2026-04-30T20:06:40,2026-05-06T04:06:40,False
O002001,C00049,delivered,2026-04-20T04:08:57,2026-04-20T08:08:57,2026-04-26T08:08:57,2026-05-02T04:08:57,False
O002002,C00066,delivered,2026-04-13T04:11:14,2026-04-13T15:11:14,2026-04-25T04:11:14,2026-04-21T04:11:14,True
O002003,C00083,delivered,2026-04-06T04:13:31,2026-04-06T22:13:31,2026-04-10T22:13:31,2026-04-17T04:13:31,False
O002004,C00100,delivered,2026-03-30T04:15:48,2026-03-30T10:15:48,2026-04-06T10:15:48,2026-04-13T04:15:48,False
O002005,C00117,delivered,2026-03-23T04:18:05,2026-03-23T17:18:05,2026-04-02T17:18:05,2026-04-02T04:18:05,False
O002006,C00134,delivered,2026-03-16T04:20:22,2026-03-16T05:20:22,2026-03-21T05:20:22,2026-03-29T04:20:22,False
O002007,C00151,delivered,2026-03-09T04:22:39,2026-03-09T12:22:39,2026-03-17T12:22:39,2026-03-18T04:22:39,False
O002008,C00168,delivered,2026-03-02T04:24:56,2026-03-02T19:24:56,2026-03-05T19:24:56,2026-03-14T04:24:56,False
O002009,C00185,delivered,2026-02-23T04:27:13,2026-02-23T07:27:13,2026-03-01T07:27:13,2026-03-03T04:27:13,False
O002010,C00202,delivered,2026-02-16T04:29:30,2026-02-16T14:29:30,2026-02-25T14:29:30,2026-02-27T04:29:30,False
O002011,C00219,delivered,2026-02-09T04:31:47,2026-02-09T21:31:47,2026-02-13T21:31:47,2026-02-23T04:31:47,False
O002012,C00236,delivered,2026-02-02T04:34:04,2026-02-02T09:34:04,2026-02-09T09:34:04,2026-02-12T04:34:04,False
O002013,C00253,delivered,2026-01-26T04:36:21,2026-01-26T16:36:21,2026-02-05T16:36:21,2026-02-08T04:36:21,False
O002014,C00270,delivered,2026-01-19T04:38:38,2026-01-19T04:38:38,2026-01-24T04:38:38,2026-01-28T04:38:38,False
O002015,C00287,delivered,2026-01-12T04:40:55,2026-01-12T11:40:55,2026-01-26T04:40:55,2026-01-24T04:40:55,True
O002016,C00304,delivered,2026-01-05T04:43:12,2026-01-05T18:43:12,2026-01-08T18:43:12,2026-01-13T04:43:12,False
O002017,C00321,delivered,2025-12-29T04:45:29,2025-12-29T06:45:29,2026-01-04T06:45:29,2026-01-09T04:45:29,False
O002018,C00338,delivered,2025-12-22T04:47:46,2025-12-22T13:47:46,2025-12-31T13:47:46,2026-01-05T04:47:46,False
O002019,C00355,delivered,2025-12-15T04:50:03,2025-12-15T20:50:03,2025-12-19T20:50:03,2025-12-25T04:50:03,False
O002020,C00372,delivered,2025-12-08T04:52:20,2025-12-08T08:52:20,2025-12-15T08:52:20,2025-12-21T04:52:20,False
O002021,C00389,delivered,2025-12-01T04:54:37,2025-12-01T15:54:37,2025-12-09T04:54:37,2025-12-10T04:54:37,False
O002022,C00406,delivered,2025-11-24T04:56:54,2025-11-24T22:56:54,2025-11-29T22:56:54,2025-12-06T04:56:54,False
O002023,C00423,delivered,2025-11-17T04:59:11,2025-11-17T10:59:11,2025-11-25T10:59:11,2025-11-25T04:59:11,False
O002024,C00440,delivered,2025-11-10T05:01:28,2025-11-10T18:01:28,2025-11-13T18:01:28,2025-11-21T05:01:28,False
O002025,C00457,delivered,2025-11-03T05:03:45,2025-11-03T06:03:45,2025-11-09T06:03:45,2025-11-17T05:03:45,False
O002026,C00474,delivered,2025-10-27T05:06:02,2025-10-27T13:06:02,2025-11-05T13:06:02,2025-11-06T05:06:02,False
O002027,C00491,delivered,2025-10-20T05:08:19,2025-10-20T20:08:19,2025-10-24T20:08:19,2025-11-02T05:08:19,False
O002028,C00508,delivered,2025-10-13T05:10:36,2025-10-13T08:10:36,2025-10-27T05:10:36,2025-10-22T05:10:36,True
O002029,C00525,delivered,2025-10-06T05:12:53,2025-10-06T15:12:53,2025-10-16T15:12:53,2025-10-18T05:12:53,False
O002030,C00542,delivered,2025-09-29T05:15:10,2025-09-29T22:15:10,2025-10-04T22:15:10,2025-10-07T05:15:10,False
O002031,C00559,delivered,2025-09-22T05:17:27,2025-09-22T10:17:27,2025-09-30T10:17:27,2025-10-03T05:17:27,False
O002032,C00576,delivered,2025-09-15T05:19:44,2025-09-15T17:19:44,2025-09-18T17:19:44,2025-09-29T05:19:44,False
O002033,C00593,delivered,2025-09-08T05:22:01,2025-09-08T05:22:01,2025-09-14T05:22:01,2025-09-18T05:22:01,False
O002034,C00610,delivered,2026-09-01T05:24:18,2026-09-01T12:24:18,2026-09-10T12:24:18,2026-09-14T05:24:18,False
O002035,C00627,delivered,2026-08-25T05:26:35,2026-08-25T19:26:35,2026-08-29T19:26:35,2026-09-03T05:26:35,False
O002036,C00644,delivered,2026-08-18T05:28:52,2026-08-18T07:28:52,2026-08-25T07:28:52,2026-08-30T05:28:52,False
O002037,C00661,delivered,2026-08-11T05:31:09,2026-08-11T14:31:09,2026-08-18T05:31:09,2026-08-19T05:31:09,False
O002038,C00678,delivered,2026-08-04T05:33:26,2026-08-04T21:33:26,2026-08-09T21:33:26,2026-08-15T05:33:26,False
O002039,C00695,delivered,2026-07-28T05:35:43,2026-07-28T09:35:43,2026-08-05T09:35:43,2026-08-11T05:35:43,False
O002040,C00712,delivered,2026-07-21T05:38:00,2026-07-21T16:38:00,2026-07-24T16:38:00,2026-07-31T05:38:00,False
O002041,C00729,delivered,2026-07-14T05:40:17,2026-07-14T23:40:17,2026-07-30T05:40:17,2026-07-27T05:40:17,True
O002042,C00746,delivered,2026-07-07T05:42:34,2026-07-07T11:42:34,2026-07-16T11:42:34,2026-07-16T05:42:34,False
O002043,C00763,delivered,2026-06-30T05:44:51,2026-06-30T18:44:51,2026-07-04T18:44:51,2026-07-12T05:44:51,False
O002044,C00780,delivered,2026-06-23T05:47:08,2026-06-23T06:47:08,2026-06-30T06:47:08,2026-07-01T05:47:08,False
O002045,C00797,delivered,2026-06-16T05:49:25,2026-06-16T13:49:25,2026-06-26T13:49:25,2026-06-27T05:49:25,False
O002046,C00814,delivered,2026-06-09T05:51:42,2026-06-09T20:51:42,2026-06-14T20:51:42,2026-06-23T05:51:42,False
O002047,C00831,delivered,2026-06-02T05:53:59,2026-06-02T08:53:59,2026-06-10T08:53:59,2026-06-12T05:53:59,False
O002048,C00848,delivered,2026-05-26T05:56:16,2026-05-26T15:56:16,2026-05-29T15:56:16,2026-06-08T05:56:16,False
O002049,C00865,delivered,2026-05-19T05:58:33,2026-05-19T22:58:33,2026-05-25T22:58:33,2026-05-28T05:58:33,False
O002050,C00882,delivered,2026-05-12T06:00:50,2026-05-12T11:00:50,2026-05-21T11:00:50,2026-05-24T06:00:50,False
O002051,C00899,delivered,2026-05-05T06:03:07,2026-05-05T18:03:07,2026-05-09T18:03:07,2026-05-13T06:03:07,False
O002052,C00916,delivered,2026-04-28T06:05:24,2026-04-28T06:05:24,2026-05-05T06:05:24,2026-05-09T06:05:24,False
O002053,C00933,delivered,2026-04-21T06:07:41,2026-04-21T13:07:41,2026-05-01T13:07:41,2026-05-05T06:07:41,False
O002054,C00950,delivered,2026-04-14T06:09:58,2026-04-14T20:09:58,2026-04-30T06:09:58,2026-04-24T06:09:58,True
O002055,C00967,delivered,2026-04-07T06:12:15,2026-04-07T08:12:15,2026-04-15T08:12:15,2026-04-20T06:12:15,False
O002056,C00984,delivered,2026-03-31T06:14:32,2026-03-31T15:14:32,2026-04-03T15:14:32,2026-04-09T06:14:32,False
O002057,C00001,delivered,2026-03-24T06:16:49,2026-03-24T22:16:49,2026-03-30T22:16:49,2026-04-05T06:16:49,False
O002058,C00018,delivered,2026-03-17T06:19:06,2026-03-17T10:19:06,2026-03-24T06:19:06,2026-03-25T06:19:06,False
O002059,C00035,delivered,2026-03-10T06:21:23,2026-03-10T17:21:23,2026-03-14T17:21:23,2026-03-21T06:21:23,False
O002060,C00052,delivered,2026-03-03T06:23:40,2026-03-04T00:23:40,2026-03-11T00:23:40,2026-03-17T06:23:40,False
O002061,C00069,delivered,2026-02-24T06:25:57,2026-02-24T12:25:57,2026-03-06T12:25:57,2026-03-06T06:25:57,False
O002062,C00086,delivered,2026-02-17T06:28:14,2026-02-17T19:28:14,2026-02-22T19:28:14,2026-03-02T06:28:14,False
O002063,C00103,delivered,2026-02-10T06:30:31,2026-02-10T07:30:31,2026-02-18T07:30:31,2026-02-19T06:30:31,False
O002064,C00120,delivered,2026-02-03T06:32:48,2026-02-03T14:32:48,2026-02-06T14:32:48,2026-02-15T06:32:48,False
O002065,C00137,delivered,2026-01-27T06:35:05,2026-01-27T21:35:05,2026-02-02T21:35:05,2026-02-04T06:35:05,False
O002066,C00154,delivered,2026-01-20T06:37:22,2026-01-20T09:37:22,2026-01-29T09:37:22,2026-01-31T06:37:22,False
O002067,C00171,delivered,2026-01-13T06:39:39,2026-01-13T16:39:39,2026-01-31T06:39:39,2026-01-27T06:39:39,True
O002068,C00188,delivered,2026-01-06T06:41:56,2026-01-06T23:41:56,2026-01-13T23:41:56,2026-01-16T06:41:56,False
O002069,C00205,delivered,2025-12-30T06:44:13,2025-12-30T11:44:13,2026-01-09T11:44:13,2026-01-12T06:44:13,False
O002070,C00222,delivered,2025-12-23T06:46:30,2025-12-23T18:46:30,2025-12-28T18:46:30,2026-01-01T06:46:30,False
O002071,C00239,delivered,2025-12-16T06:48:47,2025-12-16T06:48:47,2025-12-24T06:48:47,2025-12-28T06:48:47,False
O002072,C00256,delivered,2025-12-09T06:51:04,2025-12-09T13:51:04,2025-12-12T13:51:04,2025-12-17T06:51:04,False
O002073,C00273,delivered,2025-12-02T06:53:21,2025-12-02T20:53:21,2025-12-08T20:53:21,2025-12-13T06:53:21,False
O002074,C00290,delivered,2025-11-25T06:55:38,2025-11-25T08:55:38,2025-12-04T08:55:38,2025-12-09T06:55:38,False
O002075,C00307,delivered,2025-11-18T06:57:55,2025-11-18T15:57:55,2025-11-22T15:57:55,2025-11-28T06:57:55,False
O002076,C00324,delivered,2025-11-11T07:00:12,2025-11-11T23:00:12,2025-11-18T23:00:12,2025-11-24T07:00:12,False
O002077,C00341,delivered,2025-11-04T07:02:29,2025-11-04T11:02:29,2025-11-12T07:02:29,2025-11-13T07:02:29,False
O002078,C00358,delivered,2025-10-28T07:04:46,2025-10-28T18:04:46,2025-11-02T18:04:46,2025-11-09T07:04:46,False
O002079,C00375,delivered,2025-10-21T07:07:03,2025-10-22T01:07:03,2025-10-28T07:07:03,2025-10-29T07:07:03,False
O002080,C00392,delivered,2025-10-14T07:09:20,2025-10-14T13:09:20,2025-10-27T07:09:20,2025-10-25T07:09:20,True
O002081,C00409,delivered,2025-10-07T07:11:37,2025-10-07T20:11:37,2025-10-13T20:11:37,2025-10-21T07:11:37,False
O002082,C00426,delivered,2025-09-30T07:13:54,2025-09-30T08:13:54,2025-10-09T08:13:54,2025-10-10T07:13:54,False
O002083,C00443,delivered,2025-09-23T07:16:11,2025-09-23T15:16:11,2025-09-27T15:16:11,2025-10-06T07:16:11,False
O002084,C00460,delivered,2025-09-16T07:18:28,2025-09-16T22:18:28,2025-09-23T22:18:28,2025-09-25T07:18:28,False
O002085,C00477,delivered,2025-09-09T07:20:45,2025-09-09T10:20:45,2025-09-19T10:20:45,2025-09-21T07:20:45,False
O002086,C00494,delivered,2026-09-02T07:23:02,2026-09-02T17:23:02,2026-09-07T17:23:02,2026-09-10T07:23:02,False
O002087,C00511,delivered,2026-08-26T07:25:19,2026-08-27T00:25:19,2026-09-04T00:25:19,2026-09-06T07:25:19,False
O002088,C00528,delivered,2026-08-19T07:27:36,2026-08-19T12:27:36,2026-08-22T12:27:36,2026-09-02T07:27:36,False
O002089,C00545,delivered,2026-08-12T07:29:53,2026-08-12T19:29:53,2026-08-18T19:29:53,2026-08-22T07:29:53,False
O002090,C00562,shipped,2026-08-05T07:32:10,2026-08-05T07:32:10,2026-08-14T07:32:10,2026-08-18T07:32:10,False
O002091,C00579,shipped,2026-07-29T07:34:27,2026-07-29T14:34:27,2026-08-02T14:34:27,2026-08-07T07:34:27,False
O002092,C00596,shipped,2026-07-22T07:36:44,2026-07-22T21:36:44,2026-07-29T21:36:44,2026-08-03T07:36:44,False
O002093,C00613,shipped,2026-07-15T07:39:01,2026-07-15T09:39:01,2026-07-28T07:39:01,2026-07-23T07:39:01,True
O002094,C00630,processing,2026-07-08T07:41:18,2026-07-08T16:41:18,,2026-07-19T07:41:18,
O002095,C00647,processing,2026-07-01T07:43:35,2026-07-01T23:43:35,,2026-07-15T07:43:35,
O002096,C00664,processing,2026-06-24T07:45:52,2026-06-24T11:45:52,,2026-07-04T07:45:52,
O002097,C00681,canceled,2026-06-17T07:48:09,2026-06-17T18:48:09,,2026-06-30T07:48:09,
O002098,C00698,canceled,2026-06-10T07:50:26,2026-06-11T01:50:26,,2026-06-19T07:50:26,
O002099,C00715,invoiced,2026-06-03T07:52:43,2026-06-03T13:52:43,,2026-06-15T07:52:43,
O002100,C00732,delivered,2026-05-27T07:55:00,2026-05-27T20:55:00,2026-06-03T20:55:00,2026-06-04T07:55:00,False
O002101,C00749,delivered,2026-05-20T07:57:17,2026-05-20T08:57:17,2026-05-30T08:57:17,2026-05-31T07:57:17,False
O002102,C00766,delivered,2026-05-13T07:59:34,2026-05-13T15:59:34,2026-05-18T15:59:34,2026-05-27T07:59:34,False
O002103,C00783,delivered,2026-05-06T08:01:51,2026-05-06T23:01:51,2026-05-14T23:01:51,2026-05-16T08:01:51,False
O002104,C00800,delivered,2026-04-29T08:04:08,2026-04-29T11:04:08,2026-05-02T11:04:08,2026-05-12T08:04:08,False
O002105,C00817,delivered,2026-04-22T08:06:25,2026-04-22T18:06:25,2026-04-28T18:06:25,2026-05-01T08:06:25,False
O002106,C00834,delivered,2026-04-15T08:08:42,2026-04-16T01:08:42,2026-04-30T08:08:42,2026-04-27T08:08:42,True
O002107,C00851,delivered,2026-04-08T08:10:59,2026-04-08T13:10:59,2026-04-12T13:10:59,2026-04-16T08:10:59,False
O002108,C00868,delivered,2026-04-01T08:13:16,2026-04-01T20:13:16,2026-04-08T20:13:16,2026-04-12T08:13:16,False
O002109,C00885,delivered,2026-03-25T08:15:33,2026-03-25T08:15:33,2026-04-04T08:15:33,2026-04-08T08:15:33,False
O002110,C00902,delivered,2026-03-18T08:17:50,2026-03-18T15:17:50,2026-03-23T15:17:50,2026-03-28T08:17:50,False
O002111,C00919,delivered,2026-03-11T08:20:07,2026-03-11T22:20:07,2026-03-19T22:20:07,2026-03-24T08:20:07,False
O002112,C00936,delivered,2026-03-04T08:22:24,2026-03-04T10:22:24,2026-03-07T10:22:24,2026-03-13T08:22:24,False
O002113,C00953,delivered,2026-02-25T08:24:41,2026-02-25T17:24:41,2026-03-03T17:24:41,2026-03-09T08:24:41,False
O002114,C00970,delivered,2026-02-18T08:26:58,2026-02-19T00:26:58,2026-02-25T08:26:58,2026-02-26T08:26:58,False
O002115,C00987,delivered,2026-02-11T08:29:15,2026-02-11T12:29:15,2026-02-15T12:29:15,2026-02-22T08:29:15,False
O002116,C00004,delivered,2026-02-04T08:31:32,2026-02-04T19:31:32,2026-02-11T19:31:32,2026-02-18T08:31:32,False
O002117,C00021,delivered,2026-01-28T08:33:49,2026-01-29T02:33:49,2026-02-06T08:33:49,2026-02-07T08:33:49,False
O002118,C00038,delivered,2026-01-21T08:36:06,2026-01-21T14:36:06,2026-01-26T14:36:06,2026-02-03T08:36:06,False
O002119,C00055,delivered,2026-01-14T08:38:23,2026-01-14T21:38:23,2026-01-29T08:38:23,2026-01-23T08:38:23,True
O002120,C00072,delivered,2026-01-07T08:40:40,2026-01-07T09:40:40,2026-01-10T09:40:40,2026-01-19T08:40:40,False
O002121,C00089,delivered,2025-12-31T08:42:57,2025-12-31T16:42:57,2026-01-06T16:42:57,2026-01-08T08:42:57,False
O002122,C00106,delivered,2025-12-24T08:45:14,2025-12-24T23:45:14,2026-01-02T23:45:14,2026-01-04T08:45:14,False
O002123,C00123,delivered,2025-12-17T08:47:31,2025-12-17T11:47:31,2025-12-21T11:47:31,2025-12-31T08:47:31,False
O002124,C00140,delivered,2025-12-10T08:49:48,2025-12-10T18:49:48,2025-12-17T18:49:48,2025-12-20T08:49:48,False
O002125,C00157,delivered,2025-12-03T08:52:05,2025-12-04T01:52:05,2025-12-14T01:52:05,2025-12-16T08:52:05,False
O002126,C00174,delivered,2025-11-26T08:54:22,2025-11-26T13:54:22,2025-12-01T13:54:22,2025-12-05T08:54:22,False
O002127,C00191,delivered,2025-11-19T08:56:39,2025-11-19T20:56:39,2025-11-27T20:56:39,2025-12-01T08:56:39,False
O002128,C00208,delivered,2025-11-12T08:58:56,2025-11-12T08:58:56,2025-11-15T08:58:56,2025-11-20T08:58:56,False
O002129,C00225,delivered,2025-11-05T09:01:13,2025-11-05T16:01:13,2025-11-11T16:01:13,2025-11-16T09:01:13,False
O002130,C00242,delivered,2025-10-29T09:03:30,2025-10-29T23:03:30,2025-11-07T23:03:30,2025-11-12T09:03:30,False
O002131,C00259,delivered,2025-10-22T09:05:47,2025-10-22T11:05:47,2025-10-26T11:05:47,2025-11-01T09:05:47,False
O002132,C00276,delivered,2025-10-15T09:08:04,2025-10-15T18:08:04,2025-11-01T09:08:04,2025-10-28T09:08:04,True
O002133,C00293,delivered,2025-10-08T09:10:21,2025-10-09T01:10:21,2025-10-16T09:10:21,2025-10-17T09:10:21,False
O002134,C00310,delivered,2025-10-01T09:12:38,2025-10-01T13:12:38,2025-10-06T13:12:38,2025-10-13T09:12:38,False
O002135,C00327,delivered,2025-09-24T09:14:55,2025-09-24T20:14:55,2025-10-02T20:14:55,2025-10-02T09:14:55,False
O002136,C00344,delivered,2025-09-17T09:17:12,2025-09-18T03:17:12,2025-09-21T03:17:12,2025-09-28T09:17:12,False
O002137,C00361,delivered,2025-09-10T09:19:29,2025-09-10T15:19:29,2025-09-16T15:19:29,2025-09-24T09:19:29,False
O002138,C00378,delivered,2026-09-03T09:21:46,2026-09-03T22:21:46,2026-09-12T22:21:46,2026-09-13T09:21:46,False
O002139,C00395,delivered,2026-08-27T09:24:03,2026-08-27T10:24:03,2026-08-31T10:24:03,2026-09-09T09:24:03,False
O002140,C00412,delivered,2026-08-20T09:26:20,2026-08-20T17:26:20,2026-08-27T17:26:20,2026-08-29T09:26:20,False
O002141,C00429,delivered,2026-08-13T09:28:37,2026-08-14T00:28:37,2026-08-24T00:28:37,2026-08-25T09:28:37,False
O002142,C00446,delivered,2026-08-06T09:30:54,2026-08-06T12:30:54,2026-08-11T12:30:54,2026-08-14T09:30:54,False
O002143,C00463,delivered,2026-07-30T09:33:11,2026-07-30T19:33:11,2026-08-07T19:33:11,2026-08-10T09:33:11,False
O002144,C00480,delivered,2026-07-23T09:35:28,2026-07-24T02:35:28,2026-07-27T02:35:28,2026-08-06T09:35:28,False
O002145,C00497,delivered,2026-07-16T09:37:45,2026-07-16T14:37:45,2026-07-28T09:37:45,2026-07-26T09:37:45,True
O002146,C00514,delivered,2026-07-09T09:40:02,2026-07-09T21:40:02,2026-07-18T21:40:02,2026-07-22T09:40:02,False
O002147,C00531,delivered,2026-07-02T09:42:19,2026-07-02T09:42:19,2026-07-06T09:42:19,2026-07-11T09:42:19,False
O002148,C00548,delivered,2026-06-25T09:44:36,2026-06-25T16:44:36,2026-07-02T16:44:36,2026-07-07T09:44:36,False
O002149,C00565,delivered,2026-06-18T09:46:53,2026-06-18T23:46:53,2026-06-25T09:46:53,2026-06-26T09:46:53,False
O002150,C00582,delivered,2026-06-11T09:49:10,2026-06-11T11:49:10,2026-06-16T11:49:10,2026-06-22T09:49:10,False
O002151,C00599,delivered,2026-06-04T09:51:27,2026-06-04T18:51:27,2026-06-12T18:51:27,2026-06-18T09:51:27,False
O002152,C00616,delivered,2026-05-28T09:53:44,2026-05-29T01:53:44,2026-06-01T01:53:44,2026-06-07T09:53:44,False
O002153,C00633,delivered,2026-05-21T09:56:01,2026-05-21T13:56:01,2026-05-27T13:56:01,2026-06-03T09:56:01,False
O002154,C00650,delivered,2026-05-14T09:58:18,2026-05-14T20:58:18,2026-05-23T20:58:18,2026-05-23T09:58:18,False
O002155,C00667,delivered,2026-05-07T10:00:35,2026-05-08T04:00:35,2026-05-12T04:00:35,2026-05-19T10:00:35,False
O002156,C00684,delivered,2026-04-30T10:02:52,2026-04-30T16:02:52,2026-05-07T16:02:52,2026-05-08T10:02:52,False
O002157,C00701,delivered,2026-04-23T10:05:09,2026-04-23T23:05:09,2026-05-03T23:05:09,2026-05-04T10:05:09,False
O002158,C00718,delivered,2026-04-16T10:07:26,2026-04-16T11:07:26,2026-05-05T10:07:26,2026-04-30T10:07:26,True
O002159,C00735,delivered,2026-04-09T10:09:43,2026-04-09T18:09:43,2026-04-17T18:09:43,2026-04-19T10:09:43,False
O002160,C00752,delivered,2026-04-02T10:12:00,2026-04-03T01:12:00,2026-04-06T01:12:00,2026-04-15T10:12:00,False
O002161,C00769,delivered,2026-03-26T10:14:17,2026-03-26T13:14:17,2026-04-01T13:14:17,2026-04-04T10:14:17,False
O002162,C00786,delivered,2026-03-19T10:16:34,2026-03-19T20:16:34,2026-03-28T20:16:34,2026-03-31T10:16:34,False
O002163,C00803,delivered,2026-03-12T10:18:51,2026-03-13T03:18:51,2026-03-17T03:18:51,2026-03-20T10:18:51,False
O002164,C00820,delivered,2026-03-05T10:21:08,2026-03-05T15:21:08,2026-03-12T15:21:08,2026-03-16T10:21:08,False
O002165,C00837,delivered,2026-02-26T10:23:25,2026-02-26T22:23:25,2026-03-08T22:23:25,2026-03-12T10:23:25,False
O002166,C00854,delivered,2026-02-19T10:25:42,2026-02-19T10:25:42,2026-02-24T10:25:42,2026-03-01T10:25:42,False
O002167,C00871,delivered,2026-02-12T10:27:59,2026-02-12T17:27:59,2026-02-20T17:27:59,2026-02-25T10:27:59,False
O002168,C00888,delivered,2026-02-05T10:30:16,2026-02-06T00:30:16,2026-02-09T00:30:16,2026-02-14T10:30:16,False
O002169,C00905,delivered,2026-01-29T10:32:33,2026-01-29T12:32:33,2026-02-04T12:32:33,2026-02-10T10:32:33,False
O002170,C00922,delivered,2026-01-22T10:34:50,2026-01-22T19:34:50,2026-01-29T10:34:50,2026-01-30T10:34:50,False
O002171,C00939,delivered,2026-01-15T10:37:07,2026-01-16T02:37:07,2026-01-29T10:37:07,2026-01-26T10:37:07,True
O002172,C00956,delivered,2026-01-08T10:39:24,2026-01-08T14:39:24,2026-01-15T14:39:24,2026-01-22T10:39:24,False
O002173,C00973,delivered,2026-01-01T10:41:41,2026-01-01T21:41:41,2026-01-11T21:41:41,2026-01-11T10:41:41,False
O002174,C00990,delivered,2025-12-25T10:43:58,2025-12-26T04:43:58,2025-12-31T04:43:58,2026-01-07T10:43:58,False
O002175,C00007,delivered,2025-12-18T10:46:15,2025-12-18T16:46:15,2025-12-26T16:46:15,2025-12-27T10:46:15,False
O002176,C00024,delivered,2025-12-11T10:48:32,2025-12-11T23:48:32,2025-12-14T23:48:32,2025-12-23T10:48:32,False
O002177,C00041,delivered,2025-12-04T10:50:49,2025-12-04T11:50:49,2025-12-10T11:50:49,2025-12-12T10:50:49,False
O002178,C00058,delivered,2025-11-27T10:53:06,2025-11-27T18:53:06,2025-12-06T18:53:06,2025-12-08T10:53:06,False
O002179,C00075,delivered,2025-11-20T10:55:23,2025-11-21T01:55:23,2025-11-25T01:55:23,2025-12-04T10:55:23,False
O002180,C00092,delivered,2025-11-13T10:57:40,2025-11-13T13:57:40,2025-11-20T13:57:40,2025-11-23T10:57:40,False
O002181,C00109,delivered,2025-11-06T10:59:57,2025-11-06T20:59:57,2025-11-16T20:59:57,2025-11-19T10:59:57,False
O002182,C00126,delivered,2025-10-30T11:02:14,2025-10-31T04:02:14,2025-11-05T04:02:14,2025-11-08T11:02:14,False
O002183,C00143,delivered,2025-10-23T11:04:31,2025-10-23T16:04:31,2025-10-31T16:04:31,2025-11-04T11:04:31,False
O002184,C00160,delivered,2025-10-16T11:06:48,2025-10-16T23:06:48,2025-10-30T11:06:48,2025-10-24T11:06:48,True
O002185,C00177,delivered,2025-10-09T11:09:05,2025-10-09T11:09:05,2025-10-15T11:09:05,2025-10-20T11:09:05,False
O002186,C00194,delivered,2025-10-02T11:11:22,2025-10-02T18:11:22,2025-10-11T18:11:22,2025-10-16T11:11:22,False
O002187,C00211,delivered,2025-09-25T11:13:39,2025-09-26T01:13:39,2025-09-30T01:13:39,2025-10-05T11:13:39,False
O002188,C00228,delivered,2025-09-18T11:15:56,2025-09-18T13:15:56,2025-09-25T13:15:56,2025-10-01T11:15:56,False
O002189,C00245,delivered,2025-09-11T11:18:13,2025-09-11T20:18:13,2025-09-19T11:18:13,2025-09-20T11:18:13,False
O002190,C00262,shipped,2026-09-04T11:20:30,2026-09-05T03:20:30,2026-09-10T03:20:30,2026-09-16T11:20:30,False
O002191,C00279,shipped,2026-08-28T11:22:47,2026-08-28T15:22:47,2026-09-05T15:22:47,2026-09-05T11:22:47,False
O002192,C00296,shipped,2026-08-21T11:25:04,2026-08-21T22:25:04,2026-08-24T22:25:04,2026-09-01T11:25:04,False
O002193,C00313,shipped,2026-08-14T11:27:21,2026-08-15T05:27:21,2026-08-21T05:27:21,2026-08-28T11:27:21,False
O002194,C00330,processing,2026-08-07T11:29:38,2026-08-07T17:29:38,,2026-08-17T11:29:38,
O002195,C00347,processing,2026-07-31T11:31:55,2026-08-01T00:31:55,,2026-08-13T11:31:55,
O002196,C00364,processing,2026-07-24T11:34:12,2026-07-24T12:34:12,,2026-08-02T11:34:12,
O002197,C00381,canceled,2026-07-17T11:36:29,2026-07-17T19:36:29,,2026-07-29T11:36:29,
O002198,C00398,canceled,2026-07-10T11:38:46,2026-07-11T02:38:46,,2026-07-18T11:38:46,
O002199,C00415,invoiced,2026-07-03T11:41:03,2026-07-03T14:41:03,,2026-07-14T11:41:03,
O002200,C00432,delivered,2026-06-26T11:43:20,2026-06-26T21:43:20,2026-06-29T21:43:20,2026-07-10T11:43:20,False
O002201,C00449,delivered,2026-06-19T11:45:37,2026-06-20T04:45:37,2026-06-26T04:45:37,2026-06-29T11:45:37,False
O002202,C00466,delivered,2026-06-12T11:47:54,2026-06-12T16:47:54,2026-06-21T16:47:54,2026-06-25T11:47:54,False
O002203,C00483,delivered,2026-06-05T11:50:11,2026-06-05T23:50:11,2026-06-09T23:50:11,2026-06-14T11:50:11,False
O002204,C00500,delivered,2026-05-29T11:52:28,2026-05-29T11:52:28,2026-06-05T11:52:28,2026-06-10T11:52:28,False
O002205,C00517,delivered,2026-05-22T11:54:45,2026-05-22T18:54:45,2026-05-29T11:54:45,2026-05-30T11:54:45,False
O002206,C00534,delivered,2026-05-15T11:57:02,2026-05-16T01:57:02,2026-05-21T01:57:02,2026-05-26T11:57:02,False
O002207,C00551,delivered,2026-05-08T11:59:19,2026-05-08T13:59:19,2026-05-16T13:59:19,2026-05-22T11:59:19,False
O002208,C00568,delivered,2026-05-01T12:01:36,2026-05-01T21:01:36,2026-05-04T21:01:36,2026-05-11T12:01:36,False
O002209,C00585,delivered,2026-04-24T12:03:53,2026-04-25T04:03:53,2026-05-01T04:03:53,2026-05-07T12:03:53,False
O002210,C00602,delivered,2026-04-17T12:06:10,2026-04-17T16:06:10,2026-04-28T12:06:10,2026-04-26T12:06:10,True
O002211,C00619,delivered,2026-04-10T12:08:27,2026-04-10T23:08:27,2026-04-14T23:08:27,2026-04-22T12:08:27,False
O002212,C00636,delivered,2026-04-03T12:10:44,2026-04-04T06:10:44,2026-04-11T06:10:44,2026-04-11T12:10:44,False
O002213,C00653,delivered,2026-03-27T12:13:01,2026-03-27T18:13:01,2026-04-06T18:13:01,2026-04-07T12:13:01,False
O002214,C00670,delivered,2026-03-20T12:15:18,2026-03-21T01:15:18,2026-03-26T01:15:18,2026-04-03T12:15:18,False
O002215,C00687,delivered,2026-03-13T12:17:35,2026-03-13T13:17:35,2026-03-21T13:17:35,2026-03-23T12:17:35,False
O002216,C00704,delivered,2026-03-06T12:19:52,2026-03-06T20:19:52,2026-03-09T20:19:52,2026-03-19T12:19:52,False
O002217,C00721,delivered,2026-02-27T12:22:09,2026-02-28T03:22:09,2026-03-06T03:22:09,2026-03-08T12:22:09,False
O002218,C00738,delivered,2026-02-20T12:24:26,2026-02-20T15:24:26,2026-03-01T15:24:26,2026-03-04T12:24:26,False
O002219,C00755,delivered,2026-02-13T12:26:43,2026-02-13T22:26:43,2026-02-17T22:26:43,2026-02-21T12:26:43,False
O002220,C00772,delivered,2026-02-06T12:29:00,2026-02-07T05:29:00,2026-02-14T05:29:00,2026-02-17T12:29:00,False
O002221,C00789,delivered,2026-01-30T12:31:17,2026-01-30T17:31:17,2026-02-09T17:31:17,2026-02-13T12:31:17,False
O002222,C00806,delivered,2026-01-23T12:33:34,2026-01-24T00:33:34,2026-01-29T00:33:34,2026-02-02T12:33:34,False
O002223,C00823,delivered,2026-01-16T12:35:51,2026-01-16T12:35:51,2026-02-03T12:35:51,2026-01-29T12:35:51,True
O002224,C00840,delivered,2026-01-09T12:38:08,2026-01-09T19:38:08,2026-01-12T19:38:08,2026-01-18T12:38:08,False
O002225,C00857,delivered,2026-01-02T12:40:25,2026-01-03T02:40:25,2026-01-09T02:40:25,2026-01-14T12:40:25,False
O002226,C00874,delivered,2025-12-26T12:42:42,2025-12-26T14:42:42,2026-01-02T12:42:42,2026-01-03T12:42:42,False
O002227,C00891,delivered,2025-12-19T12:44:59,2025-12-19T21:44:59,2025-12-23T21:44:59,2025-12-30T12:44:59,False
O002228,C00908,delivered,2025-12-12T12:47:16,2025-12-13T04:47:16,2025-12-20T04:47:16,2025-12-26T12:47:16,False
O002229,C00925,delivered,2025-12-05T12:49:33,2025-12-05T16:49:33,2025-12-15T16:49:33,2025-12-15T12:49:33,False
O002230,C00942,delivered,2025-11-28T12:51:50,2025-11-28T23:51:50,2025-12-03T23:51:50,2025-12-11T12:51:50,False
O002231,C00959,delivered,2025-11-21T12:54:07,2025-11-22T06:54:07,2025-11-30T06:54:07,2025-11-30T12:54:07,False
O002232,C00976,delivered,2025-11-14T12:56:24,2025-11-14T18:56:24,2025-11-17T18:56:24,2025-11-26T12:56:24,False
O002233,C00993,delivered,2025-11-07T12:58:41,2025-11-08T01:58:41,2025-11-14T01:58:41,2025-11-15T12:58:41,False
O002234,C00010,delivered,2025-10-31T13:00:58,2025-10-31T14:00:58,2025-11-09T14:00:58,2025-11-11T13:00:58,False
O002235,C00027,delivered,2025-10-24T13:03:15,2025-10-24T21:03:15,2025-10-28T21:03:15,2025-11-07T13:03:15,False
O002236,C00044,delivered,2025-10-17T13:05:32,2025-10-18T04:05:32,2025-10-30T13:05:32,2025-10-27T13:05:32,True
O002237,C00061,delivered,2025-10-10T13:07:49,2025-10-10T16:07:49,2025-10-20T16:07:49,2025-10-23T13:07:49,False
O002238,C00078,delivered,2025-10-03T13:10:06,2025-10-03T23:10:06,2025-10-08T23:10:06,2025-10-12T13:10:06,False
O002239,C00095,delivered,2025-09-26T13:12:23,2025-09-27T06:12:23,2025-10-05T06:12:23,2025-10-08T13:12:23,False
O002240,C00112,delivered,2025-09-19T13:14:40,2025-09-19T18:14:40,2025-09-22T18:14:40,2025-09-27T13:14:40,False
O002241,C00129,delivered,2025-09-12T13:16:57,2025-09-13T01:16:57,2025-09-19T01:16:57,2025-09-23T13:16:57,False
O002242,C00146,delivered,2025-09-05T13:19:14,2025-09-05T13:19:14,2025-09-14T13:19:14,2025-09-19T13:19:14,False
O002243,C00163,delivered,2026-08-29T13:21:31,2026-08-29T20:21:31,2026-09-02T20:21:31,2026-09-08T13:21:31,False
O002244,C00180,delivered,2026-08-22T13:23:48,2026-08-23T03:23:48,2026-08-30T03:23:48,2026-09-04T13:23:48,False
O002245,C00197,delivered,2026-08-15T13:26:05,2026-08-15T15:26:05,2026-08-23T13:26:05,2026-08-24T13:26:05,False
O002246,C00214,delivered,2026-08-08T13:28:22,2026-08-08T22:28:22,2026-08-13T22:28:22,2026-08-20T13:28:22,False
O002247,C00231,delivered,2026-08-01T13:30:39,2026-08-02T05:30:39,2026-08-08T13:30:39,2026-08-09T13:30:39,False
O002248,C00248,delivered,2026-07-25T13:32:56,2026-07-25T17:32:56,2026-07-28T17:32:56,2026-08-05T13:32:56,False
O002249,C00265,delivered,2026-07-18T13:35:13,2026-07-19T00:35:13,2026-08-07T13:35:13,2026-08-01T13:35:13,True
O002250,C00282,delivered,2026-07-11T13:37:30,2026-07-12T07:37:30,2026-07-21T07:37:30,2026-07-21T13:37:30,False
O002251,C00299,delivered,2026-07-04T13:39:47,2026-07-04T19:39:47,2026-07-08T19:39:47,2026-07-17T13:39:47,False
O002252,C00316,delivered,2026-06-27T13:42:04,2026-06-28T02:42:04,2026-07-05T02:42:04,2026-07-06T13:42:04,False
O002253,C00333,delivered,2026-06-20T13:44:21,2026-06-20T14:44:21,2026-06-30T14:44:21,2026-07-02T13:44:21,False
O002254,C00350,delivered,2026-06-13T13:46:38,2026-06-13T21:46:38,2026-06-18T21:46:38,2026-06-21T13:46:38,False
O002255,C00367,delivered,2026-06-06T13:48:55,2026-06-07T04:48:55,2026-06-15T04:48:55,2026-06-17T13:48:55,False
O002256,C00384,delivered,2026-05-30T13:51:12,2026-05-30T16:51:12,2026-06-02T16:51:12,2026-06-13T13:51:12,False
O002257,C00401,delivered,2026-05-23T13:53:29,2026-05-23T23:53:29,2026-05-29T23:53:29,2026-06-02T13:53:29,False
O002258,C00418,delivered,2026-05-16T13:55:46,2026-05-17T06:55:46,2026-05-26T06:55:46,2026-05-29T13:55:46,False
O002259,C00435,delivered,2026-05-09T13:58:03,2026-05-09T18:58:03,2026-05-13T18:58:03,2026-05-18T13:58:03,False
O002260,C00452,delivered,2026-05-02T14:00:20,2026-05-03T02:00:20,2026-05-10T02:00:20,2026-05-14T14:00:20,False
O002261,C00469,delivered,2026-04-25T14:02:37,2026-04-25T14:02:37,2026-05-02T14:02:37,2026-05-03T14:02:37,False
O002262,C00486,delivered,2026-04-18T14:04:54,2026-04-18T21:04:54,2026-05-03T14:04:54,2026-04-29T14:04:54,True
O002263,C00503,delivered,2026-04-11T14:07:11,2026-04-12T04:07:11,2026-04-20T04:07:11,2026-04-25T14:07:11,False
O002264,C00520,delivered,2026-04-04T14:09:28,2026-04-04T16:09:28,2026-04-07T16:09:28,2026-04-14T14:09:28,False
O002265,C00537,delivered,2026-03-28T14:11:45,2026-03-28T23:11:45,2026-04-03T23:11:45,2026-04-10T14:11:45,False
O002266,C00554,delivered,2026-03-21T14:14:02,2026-03-22T06:14:02,2026-03-29T14:14:02,2026-03-30T14:14:02,False
O002267,C00571,delivered,2026-03-14T14:16:19,2026-03-14T18:16:19,2026-03-18T18:16:19,2026-03-26T14:16:19,False
O002268,C00588,delivered,2026-03-07T14:18:36,2026-03-08T01:18:36,2026-03-15T01:18:36,2026-03-15T14:18:36,False
O002269,C00605,delivered,2026-02-28T14:20:53,2026-03-01T08:20:53,2026-03-11T08:20:53,2026-03-11T14:20:53,False
O002270,C00622,delivered,2026-02-21T14:23:10,2026-02-21T20:23:10,2026-02-26T20:23:10,2026-03-07T14:23:10,False
O002271,C00639,delivered,2026-02-14T14:25:27,2026-02-15T03:25:27,2026-02-23T03:25:27,2026-02-24T14:25:27,False
O002272,C00656,delivered,2026-02-07T14:27:44,2026-02-07T15:27:44,2026-02-10T15:27:44,2026-02-20T14:27:44,False
O002273,C00673,delivered,2026-01-31T14:30:01,2026-01-31T22:30:01,2026-02-06T22:30:01,2026-02-09T14:30:01,False
O002274,C00690,delivered,2026-01-24T14:32:18,2026-01-25T05:32:18,2026-02-03T05:32:18,2026-02-05T14:32:18,False
O002275,C00707,delivered,2026-01-17T14:34:35,2026-01-17T17:34:35,2026-01-27T14:34:35,2026-01-25T14:34:35,True
O002276,C00724,delivered,2026-01-10T14:36:52,2026-01-11T00:36:52,2026-01-18T00:36:52,2026-01-21T14:36:52,False
O002277,C00741,delivered,2026-01-03T14:39:09,2026-01-04T07:39:09,2026-01-14T07:39:09,2026-01-17T14:39:09,False
O002278,C00758,delivered,2025-12-27T14:41:26,2025-12-27T19:41:26,2026-01-01T19:41:26,2026-01-06T14:41:26,False
O002279,C00775,delivered,2025-12-20T14:43:43,2025-12-21T02:43:43,2025-12-29T02:43:43,2026-01-02T14:43:43,False
O002280,C00792,delivered,2025-12-13T14:46:00,2025-12-13T14:46:00,2025-12-16T14:46:00,2025-12-22T14:46:00,False
O002281,C00809,delivered,2025-12-06T14:48:17,2025-12-06T21:48:17,2025-12-12T21:48:17,2025-12-18T14:48:17,False
O002282,C00826,delivered,2025-11-29T14:50:34,2025-11-30T04:50:34,2025-12-06T14:50:34,2025-12-07T14:50:34,False
O002283,C00843,delivered,2025-11-22T14:52:51,2025-11-22T16:52:51,2025-11-26T16:52:51,2025-12-03T14:52:51,False
O002284,C00860,delivered,2025-11-15T14:55:08,2025-11-15T23:55:08,2025-11-22T23:55:08,2025-11-29T14:55:08,False
O002285,C00877,delivered,2025-11-08T14:57:25,2025-11-09T06:57:25,2025-11-17T14:57:25,2025-11-18T14:57:25,False
O002286,C00894,delivered,2025-11-01T14:59:42,2025-11-01T18:59:42,2025-11-06T18:59:42,2025-11-14T14:59:42,False
O002287,C00911,delivered,2025-10-25T15:01:59,2025-10-26T02:01:59,2025-11-03T02:01:59,2025-11-03T15:01:59,False
O002288,C00928,delivered,2025-10-18T15:04:16,2025-10-19T09:04:16,2025-11-04T15:04:16,2025-10-30T15:04:16,True
O002289,C00945,delivered,2025-10-11T15:06:33,2025-10-11T21:06:33,2025-10-17T21:06:33,2025-10-19T15:06:33,False
O002290,C00962,shipped,2025-10-04T15:08:50,2025-10-05T04:08:50,2025-10-14T04:08:50,2025-10-15T15:08:50,False
O002291,C00979,shipped,2025-09-27T15:11:07,2025-09-27T16:11:07,2025-10-01T16:11:07,2025-10-11T15:11:07,False
O002292,C00996,shipped,2025-09-20T15:13:24,2025-09-20T23:13:24,2025-09-27T23:13:24,2025-09-30T15:13:24,False
O002293,C00013,shipped,2025-09-13T15:15:41,2025-09-14T06:15:41,2025-09-24T06:15:41,2025-09-26T15:15:41,False
O002294,C00030,processing,2025-09-06T15:17:58,2025-09-06T18:17:58,,2025-09-15T15:17:58,
O002295,C00047,processing,2026-08-30T15:20:15,2026-08-31T01:20:15,,2026-09-11T15:20:15,
O002296,C00064,processing,2026-08-23T15:22:32,2026-08-24T08:22:32,,2026-08-31T15:22:32,
O002297,C00081,canceled,2026-08-16T15:24:49,2026-08-16T20:24:49,,2026-08-27T15:24:49,
O002298,C00098,canceled,2026-08-09T15:27:06,2026-08-10T03:27:06,,2026-08-23T15:27:06,
O002299,C00115,invoiced,2026-08-02T15:29:23,2026-08-02T15:29:23,,2026-08-12T15:29:23,
O002300,C00132,delivered,2026-07-26T15:31:40,2026-07-26T22:31:40,2026-08-02T22:31:40,2026-08-08T15:31:40,False
O002301,C00149,delivered,2026-07-19T15:33:57,2026-07-20T05:33:57,2026-07-31T15:33:57,2026-07-28T15:33:57,True
O002302,C00166,delivered,2026-07-12T15:36:14,2026-07-12T17:36:14,2026-07-17T17:36:14,2026-07-24T15:36:14,False
O002303,C00183,delivered,2026-07-05T15:38:31,2026-07-06T00:38:31,2026-07-12T15:38:31,2026-07-13T15:38:31,False
O002304,C00200,delivered,2026-06-28T15:40:48,2026-06-29T07:40:48,2026-07-02T07:40:48,2026-07-09T15:40:48,False
O002305,C00217,delivered,2026-06-21T15:43:05,2026-06-21T19:43:05,2026-06-27T19:43:05,2026-07-05T15:43:05,False
O002306,C00234,delivered,2026-06-14T15:45:22,2026-06-15T02:45:22,2026-06-24T02:45:22,2026-06-24T15:45:22,False
O002307,C00251,delivered,2026-06-07T15:47:39,2026-06-08T09:47:39,2026-06-12T09:47:39,2026-06-20T15:47:39,False
O002308,C00268,delivered,2026-05-31T15:49:56,2026-05-31T21:49:56,2026-06-07T21:49:56,2026-06-09T15:49:56,False
O002309,C00285,delivered,2026-05-24T15:52:13,2026-05-25T04:52:13,2026-06-04T04:52:13,2026-06-05T15:52:13,False
O002310,C00302,delivered,2026-05-17T15:54:30,2026-05-17T16:54:30,2026-05-22T16:54:30,2026-05-25T15:54:30,False
O002311,C00319,delivered,2026-05-10T15:56:47,2026-05-10T23:56:47,2026-05-18T23:56:47,2026-05-21T15:56:47,False
O002312,C00336,delivered,2026-05-03T15:59:04,2026-05-04T06:59:04,2026-05-07T06:59:04,2026-05-17T15:59:04,False
O002313,C00353,delivered,2026-04-26T16:01:21,2026-04-26T19:01:21,2026-05-02T19:01:21,2026-05-06T16:01:21,False
O002314,C00370,delivered,2026-04-19T16:03:38,2026-04-20T02:03:38,2026-05-08T16:03:38,2026-05-02T16:03:38,True
O002315,C00387,delivered,2026-04-12T16:05:55,2026-04-13T09:05:55,2026-04-17T09:05:55,2026-04-21T16:05:55,False
O002316,C00404,delivered,2026-04-05T16:08:12,2026-04-05T21:08:12,2026-04-12T21:08:12,2026-04-17T16:08:12,False
O002317,C00421,delivered,2026-03-29T16:10:29,2026-03-30T04:10:29,2026-04-05T16:10:29,2026-04-06T16:10:29,False
O002318,C00438,delivered,2026-03-22T16:12:46,2026-03-22T16:12:46,2026-03-27T16:12:46,2026-04-02T16:12:46,False
O002319,C00455,delivered,2026-03-15T16:15:03,2026-03-15T23:15:03,2026-03-23T23:15:03,2026-03-29T16:15:03,False
O002320,C00472,delivered,2026-03-08T16:17:20,2026-03-09T06:17:20,2026-03-12T06:17:20,2026-03-18T16:17:20,False
O002321,C00489,delivered,2026-03-01T16:19:37,2026-03-01T18:19:37,2026-03-07T18:19:37,2026-03-14T16:19:37,False
O002322,C00506,delivered,2026-02-22T16:21:54,2026-02-23T01:21:54,2026-03-02T16:21:54,2026-03-03T16:21:54,False
O002323,C00523,delivered,2026-02-15T16:24:11,2026-02-16T08:24:11,2026-02-20T08:24:11,2026-02-27T16:24:11,False
O002324,C00540,delivered,2026-02-08T16:26:28,2026-02-08T20:26:28,2026-02-15T20:26:28,2026-02-16T16:26:28,False
O002325,C00557,delivered,2026-02-01T16:28:45,2026-02-02T03:28:45,2026-02-12T03:28:45,2026-02-12T16:28:45,False
O002326,C00574,delivered,2026-01-25T16:31:02,2026-01-26T10:31:02,2026-01-31T10:31:02,2026-02-08T16:31:02,False
O002327,C00591,delivered,2026-01-18T16:33:19,2026-01-18T22:33:19,2026-02-01T16:33:19,2026-01-28T16:33:19,True
O002328,C00608,delivered,2026-01-11T16:35:36,2026-01-12T05:35:36,2026-01-15T05:35:36,2026-01-24T16:35:36,False
O002329,C00625,delivered,2026-01-04T16:37:53,2026-01-04T17:37:53,2026-01-10T17:37:53,2026-01-13T16:37:53,False
O002330,C00642,delivered,2025-12-28T16:40:10,2025-12-29T00:40:10,2026-01-07T00:40:10,2026-01-09T16:40:10,False
O002331,C00659,delivered,2025-12-21T16:42:27,2025-12-22T07:42:27,2025-12-26T07:42:27,2025-12-29T16:42:27,False
O002332,C00676,delivered,2025-12-14T16:44:44,2025-12-14T19:44:44,2025-12-21T19:44:44,2025-12-25T16:44:44,False
O002333,C00693,delivered,2025-12-07T16:47:01,2025-12-08T02:47:01,2025-12-18T02:47:01,2025-12-21T16:47:01,False
O002334,C00710,delivered,2025-11-30T16:49:18,2025-12-01T09:49:18,2025-12-06T09:49:18,2025-12-10T16:49:18,False
O002335,C00727,delivered,2025-11-23T16:51:35,2025-11-23T21:51:35,2025-12-01T21:51:35,2025-12-06T16:51:35,False
O002336,C00744,delivered,2025-11-16T16:53:52,2025-11-17T04:53:52,2025-11-20T04:53:52,2025-11-25T16:53:52,False
O002337,C00761,delivered,2025-11-09T16:56:09,2025-11-09T16:56:09,2025-11-15T16:56:09,2025-11-21T16:56:09,False
O002338,C00778,delivered,2025-11-02T16:58:26,2025-11-02T23:58:26,2025-11-09T16:58:26,2025-11-10T16:58:26,False
O002339,C00795,delivered,2025-10-26T17:00:43,2025-10-27T07:00:43,2025-10-31T07:00:43,2025-11-06T17:00:43,False
O002340,C00812,delivered,2025-10-19T17:03:00,2025-10-19T19:03:00,2025-11-04T17:03:00,2025-11-02T17:03:00,True
O002341,C00829,delivered,2025-10-12T17:05:17,2025-10-13T02:05:17,2025-10-21T17:05:17,2025-10-22T17:05:17,False
O002342,C00846,delivered,2025-10-05T17:07:34,2025-10-06T09:07:34,2025-10-11T09:07:34,2025-10-18T17:07:34,False
O002343,C00863,delivered,2025-09-28T17:09:51,2025-09-28T21:09:51,2025-10-06T21:09:51,2025-10-07T17:09:51,False
O002344,C00880,delivered,2025-09-21T17:12:08,2025-09-22T04:12:08,2025-09-25T04:12:08,2025-10-03T17:12:08,False
O002345,C00897,delivered,2025-09-14T17:14:25,2025-09-15T11:14:25,2025-09-21T11:14:25,2025-09-22T17:14:25,False
O002346,C00914,delivered,2025-09-07T17:16:42,2025-09-07T23:16:42,2025-09-16T23:16:42,2025-09-18T17:16:42,False
O002347,C00931,delivered,2026-08-31T17:18:59,2026-09-01T06:18:59,2026-09-05T06:18:59,2026-09-14T17:18:59,False
O002348,C00948,delivered,2026-08-24T17:21:16,2026-08-24T18:21:16,2026-08-31T18:21:16,2026-09-03T17:21:16,False
O002349,C00965,delivered,2026-08-17T17:23:33,2026-08-18T01:23:33,2026-08-28T01:23:33,2026-08-30T17:23:33,False
O002350,C00982,delivered,2026-08-10T17:25:50,2026-08-11T08:25:50,2026-08-16T08:25:50,2026-08-19T17:25:50,False
O002351,C00999,delivered,2026-08-03T17:28:07,2026-08-03T20:28:07,2026-08-11T20:28:07,2026-08-15T17:28:07,False
O002352,C00016,delivered,2026-07-27T17:30:24,2026-07-28T03:30:24,2026-07-31T03:30:24,2026-08-04T17:30:24,False
O002353,C00033,delivered,2026-07-20T17:32:41,2026-07-21T10:32:41,2026-08-05T17:32:41,2026-07-31T17:32:41,True
O002354,C00050,delivered,2026-07-13T17:34:58,2026-07-13T22:34:58,2026-07-22T22:34:58,2026-07-27T17:34:58,False
O002355,C00067,delivered,2026-07-06T17:37:15,2026-07-07T05:37:15,2026-07-11T05:37:15,2026-07-16T17:37:15,False
O002356,C00084,delivered,2026-06-29T17:39:32,2026-06-29T17:39:32,2026-07-06T17:39:32,2026-07-12T17:39:32,False
O002357,C00101,delivered,2026-06-22T17:41:49,2026-06-23T00:41:49,2026-06-30T17:41:49,2026-07-01T17:41:49,False
O002358,C00118,delivered,2026-06-15T17:44:06,2026-06-16T07:44:06,2026-06-21T07:44:06,2026-06-27T17:44:06,False
O002359,C00135,delivered,2026-06-08T17:46:23,2026-06-08T19:46:23,2026-06-16T19:46:23,2026-06-16T17:46:23,False
O002360,C00152,delivered,2026-06-01T17:48:40,2026-06-02T02:48:40,2026-06-05T02:48:40,2026-06-12T17:48:40,False
O002361,C00169,delivered,2026-05-25T17:50:57,2026-05-26T09:50:57,2026-06-01T09:50:57,2026-06-08T17:50:57,False
O002362,C00186,delivered,2026-05-18T17:53:14,2026-05-18T21:53:14,2026-05-27T21:53:14,2026-05-28T17:53:14,False
O002363,C00203,delivered,2026-05-11T17:55:31,2026-05-12T04:55:31,2026-05-16T04:55:31,2026-05-24T17:55:31,False
O002364,C00220,delivered,2026-05-04T17:57:48,2026-05-05T11:57:48,2026-05-12T11:57:48,2026-05-13T17:57:48,False
O002365,C00237,delivered,2026-04-27T18:00:05,2026-04-28T00:00:05,2026-05-08T00:00:05,2026-05-09T18:00:05,False
O002366,C00254,delivered,2026-04-20T18:02:22,2026-04-21T07:02:22,2026-05-01T18:02:22,2026-04-28T18:02:22,True
O002367,C00271,delivered,2026-04-13T18:04:39,2026-04-13T19:04:39,2026-04-21T19:04:39,2026-04-24T18:04:39,False
O002368,C00288,delivered,2026-04-06T18:06:56,2026-04-07T02:06:56,2026-04-10T02:06:56,2026-04-20T18:06:56,False
O002369,C00305,delivered,2026-03-30T18:09:13,2026-03-31T09:09:13,2026-04-06T09:09:13,2026-04-09T18:09:13,False
O002370,C00322,delivered,2026-03-23T18:11:30,2026-03-23T21:11:30,2026-04-01T21:11:30,2026-04-05T18:11:30,False
O002371,C00339,delivered,2026-03-16T18:13:47,2026-03-17T04:13:47,2026-03-21T04:13:47,2026-03-25T18:13:47,False
O002372,C00356,delivered,2026-03-09T18:16:04,2026-03-10T11:16:04,2026-03-17T11:16:04,2026-03-21T18:16:04,False
O002373,C00373,delivered,2026-03-02T18:18:21,2026-03-02T23:18:21,2026-03-09T18:18:21,2026-03-10T18:18:21,False
O002374,C00390,delivered,2026-02-23T18:20:38,2026-02-24T06:20:38,2026-03-01T06:20:38,2026-03-06T18:20:38,False
O002375,C00407,delivered,2026-02-16T18:22:55,2026-02-16T18:22:55,2026-02-24T18:22:55,2026-03-02T18:22:55,False
O002376,C00424,delivered,2026-02-09T18:25:12,2026-02-10T01:25:12,2026-02-13T01:25:12,2026-02-19T18:25:12,False
O002377,C00441,delivered,2026-02-02T18:27:29,2026-02-03T08:27:29,2026-02-09T08:27:29,2026-02-15T18:27:29,False
O002378,C00458,delivered,2026-01-26T18:29:46,2026-01-26T20:29:46,2026-02-04T20:29:46,2026-02-04T18:29:46,False
O002379,C00475,delivered,2026-01-19T18:32:03,2026-01-20T03:32:03,2026-02-06T18:32:03,2026-01-31T18:32:03,True
O002380,C00492,delivered,2026-01-12T18:34:20,2026-01-13T10:34:20,2026-01-20T10:34:20,2026-01-20T18:34:20,False
O002381,C00509,delivered,2026-01-05T18:36:37,2026-01-05T22:36:37,2026-01-15T22:36:37,2026-01-16T18:36:37,False
O002382,C00526,delivered,2025-12-29T18:38:54,2025-12-30T05:38:54,2026-01-04T05:38:54,2026-01-12T18:38:54,False
O002383,C00543,delivered,2025-12-22T18:41:11,2025-12-23T12:41:11,2025-12-31T12:41:11,2026-01-01T18:41:11,False
O002384,C00560,delivered,2025-12-15T18:43:28,2025-12-16T00:43:28,2025-12-19T00:43:28,2025-12-28T18:43:28,False
O002385,C00577,delivered,2025-12-08T18:45:45,2025-12-09T07:45:45,2025-12-15T07:45:45,2025-12-17T18:45:45,False
O002386,C00594,delivered,2025-12-01T18:48:02,2025-12-01T19:48:02,2025-12-10T19:48:02,2025-12-13T18:48:02,False
O002387,C00611,delivered,2025-11-24T18:50:19,2025-11-25T02:50:19,2025-11-29T02:50:19,2025-12-02T18:50:19,False
O002388,C00628,delivered,2025-11-17T18:52:36,2025-11-18T09:52:36,2025-11-25T09:52:36,2025-11-28T18:52:36,False
O002389,C00645,delivered,2025-11-10T18:54:53,2025-11-10T21:54:53,2025-11-20T21:54:53,2025-11-24T18:54:53,False
O002390,C00662,shipped,2025-11-03T18:57:10,2025-11-04T04:57:10,2025-11-09T04:57:10,2025-11-13T18:57:10,False
O002391,C00679,shipped,2025-10-27T18:59:27,2025-10-28T11:59:27,2025-11-05T11:59:27,2025-11-09T18:59:27,False
O002392,C00696,shipped,2025-10-20T19:01:44,2025-10-21T00:01:44,2025-11-02T19:01:44,2025-10-29T19:01:44,True
O002393,C00713,shipped,2025-10-13T19:04:01,2025-10-14T07:04:01,2025-10-20T07:04:01,2025-10-25T19:04:01,False
O002394,C00730,processing,2025-10-06T19:06:18,2025-10-06T19:06:18,,2025-10-14T19:06:18,
O002395,C00747,processing,2025-09-29T19:08:35,2025-09-30T02:08:35,,2025-10-10T19:08:35,
O002396,C00764,processing,2025-09-22T19:10:52,2025-09-23T09:10:52,,2025-10-06T19:10:52,
O002397,C00781,canceled,2025-09-15T19:13:09,2025-09-15T21:13:09,,2025-09-25T19:13:09,
O002398,C00798,canceled,2025-09-08T19:15:26,2025-09-09T04:15:26,,2025-09-21T19:15:26,
O002399,C00815,invoiced,2026-09-01T19:17:43,2026-09-02T11:17:43,,2026-09-10T19:17:43,
O002400,C00832,delivered,2026-08-25T19:20:00,2026-08-25T23:20:00,2026-08-28T23:20:00,2026-09-06T19:20:00,False
O002401,C00849,delivered,2026-08-18T19:22:17,2026-08-19T06:22:17,2026-08-25T06:22:17,2026-08-26T19:22:17,False
O002402,C00866,delivered,2026-08-11T19:24:34,2026-08-12T13:24:34,2026-08-21T13:24:34,2026-08-22T19:24:34,False
O002403,C00883,delivered,2026-08-04T19:26:51,2026-08-05T01:26:51,2026-08-09T01:26:51,2026-08-18T19:26:51,False
O002404,C00900,delivered,2026-07-28T19:29:08,2026-07-29T08:29:08,2026-08-05T08:29:08,2026-08-07T19:29:08,False
O002405,C00917,delivered,2026-07-21T19:31:25,2026-07-21T20:31:25,2026-08-05T19:31:25,2026-08-03T19:31:25,True
O002406,C00934,delivered,2026-07-14T19:33:42,2026-07-15T03:33:42,2026-07-20T03:33:42,2026-07-23T19:33:42,False
O002407,C00951,delivered,2026-07-07T19:35:59,2026-07-08T10:35:59,2026-07-16T10:35:59,2026-07-19T19:35:59,False
O002408,C00968,delivered,2026-06-30T19:38:16,2026-06-30T22:38:16,2026-07-03T22:38:16,2026-07-08T19:38:16,False
O002409,C00985,delivered,2026-06-23T19:40:33,2026-06-24T05:40:33,2026-06-30T05:40:33,2026-07-04T19:40:33,False
O002410,C00002,delivered,2026-06-16T19:42:50,2026-06-17T12:42:50,2026-06-26T12:42:50,2026-06-30T19:42:50,False
O002411,C00019,delivered,2026-06-09T19:45:07,2026-06-10T00:45:07,2026-06-14T00:45:07,2026-06-19T19:45:07,False
O002412,C00036,delivered,2026-06-02T19:47:24,2026-06-03T07:47:24,2026-06-10T07:47:24,2026-06-15T19:47:24,False
O002413,C00053,delivered,2026-05-26T19:49:41,2026-05-26T19:49:41,2026-06-03T19:49:41,2026-06-04T19:49:41,False
O002414,C00070,delivered,2026-05-19T19:51:58,2026-05-20T02:51:58,2026-05-25T02:51:58,2026-05-31T19:51:58,False
O002415,C00087,delivered,2026-05-12T19:54:15,2026-05-13T09:54:15,2026-05-19T19:54:15,2026-05-20T19:54:15,False
O002416,C00104,delivered,2026-05-05T19:56:32,2026-05-05T21:56:32,2026-05-08T21:56:32,2026-05-16T19:56:32,False
O002417,C00121,delivered,2026-04-28T19:58:49,2026-04-29T04:58:49,2026-05-05T04:58:49,2026-05-12T19:58:49,False
O002418,C00138,delivered,2026-04-21T20:01:06,2026-04-22T12:01:06,2026-05-06T20:01:06,2026-05-01T20:01:06,True
O002419,C00155,delivered,2026-04-14T20:03:23,2026-04-15T00:03:23,2026-04-19T00:03:23,2026-04-27T20:03:23,False
O002420,C00172,delivered,2026-04-07T20:05:40,2026-04-08T07:05:40,2026-04-15T07:05:40,2026-04-16T20:05:40,False
O002421,C00189,delivered,2026-03-31T20:07:57,2026-04-01T14:07:57,2026-04-11T14:07:57,2026-04-12T20:07:57,False
O002422,C00206,delivered,2026-03-24T20:10:14,2026-03-25T02:10:14,2026-03-30T02:10:14,2026-04-01T20:10:14,False
O002423,C00223,delivered,2026-03-17T20:12:31,2026-03-18T09:12:31,2026-03-26T09:12:31,2026-03-28T20:12:31,False
O002424,C00240,delivered,2026-03-10T20:14:48,2026-03-10T21:14:48,2026-03-13T21:14:48,2026-03-24T20:14:48,False
O002425,C00257,delivered,2026-03-03T20:17:05,2026-03-04T04:17:05,2026-03-10T04:17:05,2026-03-13T20:17:05,False
O002426,C00274,delivered,2026-02-24T20:19:22,2026-02-25T11:19:22,2026-03-06T11:19:22,2026-03-09T20:19:22,False
O002427,C00291,delivered,2026-02-17T20:21:39,2026-02-17T23:21:39,2026-02-21T23:21:39,2026-02-26T20:21:39,False
O002428,C00308,delivered,2026-02-10T20:23:56,2026-02-11T06:23:56,2026-02-18T06:23:56,2026-02-22T20:23:56,False
O002429,C00325,delivered,2026-02-03T20:26:13,2026-02-04T13:26:13,2026-02-10T20:26:13,2026-02-11T20:26:13,False
O002430,C00342,delivered,2026-01-27T20:28:30,2026-01-28T01:28:30,2026-02-02T01:28:30,2026-02-07T20:28:30,False
O002431,C00359,delivered,2026-01-20T20:30:47,2026-01-21T08:30:47,2026-02-06T20:30:47,2026-02-03T20:30:47,True
O002432,C00376,delivered,2026-01-13T20:33:04,2026-01-13T20:33:04,2026-01-16T20:33:04,2026-01-23T20:33:04,False
O002433,C00393,delivered,2026-01-06T20:35:21,2026-01-07T03:35:21,2026-01-13T03:35:21,2026-01-19T20:35:21,False
O002434,C00410,delivered,2025-12-30T20:37:38,2025-12-31T10:37:38,2026-01-07T20:37:38,2026-01-08T20:37:38,False
O002435,C00427,delivered,2025-12-23T20:39:55,2025-12-23T22:39:55,2025-12-27T22:39:55,2026-01-04T20:39:55,False
O002436,C00444,delivered,2025-12-16T20:42:12,2025-12-17T05:42:12,2025-12-24T05:42:12,2025-12-24T20:42:12,False
O002437,C00461,delivered,2025-12-09T20:44:29,2025-12-10T12:44:29,2025-12-20T12:44:29,2025-12-20T20:44:29,False
O002438,C00478,delivered,2025-12-02T20:46:46,2025-12-03T00:46:46,2025-12-08T00:46:46,2025-12-16T20:46:46,False
O002439,C00495,delivered,2025-11-25T20:49:03,2025-11-26T07:49:03,2025-12-04T07:49:03,2025-12-05T20:49:03,False
O002440,C00512,delivered,2025-11-18T20:51:20,2025-11-19T14:51:20,2025-11-22T14:51:20,2025-12-01T20:51:20,False
O002441,C00529,delivered,2025-11-11T20:53:37,2025-11-12T02:53:37,2025-11-18T02:53:37,2025-11-20T20:53:37,False
O002442,C00546,delivered,2025-11-04T20:55:54,2025-11-05T09:55:54,2025-11-14T09:55:54,2025-11-16T20:55:54,False
O002443,C00563,delivered,2025-10-28T20:58:11,2025-10-28T21:58:11,2025-11-01T21:58:11,2025-11-05T20:58:11,False
O002444,C00580,delivered,2025-10-21T21:00:28,2025-10-22T05:00:28,2025-11-07T21:00:28,2025-11-01T21:00:28,True
O002445,C00597,delivered,2025-10-14T21:02:45,2025-10-15T12:02:45,2025-10-25T12:02:45,2025-10-28T21:02:45,False
O002446,C00614,delivered,2025-10-07T21:05:02,2025-10-08T00:05:02,2025-10-13T00:05:02,2025-10-17T21:05:02,False
O002447,C00631,delivered,2025-09-30T21:07:19,2025-10-01T07:07:19,2025-10-09T07:07:19,2025-10-13T21:07:19,False
O002448,C00648,delivered,2025-09-23T21:09:36,2025-09-24T14:09:36,2025-09-27T14:09:36,2025-10-02T21:09:36,False
O002449,C00665,delivered,2025-09-16T21:11:53,2025-09-17T02:11:53,2025-09-23T02:11:53,2025-09-28T21:11:53,False
O002450,C00682,delivered,2025-09-09T21:14:10,2025-09-10T09:14:10,2025-09-16T21:14:10,2025-09-17T21:14:10,False
O002451,C00699,delivered,2026-09-02T21:16:27,2026-09-02T21:16:27,2026-09-06T21:16:27,2026-09-13T21:16:27,False
O002452,C00716,delivered,2026-08-26T21:18:44,2026-08-27T04:18:44,2026-09-03T04:18:44,2026-09-09T21:18:44,False
O002453,C00733,delivered,2026-08-19T21:21:01,2026-08-20T11:21:01,2026-08-28T21:21:01,2026-08-29T21:21:01,False
O002454,C00750,delivered,2026-08-12T21:23:18,2026-08-12T23:23:18,2026-08-17T23:23:18,2026-08-25T21:23:18,False
O002455,C00767,delivered,2026-08-05T21:25:35,2026-08-06T06:25:35,2026-08-14T06:25:35,2026-08-14T21:25:35,False
O002456,C00784,delivered,2026-07-29T21:27:52,2026-07-30T13:27:52,2026-08-02T13:27:52,2026-08-10T21:27:52,False
O002457,C00801,delivered,2026-07-22T21:30:09,2026-07-23T01:30:09,2026-08-03T21:30:09,2026-07-30T21:30:09,True
O002458,C00818,delivered,2026-07-15T21:32:26,2026-07-16T08:32:26,2026-07-25T08:32:26,2026-07-26T21:32:26,False
O002459,C00835,delivered,2026-07-08T21:34:43,2026-07-09T15:34:43,2026-07-13T15:34:43,2026-07-22T21:34:43,False
O002460,C00852,delivered,2026-07-01T21:37:00,2026-07-02T03:37:00,2026-07-09T03:37:00,2026-07-11T21:37:00,False
O002461,C00869,delivered,2026-06-24T21:39:17,2026-06-25T10:39:17,2026-07-05T10:39:17,2026-07-07T21:39:17,False
O002462,C00886,delivered,2026-06-17T21:41:34,2026-06-17T22:41:34,2026-06-22T22:41:34,2026-06-26T21:41:34,False
O002463,C00903,delivered,2026-06-10T21:43:51,2026-06-11T05:43:51,2026-06-19T05:43:51,2026-06-22T21:43:51,False
O002464,C00920,delivered,2026-06-03T21:46:08,2026-06-04T12:46:08,2026-06-07T12:46:08,2026-06-11T21:46:08,False
O002465,C00937,delivered,2026-05-27T21:48:25,2026-05-28T00:48:25,2026-06-03T00:48:25,2026-06-07T21:48:25,False
O002466,C00954,delivered,2026-05-20T21:50:42,2026-05-21T07:50:42,2026-05-30T07:50:42,2026-06-03T21:50:42,False
O002467,C00971,delivered,2026-05-13T21:52:59,2026-05-14T14:52:59,2026-05-18T14:52:59,2026-05-23T21:52:59,False
O002468,C00988,delivered,2026-05-06T21:55:16,2026-05-07T02:55:16,2026-05-14T02:55:16,2026-05-19T21:55:16,False
O002469,C00005,delivered,2026-04-29T21:57:33,2026-04-30T09:57:33,2026-05-07T21:57:33,2026-05-08T21:57:33,False
O002470,C00022,delivered,2026-04-22T21:59:50,2026-04-22T21:59:50,2026-05-06T21:59:50,2026-05-04T21:59:50,True
O002471,C00039,delivered,2026-04-15T22:02:07,2026-04-16T05:02:07,2026-04-22T22:02:07,2026-04-23T22:02:07,False
O002472,C00056,delivered,2026-04-08T22:04:24,2026-04-09T12:04:24,2026-04-12T12:04:24,2026-04-19T22:04:24,False
O002473,C00073,delivered,2026-04-01T22:06:41,2026-04-02T00:06:41,2026-04-08T00:06:41,2026-04-15T22:06:41,False
O002474,C00090,delivered,2026-03-25T22:08:58,2026-03-26T07:08:58,2026-04-04T07:08:58,2026-04-04T22:08:58,False
O002475,C00107,delivered,2026-03-18T22:11:15,2026-03-19T14:11:15,2026-03-23T14:11:15,2026-03-31T22:11:15,False
O002476,C00124,delivered,2026-03-11T22:13:32,2026-03-12T02:13:32,2026-03-19T02:13:32,2026-03-20T22:13:32,False
O002477,C00141,delivered,2026-03-04T22:15:49,2026-03-05T09:15:49,2026-03-15T09:15:49,2026-03-16T22:15:49,False
O002478,C00158,delivered,2026-02-25T22:18:06,2026-02-26T16:18:06,2026-03-03T16:18:06,2026-03-05T22:18:06,False
O002479,C00175,delivered,2026-02-18T22:20:23,2026-02-19T04:20:23,2026-02-27T04:20:23,2026-03-01T22:20:23,False
O002480,C00192,delivered,2026-02-11T22:22:40,2026-02-12T11:22:40,2026-02-15T11:22:40,2026-02-25T22:22:40,False
O002481,C00209,delivered,2026-02-04T22:24:57,2026-02-04T23:24:57,2026-02-10T23:24:57,2026-02-14T22:24:57,False
O002482,C00226,delivered,2026-01-28T22:27:14,2026-01-29T06:27:14,2026-02-07T06:27:14,2026-02-10T22:27:14,False
O002483,C00243,delivered,2026-01-21T22:29:31,2026-01-22T13:29:31,2026-02-04T22:29:31,2026-01-30T22:29:31,True
O002484,C00260,delivered,2026-01-14T22:31:48,2026-01-15T01:31:48,2026-01-22T01:31:48,2026-01-26T22:31:48,False
O002485,C00277,delivered,2026-01-07T22:34:05,2026-01-08T08:34:05,2026-01-14T22:34:05,2026-01-15T22:34:05,False
O002486,C00294,delivered,2025-12-31T22:36:22,2026-01-01T15:36:22,2026-01-06T15:36:22,2026-01-11T22:36:22,False
O002487,C00311,delivered,2025-12-24T22:38:39,2025-12-25T03:38:39,2026-01-02T03:38:39,2026-01-07T22:38:39,False
O002488,C00328,delivered,2025-12-17T22:40:56,2025-12-18T10:40:56,2025-12-21T10:40:56,2025-12-27T22:40:56,False
O002489,C00345,delivered,2025-12-10T22:43:13,2025-12-10T22:43:13,2025-12-16T22:43:13,2025-12-23T22:43:13,False
O002490,C00362,shipped,2025-12-03T22:45:30,2025-12-04T05:45:30,2025-12-11T22:45:30,2025-12-12T22:45:30,False
O002491,C00379,shipped,2025-11-26T22:47:47,2025-11-27T12:47:47,2025-12-01T12:47:47,2025-12-08T22:47:47,False
O002492,C00396,shipped,2025-11-19T22:50:04,2025-11-20T00:50:04,2025-11-27T00:50:04,2025-11-27T22:50:04,False
O002493,C00413,shipped,2025-11-12T22:52:21,2025-11-13T07:52:21,2025-11-23T07:52:21,2025-11-23T22:52:21,False
O002494,C00430,processing,2025-11-05T22:54:38,2025-11-06T14:54:38,,2025-11-19T22:54:38,
O002495,C00447,processing,2025-10-29T22:56:55,2025-10-30T02:56:55,,2025-11-08T22:56:55,
O002496,C00464,processing,2025-10-22T22:59:12,2025-10-23T09:59:12,,2025-11-04T22:59:12,
O002497,C00481,canceled,2025-10-15T23:01:29,2025-10-16T17:01:29,,2025-10-24T23:01:29,
O002498,C00498,canceled,2025-10-08T23:03:46,2025-10-09T05:03:46,,2025-10-20T23:03:46,
O002499,C00515,invoiced,2025-10-01T23:06:03,2025-10-02T12:06:03,,2025-10-09T23:06:03,
O002500,C00532,delivered,2025-09-24T23:08:20,2025-09-25T00:08:20,2025-10-02T00:08:20,2025-10-05T23:08:20,False
O002501,C00549,delivered,2025-09-17T23:10:37,2025-09-18T07:10:37,2025-09-28T07:10:37,2025-10-01T23:10:37,False
O002502,C00566,delivered,2025-09-10T23:12:54,2025-09-11T14:12:54,2025-09-16T14:12:54,2025-09-20T23:12:54,False
O002503,C00583,delivered,2026-09-03T23:15:11,2026-09-04T02:15:11,2026-09-12T02:15:11,2026-09-16T23:15:11,False
O002504,C00600,delivered,2026-08-27T23:17:28,2026-08-28T09:17:28,2026-08-31T09:17:28,2026-09-05T23:17:28,False
O002505,C00617,delivered,2026-08-20T23:19:45,2026-08-21T16:19:45,2026-08-27T16:19:45,2026-09-01T23:19:45,False
O002506,C00634,delivered,2026-08-13T23:22:02,2026-08-14T04:22:02,2026-08-20T23:22:02,2026-08-21T23:22:02,False
O002507,C00651,delivered,2026-08-06T23:24:19,2026-08-07T11:24:19,2026-08-11T11:24:19,2026-08-17T23:24:19,False
O002508,C00668,delivered,2026-07-30T23:26:36,2026-07-30T23:26:36,2026-08-06T23:26:36,2026-08-13T23:26:36,False
O002509,C00685,delivered,2026-07-23T23:28:53,2026-07-24T06:28:53,2026-08-08T23:28:53,2026-08-02T23:28:53,True
O002510,C00702,delivered,2026-07-16T23:31:10,2026-07-17T13:31:10,2026-07-22T13:31:10,2026-07-29T23:31:10,False
O002511,C00719,delivered,2026-07-09T23:33:27,2026-07-10T01:33:27,2026-07-18T01:33:27,2026-07-18T23:33:27,False
O002512,C00736,delivered,2026-07-02T23:35:44,2026-07-03T08:35:44,2026-07-06T08:35:44,2026-07-14T23:35:44,False
O002513,C00753,delivered,2026-06-25T23:38:01,2026-06-26T15:38:01,2026-07-02T15:38:01,2026-07-03T23:38:01,False
O002514,C00770,delivered,2026-06-18T23:40:18,2026-06-19T03:40:18,2026-06-28T03:40:18,2026-06-29T23:40:18,False
O002515,C00787,delivered,2026-06-11T23:42:35,2026-06-12T10:42:35,2026-06-16T10:42:35,2026-06-25T23:42:35,False
O002516,C00804,delivered,2026-06-04T23:44:52,2026-06-05T17:44:52,2026-06-12T17:44:52,2026-06-14T23:44:52,False
O002517,C00821,delivered,2026-05-28T23:47:09,2026-05-29T05:47:09,2026-06-08T05:47:09,2026-06-10T23:47:09,False
O002518,C00838,delivered,2026-05-21T23:49:26,2026-05-22T12:49:26,2026-05-27T12:49:26,2026-05-30T23:49:26,False
O002519,C00855,delivered,2026-05-14T23:51:43,2026-05-15T00:51:43,2026-05-23T00:51:43,2026-05-26T23:51:43,False
O002520,C00872,delivered,2026-05-07T23:54:00,2026-05-08T07:54:00,2026-05-11T07:54:00,2026-05-15T23:54:00,False
O002521,C00889,delivered,2026-04-30T23:56:17,2026-05-01T14:56:17,2026-05-07T14:56:17,2026-05-11T23:56:17,False
O002522,C00906,delivered,2026-04-23T23:58:34,2026-04-24T02:58:34,2026-05-11T23:58:34,2026-05-07T23:58:34,True
O002523,C00923,delivered,2026-04-16T00:00:51,2026-04-16T10:00:51,2026-04-20T10:00:51,2026-04-26T00:00:51,False
O002524,C00940,delivered,2026-04-09T00:03:08,2026-04-09T17:03:08,2026-04-16T17:03:08,2026-04-22T00:03:08,False
O002525,C00957,delivered,2026-04-02T00:05:25,2026-04-02T05:05:25,2026-04-10T00:05:25,2026-04-11T00:05:25,False
O002526,C00974,delivered,2026-03-26T00:07:42,2026-03-26T12:07:42,2026-03-31T12:07:42,2026-04-07T00:07:42,False
O002527,C00991,delivered,2026-03-19T00:09:59,2026-03-19T00:09:59,2026-03-27T00:09:59,2026-03-27T00:09:59,False
O002528,C00008,delivered,2026-03-12T00:12:16,2026-03-12T07:12:16,2026-03-15T07:12:16,2026-03-23T00:12:16,False
O002529,C00025,delivered,2026-03-05T00:14:33,2026-03-05T14:14:33,2026-03-11T14:14:33,2026-03-19T00:14:33,False
O002530,C00042,delivered,2026-02-26T00:16:50,2026-02-26T02:16:50,2026-03-07T02:16:50,2026-03-08T00:16:50,False
O002531,C00059,delivered,2026-02-19T00:19:07,2026-02-19T09:19:07,2026-02-23T09:19:07,2026-03-04T00:19:07,False
O002532,C00076,delivered,2026-02-12T00:21:24,2026-02-12T16:21:24,2026-02-19T16:21:24,2026-02-21T00:21:24,False
O002533,C00093,delivered,2026-02-05T00:23:41,2026-02-05T04:23:41,2026-02-15T04:23:41,2026-02-17T00:23:41,False
O002534,C00110,delivered,2026-01-29T00:25:58,2026-01-29T11:25:58,2026-02-03T11:25:58,2026-02-06T00:25:58,False
O002535,C00127,delivered,2026-01-22T00:28:15,2026-01-22T18:28:15,2026-02-04T00:28:15,2026-02-02T00:28:15,True
O002536,C00144,delivered,2026-01-15T00:30:32,2026-01-15T06:30:32,2026-01-18T06:30:32,2026-01-29T00:30:32,False
O002537,C00161,delivered,2026-01-08T00:32:49,2026-01-08T13:32:49,2026-01-14T13:32:49,2026-01-18T00:32:49,False
O002538,C00178,delivered,2026-01-01T00:35:06,2026-01-01T01:35:06,2026-01-10T01:35:06,2026-01-14T00:35:06,False
O002539,C00195,delivered,2025-12-25T00:37:23,2025-12-25T08:37:23,2025-12-29T08:37:23,2026-01-03T00:37:23,False
O002540,C00212,delivered,2025-12-18T00:39:40,2025-12-18T15:39:40,2025-12-25T15:39:40,2025-12-30T00:39:40,False
O002541,C00229,delivered,2025-12-11T00:41:57,2025-12-11T03:41:57,2025-12-18T00:41:57,2025-12-19T00:41:57,False
O002542,C00246,delivered,2025-12-04T00:44:14,2025-12-04T10:44:14,2025-12-09T10:44:14,2025-12-15T00:44:14,False
O002543,C00263,delivered,2025-11-27T00:46:31,2025-11-27T17:46:31,2025-12-05T17:46:31,2025-12-11T00:46:31,False
O002544,C00280,delivered,2025-11-20T00:48:48,2025-11-20T05:48:48,2025-11-23T05:48:48,2025-11-30T00:48:48,False
O002545,C00297,delivered,2025-11-13T00:51:05,2025-11-13T12:51:05,2025-11-19T12:51:05,2025-11-26T00:51:05,False
O002546,C00314,delivered,2025-11-06T00:53:22,2025-11-06T00:53:22,2025-11-15T00:53:22,2025-11-15T00:53:22,False
O002547,C00331,delivered,2025-10-30T00:55:39,2025-10-30T07:55:39,2025-11-03T07:55:39,2025-11-11T00:55:39,False
O002548,C00348,delivered,2025-10-23T00:57:56,2025-10-23T14:57:56,2025-11-05T00:57:56,2025-10-31T00:57:56,True
O002549,C00365,delivered,2025-10-16T01:00:13,2025-10-16T03:00:13,2025-10-26T03:00:13,2025-10-27T01:00:13,False
O002550,C00382,delivered,2025-10-09T01:02:30,2025-10-09T10:02:30,2025-10-14T10:02:30,2025-10-23T01:02:30,False
O002551,C00399,delivered,2025-10-02T01:04:47,2025-10-02T17:04:47,2025-10-10T17:04:47,2025-10-12T01:04:47,False
O002552,C00416,delivered,2025-09-25T01:07:04,2025-09-25T05:07:04,2025-09-28T05:07:04,2025-10-08T01:07:04,False
O002553,C00433,delivered,2025-09-18T01:09:21,2025-09-18T12:09:21,2025-09-24T12:09:21,2025-09-27T01:09:21,False
O002554,C00450,delivered,2025-09-11T01:11:38,2025-09-11T19:11:38,2025-09-20T19:11:38,2025-09-23T01:11:38,False
O002555,C00467,delivered,2026-09-04T01:13:55,2026-09-04T07:13:55,2026-09-08T07:13:55,2026-09-12T01:13:55,False
O002556,C00484,delivered,2026-08-28T01:16:12,2026-08-28T14:16:12,2026-09-04T14:16:12,2026-09-08T01:16:12,False
O002557,C00501,delivered,2026-08-21T01:18:29,2026-08-21T02:18:29,2026-08-31T02:18:29,2026-09-04T01:18:29,False
O002558,C00518,delivered,2026-08-14T01:20:46,2026-08-14T09:20:46,2026-08-19T09:20:46,2026-08-24T01:20:46,False
O002559,C00535,delivered,2026-08-07T01:23:03,2026-08-07T16:23:03,2026-08-15T16:23:03,2026-08-20T01:23:03,False
O002560,C00552,delivered,2026-07-31T01:25:20,2026-07-31T04:25:20,2026-08-03T04:25:20,2026-08-09T01:25:20,False
O002561,C00569,delivered,2026-07-24T01:27:37,2026-07-24T11:27:37,2026-08-08T01:27:37,2026-08-05T01:27:37,True
O002562,C00586,delivered,2026-07-17T01:29:54,2026-07-17T18:29:54,2026-07-24T01:29:54,2026-07-25T01:29:54,False
O002563,C00603,delivered,2026-07-10T01:32:11,2026-07-10T06:32:11,2026-07-14T06:32:11,2026-07-21T01:32:11,False
O002564,C00620,delivered,2026-07-03T01:34:28,2026-07-03T13:34:28,2026-07-10T13:34:28,2026-07-17T01:34:28,False
O002565,C00637,delivered,2026-06-26T01:36:45,2026-06-26T01:36:45,2026-07-06T01:36:45,2026-07-06T01:36:45,False
O002566,C00654,delivered,2026-06-19T01:39:02,2026-06-19T08:39:02,2026-06-24T08:39:02,2026-07-02T01:39:02,False
O002567,C00671,delivered,2026-06-12T01:41:19,2026-06-12T15:41:19,2026-06-20T15:41:19,2026-06-21T01:41:19,False
O002568,C00688,delivered,2026-06-05T01:43:36,2026-06-05T03:43:36,2026-06-08T03:43:36,2026-06-17T01:43:36,False
O002569,C00705,delivered,2026-05-29T01:45:53,2026-05-29T10:45:53,2026-06-04T10:45:53,2026-06-06T01:45:53,False
O002570,C00722,delivered,2026-05-22T01:48:10,2026-05-22T17:48:10,2026-05-31T17:48:10,2026-06-02T01:48:10,False
O002571,C00739,delivered,2026-05-15T01:50:27,2026-05-15T05:50:27,2026-05-19T05:50:27,2026-05-29T01:50:27,False
O002572,C00756,delivered,2026-05-08T01:52:44,2026-05-08T12:52:44,2026-05-15T12:52:44,2026-05-18T01:52:44,False
O002573,C00773,delivered,2026-05-01T01:55:01,2026-05-01T19:55:01,2026-05-11T19:55:01,2026-05-14T01:55:01,False
O002574,C00790,delivered,2026-04-24T01:57:18,2026-04-24T07:57:18,2026-05-09T01:57:18,2026-05-03T01:57:18,True
O002575,C00807,delivered,2026-04-17T01:59:35,2026-04-17T14:59:35,2026-04-25T14:59:35,2026-04-29T01:59:35,False
O002576,C00824,delivered,2026-04-10T02:01:52,2026-04-10T03:01:52,2026-04-13T03:01:52,2026-04-18T02:01:52,False
O002577,C00841,delivered,2026-04-03T02:04:09,2026-04-03T10:04:09,2026-04-09T10:04:09,2026-04-14T02:04:09,False
O002578,C00858,delivered,2026-03-27T02:06:26,2026-03-27T17:06:26,2026-04-05T17:06:26,2026-04-10T02:06:26,False
O002579,C00875,delivered,2026-03-20T02:08:43,2026-03-20T05:08:43,2026-03-24T05:08:43,2026-03-30T02:08:43,False
O002580,C00892,delivered,2026-03-13T02:11:00,2026-03-13T12:11:00,2026-03-20T12:11:00,2026-03-26T02:11:00,False
O002581,C00909,delivered,2026-03-06T02:13:17,2026-03-06T19:13:17,2026-03-14T02:13:17,2026-03-15T02:13:17,False
O002582,C00926,delivered,2026-02-27T02:15:34,2026-02-27T07:15:34,2026-03-04T07:15:34,2026-03-11T02:15:34,False
O002583,C00943,delivered,2026-02-20T02:17:51,2026-02-20T14:17:51,2026-02-28T14:17:51,2026-02-28T02:17:51,False
O002584,C00960,delivered,2026-02-13T02:20:08,2026-02-13T02:20:08,2026-02-16T02:20:08,2026-02-24T02:20:08,False
O002585,C00977,delivered,2026-02-06T02:22:25,2026-02-06T09:22:25,2026-02-12T09:22:25,2026-02-20T02:22:25,False
O002586,C00994,delivered,2026-01-30T02:24:42,2026-01-30T16:24:42,2026-02-08T16:24:42,2026-02-09T02:24:42,False
O002587,C00011,delivered,2026-01-23T02:26:59,2026-01-23T04:26:59,2026-02-09T02:26:59,2026-02-05T02:26:59,True
O002588,C00028,delivered,2026-01-16T02:29:16,2026-01-16T11:29:16,2026-01-23T11:29:16,2026-01-25T02:29:16,False
O002589,C00045,delivered,2026-01-09T02:31:33,2026-01-09T18:31:33,2026-01-19T18:31:33,2026-01-21T02:31:33,False
O002590,C00062,shipped,2026-01-02T02:33:50,2026-01-02T06:33:50,2026-01-07T06:33:50,2026-01-10T02:33:50,False
O002591,C00079,shipped,2025-12-26T02:36:07,2025-12-26T13:36:07,2026-01-03T13:36:07,2026-01-06T02:36:07,False
O002592,C00096,shipped,2025-12-19T02:38:24,2025-12-19T20:38:24,2025-12-22T20:38:24,2026-01-02T02:38:24,False
O002593,C00113,shipped,2025-12-12T02:40:41,2025-12-12T08:40:41,2025-12-18T08:40:41,2025-12-22T02:40:41,False
O002594,C00130,processing,2025-12-05T02:42:58,2025-12-05T15:42:58,,2025-12-18T02:42:58,
O002595,C00147,processing,2025-11-28T02:45:15,2025-11-28T03:45:15,,2025-12-07T02:45:15,
O002596,C00164,processing,2025-11-21T02:47:32,2025-11-21T10:47:32,,2025-12-03T02:47:32,
O002597,C00181,canceled,2025-11-14T02:49:49,2025-11-14T17:49:49,,2025-11-22T02:49:49,
O002598,C00198,canceled,2025-11-07T02:52:06,2025-11-07T05:52:06,,2025-11-18T02:52:06,
O002599,C00215,invoiced,2025-10-31T02:54:23,2025-10-31T12:54:23,,2025-11-14T02:54:23,
O002600,C00232,delivered,2025-10-24T02:56:40,2025-10-24T19:56:40,2025-11-05T02:56:40,2025-11-03T02:56:40,True
O002601,C00249,delivered,2025-10-17T02:58:57,2025-10-17T07:58:57,2025-10-23T07:58:57,2025-10-30T02:58:57,False
O002602,C00266,delivered,2025-10-10T03:01:14,2025-10-10T15:01:14,2025-10-19T15:01:14,2025-10-19T03:01:14,False
O002603,C00283,delivered,2025-10-03T03:03:31,2025-10-03T03:03:31,2025-10-07T03:03:31,2025-10-15T03:03:31,False
O002604,C00300,delivered,2025-09-26T03:05:48,2025-09-26T10:05:48,2025-10-03T10:05:48,2025-10-04T03:05:48,False
O002605,C00317,delivered,2025-09-19T03:08:05,2025-09-19T17:08:05,2025-09-29T17:08:05,2025-09-30T03:08:05,False
O002606,C00334,delivered,2025-09-12T03:10:22,2025-09-12T05:10:22,2025-09-17T05:10:22,2025-09-26T03:10:22,False
O002607,C00351,delivered,2025-09-05T03:12:39,2025-09-05T12:12:39,2025-09-13T12:12:39,2025-09-15T03:12:39,False
O002608,C00368,delivered,2026-08-29T03:14:56,2026-08-29T19:14:56,2026-09-01T19:14:56,2026-09-11T03:14:56,False
O002609,C00385,delivered,2026-08-22T03:17:13,2026-08-22T07:17:13,2026-08-28T07:17:13,2026-08-31T03:17:13,False
O002610,C00402,delivered,2026-08-15T03:19:30,2026-08-15T14:19:30,2026-08-24T14:19:30,2026-08-27T03:19:30,False
O002611,C00419,delivered,2026-08-08T03:21:47,2026-08-08T21:21:47,2026-08-12T21:21:47,2026-08-16T03:21:47,False
O002612,C00436,delivered,2026-08-01T03:24:04,2026-08-01T09:24:04,2026-08-08T09:24:04,2026-08-12T03:24:04,False
O002613,C00453,delivered,2026-07-25T03:26:21,2026-07-25T16:26:21,2026-08-13T03:26:21,2026-08-08T03:26:21,True
O002614,C00470,delivered,2026-07-18T03:28:38,2026-07-18T04:28:38,2026-07-23T04:28:38,2026-07-28T03:28:38,False
O002615,C00487,delivered,2026-07-11T03:30:55,2026-07-11T11:30:55,2026-07-19T11:30:55,2026-07-24T03:30:55,False
O002616,C00504,delivered,2026-07-04T03:33:12,2026-07-04T18:33:12,2026-07-07T18:33:12,2026-07-13T03:33:12,False
O002617,C00521,delivered,2026-06-27T03:35:29,2026-06-27T06:35:29,2026-07-03T06:35:29,2026-07-09T03:35:29,False
O002618,C00538,delivered,2026-06-20T03:37:46,2026-06-20T13:37:46,2026-06-27T03:37:46,2026-06-28T03:37:46,False
O002619,C00555,delivered,2026-06-13T03:40:03,2026-06-13T20:40:03,2026-06-17T20:40:03,2026-06-24T03:40:03,False
O002620,C00572,delivered,2026-06-06T03:42:20,2026-06-06T08:42:20,2026-06-13T08:42:20,2026-06-20T03:42:20,False
O002621,C00589,delivered,2026-05-30T03:44:37,2026-05-30T15:44:37,2026-06-09T15:44:37,2026-06-09T03:44:37,False
O002622,C00606,delivered,2026-05-23T03:46:54,2026-05-23T03:46:54,2026-05-28T03:46:54,2026-06-05T03:46:54,False
O002623,C00623,delivered,2026-05-16T03:49:11,2026-05-16T10:49:11,2026-05-24T10:49:11,2026-05-25T03:49:11,False
O002624,C00640,delivered,2026-05-09T03:51:28,2026-05-09T17:51:28,2026-05-12T17:51:28,2026-05-21T03:51:28,False
O002625,C00657,delivered,2026-05-02T03:53:45,2026-05-02T05:53:45,2026-05-08T05:53:45,2026-05-10T03:53:45,False
O002626,C00674,delivered,2026-04-25T03:56:02,2026-04-25T12:56:02,2026-05-09T03:56:02,2026-05-06T03:56:02,True
O002627,C00691,delivered,2026-04-18T03:58:19,2026-04-18T19:58:19,2026-04-22T19:58:19,2026-05-02T03:58:19,False
O002628,C00708,delivered,2026-04-11T04:00:36,2026-04-11T08:00:36,2026-04-18T08:00:36,2026-04-21T04:00:36,False
O002629,C00725,delivered,2026-04-04T04:02:53,2026-04-04T15:02:53,2026-04-14T15:02:53,2026-04-17T04:02:53,False
O002630,C00742,delivered,2026-03-28T04:05:10,2026-03-28T22:05:10,2026-04-02T22:05:10,2026-04-06T04:05:10,False
O002631,C00759,delivered,2026-03-21T04:07:27,2026-03-21T10:07:27,2026-03-29T10:07:27,2026-04-02T04:07:27,False
O002632,C00776,delivered,2026-03-14T04:09:44,2026-03-14T17:09:44,2026-03-17T17:09:44,2026-03-22T04:09:44,False
O002633,C00793,delivered,2026-03-07T04:12:01,2026-03-07T05:12:01,2026-03-13T05:12:01,2026-03-18T04:12:01,False
O002634,C00810,delivered,2026-02-28T04:14:18,2026-02-28T12:14:18,2026-03-09T12:14:18,2026-03-14T04:14:18,False
O002635,C00827,delivered,2026-02-21T04:16:35,2026-02-21T19:16:35,2026-02-25T19:16:35,2026-03-03T04:16:35,False
O002636,C00844,delivered,2026-02-14T04:18:52,2026-02-14T07:18:52,2026-02-21T07:18:52,2026-02-27T04:18:52,False
O002637,C00861,delivered,2026-02-07T04:21:09,2026-02-07T14:21:09,2026-02-15T04:21:09,2026-02-16T04:21:09,False
O002638,C00878,delivered,2026-01-31T04:23:26,2026-01-31T21:23:26,2026-02-05T21:23:26,2026-02-12T04:23:26,False
O002639,C00895,delivered,2026-01-24T04:25:43,2026-01-24T09:25:43,2026-02-07T04:25:43,2026-02-01T04:25:43,True
O002640,C00912,delivered,2026-01-17T04:28:00,2026-01-17T16:28:00,2026-01-20T16:28:00,2026-01-28T04:28:00,False
O002641,C00929,delivered,2026-01-10T04:30:17,2026-01-10T04:30:17,2026-01-16T04:30:17,2026-01-24T04:30:17,False
O002642,C00946,delivered,2026-01-03T04:32:34,2026-01-03T11:32:34,2026-01-12T11:32:34,2026-01-13T04:32:34,False
O002643,C00963,delivered,2025-12-27T04:34:51,2025-12-27T18:34:51,2025-12-31T18:34:51,2026-01-09T04:34:51,False
O002644,C00980,delivered,2025-12-20T04:37:08,2025-12-20T06:37:08,2025-12-27T06:37:08,2025-12-29T04:37:08,False
O002645,C00997,delivered,2025-12-13T04:39:25,2025-12-13T13:39:25,2025-12-23T13:39:25,2025-12-25T04:39:25,False
O002646,C00014,delivered,2025-12-06T04:41:42,2025-12-06T20:41:42,2025-12-11T20:41:42,2025-12-14T04:41:42,False
O002647,C00031,delivered,2025-11-29T04:43:59,2025-11-29T08:43:59,2025-12-07T08:43:59,2025-12-10T04:43:59,False
O002648,C00048,delivered,2025-11-22T04:46:16,2025-11-22T15:46:16,2025-11-25T15:46:16,2025-12-06T04:46:16,False
O002649,C00065,delivered,2025-11-15T04:48:33,2025-11-15T22:48:33,2025-11-21T22:48:33,2025-11-25T04:48:33,False
O002650,C00082,delivered,2025-11-08T04:50:50,2025-11-08T10:50:50,2025-11-17T10:50:50,2025-11-21T04:50:50,False
O002651,C00099,delivered,2025-11-01T04:53:07,2025-11-01T17:53:07,2025-11-05T17:53:07,2025-11-10T04:53:07,False
O002652,C00116,delivered,2025-10-25T04:55:24,2025-10-25T05:55:24,2025-11-10T04:55:24,2025-11-06T04:55:24,True
O002653,C00133,delivered,2025-10-18T04:57:41,2025-10-18T12:57:41,2025-10-25T04:57:41,2025-10-26T04:57:41,False
O002654,C00150,delivered,2025-10-11T04:59:58,2025-10-11T19:59:58,2025-10-16T19:59:58,2025-10-22T04:59:58,False
O002655,C00167,delivered,2025-10-04T05:02:15,2025-10-04T08:02:15,2025-10-12T08:02:15,2025-10-18T05:02:15,False
O002656,C00184,delivered,2025-09-27T05:04:32,2025-09-27T15:04:32,2025-09-30T15:04:32,2025-10-07T05:04:32,False
O002657,C00201,delivered,2025-09-20T05:06:49,2025-09-20T22:06:49,2025-09-26T22:06:49,2025-10-03T05:06:49,False
O002658,C00218,delivered,2025-09-13T05:09:06,2025-09-13T10:09:06,2025-09-22T10:09:06,2025-09-22T05:09:06,False
O002659,C00235,delivered,2025-09-06T05:11:23,2025-09-06T17:11:23,2025-09-10T17:11:23,2025-09-18T05:11:23,False
O002660,C00252,delivered,2026-08-30T05:13:40,2026-08-30T05:13:40,2026-09-06T05:13:40,2026-09-07T05:13:40,False
O002661,C00269,delivered,2026-08-23T05:15:57,2026-08-23T12:15:57,2026-09-02T12:15:57,2026-09-03T05:15:57,False
O002662,C00286,delivered,2026-08-16T05:18:14,2026-08-16T19:18:14,2026-08-21T19:18:14,2026-08-30T05:18:14,False
O002663,C00303,delivered,2026-08-09T05:20:31,2026-08-09T07:20:31,2026-08-17T07:20:31,2026-08-19T05:20:31,False
O002664,C00320,delivered,2026-08-02T05:22:48,2026-08-02T14:22:48,2026-08-05T14:22:48,2026-08-15T05:22:48,False
O002665,C00337,delivered,2026-07-26T05:25:05,2026-07-26T21:25:05,2026-08-06T05:25:05,2026-08-04T05:25:05,True
O002666,C00354,delivered,2026-07-19T05:27:22,2026-07-19T09:27:22,2026-07-28T09:27:22,2026-07-31T05:27:22,False
O002667,C00371,delivered,2026-07-12T05:29:39,2026-07-12T16:29:39,2026-07-16T16:29:39,2026-07-20T05:29:39,False
O002668,C00388,delivered,2026-07-05T05:31:56,2026-07-05T23:31:56,2026-07-12T23:31:56,2026-07-16T05:31:56,False
O002669,C00405,delivered,2026-06-28T05:34:13,2026-06-28T11:34:13,2026-07-08T11:34:13,2026-07-12T05:34:13,False
O002670,C00422,delivered,2026-06-21T05:36:30,2026-06-21T18:36:30,2026-06-26T18:36:30,2026-07-01T05:36:30,False
O002671,C00439,delivered,2026-06-14T05:38:47,2026-06-14T06:38:47,2026-06-22T06:38:47,2026-06-27T05:38:47,False
O002672,C00456,delivered,2026-06-07T05:41:04,2026-06-07T13:41:04,2026-06-10T13:41:04,2026-06-16T05:41:04,False
O002673,C00473,delivered,2026-05-31T05:43:21,2026-05-31T20:43:21,2026-06-06T20:43:21,2026-06-12T05:43:21,False
O002674,C00490,delivered,2026-05-24T05:45:38,2026-05-24T08:45:38,2026-05-31T05:45:38,2026-06-01T05:45:38,False
O002675,C00507,delivered,2026-05-17T05:47:55,2026-05-17T15:47:55,2026-05-21T15:47:55,2026-05-28T05:47:55,False
O002676,C00524,delivered,2026-05-10T05:50:12,2026-05-10T22:50:12,2026-05-17T22:50:12,2026-05-24T05:50:12,False
O002677,C00541,delivered,2026-05-03T05:52:29,2026-05-03T10:52:29,2026-05-13T10:52:29,2026-05-13T05:52:29,False
O002678,C00558,delivered,2026-04-26T05:54:46,2026-04-26T17:54:46,2026-05-14T05:54:46,2026-05-09T05:54:46,True
O002679,C00575,delivered,2026-04-19T05:57:03,2026-04-19T05:57:03,2026-04-27T05:57:03,2026-04-28T05:57:03,False
O002680,C00592,delivered,2026-04-12T05:59:20,2026-04-12T12:59:20,2026-04-15T12:59:20,2026-04-24T05:59:20,False
O002681,C00609,delivered,2026-04-05T06:01:37,2026-04-05T20:01:37,2026-04-11T20:01:37,2026-04-13T06:01:37,False
O002682,C00626,delivered,2026-03-29T06:03:54,2026-03-29T08:03:54,2026-04-07T08:03:54,2026-04-09T06:03:54,False
O002683,C00643,delivered,2026-03-22T06:06:11,2026-03-22T15:06:11,2026-03-26T15:06:11,2026-04-05T06:06:11,False
O002684,C00660,delivered,2026-03-15T06:08:28,2026-03-15T22:08:28,2026-03-22T22:08:28,2026-03-25T06:08:28,False
O002685,C00677,delivered,2026-03-08T06:10:45,2026-03-08T10:10:45,2026-03-18T10:10:45,2026-03-21T06:10:45,False
O002686,C00694,delivered,2026-03-01T06:13:02,2026-03-01T17:13:02,2026-03-06T17:13:02,2026-03-10T06:13:02,False
O002687,C00711,delivered,2026-02-22T06:15:19,2026-02-23T00:15:19,2026-03-03T00:15:19,2026-03-06T06:15:19,False
O002688,C00728,delivered,2026-02-15T06:17:36,2026-02-15T12:17:36,2026-02-18T12:17:36,2026-02-23T06:17:36,False
O002689,C00745,delivered,2026-02-08T06:19:53,2026-02-08T19:19:53,2026-02-14T19:19:53,2026-02-19T06:19:53,False
O002690,C00762,shipped,2026-02-01T06:22:10,2026-02-01T07:22:10,2026-02-10T07:22:10,2026-02-15T06:22:10,False
O002691,C00779,shipped,2026-01-25T06:24:27,2026-01-25T14:24:27,2026-02-07T06:24:27,2026-02-04T06:24:27,True
O002692,C00796,shipped,2026-01-18T06:26:44,2026-01-18T21:26:44,2026-01-25T21:26:44,2026-01-31T06:26:44,False
O002693,C00813,shipped,2026-01-11T06:29:01,2026-01-11T09:29:01,2026-01-19T06:29:01,2026-01-20T06:29:01,False
O002694,C00830,processing,2026-01-04T06:31:18,2026-01-04T16:31:18,,2026-01-16T06:31:18,
O002695,C00847,processing,2025-12-28T06:33:35,2025-12-28T23:33:35,,2026-01-05T06:33:35,
O002696,C00864,processing,2025-12-21T06:35:52,2025-12-21T11:35:52,,2026-01-01T06:35:52,
O002697,C00881,canceled,2025-12-14T06:38:09,2025-12-14T18:38:09,,2025-12-28T06:38:09,
O002698,C00898,canceled,2025-12-07T06:40:26,2025-12-07T06:40:26,,2025-12-17T06:40:26,
O002699,C00915,invoiced,2025-11-30T06:42:43,2025-11-30T13:42:43,,2025-12-13T06:42:43,
O002700,C00932,delivered,2025-11-23T06:45:00,2025-11-23T20:45:00,2025-11-30T20:45:00,2025-12-02T06:45:00,False
O002701,C00949,delivered,2025-11-16T06:47:17,2025-11-16T08:47:17,2025-11-26T08:47:17,2025-11-28T06:47:17,False
O002702,C00966,delivered,2025-11-09T06:49:34,2025-11-09T15:49:34,2025-11-14T15:49:34,2025-11-17T06:49:34,False
O002703,C00983,delivered,2025-11-02T06:51:51,2025-11-02T22:51:51,2025-11-10T22:51:51,2025-11-13T06:51:51,False
O002704,C01000,delivered,2025-10-26T06:54:08,2025-10-26T10:54:08,2025-11-15T06:54:08,2025-11-09T06:54:08,True
O002705,C00017,delivered,2025-10-19T06:56:25,2025-10-19T17:56:25,2025-10-25T17:56:25,2025-10-29T06:56:25,False
O002706,C00034,delivered,2025-10-12T06:58:42,2025-10-13T00:58:42,2025-10-22T00:58:42,2025-10-25T06:58:42,False
O002707,C00051,delivered,2025-10-05T07:00:59,2025-10-05T13:00:59,2025-10-09T13:00:59,2025-10-14T07:00:59,False
O002708,C00068,delivered,2025-09-28T07:03:16,2025-09-28T20:03:16,2025-10-05T20:03:16,2025-10-10T07:03:16,False
O002709,C00085,delivered,2025-09-21T07:05:33,2025-09-21T08:05:33,2025-09-28T07:05:33,2025-09-29T07:05:33,False
O002710,C00102,delivered,2025-09-14T07:07:50,2025-09-14T15:07:50,2025-09-19T15:07:50,2025-09-25T07:07:50,False
O002711,C00119,delivered,2025-09-07T07:10:07,2025-09-07T22:10:07,2025-09-15T22:10:07,2025-09-21T07:10:07,False
O002712,C00136,delivered,2026-08-31T07:12:24,2026-08-31T10:12:24,2026-09-03T10:12:24,2026-09-10T07:12:24,False
O002713,C00153,delivered,2026-08-24T07:14:41,2026-08-24T17:14:41,2026-08-30T17:14:41,2026-09-06T07:14:41,False
O002714,C00170,delivered,2026-08-17T07:16:58,2026-08-18T00:16:58,2026-08-25T07:16:58,2026-08-26T07:16:58,False
O002715,C00187,delivered,2026-08-10T07:19:15,2026-08-10T12:19:15,2026-08-14T12:19:15,2026-08-22T07:19:15,False
O002716,C00204,delivered,2026-08-03T07:21:32,2026-08-03T19:21:32,2026-08-10T19:21:32,2026-08-11T07:21:32,False
O002717,C00221,delivered,2026-07-27T07:23:49,2026-07-27T07:23:49,2026-08-11T07:23:49,2026-08-07T07:23:49,True
O002718,C00238,delivered,2026-07-20T07:26:06,2026-07-20T14:26:06,2026-07-25T14:26:06,2026-08-03T07:26:06,False
O002719,C00255,delivered,2026-07-13T07:28:23,2026-07-13T21:28:23,2026-07-21T21:28:23,2026-07-23T07:28:23,False
O002720,C00272,delivered,2026-07-06T07:30:40,2026-07-06T09:30:40,2026-07-09T09:30:40,2026-07-19T07:30:40,False
O002721,C00289,delivered,2026-06-29T07:32:57,2026-06-29T16:32:57,2026-07-05T16:32:57,2026-07-08T07:32:57,False
O002722,C00306,delivered,2026-06-22T07:35:14,2026-06-22T23:35:14,2026-07-01T23:35:14,2026-07-04T07:35:14,False
O002723,C00323,delivered,2026-06-15T07:37:31,2026-06-15T11:37:31,2026-06-19T11:37:31,2026-06-23T07:37:31,False
O002724,C00340,delivered,2026-06-08T07:39:48,2026-06-08T18:39:48,2026-06-15T18:39:48,2026-06-19T07:39:48,False
O002725,C00357,delivered,2026-06-01T07:42:05,2026-06-02T01:42:05,2026-06-12T01:42:05,2026-06-15T07:42:05,False
O002726,C00374,delivered,2026-05-25T07:44:22,2026-05-25T13:44:22,2026-05-30T13:44:22,2026-06-04T07:44:22,False
O002727,C00391,delivered,2026-05-18T07:46:39,2026-05-18T20:46:39,2026-05-26T20:46:39,2026-05-31T07:46:39,False
O002728,C00408,delivered,2026-05-11T07:48:56,2026-05-11T08:48:56,2026-05-14T08:48:56,2026-05-20T07:48:56,False
O002729,C00425,delivered,2026-05-04T07:51:13,2026-05-04T15:51:13,2026-05-10T15:51:13,2026-05-16T07:51:13,False
O002730,C00442,delivered,2026-04-27T07:53:30,2026-04-27T22:53:30,2026-05-07T07:53:30,2026-05-05T07:53:30,True
O002731,C00459,delivered,2026-04-20T07:55:47,2026-04-20T10:55:47,2026-04-24T10:55:47,2026-05-01T07:55:47,False
O002732,C00476,delivered,2026-04-13T07:58:04,2026-04-13T17:58:04,2026-04-20T17:58:04,2026-04-27T07:58:04,False
O002733,C00493,delivered,2026-04-06T08:00:21,2026-04-07T01:00:21,2026-04-15T08:00:21,2026-04-16T08:00:21,False
O002734,C00510,delivered,2026-03-30T08:02:38,2026-03-30T13:02:38,2026-04-04T13:02:38,2026-04-12T08:02:38,False
O002735,C00527,delivered,2026-03-23T08:04:55,2026-03-23T20:04:55,2026-03-31T20:04:55,2026-04-01T08:04:55,False
O002736,C00544,delivered,2026-03-16T08:07:12,2026-03-16T08:07:12,2026-03-19T08:07:12,2026-03-28T08:07:12,False
O002737,C00561,delivered,2026-03-09T08:09:29,2026-03-09T15:09:29,2026-03-15T15:09:29,2026-03-17T08:09:29,False
O002738,C00578,delivered,2026-03-02T08:11:46,2026-03-02T22:11:46,2026-03-11T22:11:46,2026-03-13T08:11:46,False
O002739,C00595,delivered,2026-02-23T08:14:03,2026-02-23T10:14:03,2026-02-27T10:14:03,2026-03-09T08:14:03,False
O002740,C00612,delivered,2026-02-16T08:16:20,2026-02-16T17:16:20,2026-02-23T17:16:20,2026-02-26T08:16:20,False
O002741,C00629,delivered,2026-02-09T08:18:37,2026-02-10T00:18:37,2026-02-20T00:18:37,2026-02-22T08:18:37,False
O002742,C00646,delivered,2026-02-02T08:20:54,2026-02-02T12:20:54,2026-02-07T12:20:54,2026-02-11T08:20:54,False
O002743,C00663,delivered,2026-01-26T08:23:11,2026-01-26T19:23:11,2026-02-12T08:23:11,2026-02-07T08:23:11,True
O002744,C00680,delivered,2026-01-19T08:25:28,2026-01-20T02:25:28,2026-01-23T02:25:28,2026-01-27T08:25:28,False
O002745,C00697,delivered,2026-01-12T08:27:45,2026-01-12T14:27:45,2026-01-18T14:27:45,2026-01-23T08:27:45,False
O002746,C00714,delivered,2026-01-05T08:30:02,2026-01-05T21:30:02,2026-01-14T21:30:02,2026-01-19T08:30:02,False
O002747,C00731,delivered,2025-12-29T08:32:19,2025-12-29T09:32:19,2026-01-02T09:32:19,2026-01-08T08:32:19,False
O002748,C00748,delivered,2025-12-22T08:34:36,2025-12-22T16:34:36,2025-12-29T16:34:36,2026-01-04T08:34:36,False
O002749,C00765,delivered,2025-12-15T08:36:53,2025-12-15T23:36:53,2025-12-23T08:36:53,2025-12-24T08:36:53,False
O002750,C00782,delivered,2025-12-08T08:39:10,2025-12-08T11:39:10,2025-12-13T11:39:10,2025-12-20T08:39:10,False
O002751,C00799,delivered,2025-12-01T08:41:27,2025-12-01T18:41:27,2025-12-09T18:41:27,2025-12-09T08:41:27,False
O002752,C00816,delivered,2025-11-24T08:43:44,2025-11-25T01:43:44,2025-11-28T01:43:44,2025-12-05T08:43:44,False
O002753,C00833,delivered,2025-11-17T08:46:01,2025-11-17T13:46:01,2025-11-23T13:46:01,2025-12-01T08:46:01,False
O002754,C00850,delivered,2025-11-10T08:48:18,2025-11-10T20:48:18,2025-11-19T20:48:18,2025-11-20T08:48:18,False
O002755,C00867,delivered,2025-11-03T08:50:35,2025-11-03T08:50:35,2025-11-07T08:50:35,2025-11-16T08:50:35,False
O002756,C00884,delivered,2025-10-27T08:52:52,2025-10-27T15:52:52,2025-11-08T08:52:52,2025-11-05T08:52:52,True
O002757,C00901,delivered,2025-10-20T08:55:09,2025-10-20T22:55:09,2025-10-30T22:55:09,2025-11-01T08:55:09,False
O002758,C00918,delivered,2025-10-13T08:57:26,2025-10-13T10:57:26,2025-10-18T10:57:26,2025-10-21T08:57:26,False
O002759,C00935,delivered,2025-10-06T08:59:43,2025-10-06T17:59:43,2025-10-14T17:59:43,2025-10-17T08:59:43,False
O002760,C00952,delivered,2025-09-29T09:02:00,2025-09-30T01:02:00,2025-10-03T01:02:00,2025-10-13T09:02:00,False
O002761,C00969,delivered,2025-09-22T09:04:17,2025-09-22T13:04:17,2025-09-28T13:04:17,2025-10-02T09:04:17,False
O002762,C00986,delivered,2025-09-15T09:06:34,2025-09-15T20:06:34,2025-09-24T20:06:34,2025-09-28T09:06:34,False
O002763,C00003,delivered,2025-09-08T09:08:51,2025-09-09T03:08:51,2025-09-13T03:08:51,2025-09-17T09:08:51,False
O002764,C00020,delivered,2026-09-01T09:11:08,2026-09-01T15:11:08,2026-09-08T15:11:08,2026-09-13T09:11:08,False
O002765,C00037,delivered,2026-08-25T09:13:25,2026-08-25T22:13:25,2026-09-01T09:13:25,2026-09-02T09:13:25,False
O002766,C00054,delivered,2026-08-18T09:15:42,2026-08-18T10:15:42,2026-08-23T10:15:42,2026-08-29T09:15:42,False
O002767,C00071,delivered,2026-08-11T09:17:59,2026-08-11T17:17:59,2026-08-19T17:17:59,2026-08-25T09:17:59,False
O002768,C00088,delivered,2026-08-04T09:20:16,2026-08-05T00:20:16,2026-08-08T00:20:16,2026-08-14T09:20:16,False
O002769,C00105,delivered,2026-07-28T09:22:33,2026-07-28T12:22:33,2026-08-16T09:22:33,2026-08-10T09:22:33,True
O002770,C00122,delivered,2026-07-21T09:24:50,2026-07-21T19:24:50,2026-07-30T19:24:50,2026-07-30T09:24:50,False
O002771,C00139,delivered,2026-07-14T09:27:07,2026-07-15T02:27:07,2026-07-19T02:27:07,2026-07-26T09:27:07,False
O002772,C00156,delivered,2026-07-07T09:29:24,2026-07-07T14:29:24,2026-07-14T14:29:24,2026-07-15T09:29:24,False
O002773,C00173,delivered,2026-06-30T09:31:41,2026-06-30T21:31:41,2026-07-10T21:31:41,2026-07-11T09:31:41,False
O002774,C00190,delivered,2026-06-23T09:33:58,2026-06-23T09:33:58,2026-06-28T09:33:58,2026-07-07T09:33:58,False
O002775,C00207,delivered,2026-06-16T09:36:15,2026-06-16T16:36:15,2026-06-24T16:36:15,2026-06-26T09:36:15,False
O002776,C00224,delivered,2026-06-09T09:38:32,2026-06-09T23:38:32,2026-06-12T23:38:32,2026-06-22T09:38:32,False
O002777,C00241,delivered,2026-06-02T09:40:49,2026-06-02T11:40:49,2026-06-08T11:40:49,2026-06-11T09:40:49,False
O002778,C00258,delivered,2026-05-26T09:43:06,2026-05-26T18:43:06,2026-06-04T18:43:06,2026-06-07T09:43:06,False
O002779,C00275,delivered,2026-05-19T09:45:23,2026-05-20T01:45:23,2026-05-24T01:45:23,2026-05-27T09:45:23,False
O002780,C00292,delivered,2026-05-12T09:47:40,2026-05-12T13:47:40,2026-05-19T13:47:40,2026-05-23T09:47:40,False
O002781,C00309,delivered,2026-05-05T09:49:57,2026-05-05T20:49:57,2026-05-15T20:49:57,2026-05-19T09:49:57,False
O002782,C00326,delivered,2026-04-28T09:52:14,2026-04-29T03:52:14,2026-05-12T09:52:14,2026-05-08T09:52:14,True
O002783,C00343,delivered,2026-04-21T09:54:31,2026-04-21T15:54:31,2026-04-29T15:54:31,2026-05-04T09:54:31,False
O002784,C00360,delivered,2026-04-14T09:56:48,2026-04-14T22:56:48,2026-04-17T22:56:48,2026-04-23T09:56:48,False
O002785,C00377,delivered,2026-04-07T09:59:05,2026-04-07T10:59:05,2026-04-13T10:59:05,2026-04-19T09:59:05,False
O002786,C00394,delivered,2026-03-31T10:01:22,2026-03-31T18:01:22,2026-04-07T10:01:22,2026-04-08T10:01:22,False
O002787,C00411,delivered,2026-03-24T10:03:39,2026-03-25T01:03:39,2026-03-29T01:03:39,2026-04-04T10:03:39,False
O002788,C00428,delivered,2026-03-17T10:05:56,2026-03-17T13:05:56,2026-03-24T13:05:56,2026-03-31T10:05:56,False
O002789,C00445,delivered,2026-03-10T10:08:13,2026-03-10T20:08:13,2026-03-20T20:08:13,2026-03-20T10:08:13,False
O002790,C00462,shipped,2026-03-03T10:10:30,2026-03-04T03:10:30,2026-03-09T03:10:30,2026-03-16T10:10:30,False
O002791,C00479,shipped,2026-02-24T10:12:47,2026-02-24T15:12:47,2026-03-04T15:12:47,2026-03-05T10:12:47,False
O002792,C00496,shipped,2026-02-17T10:15:04,2026-02-17T22:15:04,2026-02-20T22:15:04,2026-03-01T10:15:04,False
O002793,C00513,shipped,2026-02-10T10:17:21,2026-02-10T10:17:21,2026-02-16T10:17:21,2026-02-18T10:17:21,False
O002794,C00530,processing,2026-02-03T10:19:38,2026-02-03T17:19:38,,2026-02-14T10:19:38,
O002795,C00547,processing,2026-01-27T10:21:55,2026-01-28T00:21:55,,2026-02-10T10:21:55,
O002796,C00564,processing,2026-01-20T10:24:12,2026-01-20T12:24:12,,2026-01-30T10:24:12,
O002797,C00581,canceled,2026-01-13T10:26:29,2026-01-13T19:26:29,,2026-01-26T10:26:29,
O002798,C00598,canceled,2026-01-06T10:28:46,2026-01-07T02:28:46,,2026-01-15T10:28:46,
O002799,C00615,invoiced,2025-12-30T10:31:03,2025-12-30T14:31:03,,2026-01-11T10:31:03,
O002800,C00632,delivered,2025-12-23T10:33:20,2025-12-23T21:33:20,2025-12-26T21:33:20,2025-12-31T10:33:20,False
O002801,C00649,delivered,2025-12-16T10:35:37,2025-12-17T04:35:37,2025-12-23T04:35:37,2025-12-27T10:35:37,False
O002802,C00666,delivered,2025-12-09T10:37:54,2025-12-09T16:37:54,2025-12-18T16:37:54,2025-12-23T10:37:54,False
O002803,C00683,delivered,2025-12-02T10:40:11,2025-12-02T23:40:11,2025-12-06T23:40:11,2025-12-12T10:40:11,False
O002804,C00700,delivered,2025-11-25T10:42:28,2025-11-25T11:42:28,2025-12-02T11:42:28,2025-12-08T10:42:28,False
O002805,C00717,delivered,2025-11-18T10:44:45,2025-11-18T18:44:45,2025-11-26T10:44:45,2025-11-27T10:44:45,False
O002806,C00734,delivered,2025-11-11T10:47:02,2025-11-12T01:47:02,2025-11-17T01:47:02,2025-11-23T10:47:02,False
O002807,C00751,delivered,2025-11-04T10:49:19,2025-11-04T13:49:19,2025-11-12T13:49:19,2025-11-12T10:49:19,False
O002808,C00768,delivered,2025-10-28T10:51:36,2025-10-28T20:51:36,2025-11-13T10:51:36,2025-11-08T10:51:36,True
O002809,C00785,delivered,2025-10-21T10:53:53,2025-10-22T03:53:53,2025-10-28T03:53:53,2025-11-04T10:53:53,False
O002810,C00802,delivered,2025-10-14T10:56:10,2025-10-14T15:56:10,2025-10-23T15:56:10,2025-10-24T10:56:10,False
O002811,C00819,delivered,2025-10-07T10:58:27,2025-10-07T22:58:27,2025-10-11T22:58:27,2025-10-20T10:58:27,False
O002812,C00836,delivered,2025-09-30T11:00:44,2025-09-30T11:00:44,2025-10-07T11:00:44,2025-10-09T11:00:44,False
O002813,C00853,delivered,2025-09-23T11:03:01,2025-09-23T18:03:01,2025-10-03T18:03:01,2025-10-05T11:03:01,False
O002814,C00870,delivered,2025-09-16T11:05:18,2025-09-17T01:05:18,2025-09-22T01:05:18,2025-09-24T11:05:18,False
O002815,C00887,delivered,2025-09-09T11:07:35,2025-09-09T13:07:35,2025-09-17T13:07:35,2025-09-20T11:07:35,False
O002816,C00904,delivered,2026-09-02T11:09:52,2026-09-02T20:09:52,2026-09-05T20:09:52,2026-09-16T11:09:52,False
O002817,C00921,delivered,2026-08-26T11:12:09,2026-08-27T03:12:09,2026-09-02T03:12:09,2026-09-05T11:12:09,False
O002818,C00938,delivered,2026-08-19T11:14:26,2026-08-19T15:14:26,2026-08-28T15:14:26,2026-09-01T11:14:26,False
O002819,C00955,delivered,2026-08-12T11:16:43,2026-08-12T22:16:43,2026-08-16T22:16:43,2026-08-21T11:16:43,False
O002820,C00972,delivered,2026-08-05T11:19:00,2026-08-06T05:19:00,2026-08-13T05:19:00,2026-08-17T11:19:00,False
O002821,C00989,delivered,2026-07-29T11:21:17,2026-07-29T17:21:17,2026-08-09T11:21:17,2026-08-06T11:21:17,True
O002822,C00006,delivered,2026-07-22T11:23:34,2026-07-23T00:23:34,2026-07-28T00:23:34,2026-08-02T11:23:34,False
O002823,C00023,delivered,2026-07-15T11:25:51,2026-07-15T12:25:51,2026-07-23T12:25:51,2026-07-29T11:25:51,False
O002824,C00040,delivered,2026-07-08T11:28:08,2026-07-08T19:28:08,2026-07-11T19:28:08,2026-07-18T11:28:08,False
O002825,C00057,delivered,2026-07-01T11:30:25,2026-07-02T02:30:25,2026-07-08T02:30:25,2026-07-14T11:30:25,False
O002826,C00074,delivered,2026-06-24T11:32:42,2026-06-24T14:32:42,2026-07-03T14:32:42,2026-07-03T11:32:42,False
O002827,C00091,delivered,2026-06-17T11:34:59,2026-06-17T21:34:59,2026-06-21T21:34:59,2026-06-29T11:34:59,False
O002828,C00108,delivered,2026-06-10T11:37:16,2026-06-11T04:37:16,2026-06-18T04:37:16,2026-06-18T11:37:16,False
O002829,C00125,delivered,2026-06-03T11:39:33,2026-06-03T16:39:33,2026-06-13T16:39:33,2026-06-14T11:39:33,False
O002830,C00142,delivered,2026-05-27T11:41:50,2026-05-27T23:41:50,2026-06-01T23:41:50,2026-06-10T11:41:50,False
O002831,C00159,delivered,2026-05-20T11:44:07,2026-05-20T11:44:07,2026-05-28T11:44:07,2026-05-30T11:44:07,False
O002832,C00176,delivered,2026-05-13T11:46:24,2026-05-13T18:46:24,2026-05-16T18:46:24,2026-05-26T11:46:24,False
O002833,C00193,delivered,2026-05-06T11:48:41,2026-05-07T01:48:41,2026-05-13T01:48:41,2026-05-15T11:48:41,False
O002834,C00210,delivered,2026-04-29T11:50:58,2026-04-29T13:50:58,2026-05-17T11:50:58,2026-05-11T11:50:58,True
O002835,C00227,delivered,2026-04-22T11:53:15,2026-04-22T20:53:15,2026-04-26T20:53:15,2026-04-30T11:53:15,False
O002836,C00244,delivered,2026-04-15T11:55:32,2026-04-16T03:55:32,2026-04-23T03:55:32,2026-04-26T11:55:32,False
O002837,C00261,delivered,2026-04-08T11:57:49,2026-04-08T15:57:49,2026-04-18T15:57:49,2026-04-22T11:57:49,False
O002838,C00278,delivered,2026-04-01T12:00:06,2026-04-01T23:00:06,2026-04-06T23:00:06,2026-04-11T12:00:06,False
O002839,C00295,delivered,2026-03-25T12:02:23,2026-03-26T06:02:23,2026-04-03T06:02:23,2026-04-07T12:02:23,False
O002840,C00312,delivered,2026-03-18T12:04:40,2026-03-18T18:04:40,2026-03-21T18:04:40,2026-03-27T12:04:40,False
O002841,C00329,delivered,2026-03-11T12:06:57,2026-03-12T01:06:57,2026-03-18T01:06:57,2026-03-23T12:06:57,False
O002842,C00346,delivered,2026-03-04T12:09:14,2026-03-04T13:09:14,2026-03-11T12:09:14,2026-03-12T12:09:14,False
O002843,C00363,delivered,2026-02-25T12:11:31,2026-02-25T20:11:31,2026-03-01T20:11:31,2026-03-08T12:11:31,False
O002844,C00380,delivered,2026-02-18T12:13:48,2026-02-19T03:13:48,2026-02-26T03:13:48,2026-03-04T12:13:48,False
O002845,C00397,delivered,2026-02-11T12:16:05,2026-02-11T15:16:05,2026-02-21T15:16:05,2026-02-21T12:16:05,False
O002846,C00414,delivered,2026-02-04T12:18:22,2026-02-04T22:18:22,2026-02-09T22:18:22,2026-02-17T12:18:22,False
O002847,C00431,delivered,2026-01-28T12:20:39,2026-01-29T05:20:39,2026-02-10T12:20:39,2026-02-06T12:20:39,True
O002848,C00448,delivered,2026-01-21T12:22:56,2026-01-21T17:22:56,2026-01-24T17:22:56,2026-02-02T12:22:56,False
O002849,C00465,delivered,2026-01-14T12:25:13,2026-01-15T00:25:13,2026-01-21T00:25:13,2026-01-22T12:25:13,False
O002850,C00482,delivered,2026-01-07T12:27:30,2026-01-07T12:27:30,2026-01-16T12:27:30,2026-01-18T12:27:30,False
O002851,C00499,delivered,2025-12-31T12:29:47,2025-12-31T19:29:47,2026-01-04T19:29:47,2026-01-14T12:29:47,False
O002852,C00516,delivered,2025-12-24T12:32:04,2025-12-25T02:32:04,2026-01-01T02:32:04,2026-01-03T12:32:04,False
O002853,C00533,delivered,2025-12-17T12:34:21,2025-12-17T14:34:21,2025-12-27T14:34:21,2025-12-30T12:34:21,False
O002854,C00550,delivered,2025-12-10T12:36:38,2025-12-10T21:36:38,2025-12-15T21:36:38,2025-12-19T12:36:38,False
O002855,C00567,delivered,2025-12-03T12:38:55,2025-12-04T04:38:55,2025-12-12T04:38:55,2025-12-15T12:38:55,False
O002856,C00584,delivered,2025-11-26T12:41:12,2025-11-26T16:41:12,2025-11-29T16:41:12,2025-12-04T12:41:12,False
O002857,C00601,delivered,2025-11-19T12:43:29,2025-11-19T23:43:29,2025-11-25T23:43:29,2025-11-30T12:43:29,False
O002858,C00618,delivered,2025-11-12T12:45:46,2025-11-13T06:45:46,2025-11-22T06:45:46,2025-11-26T12:45:46,False
O002859,C00635,delivered,2025-11-05T12:48:03,2025-11-05T18:48:03,2025-11-09T18:48:03,2025-11-15T12:48:03,False
O002860,C00652,delivered,2025-10-29T12:50:20,2025-10-30T01:50:20,2025-11-13T12:50:20,2025-11-11T12:50:20,True
O002861,C00669,delivered,2025-10-22T12:52:37,2025-10-22T13:52:37,2025-10-30T12:52:37,2025-10-31T12:52:37,False
O002862,C00686,delivered,2025-10-15T12:54:54,2025-10-15T20:54:54,2025-10-20T20:54:54,2025-10-27T12:54:54,False
O002863,C00703,delivered,2025-10-08T12:57:11,2025-10-09T03:57:11,2025-10-15T12:57:11,2025-10-16T12:57:11,False
O002864,C00720,delivered,2025-10-01T12:59:28,2025-10-01T15:59:28,2025-10-04T15:59:28,2025-10-12T12:59:28,False
O002865,C00737,delivered,2025-09-24T13:01:45,2025-09-24T23:01:45,2025-09-30T23:01:45,2025-10-08T13:01:45,False
O002866,C00754,delivered,2025-09-17T13:04:02,2025-09-18T06:04:02,2025-09-27T06:04:02,2025-09-27T13:04:02,False
O002867,C00771,delivered,2025-09-10T13:06:19,2025-09-10T18:06:19,2025-09-14T18:06:19,2025-09-23T13:06:19,False
O002868,C00788,delivered,2026-09-03T13:08:36,2026-09-04T01:08:36,2026-09-11T01:08:36,2026-09-12T13:08:36,False
O002869,C00805,delivered,2026-08-27T13:10:53,2026-08-27T13:10:53,2026-09-06T13:10:53,2026-09-08T13:10:53,False
O002870,C00822,delivered,2026-08-20T13:13:10,2026-08-20T20:13:10,2026-08-25T20:13:10,2026-08-28T13:13:10,False
O002871,C00839,delivered,2026-08-13T13:15:27,2026-08-14T03:15:27,2026-08-22T03:15:27,2026-08-24T13:15:27,False
O002872,C00856,delivered,2026-08-06T13:17:44,2026-08-06T15:17:44,2026-08-09T15:17:44,2026-08-20T13:17:44,False
O002873,C00873,delivered,2026-07-30T13:20:01,2026-07-30T22:20:01,2026-08-14T13:20:01,2026-08-09T13:20:01,True
O002874,C00890,delivered,2026-07-23T13:22:18,2026-07-24T05:22:18,2026-08-02T05:22:18,2026-08-05T13:22:18,False
O002875,C00907,delivered,2026-07-16T13:24:35,2026-07-16T17:24:35,2026-07-20T17:24:35,2026-07-25T13:24:35,False
O002876,C00924,delivered,2026-07-09T13:26:52,2026-07-10T00:26:52,2026-07-17T00:26:52,2026-07-21T13:26:52,False
O002877,C00941,delivered,2026-07-02T13:29:09,2026-07-03T07:29:09,2026-07-09T13:29:09,2026-07-10T13:29:09,False
O002878,C00958,delivered,2026-06-25T13:31:26,2026-06-25T19:31:26,2026-06-30T19:31:26,2026-07-06T13:31:26,False
O002879,C00975,delivered,2026-06-18T13:33:43,2026-06-19T02:33:43,2026-06-27T02:33:43,2026-07-02T13:33:43,False
O002880,C00992,delivered,2026-06-11T13:36:00,2026-06-11T14:36:00,2026-06-14T14:36:00,2026-06-21T13:36:00,False
O002881,C00009,delivered,2026-06-04T13:38:17,2026-06-04T21:38:17,2026-06-10T21:38:17,2026-06-17T13:38:17,False
O002882,C00026,delivered,2026-05-28T13:40:34,2026-05-29T04:40:34,2026-06-05T13:40:34,2026-06-06T13:40:34,False
O002883,C00043,delivered,2026-05-21T13:42:51,2026-05-21T16:42:51,2026-05-25T16:42:51,2026-06-02T13:42:51,False
O002884,C00060,delivered,2026-05-14T13:45:08,2026-05-14T23:45:08,2026-05-21T23:45:08,2026-05-22T13:45:08,False
O002885,C00077,delivered,2026-05-07T13:47:25,2026-05-08T06:47:25,2026-05-18T06:47:25,2026-05-18T13:47:25,False
O002886,C00094,delivered,2026-04-30T13:49:42,2026-04-30T18:49:42,2026-05-17T13:49:42,2026-05-14T13:49:42,True
O002887,C00111,delivered,2026-04-23T13:51:59,2026-04-24T01:51:59,2026-05-02T01:51:59,2026-05-03T13:51:59,False
O002888,C00128,delivered,2026-04-16T13:54:16,2026-04-16T13:54:16,2026-04-19T13:54:16,2026-04-29T13:54:16,False
O002889,C00145,delivered,2026-04-09T13:56:33,2026-04-09T20:56:33,2026-04-15T20:56:33,2026-04-18T13:56:33,False
O002890,C00162,shipped,2026-04-02T13:58:50,2026-04-03T03:58:50,2026-04-12T03:58:50,2026-04-14T13:58:50,False
O002891,C00179,shipped,2026-03-26T14:01:07,2026-03-26T16:01:07,2026-03-30T16:01:07,2026-04-03T14:01:07,False
O002892,C00196,shipped,2026-03-19T14:03:24,2026-03-19T23:03:24,2026-03-26T23:03:24,2026-03-30T14:03:24,False
O002893,C00213,shipped,2026-03-12T14:05:41,2026-03-13T06:05:41,2026-03-23T06:05:41,2026-03-26T14:05:41,False
O002894,C00230,processing,2026-03-05T14:07:58,2026-03-05T18:07:58,,2026-03-15T14:07:58,
O002895,C00247,processing,2026-02-26T14:10:15,2026-02-27T01:10:15,,2026-03-11T14:10:15,
O002896,C00264,processing,2026-02-19T14:12:32,2026-02-20T08:12:32,,2026-02-28T14:12:32,
O002897,C00281,canceled,2026-02-12T14:14:49,2026-02-12T20:14:49,,2026-02-24T14:14:49,
O002898,C00298,canceled,2026-02-05T14:17:06,2026-02-06T03:17:06,,2026-02-13T14:17:06,
O002899,C00315,invoiced,2026-01-29T14:19:23,2026-01-29T15:19:23,,2026-02-09T14:19:23,
O002900,C00332,delivered,2026-01-22T14:21:40,2026-01-22T22:21:40,2026-01-29T22:21:40,2026-02-05T14:21:40,False
O002901,C00349,delivered,2026-01-15T14:23:57,2026-01-16T05:23:57,2026-01-24T14:23:57,2026-01-25T14:23:57,False
O002902,C00366,delivered,2026-01-08T14:26:14,2026-01-08T17:26:14,2026-01-13T17:26:14,2026-01-21T14:26:14,False
O002903,C00383,delivered,2026-01-01T14:28:31,2026-01-02T00:28:31,2026-01-10T00:28:31,2026-01-10T14:28:31,False
O002904,C00400,delivered,2025-12-25T14:30:48,2025-12-26T07:30:48,2025-12-29T07:30:48,2026-01-06T14:30:48,False
O002905,C00417,delivered,2025-12-18T14:33:05,2025-12-18T19:33:05,2025-12-24T19:33:05,2025-12-26T14:33:05,False
O002906,C00434,delivered,2025-12-11T14:35:22,2025-12-12T02:35:22,2025-12-21T02:35:22,2025-12-22T14:35:22,False
O002907,C00451,delivered,2025-12-04T14:37:39,2025-12-04T14:37:39,2025-12-08T14:37:39,2025-12-18T14:37:39,False
O002908,C00468,delivered,2025-11-27T14:39:56,2025-11-27T21:39:56,2025-12-04T21:39:56,2025-12-07T14:39:56,False
O002909,C00485,delivered,2025-11-20T14:42:13,2025-11-21T04:42:13,2025-12-01T04:42:13,2025-12-03T14:42:13,False
O002910,C00502,delivered,2025-11-13T14:44:30,2025-11-13T16:44:30,2025-11-18T16:44:30,2025-11-22T14:44:30,False
O002911,C00519,delivered,2025-11-06T14:46:47,2025-11-06T23:46:47,2025-11-14T23:46:47,2025-11-18T14:46:47,False
O002912,C00536,delivered,2025-10-30T14:49:04,2025-10-31T06:49:04,2025-11-11T14:49:04,2025-11-07T14:49:04,True
O002913,C00553,delivered,2025-10-23T14:51:21,2025-10-23T18:51:21,2025-10-29T18:51:21,2025-11-03T14:51:21,False
O002914,C00570,delivered,2025-10-16T14:53:38,2025-10-17T01:53:38,2025-10-26T01:53:38,2025-10-30T14:53:38,False
O002915,C00587,delivered,2025-10-09T14:55:55,2025-10-10T08:55:55,2025-10-14T08:55:55,2025-10-19T14:55:55,False
O002916,C00604,delivered,2025-10-02T14:58:12,2025-10-02T20:58:12,2025-10-09T20:58:12,2025-10-15T14:58:12,False
O002917,C00621,delivered,2025-09-25T15:00:29,2025-09-26T04:00:29,2025-10-03T15:00:29,2025-10-04T15:00:29,False
O002918,C00638,delivered,2025-09-18T15:02:46,2025-09-18T16:02:46,2025-09-23T16:02:46,2025-09-30T15:02:46,False
O002919,C00655,delivered,2025-09-11T15:05:03,2025-09-11T23:05:03,2025-09-19T23:05:03,2025-09-19T15:05:03,False
O002920,C00672,delivered,2026-09-04T15:07:20,2026-09-05T06:07:20,2026-09-08T06:07:20,2026-09-15T15:07:20,False
O002921,C00689,delivered,2026-08-28T15:09:37,2026-08-28T18:09:37,2026-09-03T18:09:37,2026-09-11T15:09:37,False
O002922,C00706,delivered,2026-08-21T15:11:54,2026-08-22T01:11:54,2026-08-31T01:11:54,2026-08-31T15:11:54,False
O002923,C00723,delivered,2026-08-14T15:14:11,2026-08-15T08:14:11,2026-08-19T08:14:11,2026-08-27T15:14:11,False
O002924,C00740,delivered,2026-08-07T15:16:28,2026-08-07T20:16:28,2026-08-14T20:16:28,2026-08-16T15:16:28,False
O002925,C00757,delivered,2026-07-31T15:18:45,2026-08-01T03:18:45,2026-08-14T15:18:45,2026-08-12T15:18:45,True
O002926,C00774,delivered,2026-07-24T15:21:02,2026-07-24T15:21:02,2026-07-29T15:21:02,2026-08-01T15:21:02,False
O002927,C00791,delivered,2026-07-17T15:23:19,2026-07-17T22:23:19,2026-07-25T22:23:19,2026-07-28T15:23:19,False
O002928,C00808,delivered,2026-07-10T15:25:36,2026-07-11T05:25:36,2026-07-14T05:25:36,2026-07-24T15:25:36,False
O002929,C00825,delivered,2026-07-03T15:27:53,2026-07-03T17:27:53,2026-07-09T17:27:53,2026-07-13T15:27:53,False
O002930,C00842,delivered,2026-06-26T15:30:10,2026-06-27T00:30:10,2026-07-06T00:30:10,2026-07-09T15:30:10,False
O002931,C00859,delivered,2026-06-19T15:32:27,2026-06-20T07:32:27,2026-06-24T07:32:27,2026-06-28T15:32:27,False
O002932,C00876,delivered,2026-06-12T15:34:44,2026-06-12T19:34:44,2026-06-19T19:34:44,2026-06-24T15:34:44,False
O002933,C00893,delivered,2026-06-05T15:37:01,2026-06-06T02:37:01,2026-06-12T15:37:01,2026-06-13T15:37:01,False
O002934,C00910,delivered,2026-05-29T15:39:18,2026-05-30T09:39:18,2026-06-04T09:39:18,2026-06-09T15:39:18,False
O002935,C00927,delivered,2026-05-22T15:41:35,2026-05-22T21:41:35,2026-05-30T21:41:35,2026-06-05T15:41:35,False
O002936,C00944,delivered,2026-05-15T15:43:52,2026-05-16T04:43:52,2026-05-19T04:43:52,2026-05-25T15:43:52,False
O002937,C00961,delivered,2026-05-08T15:46:09,2026-05-08T16:46:09,2026-05-14T16:46:09,2026-05-21T15:46:09,False
O002938,C00978,delivered,2026-05-01T15:48:26,2026-05-01T23:48:26,2026-05-15T15:48:26,2026-05-10T15:48:26,True
O002939,C00995,delivered,2026-04-24T15:50:43,2026-04-25T06:50:43,2026-04-29T06:50:43,2026-05-06T15:50:43,False
O002940,C00012,delivered,2026-04-17T15:53:00,2026-04-17T18:53:00,2026-04-24T18:53:00,2026-04-25T15:53:00,False
O002941,C00029,delivered,2026-04-10T15:55:17,2026-04-11T01:55:17,2026-04-21T01:55:17,2026-04-21T15:55:17,False
O002942,C00046,delivered,2026-04-03T15:57:34,2026-04-04T08:57:34,2026-04-09T08:57:34,2026-04-17T15:57:34,False
O002943,C00063,delivered,2026-03-27T15:59:51,2026-03-27T20:59:51,2026-04-04T20:59:51,2026-04-06T15:59:51,False
O002944,C00080,delivered,2026-03-20T16:02:08,2026-03-21T04:02:08,2026-03-24T04:02:08,2026-04-02T16:02:08,False
O002945,C00097,delivered,2026-03-13T16:04:25,2026-03-13T16:04:25,2026-03-19T16:04:25,2026-03-22T16:04:25,False
O002946,C00114,delivered,2026-03-06T16:06:42,2026-03-06T23:06:42,2026-03-15T23:06:42,2026-03-18T16:06:42,False
O002947,C00131,delivered,2026-02-27T16:08:59,2026-02-28T06:08:59,2026-03-04T06:08:59,2026-03-07T16:08:59,False
O002948,C00148,delivered,2026-02-20T16:11:16,2026-02-20T18:11:16,2026-02-27T18:11:16,2026-03-03T16:11:16,False
O002949,C00165,delivered,2026-02-13T16:13:33,2026-02-14T01:13:33,2026-02-24T01:13:33,2026-02-27T16:13:33,False
O002950,C00182,delivered,2026-02-06T16:15:50,2026-02-07T08:15:50,2026-02-12T08:15:50,2026-02-16T16:15:50,False
O002951,C00199,delivered,2026-01-30T16:18:07,2026-01-30T20:18:07,2026-02-15T16:18:07,2026-02-12T16:18:07,True
O002952,C00216,delivered,2026-01-23T16:20:24,2026-01-24T03:20:24,2026-01-27T03:20:24,2026-02-01T16:20:24,False
O002953,C00233,delivered,2026-01-16T16:22:41,2026-01-17T10:22:41,2026-01-23T10:22:41,2026-01-28T16:22:41,False
O002954,C00250,delivered,2026-01-09T16:24:58,2026-01-09T22:24:58,2026-01-16T16:24:58,2026-01-17T16:24:58,False
O002955,C00267,delivered,2026-01-02T16:27:15,2026-01-03T05:27:15,2026-01-07T05:27:15,2026-01-13T16:27:15,False
O002956,C00284,delivered,2025-12-26T16:29:32,2025-12-26T17:29:32,2026-01-02T17:29:32,2026-01-09T16:29:32,False
O002957,C00301,delivered,2025-12-19T16:31:49,2025-12-20T00:31:49,2025-12-28T16:31:49,2025-12-29T16:31:49,False
O002958,C00318,delivered,2025-12-12T16:34:06,2025-12-13T07:34:06,2025-12-18T07:34:06,2025-12-25T16:34:06,False
O002959,C00335,delivered,2025-12-05T16:36:23,2025-12-05T19:36:23,2025-12-13T19:36:23,2025-12-14T16:36:23,False
O002960,C00352,delivered,2025-11-28T16:38:40,2025-11-29T02:38:40,2025-12-02T02:38:40,2025-12-10T16:38:40,False
O002961,C00369,delivered,2025-11-21T16:40:57,2025-11-22T09:40:57,2025-11-28T09:40:57,2025-11-29T16:40:57,False
O002962,C00386,delivered,2025-11-14T16:43:14,2025-11-14T21:43:14,2025-11-23T21:43:14,2025-11-25T16:43:14,False
O002963,C00403,delivered,2025-11-07T16:45:31,2025-11-08T04:45:31,2025-11-12T04:45:31,2025-11-21T16:45:31,False
O002964,C00420,delivered,2025-10-31T16:47:48,2025-10-31T16:47:48,2025-11-16T16:47:48,2025-11-10T16:47:48,True
O002965,C00437,delivered,2025-10-24T16:50:05,2025-10-24T23:50:05,2025-11-03T23:50:05,2025-11-06T16:50:05,False
O002966,C00454,delivered,2025-10-17T16:52:22,2025-10-18T06:52:22,2025-10-23T06:52:22,2025-10-26T16:52:22,False
O002967,C00471,delivered,2025-10-10T16:54:39,2025-10-10T18:54:39,2025-10-18T18:54:39,2025-10-22T16:54:39,False
O002968,C00488,delivered,2025-10-03T16:56:56,2025-10-04T01:56:56,2025-10-07T01:56:56,2025-10-11T16:56:56,False
O002969,C00505,delivered,2025-09-26T16:59:13,2025-09-27T08:59:13,2025-10-03T08:59:13,2025-10-07T16:59:13,False
O002970,C00522,delivered,2025-09-19T17:01:30,2025-09-19T21:01:30,2025-09-28T21:01:30,2025-10-03T17:01:30,False
O002971,C00539,delivered,2025-09-12T17:03:47,2025-09-13T04:03:47,2025-09-17T04:03:47,2025-09-22T17:03:47,False
O002972,C00556,delivered,2025-09-05T17:06:04,2025-09-06T11:06:04,2025-09-13T11:06:04,2025-09-18T17:06:04,False
O002973,C00573,delivered,2026-08-29T17:08:21,2026-08-29T23:08:21,2026-09-06T17:08:21,2026-09-07T17:08:21,False
O002974,C00590,delivered,2026-08-22T17:10:38,2026-08-23T06:10:38,2026-08-28T06:10:38,2026-09-03T17:10:38,False
O002975,C00607,delivered,2026-08-15T17:12:55,2026-08-15T18:12:55,2026-08-23T18:12:55,2026-08-23T17:12:55,False
O002976,C00624,delivered,2026-08-08T17:15:12,2026-08-09T01:15:12,2026-08-12T01:15:12,2026-08-19T17:15:12,False
O002977,C00641,delivered,2026-08-01T17:17:29,2026-08-02T08:17:29,2026-08-19T17:17:29,2026-08-15T17:17:29,True
O002978,C00658,delivered,2026-07-25T17:19:46,2026-07-25T20:19:46,2026-08-03T20:19:46,2026-08-04T17:19:46,False
O002979,C00675,delivered,2026-07-18T17:22:03,2026-07-19T03:22:03,2026-07-23T03:22:03,2026-07-31T17:22:03,False
O002980,C00692,delivered,2026-07-11T17:24:20,2026-07-12T10:24:20,2026-07-19T10:24:20,2026-07-20T17:24:20,False
O002981,C00709,delivered,2026-07-04T17:26:37,2026-07-04T22:26:37,2026-07-14T22:26:37,2026-07-16T17:26:37,False
O002982,C00726,delivered,2026-06-27T17:28:54,2026-06-28T05:28:54,2026-07-03T05:28:54,2026-07-05T17:28:54,False
O002983,C00743,delivered,2026-06-20T17:31:11,2026-06-20T17:31:11,2026-06-28T17:31:11,2026-07-01T17:31:11,False
O002984,C00760,delivered,2026-06-13T17:33:28,2026-06-14T00:33:28,2026-06-17T00:33:28,2026-06-27T17:33:28,False
O002985,C00777,delivered,2026-06-06T17:35:45,2026-06-07T07:35:45,2026-06-13T07:35:45,2026-06-16T17:35:45,False
O002986,C00794,delivered,2026-05-30T17:38:02,2026-05-30T19:38:02,2026-06-08T19:38:02,2026-06-12T17:38:02,False
O002987,C00811,delivered,2026-05-23T17:40:19,2026-05-24T02:40:19,2026-05-28T02:40:19,2026-06-01T17:40:19,False
O002988,C00828,delivered,2026-05-16T17:42:36,2026-05-17T09:42:36,2026-05-24T09:42:36,2026-05-28T17:42:36,False
O002989,C00845,delivered,2026-05-09T17:44:53,2026-05-09T21:44:53,2026-05-16T17:44:53,2026-05-17T17:44:53,False
O002990,C00862,shipped,2026-05-02T17:47:10,2026-05-03T04:47:10,2026-05-15T17:47:10,2026-05-13T17:47:10,True
O002991,C00879,shipped,2026-04-25T17:49:27,2026-04-26T11:49:27,2026-05-04T11:49:27,2026-05-09T17:49:27,False
O002992,C00896,shipped,2026-04-18T17:51:44,2026-04-18T23:51:44,2026-04-21T23:51:44,2026-04-28T17:51:44,False
O002993,C00913,shipped,2026-04-11T17:54:01,2026-04-12T06:54:01,2026-04-18T06:54:01,2026-04-24T17:54:01,False
O002994,C00930,processing,2026-04-04T17:56:18,2026-04-04T18:56:18,,2026-04-13T17:56:18,
O002995,C00947,processing,2026-03-28T17:58:35,2026-03-29T01:58:35,,2026-04-09T17:58:35,
O002996,C00964,processing,2026-03-21T18:00:52,2026-03-22T09:00:52,,2026-03-29T18:00:52,
O002997,C00981,canceled,2026-03-14T18:03:09,2026-03-14T21:03:09,,2026-03-25T18:03:09,
O002998,C00998,canceled,2026-03-07T18:05:26,2026-03-08T04:05:26,,2026-03-21T18:05:26,
O002999,C00015,invoiced,2026-02-28T18:07:43,2026-03-01T11:07:43,,2026-03-10T18:07:43,
O003000,C00032,delivered,2026-02-21T18:10:00,2026-02-21T23:10:00,2026-02-24T23:10:00,2026-03-06T18:10:00,False
O003001,C00049,delivered,2026-02-14T18:12:17,2026-02-15T06:12:17,2026-02-21T06:12:17,2026-02-23T18:12:17,False
O003002,C00066,delivered,2026-02-07T18:14:34,2026-02-07T18:14:34,2026-02-16T18:14:34,2026-02-19T18:14:34,False
O003003,C00083,delivered,2026-01-31T18:16:51,2026-02-01T01:16:51,2026-02-13T18:16:51,2026-02-08T18:16:51,True
O003004,C00100,delivered,2026-01-24T18:19:08,2026-01-25T08:19:08,2026-02-01T08:19:08,2026-02-04T18:19:08,False
O003005,C00117,delivered,2026-01-17T18:21:25,2026-01-17T20:21:25,2026-01-27T20:21:25,2026-01-31T18:21:25,False
O003006,C00134,delivered,2026-01-10T18:23:42,2026-01-11T03:23:42,2026-01-16T03:23:42,2026-01-20T18:23:42,False
O003007,C00151,delivered,2026-01-03T18:25:59,2026-01-04T10:25:59,2026-01-12T10:25:59,2026-01-16T18:25:59,False
O003008,C00168,delivered,2025-12-27T18:28:16,2025-12-27T22:28:16,2025-12-30T22:28:16,2026-01-05T18:28:16,False
O003009,C00185,delivered,2025-12-20T18:30:33,2025-12-21T05:30:33,2025-12-27T05:30:33,2026-01-01T18:30:33,False
O003010,C00202,delivered,2025-12-13T18:32:50,2025-12-14T12:32:50,2025-12-20T18:32:50,2025-12-21T18:32:50,False
O003011,C00219,delivered,2025-12-06T18:35:07,2025-12-07T00:35:07,2025-12-11T00:35:07,2025-12-17T18:35:07,False
O003012,C00236,delivered,2025-11-29T18:37:24,2025-11-30T07:37:24,2025-12-07T07:37:24,2025-12-13T18:37:24,False
O003013,C00253,delivered,2025-11-22T18:39:41,2025-11-22T19:39:41,2025-12-02T19:39:41,2025-12-02T18:39:41,False
O003014,C00270,delivered,2025-11-15T18:41:58,2025-11-16T02:41:58,2025-11-21T02:41:58,2025-11-28T18:41:58,False
O003015,C00287,delivered,2025-11-08T18:44:15,2025-11-09T09:44:15,2025-11-17T09:44:15,2025-11-17T18:44:15,False
O003016,C00304,delivered,2025-11-01T18:46:32,2025-11-01T21:46:32,2025-11-16T18:46:32,2025-11-13T18:46:32,True
O003017,C00321,delivered,2025-10-25T18:48:49,2025-10-26T04:48:49,2025-11-01T04:48:49,2025-11-02T18:48:49,False
O003018,C00338,delivered,2025-10-18T18:51:06,2025-10-19T11:51:06,2025-10-28T11:51:06,2025-10-29T18:51:06,False
O003019,C00355,delivered,2025-10-11T18:53:23,2025-10-11T23:53:23,2025-10-15T23:53:23,2025-10-25T18:53:23,False
O003020,C00372,delivered,2025-10-04T18:55:40,2025-10-05T06:55:40,2025-10-12T06:55:40,2025-10-14T18:55:40,False
O003021,C00389,delivered,2025-09-27T18:57:57,2025-09-27T18:57:57,2025-10-07T18:57:57,2025-10-10T18:57:57,False
O003022,C00406,delivered,2025-09-20T19:00:14,2025-09-21T02:00:14,2025-09-26T02:00:14,2025-09-29T19:00:14,False
O003023,C00423,delivered,2025-09-13T19:02:31,2025-09-14T09:02:31,2025-09-22T09:02:31,2025-09-25T19:02:31,False
O003024,C00440,delivered,2025-09-06T19:04:48,2025-09-06T21:04:48,2025-09-09T21:04:48,2025-09-14T19:04:48,False
O003025,C00457,delivered,2026-08-30T19:07:05,2026-08-31T04:07:05,2026-09-06T04:07:05,2026-09-10T19:07:05,False
O003026,C00474,delivered,2026-08-23T19:09:22,2026-08-24T11:09:22,2026-09-02T11:09:22,2026-09-06T19:09:22,False
O003027,C00491,delivered,2026-08-16T19:11:39,2026-08-16T23:11:39,2026-08-20T23:11:39,2026-08-26T19:11:39,False
O003028,C00508,delivered,2026-08-09T19:13:56,2026-08-10T06:13:56,2026-08-17T06:13:56,2026-08-22T19:13:56,False
O003029,C00525,delivered,2026-08-02T19:16:13,2026-08-03T13:16:13,2026-08-17T19:16:13,2026-08-11T19:16:13,True
O003030,C00542,delivered,2026-07-26T19:18:30,2026-07-27T01:18:30,2026-08-01T01:18:30,2026-08-07T19:18:30,False
O003031,C00559,delivered,2026-07-19T19:20:47,2026-07-20T08:20:47,2026-07-26T19:20:47,2026-07-27T19:20:47,False
O003032,C00576,delivered,2026-07-12T19:23:04,2026-07-12T20:23:04,2026-07-15T20:23:04,2026-07-23T19:23:04,False
O003033,C00593,delivered,2026-07-05T19:25:21,2026-07-06T03:25:21,2026-07-12T03:25:21,2026-07-19T19:25:21,False
O003034,C00610,delivered,2026-06-28T19:27:38,2026-06-29T10:27:38,2026-07-08T10:27:38,2026-07-08T19:27:38,False
O003035,C00627,delivered,2026-06-21T19:29:55,2026-06-21T22:29:55,2026-06-25T22:29:55,2026-07-04T19:29:55,False
O003036,C00644,delivered,2026-06-14T19:32:12,2026-06-15T05:32:12,2026-06-22T05:32:12,2026-06-23T19:32:12,False
O003037,C00661,delivered,2026-06-07T19:34:29,2026-06-08T12:34:29,2026-06-18T12:34:29,2026-06-19T19:34:29,False
O003038,C00678,delivered,2026-05-31T19:36:46,2026-06-01T00:36:46,2026-06-06T00:36:46,2026-06-08T19:36:46,False
O003039,C00695,delivered,2026-05-24T19:39:03,2026-05-25T07:39:03,2026-06-02T07:39:03,2026-06-04T19:39:03,False
O003040,C00712,delivered,2026-05-17T19:41:20,2026-05-17T19:41:20,2026-05-20T19:41:20,2026-05-31T19:41:20,False
O003041,C00729,delivered,2026-05-10T19:43:37,2026-05-11T02:43:37,2026-05-17T02:43:37,2026-05-20T19:43:37,False
O003042,C00746,delivered,2026-05-03T19:45:54,2026-05-04T09:45:54,2026-05-20T19:45:54,2026-05-16T19:45:54,True
O003043,C00763,delivered,2026-04-26T19:48:11,2026-04-26T21:48:11,2026-04-30T21:48:11,2026-05-05T19:48:11,False
O003044,C00780,delivered,2026-04-19T19:50:28,2026-04-20T04:50:28,2026-04-27T04:50:28,2026-05-01T19:50:28,False
O003045,C00797,delivered,2026-04-12T19:52:45,2026-04-13T11:52:45,2026-04-19T19:52:45,2026-04-20T19:52:45,False
O003046,C00814,delivered,2026-04-05T19:55:02,2026-04-05T23:55:02,2026-04-10T23:55:02,2026-04-16T19:55:02,False
O003047,C00831,delivered,2026-03-29T19:57:19,2026-03-30T06:57:19,2026-04-07T06:57:19,2026-04-12T19:57:19,False
O003048,C00848,delivered,2026-03-22T19:59:36,2026-03-23T13:59:36,2026-03-26T13:59:36,2026-04-01T19:59:36,False
O003049,C00865,delivered,2026-03-15T20:01:53,2026-03-16T02:01:53,2026-03-22T02:01:53,2026-03-28T20:01:53,False
O003050,C00882,delivered,2026-03-08T20:04:10,2026-03-09T09:04:10,2026-03-16T20:04:10,2026-03-17T20:04:10,False
O003051,C00899,delivered,2026-03-01T20:06:27,2026-03-01T21:06:27,2026-03-05T21:06:27,2026-03-13T20:06:27,False
O003052,C00916,delivered,2026-02-22T20:08:44,2026-02-23T04:08:44,2026-03-02T04:08:44,2026-03-02T20:08:44,False
O003053,C00933,delivered,2026-02-15T20:11:01,2026-02-16T11:11:01,2026-02-26T11:11:01,2026-02-26T20:11:01,False
O003054,C00950,delivered,2026-02-08T20:13:18,2026-02-08T23:13:18,2026-02-13T23:13:18,2026-02-22T20:13:18,False
O003055,C00967,delivered,2026-02-01T20:15:35,2026-02-02T06:15:35,2026-02-13T20:15:35,2026-02-11T20:15:35,True
O003056,C00984,delivered,2026-01-25T20:17:52,2026-01-26T13:17:52,2026-01-29T13:17:52,2026-02-07T20:17:52,False
O003057,C00001,delivered,2026-01-18T20:20:09,2026-01-19T01:20:09,2026-01-25T01:20:09,2026-01-27T20:20:09,False
O003058,C00018,delivered,2026-01-11T20:22:26,2026-01-12T08:22:26,2026-01-21T08:22:26,2026-01-23T20:22:26,False
O003059,C00035,delivered,2026-01-04T20:24:43,2026-01-04T20:24:43,2026-01-08T20:24:43,2026-01-12T20:24:43,False
O003060,C00052,delivered,2025-12-28T20:27:00,2025-12-29T03:27:00,2026-01-05T03:27:00,2026-01-08T20:27:00,False
O003061,C00069,delivered,2025-12-21T20:29:17,2025-12-22T10:29:17,2026-01-01T10:29:17,2026-01-04T20:29:17,False
O003062,C00086,delivered,2025-12-14T20:31:34,2025-12-14T22:31:34,2025-12-19T22:31:34,2025-12-24T20:31:34,False
O003063,C00103,delivered,2025-12-07T20:33:51,2025-12-08T05:33:51,2025-12-16T05:33:51,2025-12-20T20:33:51,False
O003064,C00120,delivered,2025-11-30T20:36:08,2025-12-01T12:36:08,2025-12-04T12:36:08,2025-12-09T20:36:08,False
O003065,C00137,delivered,2025-11-23T20:38:25,2025-11-24T00:38:25,2025-11-30T00:38:25,2025-12-05T20:38:25,False
O003066,C00154,delivered,2025-11-16T20:40:42,2025-11-17T07:40:42,2025-11-23T20:40:42,2025-11-24T20:40:42,False
O003067,C00171,delivered,2025-11-09T20:42:59,2025-11-10T14:42:59,2025-11-14T14:42:59,2025-11-20T20:42:59,False
O003068,C00188,delivered,2025-11-02T20:45:16,2025-11-03T02:45:16,2025-11-21T20:45:16,2025-11-16T20:45:16,True
O003069,C00205,delivered,2025-10-26T20:47:33,2025-10-27T09:47:33,2025-11-04T20:47:33,2025-11-05T20:47:33,False
O003070,C00222,delivered,2025-10-19T20:49:50,2025-10-19T21:49:50,2025-10-24T21:49:50,2025-11-01T20:49:50,False
O003071,C00239,delivered,2025-10-12T20:52:07,2025-10-13T04:52:07,2025-10-21T04:52:07,2025-10-21T20:52:07,False
O003072,C00256,delivered,2025-10-05T20:54:24,2025-10-06T11:54:24,2025-10-09T11:54:24,2025-10-17T20:54:24,False
O003073,C00273,delivered,2025-09-28T20:56:41,2025-09-28T23:56:41,2025-10-04T23:56:41,2025-10-06T20:56:41,False
O003074,C00290,delivered,2025-09-21T20:58:58,2025-09-22T06:58:58,2025-10-01T06:58:58,2025-10-02T20:58:58,False
O003075,C00307,delivered,2025-09-14T21:01:15,2025-09-15T14:01:15,2025-09-19T14:01:15,2025-09-28T21:01:15,False
O003076,C00324,delivered,2025-09-07T21:03:32,2025-09-08T02:03:32,2025-09-15T02:03:32,2025-09-17T21:03:32,False
O003077,C00341,delivered,2026-08-31T21:05:49,2026-09-01T09:05:49,2026-09-11T09:05:49,2026-09-13T21:05:49,False
O003078,C00358,delivered,2026-08-24T21:08:06,2026-08-24T21:08:06,2026-08-29T21:08:06,2026-09-02T21:08:06,False
O003079,C00375,delivered,2026-08-17T21:10:23,2026-08-18T04:10:23,2026-08-26T04:10:23,2026-08-29T21:10:23,False
O003080,C00392,delivered,2026-08-10T21:12:40,2026-08-11T11:12:40,2026-08-14T11:12:40,2026-08-18T21:12:40,False
O003081,C00409,delivered,2026-08-03T21:14:57,2026-08-03T23:14:57,2026-08-17T21:14:57,2026-08-14T21:14:57,True
O003082,C00426,delivered,2026-07-27T21:17:14,2026-07-28T06:17:14,2026-08-06T06:17:14,2026-08-10T21:17:14,False
O003083,C00443,delivered,2026-07-20T21:19:31,2026-07-21T13:19:31,2026-07-25T13:19:31,2026-07-30T21:19:31,False
O003084,C00460,delivered,2026-07-13T21:21:48,2026-07-14T01:21:48,2026-07-21T01:21:48,2026-07-26T21:21:48,False
O003085,C00477,delivered,2026-07-06T21:24:05,2026-07-07T08:24:05,2026-07-14T21:24:05,2026-07-15T21:24:05,False
O003086,C00494,delivered,2026-06-29T21:26:22,2026-06-30T15:26:22,2026-07-05T15:26:22,2026-07-11T21:26:22,False
O003087,C00511,delivered,2026-06-22T21:28:39,2026-06-23T03:28:39,2026-06-29T21:28:39,2026-06-30T21:28:39,False
O003088,C00528,delivered,2026-06-15T21:30:56,2026-06-16T10:30:56,2026-06-19T10:30:56,2026-06-26T21:30:56,False
O003089,C00545,delivered,2026-06-08T21:33:13,2026-06-08T22:33:13,2026-06-14T22:33:13,2026-06-22T21:33:13,False
O003090,C00562,shipped,2026-06-01T21:35:30,2026-06-02T05:35:30,2026-06-11T05:35:30,2026-06-11T21:35:30,False
O003091,C00579,shipped,2026-05-25T21:37:47,2026-05-26T12:37:47,2026-05-30T12:37:47,2026-06-07T21:37:47,False
O003092,C00596,shipped,2026-05-18T21:40:04,2026-05-19T00:40:04,2026-05-26T00:40:04,2026-05-27T21:40:04,False
O003093,C00613,shipped,2026-05-11T21:42:21,2026-05-12T07:42:21,2026-05-22T07:42:21,2026-05-23T21:42:21,False
O003094,C00630,processing,2026-05-04T21:44:38,2026-05-05T14:44:38,,2026-05-12T21:44:38,
O003095,C00647,processing,2026-04-27T21:46:55,2026-04-28T02:46:55,,2026-05-08T21:46:55,
O003096,C00664,processing,2026-04-20T21:49:12,2026-04-21T09:49:12,,2026-05-04T21:49:12,
O003097,C00681,canceled,2026-04-13T21:51:29,2026-04-13T21:51:29,,2026-04-23T21:51:29,
O003098,C00698,canceled,2026-04-06T21:53:46,2026-04-07T04:53:46,,2026-04-19T21:53:46,
O003099,C00715,invoiced,2026-03-30T21:56:03,2026-03-31T11:56:03,,2026-04-08T21:56:03,
O003100,C00732,delivered,2026-03-23T21:58:20,2026-03-23T23:58:20,2026-03-30T23:58:20,2026-04-04T21:58:20,False
O003101,C00749,delivered,2026-03-16T22:00:37,2026-03-17T07:00:37,2026-03-23T22:00:37,2026-03-24T22:00:37,False
O003102,C00766,delivered,2026-03-09T22:02:54,2026-03-10T14:02:54,2026-03-15T14:02:54,2026-03-20T22:02:54,False
O003103,C00783,delivered,2026-03-02T22:05:11,2026-03-03T02:05:11,2026-03-11T02:05:11,2026-03-16T22:05:11,False
O003104,C00800,delivered,2026-02-23T22:07:28,2026-02-24T09:07:28,2026-02-27T09:07:28,2026-03-05T22:07:28,False
O003105,C00817,delivered,2026-02-16T22:09:45,2026-02-17T16:09:45,2026-02-23T16:09:45,2026-03-01T22:09:45,False
O003106,C00834,delivered,2026-02-09T22:12:02,2026-02-10T04:12:02,2026-02-17T22:12:02,2026-02-18T22:12:02,False
O003107,C00851,delivered,2026-02-02T22:14:19,2026-02-03T11:14:19,2026-02-18T22:14:19,2026-02-14T22:14:19,True
O003108,C00868,delivered,2026-01-26T22:16:36,2026-01-26T23:16:36,2026-02-02T23:16:36,2026-02-03T22:16:36,False
O003109,C00885,delivered,2026-01-19T22:18:53,2026-01-20T06:18:53,2026-01-30T06:18:53,2026-01-30T22:18:53,False
O003110,C00902,delivered,2026-01-12T22:21:10,2026-01-13T13:21:10,2026-01-18T13:21:10,2026-01-26T22:21:10,False
O003111,C00919,delivered,2026-01-05T22:23:27,2026-01-06T01:23:27,2026-01-14T01:23:27,2026-01-15T22:23:27,False
O003112,C00936,delivered,2025-12-29T22:25:44,2025-12-30T08:25:44,2026-01-02T08:25:44,2026-01-11T22:25:44,False
O003113,C00953,delivered,2025-12-22T22:28:01,2025-12-23T15:28:01,2025-12-29T15:28:01,2025-12-31T22:28:01,False
O003114,C00970,delivered,2025-12-15T22:30:18,2025-12-16T03:30:18,2025-12-25T03:30:18,2025-12-27T22:30:18,False
O003115,C00987,delivered,2025-12-08T22:32:35,2025-12-09T10:32:35,2025-12-13T10:32:35,2025-12-16T22:32:35,False
O003116,C00004,delivered,2025-12-01T22:34:52,2025-12-01T22:34:52,2025-12-08T22:34:52,2025-12-12T22:34:52,False
O003117,C00021,delivered,2025-11-24T22:37:09,2025-11-25T05:37:09,2025-12-05T05:37:09,2025-12-08T22:37:09,False
O003118,C00038,delivered,2025-11-17T22:39:26,2025-11-18T12:39:26,2025-11-23T12:39:26,2025-11-27T22:39:26,False
O003119,C00055,delivered,2025-11-10T22:41:43,2025-11-11T00:41:43,2025-11-19T00:41:43,2025-11-23T22:41:43,False
O003120,C00072,delivered,2025-11-03T22:44:00,2025-11-04T07:44:00,2025-11-14T22:44:00,2025-11-12T22:44:00,True
O003121,C00089,delivered,2025-10-27T22:46:17,2025-10-28T14:46:17,2025-11-03T14:46:17,2025-11-08T22:46:17,False
O003122,C00106,delivered,2025-10-20T22:48:34,2025-10-21T02:48:34,2025-10-27T22:48:34,2025-10-28T22:48:34,False
O003123,C00123,delivered,2025-10-13T22:50:51,2025-10-14T09:50:51,2025-10-18T09:50:51,2025-10-24T22:50:51,False
O003124,C00140,delivered,2025-10-06T22:53:08,2025-10-07T16:53:08,2025-10-14T16:53:08,2025-10-20T22:53:08,False
O003125,C00157,delivered,2025-09-29T22:55:25,2025-09-30T04:55:25,2025-10-08T22:55:25,2025-10-09T22:55:25,False
O003126,C00174,delivered,2025-09-22T22:57:42,2025-09-23T11:57:42,2025-09-28T11:57:42,2025-10-05T22:57:42,False
O003127,C00191,delivered,2025-09-15T22:59:59,2025-09-15T23:59:59,2025-09-23T23:59:59,2025-09-24T22:59:59,False
O003128,C00208,delivered,2025-09-08T23:02:16,2025-09-09T07:02:16,2025-09-12T07:02:16,2025-09-20T23:02:16,False
O003129,C00225,delivered,2026-09-01T23:04:33,2026-09-02T14:04:33,2026-09-08T14:04:33,2026-09-09T23:04:33,False
O003130,C00242,delivered,2026-08-25T23:06:50,2026-08-26T02:06:50,2026-09-04T02:06:50,2026-09-05T23:06:50,False
O003131,C00259,delivered,2026-08-18T23:09:07,2026-08-19T09:09:07,2026-08-23T09:09:07,2026-09-01T23:09:07,False
O003132,C00276,delivered,2026-08-11T23:11:24,2026-08-12T16:11:24,2026-08-19T16:11:24,2026-08-21T23:11:24,False
O003133,C00293,delivered,2026-08-04T23:13:41,2026-08-05T04:13:41,2026-08-22T23:13:41,2026-08-17T23:13:41,True
O003134,C00310,delivered,2026-07-28T23:15:58,2026-07-29T11:15:58,2026-08-03T11:15:58,2026-08-06T23:15:58,False
O003135,C00327,delivered,2026-07-21T23:18:15,2026-07-21T23:18:15,2026-07-29T23:18:15,2026-08-02T23:18:15,False
O003136,C00344,delivered,2026-07-14T23:20:32,2026-07-15T06:20:32,2026-07-18T06:20:32,2026-07-22T23:20:32,False
O003137,C00361,delivered,2026-07-07T23:22:49,2026-07-08T13:22:49,2026-07-14T13:22:49,2026-07-18T23:22:49,False
O003138,C00378,delivered,2026-06-30T23:25:06,2026-07-01T01:25:06,2026-07-10T01:25:06,2026-07-14T23:25:06,False
O003139,C00395,delivered,2026-06-23T23:27:23,2026-06-24T08:27:23,2026-06-28T08:27:23,2026-07-03T23:27:23,False
O003140,C00412,delivered,2026-06-16T23:29:40,2026-06-17T15:29:40,2026-06-24T15:29:40,2026-06-29T23:29:40,False
O003141,C00429,delivered,2026-06-09T23:31:57,2026-06-10T03:31:57,2026-06-17T23:31:57,2026-06-18T23:31:57,False
O003142,C00446,delivered,2026-06-02T23:34:14,2026-06-03T10:34:14,2026-06-08T10:34:14,2026-06-14T23:34:14,False
O003143,C00463,delivered,2026-05-26T23:36:31,2026-05-27T17:36:31,2026-06-02T23:36:31,2026-06-03T23:36:31,False
O003144,C00480,delivered,2026-05-19T23:38:48,2026-05-20T05:38:48,2026-05-23T05:38:48,2026-05-30T23:38:48,False
O003145,C00497,delivered,2026-05-12T23:41:05,2026-05-13T12:41:05,2026-05-19T12:41:05,2026-05-26T23:41:05,False
O003146,C00514,delivered,2026-05-05T23:43:22,2026-05-06T00:43:22,2026-05-18T23:43:22,2026-05-15T23:43:22,True
O003147,C00531,delivered,2026-04-28T23:45:39,2026-04-29T07:45:39,2026-05-03T07:45:39,2026-05-11T23:45:39,False
O003148,C00548,delivered,2026-04-21T23:47:56,2026-04-22T14:47:56,2026-04-29T14:47:56,2026-04-30T23:47:56,False
O003149,C00565,delivered,2026-04-14T23:50:13,2026-04-15T02:50:13,2026-04-25T02:50:13,2026-04-26T23:50:13,False
O003150,C00582,delivered,2026-04-07T23:52:30,2026-04-08T09:52:30,2026-04-13T09:52:30,2026-04-15T23:52:30,False
O003151,C00599,delivered,2026-03-31T23:54:47,2026-04-01T16:54:47,2026-04-09T16:54:47,2026-04-11T23:54:47,False
O003152,C00616,delivered,2026-03-24T23:57:04,2026-03-25T04:57:04,2026-03-28T04:57:04,2026-04-07T23:57:04,False
O003153,C00633,delivered,2026-03-17T23:59:21,2026-03-18T11:59:21,2026-03-24T11:59:21,2026-03-27T23:59:21,False
O003154,C00650,delivered,2026-03-10T00:01:38,2026-03-10T00:01:38,2026-03-19T00:01:38,2026-03-23T00:01:38,False
O003155,C00667,delivered,2026-03-03T00:03:55,2026-03-03T07:03:55,2026-03-07T07:03:55,2026-03-12T00:03:55,False
O003156,C00684,delivered,2026-02-24T00:06:12,2026-02-24T14:06:12,2026-03-03T14:06:12,2026-03-08T00:06:12,False
O003157,C00701,delivered,2026-02-17T00:08:29,2026-02-17T02:08:29,2026-02-24T00:08:29,2026-02-25T00:08:29,False
O003158,C00718,delivered,2026-02-10T00:10:46,2026-02-10T09:10:46,2026-02-15T09:10:46,2026-02-21T00:10:46,False
O003159,C00735,delivered,2026-02-03T00:13:03,2026-02-03T16:13:03,2026-02-23T00:13:03,2026-02-17T00:13:03,True
O003160,C00752,delivered,2026-01-27T00:15:20,2026-01-27T04:15:20,2026-01-30T04:15:20,2026-02-06T00:15:20,False
O003161,C00769,delivered,2026-01-20T00:17:37,2026-01-20T11:17:37,2026-01-26T11:17:37,2026-02-02T00:17:37,False
O003162,C00786,delivered,2026-01-13T00:19:54,2026-01-13T18:19:54,2026-01-22T18:19:54,2026-01-22T00:19:54,False
O003163,C00803,delivered,2026-01-06T00:22:11,2026-01-06T06:22:11,2026-01-10T06:22:11,2026-01-18T00:22:11,False
O003164,C00820,delivered,2025-12-30T00:24:28,2025-12-30T13:24:28,2026-01-06T13:24:28,2026-01-07T00:24:28,False
O003165,C00837,delivered,2025-12-23T00:26:45,2025-12-23T01:26:45,2026-01-02T01:26:45,2026-01-03T00:26:45,False
O003166,C00854,delivered,2025-12-16T00:29:02,2025-12-16T08:29:02,2025-12-21T08:29:02,2025-12-30T00:29:02,False
O003167,C00871,delivered,2025-12-09T00:31:19,2025-12-09T15:31:19,2025-12-17T15:31:19,2025-12-19T00:31:19,False
O003168,C00888,delivered,2025-12-02T00:33:36,2025-12-02T03:33:36,2025-12-05T03:33:36,2025-12-15T00:33:36,False
O003169,C00905,delivered,2025-11-25T00:35:53,2025-11-25T10:35:53,2025-12-01T10:35:53,2025-12-04T00:35:53,False
O003170,C00922,delivered,2025-11-18T00:38:10,2025-11-18T17:38:10,2025-11-27T17:38:10,2025-11-30T00:38:10,False
O003171,C00939,delivered,2025-11-11T00:40:27,2025-11-11T05:40:27,2025-11-15T05:40:27,2025-11-19T00:40:27,False
O003172,C00956,delivered,2025-11-04T00:42:44,2025-11-04T12:42:44,2025-11-19T00:42:44,2025-11-15T00:42:44,True
O003173,C00973,delivered,2025-10-28T00:45:01,2025-10-28T00:45:01,2025-11-07T00:45:01,2025-11-11T00:45:01,False
O003174,C00990,delivered,2025-10-21T00:47:18,2025-10-21T07:47:18,2025-10-26T07:47:18,2025-10-31T00:47:18,False
O003175,C00007,delivered,2025-10-14T00:49:35,2025-10-14T14:49:35,2025-10-22T14:49:35,2025-10-27T00:49:35,False
O003176,C00024,delivered,2025-10-07T00:51:52,2025-10-07T02:51:52,2025-10-10T02:51:52,2025-10-16T00:51:52,False
O003177,C00041,delivered,2025-09-30T00:54:09,2025-09-30T09:54:09,2025-10-06T09:54:09,2025-10-12T00:54:09,False
O003178,C00058,delivered,2025-09-23T00:56:26,2025-09-23T16:56:26,2025-09-30T00:56:26,2025-10-01T00:56:26,False
O003179,C00075,delivered,2025-09-16T00:58:43,2025-09-16T04:58:43,2025-09-20T04:58:43,2025-09-27T00:58:43,False
O003180,C00092,delivered,2025-09-09T01:01:00,2025-09-09T12:01:00,2025-09-16T12:01:00,2025-09-23T01:01:00,False
O003181,C00109,delivered,2026-09-02T01:03:17,2026-09-02T19:03:17,2026-09-12T19:03:17,2026-09-12T01:03:17,False
O003182,C00126,delivered,2026-08-26T01:05:34,2026-08-26T07:05:34,2026-08-31T07:05:34,2026-09-08T01:05:34,False
O003183,C00143,delivered,2026-08-19T01:07:51,2026-08-19T14:07:51,2026-08-27T14:07:51,2026-08-28T01:07:51,False
O003184,C00160,delivered,2026-08-12T01:10:08,2026-08-12T02:10:08,2026-08-15T02:10:08,2026-08-24T01:10:08,False
O003185,C00177,delivered,2026-08-05T01:12:25,2026-08-05T09:12:25,2026-08-15T01:12:25,2026-08-13T01:12:25,True
O003186,C00194,delivered,2026-07-29T01:14:42,2026-07-29T16:14:42,2026-08-07T16:14:42,2026-08-09T01:14:42,False
O003187,C00211,delivered,2026-07-22T01:16:59,2026-07-22T04:16:59,2026-07-26T04:16:59,2026-08-05T01:16:59,False
O003188,C00228,delivered,2026-07-15T01:19:16,2026-07-15T11:19:16,2026-07-22T11:19:16,2026-07-25T01:19:16,False
O003189,C00245,delivered,2026-07-08T01:21:33,2026-07-08T18:21:33,2026-07-18T18:21:33,2026-07-21T01:21:33,False
O003190,C00262,shipped,2026-07-01T01:23:50,2026-07-01T06:23:50,2026-07-06T06:23:50,2026-07-10T01:23:50,False
O003191,C00279,shipped,2026-06-24T01:26:07,2026-06-24T13:26:07,2026-07-02T13:26:07,2026-07-06T01:26:07,False
O003192,C00296,shipped,2026-06-17T01:28:24,2026-06-17T01:28:24,2026-06-20T01:28:24,2026-06-25T01:28:24,False
O003193,C00313,shipped,2026-06-10T01:30:41,2026-06-10T08:30:41,2026-06-16T08:30:41,2026-06-21T01:30:41,False
O003194,C00330,processing,2026-06-03T01:32:58,2026-06-03T15:32:58,,2026-06-17T01:32:58,
O003195,C00347,processing,2026-05-27T01:35:15,2026-05-27T03:35:15,,2026-06-06T01:35:15,
O003196,C00364,processing,2026-05-20T01:37:32,2026-05-20T10:37:32,,2026-06-02T01:37:32,
O003197,C00381,canceled,2026-05-13T01:39:49,2026-05-13T17:39:49,,2026-05-22T01:39:49,
O003198,C00398,canceled,2026-05-06T01:42:06,2026-05-06T05:42:06,,2026-05-18T01:42:06,
O003199,C00415,invoiced,2026-04-29T01:44:23,2026-04-29T12:44:23,,2026-05-07T01:44:23,
O003200,C00432,delivered,2026-04-22T01:46:40,2026-04-22T19:46:40,2026-04-25T19:46:40,2026-05-03T01:46:40,False
O003201,C00449,delivered,2026-04-15T01:48:57,2026-04-15T07:48:57,2026-04-21T07:48:57,2026-04-29T01:48:57,False
O003202,C00466,delivered,2026-04-08T01:51:14,2026-04-08T14:51:14,2026-04-17T14:51:14,2026-04-18T01:51:14,False
O003203,C00483,delivered,2026-04-01T01:53:31,2026-04-01T02:53:31,2026-04-05T02:53:31,2026-04-14T01:53:31,False
O003204,C00500,delivered,2026-03-25T01:55:48,2026-03-25T09:55:48,2026-04-01T09:55:48,2026-04-03T01:55:48,False
O003205,C00517,delivered,2026-03-18T01:58:05,2026-03-18T16:58:05,2026-03-28T16:58:05,2026-03-30T01:58:05,False
O003206,C00534,delivered,2026-03-11T02:00:22,2026-03-11T05:00:22,2026-03-16T05:00:22,2026-03-19T02:00:22,False
O003207,C00551,delivered,2026-03-04T02:02:39,2026-03-04T12:02:39,2026-03-12T12:02:39,2026-03-15T02:02:39,False
O003208,C00568,delivered,2026-02-25T02:04:56,2026-02-25T19:04:56,2026-02-28T19:04:56,2026-03-11T02:04:56,False
O003209,C00585,delivered,2026-02-18T02:07:13,2026-02-18T07:07:13,2026-02-24T07:07:13,2026-02-28T02:07:13,False
O003210,C00602,delivered,2026-02-11T02:09:30,2026-02-11T14:09:30,2026-02-20T14:09:30,2026-02-24T02:09:30,False
O003211,C00619,delivered,2026-02-04T02:11:47,2026-02-04T02:11:47,2026-02-16T02:11:47,2026-02-13T02:11:47,True
O003212,C00636,delivered,2026-01-28T02:14:04,2026-01-28T09:14:04,2026-02-04T09:14:04,2026-02-09T02:14:04,False
O003213,C00653,delivered,2026-01-21T02:16:21,2026-01-21T16:16:21,2026-01-28T02:16:21,2026-01-29T02:16:21,False
O003214,C00670,delivered,2026-01-14T02:18:38,2026-01-14T04:18:38,2026-01-19T04:18:38,2026-01-25T02:18:38,False
O003215,C00687,delivered,2026-01-07T02:20:55,2026-01-07T11:20:55,2026-01-15T11:20:55,2026-01-21T02:20:55,False
O003216,C00704,delivered,2025-12-31T02:23:12,2025-12-31T18:23:12,2026-01-03T18:23:12,2026-01-10T02:23:12,False
O003217,C00721,delivered,2025-12-24T02:25:29,2025-12-24T06:25:29,2025-12-30T06:25:29,2026-01-06T02:25:29,False
O003218,C00738,delivered,2025-12-17T02:27:46,2025-12-17T13:27:46,2025-12-26T13:27:46,2025-12-26T02:27:46,False
O003219,C00755,delivered,2025-12-10T02:30:03,2025-12-10T20:30:03,2025-12-14T20:30:03,2025-12-22T02:30:03,False
O003220,C00772,delivered,2025-12-03T02:32:20,2025-12-03T08:32:20,2025-12-10T08:32:20,2025-12-11T02:32:20,False
O003221,C00789,delivered,2025-11-26T02:34:37,2025-11-26T15:34:37,2025-12-06T15:34:37,2025-12-07T02:34:37,False
O003222,C00806,delivered,2025-11-19T02:36:54,2025-11-19T03:36:54,2025-11-24T03:36:54,2025-12-03T02:36:54,False
O003223,C00823,delivered,2025-11-12T02:39:11,2025-11-12T10:39:11,2025-11-20T10:39:11,2025-11-22T02:39:11,False
O003224,C00840,delivered,2025-11-05T02:41:28,2025-11-05T17:41:28,2025-11-24T02:41:28,2025-11-18T02:41:28,True
O003225,C00857,delivered,2025-10-29T02:43:45,2025-10-29T05:43:45,2025-11-04T05:43:45,2025-11-07T02:43:45,False
O003226,C00874,delivered,2025-10-22T02:46:02,2025-10-22T12:46:02,2025-10-31T12:46:02,2025-11-03T02:46:02,False
O003227,C00891,delivered,2025-10-15T02:48:19,2025-10-15T19:48:19,2025-10-19T19:48:19,2025-10-23T02:48:19,False
O003228,C00908,delivered,2025-10-08T02:50:36,2025-10-08T07:50:36,2025-10-15T07:50:36,2025-10-19T02:50:36,False
O003229,C00925,delivered,2025-10-01T02:52:53,2025-10-01T14:52:53,2025-10-11T14:52:53,2025-10-15T02:52:53,False
O003230,C00942,delivered,2025-09-24T02:55:10,2025-09-24T02:55:10,2025-09-29T02:55:10,2025-10-04T02:55:10,False
O003231,C00959,delivered,2025-09-17T02:57:27,2025-09-17T09:57:27,2025-09-25T09:57:27,2025-09-30T02:57:27,False
O003232,C00976,delivered,2025-09-10T02:59:44,2025-09-10T16:59:44,2025-09-13T16:59:44,2025-09-19T02:59:44,False
O003233,C00993,delivered,2026-09-03T03:02:01,2026-09-03T05:02:01,2026-09-09T05:02:01,2026-09-15T03:02:01,False
O003234,C00010,delivered,2026-08-27T03:04:18,2026-08-27T12:04:18,2026-09-03T03:04:18,2026-09-04T03:04:18,False
O003235,C00027,delivered,2026-08-20T03:06:35,2026-08-20T19:06:35,2026-08-24T19:06:35,2026-08-31T03:06:35,False
O003236,C00044,delivered,2026-08-13T03:08:52,2026-08-13T07:08:52,2026-08-20T07:08:52,2026-08-27T03:08:52,False
O003237,C00061,delivered,2026-08-06T03:11:09,2026-08-06T14:11:09,2026-08-20T03:11:09,2026-08-16T03:11:09,True
O003238,C00078,delivered,2026-07-30T03:13:26,2026-07-30T21:13:26,2026-08-04T21:13:26,2026-08-12T03:13:26,False
O003239,C00095,delivered,2026-07-23T03:15:43,2026-07-23T09:15:43,2026-07-31T09:15:43,2026-08-01T03:15:43,False
O003240,C00112,delivered,2026-07-16T03:18:00,2026-07-16T16:18:00,2026-07-19T16:18:00,2026-07-28T03:18:00,False
O003241,C00129,delivered,2026-07-09T03:20:17,2026-07-09T04:20:17,2026-07-15T04:20:17,2026-07-17T03:20:17,False
O003242,C00146,delivered,2026-07-02T03:22:34,2026-07-02T11:22:34,2026-07-11T11:22:34,2026-07-13T03:22:34,False
O003243,C00163,delivered,2026-06-25T03:24:51,2026-06-25T18:24:51,2026-06-29T18:24:51,2026-07-09T03:24:51,False
O003244,C00180,delivered,2026-06-18T03:27:08,2026-06-18T06:27:08,2026-06-25T06:27:08,2026-06-28T03:27:08,False
O003245,C00197,delivered,2026-06-11T03:29:25,2026-06-11T13:29:25,2026-06-21T13:29:25,2026-06-24T03:29:25,False
O003246,C00214,delivered,2026-06-04T03:31:42,2026-06-04T20:31:42,2026-06-09T20:31:42,2026-06-13T03:31:42,False
O003247,C00231,delivered,2026-05-28T03:33:59,2026-05-28T08:33:59,2026-06-05T08:33:59,2026-06-09T03:33:59,False
O003248,C00248,delivered,2026-05-21T03:36:16,2026-05-21T15:36:16,2026-05-24T15:36:16,2026-05-29T03:36:16,False
O003249,C00265,delivered,2026-05-14T03:38:33,2026-05-14T03:38:33,2026-05-20T03:38:33,2026-05-25T03:38:33,False
O003250,C00282,delivered,2026-05-07T03:40:50,2026-05-07T10:40:50,2026-05-23T03:40:50,2026-05-21T03:40:50,True
O003251,C00299,delivered,2026-04-30T03:43:07,2026-04-30T17:43:07,2026-05-04T17:43:07,2026-05-10T03:43:07,False
O003252,C00316,delivered,2026-04-23T03:45:24,2026-04-23T05:45:24,2026-04-30T05:45:24,2026-05-06T03:45:24,False
O003253,C00333,delivered,2026-04-16T03:47:41,2026-04-16T12:47:41,2026-04-24T03:47:41,2026-04-25T03:47:41,False
O003254,C00350,delivered,2026-04-09T03:49:58,2026-04-09T19:49:58,2026-04-14T19:49:58,2026-04-21T03:49:58,False
O003255,C00367,delivered,2026-04-02T03:52:15,2026-04-02T07:52:15,2026-04-10T07:52:15,2026-04-10T03:52:15,False
O003256,C00384,delivered,2026-03-26T03:54:32,2026-03-26T14:54:32,2026-03-29T14:54:32,2026-04-06T03:54:32,False
O003257,C00401,delivered,2026-03-19T03:56:49,2026-03-19T21:56:49,2026-03-25T21:56:49,2026-04-02T03:56:49,False
O003258,C00418,delivered,2026-03-12T03:59:06,2026-03-12T09:59:06,2026-03-21T09:59:06,2026-03-22T03:59:06,False
O003259,C00435,delivered,2026-03-05T04:01:23,2026-03-05T17:01:23,2026-03-09T17:01:23,2026-03-18T04:01:23,False
O003260,C00452,delivered,2026-02-26T04:03:40,2026-02-26T05:03:40,2026-03-05T05:03:40,2026-03-07T04:03:40,False
O003261,C00469,delivered,2026-02-19T04:05:57,2026-02-19T12:05:57,2026-03-01T12:05:57,2026-03-03T04:05:57,False
O003262,C00486,delivered,2026-02-12T04:08:14,2026-02-12T19:08:14,2026-02-17T19:08:14,2026-02-20T04:08:14,False
O003263,C00503,delivered,2026-02-05T04:10:31,2026-02-05T07:10:31,2026-02-21T04:10:31,2026-02-16T04:10:31,True
O003264,C00520,delivered,2026-01-29T04:12:48,2026-01-29T14:12:48,2026-02-01T14:12:48,2026-02-12T04:12:48,False
O003265,C00537,delivered,2026-01-22T04:15:05,2026-01-22T21:15:05,2026-01-28T21:15:05,2026-02-01T04:15:05,False
O003266,C00554,delivered,2026-01-15T04:17:22,2026-01-15T09:17:22,2026-01-24T09:17:22,2026-01-28T04:17:22,False
O003267,C00571,delivered,2026-01-08T04:19:39,2026-01-08T16:19:39,2026-01-12T16:19:39,2026-01-17T04:19:39,False
O003268,C00588,delivered,2026-01-01T04:21:56,2026-01-01T04:21:56,2026-01-08T04:21:56,2026-01-13T04:21:56,False
O003269,C00605,delivered,2025-12-25T04:24:13,2025-12-25T11:24:13,2026-01-01T04:24:13,2026-01-02T04:24:13,False
O003270,C00622,delivered,2025-12-18T04:26:30,2025-12-18T18:26:30,2025-12-23T18:26:30,2025-12-29T04:26:30,False
O003271,C00639,delivered,2025-12-11T04:28:47,2025-12-11T06:28:47,2025-12-19T06:28:47,2025-12-25T04:28:47,False
O003272,C00656,delivered,2025-12-04T04:31:04,2025-12-04T13:31:04,2025-12-07T13:31:04,2025-12-14T04:31:04,False
O003273,C00673,delivered,2025-11-27T04:33:21,2025-11-27T20:33:21,2025-12-03T20:33:21,2025-12-10T04:33:21,False
O003274,C00690,delivered,2025-11-20T04:35:38,2025-11-20T08:35:38,2025-11-29T08:35:38,2025-11-29T04:35:38,False
O003275,C00707,delivered,2025-11-13T04:37:55,2025-11-13T15:37:55,2025-11-17T15:37:55,2025-11-25T04:37:55,False
O003276,C00724,delivered,2025-11-06T04:40:12,2025-11-06T22:40:12,2025-11-17T04:40:12,2025-11-14T04:40:12,True
O003277,C00741,delivered,2025-10-30T04:42:29,2025-10-30T10:42:29,2025-11-09T10:42:29,2025-11-10T04:42:29,False
O003278,C00758,delivered,2025-10-23T04:44:46,2025-10-23T17:44:46,2025-10-28T17:44:46,2025-11-06T04:44:46,False
O003279,C00775,delivered,2025-10-16T04:47:03,2025-10-16T05:47:03,2025-10-24T05:47:03,2025-10-26T04:47:03,False
O003280,C00792,delivered,2025-10-09T04:49:20,2025-10-09T12:49:20,2025-10-12T12:49:20,2025-10-22T04:49:20,False
O003281,C00809,delivered,2025-10-02T04:51:37,2025-10-02T19:51:37,2025-10-08T19:51:37,2025-10-11T04:51:37,False
O003282,C00826,delivered,2025-09-25T04:53:54,2025-09-25T07:53:54,2025-10-04T07:53:54,2025-10-07T04:53:54,False
O003283,C00843,delivered,2025-09-18T04:56:11,2025-09-18T14:56:11,2025-09-22T14:56:11,2025-09-26T04:56:11,False
O003284,C00860,delivered,2025-09-11T04:58:28,2025-09-11T21:58:28,2025-09-18T21:58:28,2025-09-22T04:58:28,False
O003285,C00877,delivered,2026-09-04T05:00:45,2026-09-04T10:00:45,2026-09-14T10:00:45,2026-09-18T05:00:45,False
O003286,C00894,delivered,2026-08-28T05:03:02,2026-08-28T17:03:02,2026-09-02T17:03:02,2026-09-07T05:03:02,False
O003287,C00911,delivered,2026-08-21T05:05:19,2026-08-21T05:05:19,2026-08-29T05:05:19,2026-09-03T05:05:19,False
O003288,C00928,delivered,2026-08-14T05:07:36,2026-08-14T12:07:36,2026-08-17T12:07:36,2026-08-23T05:07:36,False
O003289,C00945,delivered,2026-08-07T05:09:53,2026-08-07T19:09:53,2026-08-25T05:09:53,2026-08-19T05:09:53,True
O003290,C00962,shipped,2026-07-31T05:12:10,2026-07-31T07:12:10,2026-08-07T05:12:10,2026-08-08T05:12:10,False
O003291,C00979,shipped,2026-07-24T05:14:27,2026-07-24T14:14:27,2026-07-28T14:14:27,2026-08-04T05:14:27,False
O003292,C00996,shipped,2026-07-17T05:16:44,2026-07-17T21:16:44,2026-07-24T21:16:44,2026-07-31T05:16:44,False
O003293,C00013,shipped,2026-07-10T05:19:01,2026-07-10T09:19:01,2026-07-20T09:19:01,2026-07-20T05:19:01,False
O003294,C00030,processing,2026-07-03T05:21:18,2026-07-03T16:21:18,,2026-07-16T05:21:18,
O003295,C00047,processing,2026-06-26T05:23:35,2026-06-26T23:23:35,,2026-07-05T05:23:35,
O003296,C00064,processing,2026-06-19T05:25:52,2026-06-19T11:25:52,,2026-07-01T05:25:52,
O003297,C00081,canceled,2026-06-12T05:28:09,2026-06-12T18:28:09,,2026-06-20T05:28:09,
O003298,C00098,canceled,2026-06-05T05:30:26,2026-06-05T06:30:26,,2026-06-16T05:30:26,
O003299,C00115,invoiced,2026-05-29T05:32:43,2026-05-29T13:32:43,,2026-06-12T05:32:43,
O003300,C00132,delivered,2026-05-22T05:35:00,2026-05-22T20:35:00,2026-05-29T20:35:00,2026-06-01T05:35:00,False
O003301,C00149,delivered,2026-05-15T05:37:17,2026-05-15T08:37:17,2026-05-25T08:37:17,2026-05-28T05:37:17,False
O003302,C00166,delivered,2026-05-08T05:39:34,2026-05-08T15:39:34,2026-05-21T05:39:34,2026-05-17T05:39:34,True
O003303,C00183,delivered,2026-05-01T05:41:51,2026-05-01T22:41:51,2026-05-09T22:41:51,2026-05-13T05:41:51,False
O003304,C00200,delivered,2026-04-24T05:44:08,2026-04-24T10:44:08,2026-04-27T10:44:08,2026-05-02T05:44:08,False
O003305,C00217,delivered,2026-04-17T05:46:25,2026-04-17T17:46:25,2026-04-23T17:46:25,2026-04-28T05:46:25,False
O003306,C00234,delivered,2026-04-10T05:48:42,2026-04-10T05:48:42,2026-04-19T05:48:42,2026-04-24T05:48:42,False
O003307,C00251,delivered,2026-04-03T05:50:59,2026-04-03T12:50:59,2026-04-07T12:50:59,2026-04-13T05:50:59,False
O003308,C00268,delivered,2026-03-27T05:53:16,2026-03-27T19:53:16,2026-04-03T19:53:16,2026-04-09T05:53:16,False
O003309,C00285,delivered,2026-03-20T05:55:33,2026-03-20T07:55:33,2026-03-28T05:55:33,2026-03-29T05:55:33,False
O003310,C00302,delivered,2026-03-13T05:57:50,2026-03-13T14:57:50,2026-03-18T14:57:50,2026-03-25T05:57:50,False
O003311,C00319,delivered,2026-03-06T06:00:07,2026-03-06T22:00:07,2026-03-14T22:00:07,2026-03-14T06:00:07,False
O003312,C00336,delivered,2026-02-27T06:02:24,2026-02-27T10:02:24,2026-03-02T10:02:24,2026-03-10T06:02:24,False
O003313,C00353,delivered,2026-02-20T06:04:41,2026-02-20T17:04:41,2026-02-26T17:04:41,2026-03-06T06:04:41,False
O003314,C00370,delivered,2026-02-13T06:06:58,2026-02-14T00:06:58,2026-02-23T00:06:58,2026-02-23T06:06:58,False
O003315,C00387,delivered,2026-02-06T06:09:15,2026-02-06T12:09:15,2026-02-21T06:09:15,2026-02-19T06:09:15,True
O003316,C00404,delivered,2026-01-30T06:11:32,2026-01-30T19:11:32,2026-02-06T19:11:32,2026-02-08T06:11:32,False
O003317,C00421,delivered,2026-01-23T06:13:49,2026-01-23T07:13:49,2026-02-02T07:13:49,2026-02-04T06:13:49,False
O003318,C00438,delivered,2026-01-16T06:16:06,2026-01-16T14:16:06,2026-01-21T14:16:06,2026-01-24T06:16:06,False
O003319,C00455,delivered,2026-01-09T06:18:23,2026-01-09T21:18:23,2026-01-17T21:18:23,2026-01-20T06:18:23,False
O003320,C00472,delivered,2026-01-02T06:20:40,2026-01-02T09:20:40,2026-01-05T09:20:40,2026-01-16T06:20:40,False
O003321,C00489,delivered,2025-12-26T06:22:57,2025-12-26T16:22:57,2026-01-01T16:22:57,2026-01-05T06:22:57,False
O003322,C00506,delivered,2025-12-19T06:25:14,2025-12-19T23:25:14,2025-12-28T23:25:14,2026-01-01T06:25:14,False
O003323,C00523,delivered,2025-12-12T06:27:31,2025-12-12T11:27:31,2025-12-16T11:27:31,2025-12-21T06:27:31,False
O003324,C00540,delivered,2025-12-05T06:29:48,2025-12-05T18:29:48,2025-12-12T18:29:48,2025-12-17T06:29:48,False
O003325,C00557,delivered,2025-11-28T06:32:05,2025-11-28T06:32:05,2025-12-05T06:32:05,2025-12-06T06:32:05,False
O003326,C00574,delivered,2025-11-21T06:34:22,2025-11-21T13:34:22,2025-11-26T13:34:22,2025-12-02T06:34:22,False
O003327,C00591,delivered,2025-11-14T06:36:39,2025-11-14T20:36:39,2025-11-22T20:36:39,2025-11-28T06:36:39,False
O003328,C00608,delivered,2025-11-07T06:38:56,2025-11-07T08:38:56,2025-11-22T06:38:56,2025-11-17T06:38:56,True
O003329,C00625,delivered,2025-10-31T06:41:13,2025-10-31T15:41:13,2025-11-06T15:41:13,2025-11-13T06:41:13,False
O003330,C00642,delivered,2025-10-24T06:43:30,2025-10-24T22:43:30,2025-11-02T22:43:30,2025-11-02T06:43:30,False
O003331,C00659,delivered,2025-10-17T06:45:47,2025-10-17T10:45:47,2025-10-21T10:45:47,2025-10-29T06:45:47,False
O003332,C00676,delivered,2025-10-10T06:48:04,2025-10-10T17:48:04,2025-10-17T17:48:04,2025-10-18T06:48:04,False
O003333,C00693,delivered,2025-10-03T06:50:21,2025-10-04T00:50:21,2025-10-14T00:50:21,2025-10-14T06:50:21,False
O003334,C00710,delivered,2025-09-26T06:52:38,2025-09-26T12:52:38,2025-10-01T12:52:38,2025-10-10T06:52:38,False
O003335,C00727,delivered,2025-09-19T06:54:55,2025-09-19T19:54:55,2025-09-27T19:54:55,2025-09-29T06:54:55,False
O003336,C00744,delivered,2025-09-12T06:57:12,2025-09-12T07:57:12,2025-09-15T07:57:12,2025-09-25T06:57:12,False
O003337,C00761,delivered,2025-09-05T06:59:29,2025-09-05T14:59:29,2025-09-11T14:59:29,2025-09-14T06:59:29,False
O003338,C00778,delivered,2026-08-29T07:01:46,2026-08-29T22:01:46,2026-09-07T22:01:46,2026-09-10T07:01:46,False
O003339,C00795,delivered,2026-08-22T07:04:03,2026-08-22T10:04:03,2026-08-26T10:04:03,2026-08-30T07:04:03,False
O003340,C00812,delivered,2026-08-15T07:06:20,2026-08-15T17:06:20,2026-08-22T17:06:20,2026-08-26T07:06:20,False
O003341,C00829,delivered,2026-08-08T07:08:37,2026-08-09T00:08:37,2026-08-25T07:08:37,2026-08-22T07:08:37,True
O003342,C00846,delivered,2026-08-01T07:10:54,2026-08-01T12:10:54,2026-08-06T12:10:54,2026-08-11T07:10:54,False
O003343,C00863,delivered,2026-07-25T07:13:11,2026-07-25T19:13:11,2026-08-02T19:13:11,2026-08-07T07:13:11,False
O003344,C00880,delivered,2026-07-18T07:15:28,2026-07-18T07:15:28,2026-07-21T07:15:28,2026-07-27T07:15:28,False
O003345,C00897,delivered,2026-07-11T07:17:45,2026-07-11T14:17:45,2026-07-17T14:17:45,2026-07-23T07:17:45,False
O003346,C00914,delivered,2026-07-04T07:20:02,2026-07-04T21:20:02,2026-07-11T07:20:02,2026-07-12T07:20:02,False
O003347,C00931,delivered,2026-06-27T07:22:19,2026-06-27T09:22:19,2026-07-01T09:22:19,2026-07-08T07:22:19,False
O003348,C00948,delivered,2026-06-20T07:24:36,2026-06-20T16:24:36,2026-06-27T16:24:36,2026-07-04T07:24:36,False
O003349,C00965,delivered,2026-06-13T07:26:53,2026-06-13T23:26:53,2026-06-23T23:26:53,2026-06-23T07:26:53,False
O003350,C00982,delivered,2026-06-06T07:29:10,2026-06-06T11:29:10,2026-06-11T11:29:10,2026-06-19T07:29:10,False
O003351,C00999,delivered,2026-05-30T07:31:27,2026-05-30T18:31:27,2026-06-07T18:31:27,2026-06-08T07:31:27,False
O003352,C00016,delivered,2026-05-23T07:33:44,2026-05-24T01:33:44,2026-05-27T01:33:44,2026-06-04T07:33:44,False
O003353,C00033,delivered,2026-05-16T07:36:01,2026-05-16T13:36:01,2026-05-22T13:36:01,2026-05-24T07:36:01,False
O003354,C00050,delivered,2026-05-09T07:38:18,2026-05-09T20:38:18,2026-05-26T07:38:18,2026-05-20T07:38:18,True
O003355,C00067,delivered,2026-05-02T07:40:35,2026-05-02T08:40:35,2026-05-06T08:40:35,2026-05-16T07:40:35,False
O003356,C00084,delivered,2026-04-25T07:42:52,2026-04-25T15:42:52,2026-05-02T15:42:52,2026-05-05T07:42:52,False
O003357,C00101,delivered,2026-04-18T07:45:09,2026-04-18T22:45:09,2026-04-28T22:45:09,2026-05-01T07:45:09,False
O003358,C00118,delivered,2026-04-11T07:47:26,2026-04-11T10:47:26,2026-04-16T10:47:26,2026-04-20T07:47:26,False
O003359,C00135,delivered,2026-04-04T07:49:43,2026-04-04T17:49:43,2026-04-12T17:49:43,2026-04-16T07:49:43,False
O003360,C00152,delivered,2026-03-28T07:52:00,2026-03-29T00:52:00,2026-04-01T00:52:00,2026-04-05T07:52:00,False
O003361,C00169,delivered,2026-03-21T07:54:17,2026-03-21T12:54:17,2026-03-27T12:54:17,2026-04-01T07:54:17,False
O003362,C00186,delivered,2026-03-14T07:56:34,2026-03-14T19:56:34,2026-03-23T19:56:34,2026-03-28T07:56:34,False
O003363,C00203,delivered,2026-03-07T07:58:51,2026-03-07T07:58:51,2026-03-11T07:58:51,2026-03-17T07:58:51,False
O003364,C00220,delivered,2026-02-28T08:01:08,2026-02-28T15:01:08,2026-03-07T15:01:08,2026-03-13T08:01:08,False
O003365,C00237,delivered,2026-02-21T08:03:25,2026-02-21T22:03:25,2026-03-01T08:03:25,2026-03-02T08:03:25,False
O003366,C00254,delivered,2026-02-14T08:05:42,2026-02-14T10:05:42,2026-02-19T10:05:42,2026-02-26T08:05:42,False
O003367,C00271,delivered,2026-02-07T08:07:59,2026-02-07T17:07:59,2026-02-19T08:07:59,2026-02-15T08:07:59,True
O003368,C00288,delivered,2026-01-31T08:10:16,2026-02-01T00:10:16,2026-02-04T00:10:16,2026-02-11T08:10:16,False
O003369,C00305,delivered,2026-01-24T08:12:33,2026-01-24T12:12:33,2026-01-30T12:12:33,2026-02-07T08:12:33,False
O003370,C00322,delivered,2026-01-17T08:14:50,2026-01-17T19:14:50,2026-01-26T19:14:50,2026-01-27T08:14:50,False
O003371,C00339,delivered,2026-01-10T08:17:07,2026-01-11T02:17:07,2026-01-15T02:17:07,2026-01-23T08:17:07,False
O003372,C00356,delivered,2026-01-03T08:19:24,2026-01-03T14:19:24,2026-01-10T14:19:24,2026-01-12T08:19:24,False
O003373,C00373,delivered,2025-12-27T08:21:41,2025-12-27T21:21:41,2026-01-06T21:21:41,2026-01-08T08:21:41,False
O003374,C00390,delivered,2025-12-20T08:23:58,2025-12-20T09:23:58,2025-12-25T09:23:58,2025-12-28T08:23:58,False
O003375,C00407,delivered,2025-12-13T08:26:15,2025-12-13T16:26:15,2025-12-21T16:26:15,2025-12-24T08:26:15,False
O003376,C00424,delivered,2025-12-06T08:28:32,2025-12-06T23:28:32,2025-12-09T23:28:32,2025-12-20T08:28:32,False
O003377,C00441,delivered,2025-11-29T08:30:49,2025-11-29T11:30:49,2025-12-05T11:30:49,2025-12-09T08:30:49,False
O003378,C00458,delivered,2025-11-22T08:33:06,2025-11-22T18:33:06,2025-12-01T18:33:06,2025-12-05T08:33:06,False
O003379,C00475,delivered,2025-11-15T08:35:23,2025-11-16T01:35:23,2025-11-20T01:35:23,2025-11-24T08:35:23,False
O003380,C00492,delivered,2025-11-08T08:37:40,2025-11-08T13:37:40,2025-11-22T08:37:40,2025-11-20T08:37:40,True
O003381,C00509,delivered,2025-11-01T08:39:57,2025-11-01T20:39:57,2025-11-08T08:39:57,2025-11-09T08:39:57,False
O003382,C00526,delivered,2025-10-25T08:42:14,2025-10-25T08:42:14,2025-10-30T08:42:14,2025-11-05T08:42:14,False
O003383,C00543,delivered,2025-10-18T08:44:31,2025-10-18T15:44:31,2025-10-26T15:44:31,2025-11-01T08:44:31,False
O003384,C00560,delivered,2025-10-11T08:46:48,2025-10-11T22:46:48,2025-10-14T22:46:48,2025-10-21T08:46:48,False
O003385,C00577,delivered,2025-10-04T08:49:05,2025-10-04T10:49:05,2025-10-10T10:49:05,2025-10-17T08:49:05,False
O003386,C00594,delivered,2025-09-27T08:51:22,2025-09-27T17:51:22,2025-10-06T17:51:22,2025-10-06T08:51:22,False
O003387,C00611,delivered,2025-09-20T08:53:39,2025-09-21T00:53:39,2025-09-25T00:53:39,2025-10-02T08:53:39,False
O003388,C00628,delivered,2025-09-13T08:55:56,2025-09-13T12:55:56,2025-09-20T12:55:56,2025-09-21T08:55:56,False
O003389,C00645,delivered,2025-09-06T08:58:13,2025-09-06T19:58:13,2025-09-16T19:58:13,2025-09-17T08:58:13,False
O003390,C00662,shipped,2026-08-30T09:00:30,2026-08-31T03:00:30,2026-09-05T03:00:30,2026-09-13T09:00:30,False
O003391,C00679,shipped,2026-08-23T09:02:47,2026-08-23T15:02:47,2026-08-31T15:02:47,2026-09-02T09:02:47,False
O003392,C00696,shipped,2026-08-16T09:05:04,2026-08-16T22:05:04,2026-08-19T22:05:04,2026-08-29T09:05:04,False
O003393,C00713,shipped,2026-08-09T09:07:21,2026-08-09T10:07:21,2026-08-23T09:07:21,2026-08-18T09:07:21,True
O003394,C00730,processing,2026-08-02T09:09:38,2026-08-02T17:09:38,,2026-08-14T09:09:38,
O003395,C00747,processing,2026-07-26T09:11:55,2026-07-27T00:11:55,,2026-08-03T09:11:55,
O003396,C00764,processing,2026-07-19T09:14:12,2026-07-19T12:14:12,,2026-07-30T09:14:12,
O003397,C00781,canceled,2026-07-12T09:16:29,2026-07-12T19:16:29,,2026-07-26T09:16:29,
O003398,C00798,canceled,2026-07-05T09:18:46,2026-07-06T02:18:46,,2026-07-15T09:18:46,
O003399,C00815,invoiced,2026-06-28T09:21:03,2026-06-28T14:21:03,,2026-07-11T09:21:03,
O003400,C00832,delivered,2026-06-21T09:23:20,2026-06-21T21:23:20,2026-06-24T21:23:20,2026-06-30T09:23:20,False
O003401,C00849,delivered,2026-06-14T09:25:37,2026-06-14T09:25:37,2026-06-20T09:25:37,2026-06-26T09:25:37,False
O003402,C00866,delivered,2026-06-07T09:27:54,2026-06-07T16:27:54,2026-06-14T09:27:54,2026-06-15T09:27:54,False
O003403,C00883,delivered,2026-05-31T09:30:11,2026-05-31T23:30:11,2026-06-04T23:30:11,2026-06-11T09:30:11,False
O003404,C00900,delivered,2026-05-24T09:32:28,2026-05-24T11:32:28,2026-05-31T11:32:28,2026-06-07T09:32:28,False
O003405,C00917,delivered,2026-05-17T09:34:45,2026-05-17T18:34:45,2026-05-27T18:34:45,2026-05-27T09:34:45,False
O003406,C00934,delivered,2026-05-10T09:37:02,2026-05-11T01:37:02,2026-05-26T09:37:02,2026-05-23T09:37:02,True
O003407,C00951,delivered,2026-05-03T09:39:19,2026-05-03T13:39:19,2026-05-11T13:39:19,2026-05-12T09:39:19,False
O003408,C00968,delivered,2026-04-26T09:41:36,2026-04-26T20:41:36,2026-04-29T20:41:36,2026-05-08T09:41:36,False
O003409,C00985,delivered,2026-04-19T09:43:53,2026-04-20T03:43:53,2026-04-26T03:43:53,2026-04-27T09:43:53,False
O003410,C00002,delivered,2026-04-12T09:46:10,2026-04-12T15:46:10,2026-04-21T15:46:10,2026-04-23T09:46:10,False
O003411,C00019,delivered,2026-04-05T09:48:27,2026-04-05T22:48:27,2026-04-09T22:48:27,2026-04-19T09:48:27,False
O003412,C00036,delivered,2026-03-29T09:50:44,2026-03-29T10:50:44,2026-04-05T10:50:44,2026-04-08T09:50:44,False
O003413,C00053,delivered,2026-03-22T09:53:01,2026-03-22T17:53:01,2026-04-01T17:53:01,2026-04-04T09:53:01,False
O003414,C00070,delivered,2026-03-15T09:55:18,2026-03-16T00:55:18,2026-03-21T00:55:18,2026-03-24T09:55:18,False
O003415,C00087,delivered,2026-03-08T09:57:35,2026-03-08T12:57:35,2026-03-16T12:57:35,2026-03-20T09:57:35,False
O003416,C00104,delivered,2026-03-01T09:59:52,2026-03-01T19:59:52,2026-03-04T19:59:52,2026-03-09T09:59:52,False
O003417,C00121,delivered,2026-02-22T10:02:09,2026-02-23T03:02:09,2026-03-01T03:02:09,2026-03-05T10:02:09,False
O003418,C00138,delivered,2026-02-15T10:04:26,2026-02-15T15:04:26,2026-02-24T15:04:26,2026-03-01T10:04:26,False
O003419,C00155,delivered,2026-02-08T10:06:43,2026-02-08T22:06:43,2026-02-24T10:06:43,2026-02-18T10:06:43,True
O003420,C00172,delivered,2026-02-01T10:09:00,2026-02-01T10:09:00,2026-02-08T10:09:00,2026-02-14T10:09:00,False
O003421,C00189,delivered,2026-01-25T10:11:17,2026-01-25T17:11:17,2026-02-02T10:11:17,2026-02-03T10:11:17,False
O003422,C00206,delivered,2026-01-18T10:13:34,2026-01-19T00:13:34,2026-01-24T00:13:34,2026-01-30T10:13:34,False
O003423,C00223,delivered,2026-01-11T10:15:51,2026-01-11T12:15:51,2026-01-19T12:15:51,2026-01-19T10:15:51,False
O003424,C00240,delivered,2026-01-04T10:18:08,2026-01-04T19:18:08,2026-01-07T19:18:08,2026-01-15T10:18:08,False
O003425,C00257,delivered,2025-12-28T10:20:25,2025-12-29T02:20:25,2026-01-04T02:20:25,2026-01-11T10:20:25,False
O003426,C00274,delivered,2025-12-21T10:22:42,2025-12-21T14:22:42,2025-12-30T14:22:42,2025-12-31T10:22:42,False
O003427,C00291,delivered,2025-12-14T10:24:59,2025-12-14T21:24:59,2025-12-18T21:24:59,2025-12-27T10:24:59,False
O003428,C00308,delivered,2025-12-07T10:27:16,2025-12-08T04:27:16,2025-12-15T04:27:16,2025-12-16T10:27:16,False
O003429,C00325,delivered,2025-11-30T10:29:33,2025-11-30T16:29:33,2025-12-10T16:29:33,2025-12-12T10:29:33,False
O003430,C00342,delivered,2025-11-23T10:31:50,2025-11-23T23:31:50,2025-11-28T23:31:50,2025-12-01T10:31:50,False
O003431,C00359,delivered,2025-11-16T10:34:07,2025-11-16T11:34:07,2025-11-24T11:34:07,2025-11-27T10:34:07,False
O003432,C00376,delivered,2025-11-09T10:36:24,2025-11-09T18:36:24,2025-11-27T10:36:24,2025-11-23T10:36:24,True
O003433,C00393,delivered,2025-11-02T10:38:41,2025-11-03T01:38:41,2025-11-09T01:38:41,2025-11-12T10:38:41,False
O003434,C00410,delivered,2025-10-26T10:40:58,2025-10-26T13:40:58,2025-11-04T13:40:58,2025-11-08T10:40:58,False
O003435,C00427,delivered,2025-10-19T10:43:15,2025-10-19T20:43:15,2025-10-23T20:43:15,2025-10-28T10:43:15,False
O003436,C00444,delivered,2025-10-12T10:45:32,2025-10-13T03:45:32,2025-10-20T03:45:32,2025-10-24T10:45:32,False
O003437,C00461,delivered,2025-10-05T10:47:49,2025-10-05T15:47:49,2025-10-12T10:47:49,2025-10-13T10:47:49,False
O003438,C00478,delivered,2025-09-28T10:50:06,2025-09-28T22:50:06,2025-10-03T22:50:06,2025-10-09T10:50:06,False
O003439,C00495,delivered,2025-09-21T10:52:23,2025-09-21T10:52:23,2025-09-29T10:52:23,2025-10-05T10:52:23,False
O003440,C00512,delivered,2025-09-14T10:54:40,2025-09-14T17:54:40,2025-09-17T17:54:40,2025-09-24T10:54:40,False
O003441,C00529,delivered,2025-09-07T10:56:57,2025-09-08T00:56:57,2025-09-14T00:56:57,2025-09-20T10:56:57,False
O003442,C00546,delivered,2026-08-31T10:59:14,2026-08-31T12:59:14,2026-09-09T12:59:14,2026-09-09T10:59:14,False
O003443,C00563,delivered,2026-08-24T11:01:31,2026-08-24T20:01:31,2026-08-28T20:01:31,2026-09-05T11:01:31,False
O003444,C00580,delivered,2026-08-17T11:03:48,2026-08-18T03:03:48,2026-08-25T03:03:48,2026-08-25T11:03:48,False
O003445,C00597,delivered,2026-08-10T11:06:05,2026-08-10T15:06:05,2026-08-23T11:06:05,2026-08-21T11:06:05,True
O003446,C00614,delivered,2026-08-03T11:08:22,2026-08-03T22:08:22,2026-08-08T22:08:22,2026-08-17T11:08:22,False
O003447,C00631,delivered,2026-07-27T11:10:39,2026-07-28T05:10:39,2026-08-05T05:10:39,2026-08-06T11:10:39,False
O003448,C00648,delivered,2026-07-20T11:12:56,2026-07-20T17:12:56,2026-07-23T17:12:56,2026-08-02T11:12:56,False
O003449,C00665,delivered,2026-07-13T11:15:13,2026-07-14T00:15:13,2026-07-20T00:15:13,2026-07-22T11:15:13,False
O003450,C00682,delivered,2026-07-06T11:17:30,2026-07-06T12:17:30,2026-07-15T12:17:30,2026-07-18T11:17:30,False
O003451,C00699,delivered,2026-06-29T11:19:47,2026-06-29T19:19:47,2026-07-03T19:19:47,2026-07-07T11:19:47,False
O003452,C00716,delivered,2026-06-22T11:22:04,2026-06-23T02:22:04,2026-06-30T02:22:04,2026-07-03T11:22:04,False
O003453,C00733,delivered,2026-06-15T11:24:21,2026-06-15T14:24:21,2026-06-25T14:24:21,2026-06-29T11:24:21,False
O003454,C00750,delivered,2026-06-08T11:26:38,2026-06-08T21:26:38,2026-06-13T21:26:38,2026-06-18T11:26:38,False
O003455,C00767,delivered,2026-06-01T11:28:55,2026-06-02T04:28:55,2026-06-10T04:28:55,2026-06-14T11:28:55,False
O003456,C00784,delivered,2026-05-25T11:31:12,2026-05-25T16:31:12,2026-05-28T16:31:12,2026-06-03T11:31:12,False
O003457,C00801,delivered,2026-05-18T11:33:29,2026-05-18T23:33:29,2026-05-24T23:33:29,2026-05-30T11:33:29,False
O003458,C00818,delivered,2026-05-11T11:35:46,2026-05-11T11:35:46,2026-05-24T11:35:46,2026-05-19T11:35:46,True
O003459,C00835,delivered,2026-05-04T11:38:03,2026-05-04T18:38:03,2026-05-08T18:38:03,2026-05-15T11:38:03,False
O003460,C00852,delivered,2026-04-27T11:40:20,2026-04-28T01:40:20,2026-05-05T01:40:20,2026-05-11T11:40:20,False
O003461,C00869,delivered,2026-04-20T11:42:37,2026-04-20T13:42:37,2026-04-30T13:42:37,2026-04-30T11:42:37,False
O003462,C00886,delivered,2026-04-13T11:44:54,2026-04-13T20:44:54,2026-04-18T20:44:54,2026-04-26T11:44:54,False
O003463,C00903,delivered,2026-04-06T11:47:11,2026-04-07T03:47:11,2026-04-15T03:47:11,2026-04-15T11:47:11,False
O003464,C00920,delivered,2026-03-30T11:49:28,2026-03-30T15:49:28,2026-04-02T15:49:28,2026-04-11T11:49:28,False
O003465,C00937,delivered,2026-03-23T11:51:45,2026-03-23T22:51:45,2026-03-29T22:51:45,2026-03-31T11:51:45,False
O003466,C00954,delivered,2026-03-16T11:54:02,2026-03-17T05:54:02,2026-03-26T05:54:02,2026-03-27T11:54:02,False
O003467,C00971,delivered,2026-03-09T11:56:19,2026-03-09T17:56:19,2026-03-13T17:56:19,2026-03-23T11:56:19,False
O003468,C00988,delivered,2026-03-02T11:58:36,2026-03-03T00:58:36,2026-03-10T00:58:36,2026-03-12T11:58:36,False
O003469,C00005,delivered,2026-02-23T12:00:53,2026-02-23T13:00:53,2026-03-05T13:00:53,2026-03-08T12:00:53,False
O003470,C00022,delivered,2026-02-16T12:03:10,2026-02-16T20:03:10,2026-02-21T20:03:10,2026-02-25T12:03:10,False
O003471,C00039,delivered,2026-02-09T12:05:27,2026-02-10T03:05:27,2026-02-24T12:05:27,2026-02-21T12:05:27,True
O003472,C00056,delivered,2026-02-02T12:07:44,2026-02-02T15:07:44,2026-02-05T15:07:44,2026-02-10T12:07:44,False
O003473,C00073,delivered,2026-01-26T12:10:01,2026-01-26T22:10:01,2026-02-01T22:10:01,2026-02-06T12:10:01,False
O003474,C00090,delivered,2026-01-19T12:12:18,2026-01-20T05:12:18,2026-01-29T05:12:18,2026-02-02T12:12:18,False
O003475,C00107,delivered,2026-01-12T12:14:35,2026-01-12T17:14:35,2026-01-16T17:14:35,2026-01-22T12:14:35,False
O003476,C00124,delivered,2026-01-05T12:16:52,2026-01-06T00:16:52,2026-01-13T00:16:52,2026-01-18T12:16:52,False
O003477,C00141,delivered,2025-12-29T12:19:09,2025-12-29T12:19:09,2026-01-06T12:19:09,2026-01-07T12:19:09,False
O003478,C00158,delivered,2025-12-22T12:21:26,2025-12-22T19:21:26,2025-12-27T19:21:26,2026-01-03T12:21:26,False
O003479,C00175,delivered,2025-12-15T12:23:43,2025-12-16T02:23:43,2025-12-22T12:23:43,2025-12-23T12:23:43,False
O003480,C00192,delivered,2025-12-08T12:26:00,2025-12-08T14:26:00,2025-12-11T14:26:00,2025-12-19T12:26:00,False
O003481,C00209,delivered,2025-12-01T12:28:17,2025-12-01T21:28:17,2025-12-07T21:28:17,2025-12-15T12:28:17,False
O003482,C00226,delivered,2025-11-24T12:30:34,2025-11-25T04:30:34,2025-12-04T04:30:34,2025-12-04T12:30:34,False
O003483,C00243,delivered,2025-11-17T12:32:51,2025-11-17T16:32:51,2025-11-21T16:32:51,2025-11-30T12:32:51,False
O003484,C00260,delivered,2025-11-10T12:35:08,2025-11-10T23:35:08,2025-11-25T12:35:08,2025-11-19T12:35:08,True
O003485,C00277,delivered,2025-11-03T12:37:25,2025-11-04T06:37:25,2025-11-14T06:37:25,2025-11-15T12:37:25,False
O003486,C00294,delivered,2025-10-27T12:39:42,2025-10-27T18:39:42,2025-11-01T18:39:42,2025-11-04T12:39:42,False
O003487,C00311,delivered,2025-10-20T12:41:59,2025-10-21T01:41:59,2025-10-29T01:41:59,2025-10-31T12:41:59,False
O003488,C00328,delivered,2025-10-13T12:44:16,2025-10-13T13:44:16,2025-10-16T13:44:16,2025-10-27T12:44:16,False
O003489,C00345,delivered,2025-10-06T12:46:33,2025-10-06T20:46:33,2025-10-12T20:46:33,2025-10-16T12:46:33,False
O003490,C00362,shipped,2025-09-29T12:48:50,2025-09-30T03:48:50,2025-10-09T03:48:50,2025-10-12T12:48:50,False
O003491,C00379,shipped,2025-09-22T12:51:07,2025-09-22T15:51:07,2025-09-26T15:51:07,2025-10-01T12:51:07,False
O003492,C00396,shipped,2025-09-15T12:53:24,2025-09-15T22:53:24,2025-09-22T22:53:24,2025-09-27T12:53:24,False
O003493,C00413,shipped,2025-09-08T12:55:41,2025-09-09T05:55:41,2025-09-15T12:55:41,2025-09-16T12:55:41,False
O003494,C00430,processing,2026-09-01T12:57:58,2026-09-01T17:57:58,,2026-09-12T12:57:58,
O003495,C00447,processing,2026-08-25T13:00:15,2026-08-26T01:00:15,,2026-09-08T13:00:15,
O003496,C00464,processing,2026-08-18T13:02:32,2026-08-18T13:02:32,,2026-08-28T13:02:32,
O003497,C00481,canceled,2026-08-11T13:04:49,2026-08-11T20:04:49,,2026-08-24T13:04:49,
O003498,C00498,canceled,2026-08-04T13:07:06,2026-08-05T03:07:06,,2026-08-13T13:07:06,
O003499,C00515,invoiced,2026-07-28T13:09:23,2026-07-28T15:09:23,,2026-08-09T13:09:23,
O003500,C00532,delivered,2026-07-21T13:11:40,2026-07-21T22:11:40,2026-07-28T22:11:40,2026-07-29T13:11:40,False
O003501,C00549,delivered,2026-07-14T13:13:57,2026-07-15T05:13:57,2026-07-25T05:13:57,2026-07-25T13:13:57,False
O003502,C00566,delivered,2026-07-07T13:16:14,2026-07-07T17:16:14,2026-07-12T17:16:14,2026-07-21T13:16:14,False
O003503,C00583,delivered,2026-06-30T13:18:31,2026-07-01T00:18:31,2026-07-09T00:18:31,2026-07-10T13:18:31,False
O003504,C00600,delivered,2026-06-23T13:20:48,2026-06-24T07:20:48,2026-06-27T07:20:48,2026-07-06T13:20:48,False
O003505,C00617,delivered,2026-06-16T13:23:05,2026-06-16T19:23:05,2026-06-22T19:23:05,2026-06-25T13:23:05,False
O003506,C00634,delivered,2026-06-09T13:25:22,2026-06-10T02:25:22,2026-06-19T02:25:22,2026-06-21T13:25:22,False
O003507,C00651,delivered,2026-06-02T13:27:39,2026-06-02T14:27:39,2026-06-06T14:27:39,2026-06-10T13:27:39,False
O003508,C00668,delivered,2026-05-26T13:29:56,2026-05-26T21:29:56,2026-06-02T21:29:56,2026-06-06T13:29:56,False
O003509,C00685,delivered,2026-05-19T13:32:13,2026-05-20T04:32:13,2026-05-30T04:32:13,2026-06-02T13:32:13,False
O003510,C00702,delivered,2026-05-12T13:34:30,2026-05-12T16:34:30,2026-05-24T13:34:30,2026-05-22T13:34:30,True
O003511,C00719,delivered,2026-05-05T13:36:47,2026-05-05T23:36:47,2026-05-13T23:36:47,2026-05-18T13:36:47,False
O003512,C00736,delivered,2026-04-28T13:39:04,2026-04-29T06:39:04,2026-05-02T06:39:04,2026-05-07T13:39:04,False
O003513,C00753,delivered,2026-04-21T13:41:21,2026-04-21T18:41:21,2026-04-27T18:41:21,2026-05-03T13:41:21,False
O003514,C00770,delivered,2026-04-14T13:43:38,2026-04-15T01:43:38,2026-04-21T13:43:38,2026-04-22T13:43:38,False
O003515,C00787,delivered,2026-04-07T13:45:55,2026-04-07T13:45:55,2026-04-11T13:45:55,2026-04-18T13:45:55,False
O003516,C00804,delivered,2026-03-31T13:48:12,2026-03-31T20:48:12,2026-04-07T20:48:12,2026-04-14T13:48:12,False
O003517,C00821,delivered,2026-03-24T13:50:29,2026-03-25T03:50:29,2026-04-02T13:50:29,2026-04-03T13:50:29,False
O003518,C00838,delivered,2026-03-17T13:52:46,2026-03-17T15:52:46,2026-03-22T15:52:46,2026-03-30T13:52:46,False
O003519,C00855,delivered,2026-03-10T13:55:03,2026-03-10T22:55:03,2026-03-18T22:55:03,2026-03-19T13:55:03,False
O003520,C00872,delivered,2026-03-03T13:57:20,2026-03-04T05:57:20,2026-03-07T05:57:20,2026-03-15T13:57:20,False
O003521,C00889,delivered,2026-02-24T13:59:37,2026-02-24T17:59:37,2026-03-02T17:59:37,2026-03-04T13:59:37,False
O003522,C00906,delivered,2026-02-17T14:01:54,2026-02-18T01:01:54,2026-02-27T01:01:54,2026-02-28T14:01:54,False
O003523,C00923,delivered,2026-02-10T14:04:11,2026-02-11T08:04:11,2026-03-01T14:04:11,2026-02-24T14:04:11,True
O003524,C00940,delivered,2026-02-03T14:06:28,2026-02-03T20:06:28,2026-02-10T20:06:28,2026-02-13T14:06:28,False
O003525,C00957,delivered,2026-01-27T14:08:45,2026-01-28T03:08:45,2026-02-07T03:08:45,2026-02-09T14:08:45,False
O003526,C00974,delivered,2026-01-20T14:11:02,2026-01-20T15:11:02,2026-01-25T15:11:02,2026-01-29T14:11:02,False
O003527,C00991,delivered,2026-01-13T14:13:19,2026-01-13T22:13:19,2026-01-21T22:13:19,2026-01-25T14:13:19,False
O003528,C00008,delivered,2026-01-06T14:15:36,2026-01-07T05:15:36,2026-01-10T05:15:36,2026-01-14T14:15:36,False
O003529,C00025,delivered,2025-12-30T14:17:53,2025-12-30T17:17:53,2026-01-05T17:17:53,2026-01-10T14:17:53,False
O003530,C00042,delivered,2025-12-23T14:20:10,2025-12-24T00:20:10,2026-01-02T00:20:10,2026-01-06T14:20:10,False
O003531,C00059,delivered,2025-12-16T14:22:27,2025-12-17T07:22:27,2025-12-21T07:22:27,2025-12-26T14:22:27,False
O003532,C00076,delivered,2025-12-09T14:24:44,2025-12-09T19:24:44,2025-12-16T19:24:44,2025-12-22T14:24:44,False
O003533,C00093,delivered,2025-12-02T14:27:01,2025-12-03T02:27:01,2025-12-10T14:27:01,2025-12-11T14:27:01,False
O003534,C00110,delivered,2025-11-25T14:29:18,2025-11-25T14:29:18,2025-11-30T14:29:18,2025-12-07T14:29:18,False
O003535,C00127,delivered,2025-11-18T14:31:35,2025-11-18T21:31:35,2025-11-26T21:31:35,2025-11-26T14:31:35,False
O003536,C00144,delivered,2025-11-11T14:33:52,2025-11-12T04:33:52,2025-11-25T14:33:52,2025-11-22T14:33:52,True
O003537,C00161,delivered,2025-11-04T14:36:09,2025-11-04T16:36:09,2025-11-10T16:36:09,2025-11-18T14:36:09,False
O003538,C00178,delivered,2025-10-28T14:38:26,2025-10-28T23:38:26,2025-11-06T23:38:26,2025-11-07T14:38:26,False
O003539,C00195,delivered,2025-10-21T14:40:43,2025-10-22T06:40:43,2025-10-26T06:40:43,2025-11-03T14:40:43,False
O003540,C00212,delivered,2025-10-14T14:43:00,2025-10-14T18:43:00,2025-10-21T18:43:00,2025-10-23T14:43:00,False
O003541,C00229,delivered,2025-10-07T14:45:17,2025-10-08T01:45:17,2025-10-18T01:45:17,2025-10-19T14:45:17,False
O003542,C00246,delivered,2025-09-30T14:47:34,2025-10-01T08:47:34,2025-10-06T08:47:34,2025-10-08T14:47:34,False
O003543,C00263,delivered,2025-09-23T14:49:51,2025-09-23T20:49:51,2025-10-01T20:49:51,2025-10-04T14:49:51,False
O003544,C00280,delivered,2025-09-16T14:52:08,2025-09-17T03:52:08,2025-09-20T03:52:08,2025-09-30T14:52:08,False
O003545,C00297,delivered,2025-09-09T14:54:25,2025-09-09T15:54:25,2025-09-15T15:54:25,2025-09-19T14:54:25,False
O003546,C00314,delivered,2026-09-02T14:56:42,2026-09-02T22:56:42,2026-09-11T22:56:42,2026-09-15T14:56:42,False
O003547,C00331,delivered,2026-08-26T14:58:59,2026-08-27T05:58:59,2026-08-31T05:58:59,2026-09-04T14:58:59,False
O003548,C00348,delivered,2026-08-19T15:01:16,2026-08-19T18:01:16,2026-08-26T18:01:16,2026-08-31T15:01:16,False
O003549,C00365,delivered,2026-08-12T15:03:33,2026-08-13T01:03:33,2026-08-26T15:03:33,2026-08-20T15:03:33,True
O003550,C00382,delivered,2026-08-05T15:05:50,2026-08-06T08:05:50,2026-08-11T08:05:50,2026-08-16T15:05:50,False
O003551,C00399,delivered,2026-07-29T15:08:07,2026-07-29T20:08:07,2026-08-06T20:08:07,2026-08-12T15:08:07,False
O003552,C00416,delivered,2026-07-22T15:10:24,2026-07-23T03:10:24,2026-07-26T03:10:24,2026-08-01T15:10:24,False
O003553,C00433,delivered,2026-07-15T15:12:41,2026-07-15T15:12:41,2026-07-21T15:12:41,2026-07-28T15:12:41,False
O003554,C00450,delivered,2026-07-08T15:14:58,2026-07-08T22:14:58,2026-07-17T22:14:58,2026-07-17T15:14:58,False
O003555,C00467,delivered,2026-07-01T15:17:15,2026-07-02T05:17:15,2026-07-06T05:17:15,2026-07-13T15:17:15,False
O003556,C00484,delivered,2026-06-24T15:19:32,2026-06-24T17:19:32,2026-07-01T17:19:32,2026-07-02T15:19:32,False
O003557,C00501,delivered,2026-06-17T15:21:49,2026-06-18T00:21:49,2026-06-28T00:21:49,2026-06-28T15:21:49,False
O003558,C00518,delivered,2026-06-10T15:24:06,2026-06-11T07:24:06,2026-06-16T07:24:06,2026-06-24T15:24:06,False
O003559,C00535,delivered,2026-06-03T15:26:23,2026-06-03T19:26:23,2026-06-11T19:26:23,2026-06-13T15:26:23,False
O003560,C00552,delivered,2026-05-27T15:28:40,2026-05-28T02:28:40,2026-05-31T02:28:40,2026-06-09T15:28:40,False
O003561,C00569,delivered,2026-05-20T15:30:57,2026-05-21T09:30:57,2026-05-27T09:30:57,2026-05-29T15:30:57,False
O003562,C00586,delivered,2026-05-13T15:33:14,2026-05-13T21:33:14,2026-05-29T15:33:14,2026-05-25T15:33:14,True
O003563,C00603,delivered,2026-05-06T15:35:31,2026-05-07T04:35:31,2026-05-11T04:35:31,2026-05-14T15:35:31,False
O003564,C00620,delivered,2026-04-29T15:37:48,2026-04-29T16:37:48,2026-05-06T16:37:48,2026-05-10T15:37:48,False
O003565,C00637,delivered,2026-04-22T15:40:05,2026-04-22T23:40:05,2026-05-02T23:40:05,2026-05-06T15:40:05,False
O003566,C00654,delivered,2026-04-15T15:42:22,2026-04-16T06:42:22,2026-04-21T06:42:22,2026-04-25T15:42:22,False
O003567,C00671,delivered,2026-04-08T15:44:39,2026-04-08T18:44:39,2026-04-16T18:44:39,2026-04-21T15:44:39,False
O003568,C00688,delivered,2026-04-01T15:46:56,2026-04-02T01:46:56,2026-04-05T01:46:56,2026-04-10T15:46:56,False
O003569,C00705,delivered,2026-03-25T15:49:13,2026-03-26T08:49:13,2026-04-01T08:49:13,2026-04-06T15:49:13,False
O003570,C00722,delivered,2026-03-18T15:51:30,2026-03-18T20:51:30,2026-03-25T15:51:30,2026-03-26T15:51:30,False
O003571,C00739,delivered,2026-03-11T15:53:47,2026-03-12T03:53:47,2026-03-16T03:53:47,2026-03-22T15:53:47,False
O003572,C00756,delivered,2026-03-04T15:56:04,2026-03-04T15:56:04,2026-03-11T15:56:04,2026-03-18T15:56:04,False
O003573,C00773,delivered,2026-02-25T15:58:21,2026-02-25T22:58:21,2026-03-07T22:58:21,2026-03-07T15:58:21,False
O003574,C00790,delivered,2026-02-18T16:00:38,2026-02-19T06:00:38,2026-02-24T06:00:38,2026-03-03T16:00:38,False
O003575,C00807,delivered,2026-02-11T16:02:55,2026-02-11T18:02:55,2026-02-22T16:02:55,2026-02-20T16:02:55,True
O003576,C00824,delivered,2026-02-04T16:05:12,2026-02-05T01:05:12,2026-02-08T01:05:12,2026-02-16T16:05:12,False
O003577,C00841,delivered,2026-01-28T16:07:29,2026-01-29T08:07:29,2026-02-04T08:07:29,2026-02-05T16:07:29,False
O003578,C00858,delivered,2026-01-21T16:09:46,2026-01-21T20:09:46,2026-01-30T20:09:46,2026-02-01T16:09:46,False
O003579,C00875,delivered,2026-01-14T16:12:03,2026-01-15T03:12:03,2026-01-19T03:12:03,2026-01-28T16:12:03,False
O003580,C00892,delivered,2026-01-07T16:14:20,2026-01-08T10:14:20,2026-01-15T10:14:20,2026-01-17T16:14:20,False
O003581,C00909,delivered,2025-12-31T16:16:37,2025-12-31T22:16:37,2026-01-10T22:16:37,2026-01-13T16:16:37,False
O003582,C00926,delivered,2025-12-24T16:18:54,2025-12-25T05:18:54,2025-12-30T05:18:54,2026-01-02T16:18:54,False
O003583,C00943,delivered,2025-12-17T16:21:11,2025-12-17T17:21:11,2025-12-25T17:21:11,2025-12-29T16:21:11,False
O003584,C00960,delivered,2025-12-10T16:23:28,2025-12-11T00:23:28,2025-12-14T00:23:28,2025-12-18T16:23:28,False
O003585,C00977,delivered,2025-12-03T16:25:45,2025-12-04T07:25:45,2025-12-10T07:25:45,2025-12-14T16:25:45,False
O003586,C00994,delivered,2025-11-26T16:28:02,2025-11-26T19:28:02,2025-12-05T19:28:02,2025-12-10T16:28:02,False
O003587,C00011,delivered,2025-11-19T16:30:19,2025-11-20T02:30:19,2025-11-24T02:30:19,2025-11-29T16:30:19,False
O003588,C00028,delivered,2025-11-12T16:32:36,2025-11-13T09:32:36,2025-11-30T16:32:36,2025-11-25T16:32:36,True
O003589,C00045,delivered,2025-11-05T16:34:53,2025-11-05T21:34:53,2025-11-13T16:34:53,2025-11-14T16:34:53,False
O003590,C00062,shipped,2025-10-29T16:37:10,2025-10-30T04:37:10,2025-11-04T04:37:10,2025-11-10T16:37:10,False
O003591,C00079,shipped,2025-10-22T16:39:27,2025-10-22T16:39:27,2025-10-30T16:39:27,2025-10-30T16:39:27,False
O003592,C00096,shipped,2025-10-15T16:41:44,2025-10-15T23:41:44,2025-10-18T23:41:44,2025-10-26T16:41:44,False
O003593,C00113,shipped,2025-10-08T16:44:01,2025-10-09T06:44:01,2025-10-15T06:44:01,2025-10-22T16:44:01,False
O003594,C00130,processing,2025-10-01T16:46:18,2025-10-01T18:46:18,,2025-10-11T16:46:18,
O003595,C00147,processing,2025-09-24T16:48:35,2025-09-25T01:48:35,,2025-10-07T16:48:35,
O003596,C00164,processing,2025-09-17T16:50:52,2025-09-18T08:50:52,,2025-09-26T16:50:52,
O003597,C00181,canceled,2025-09-10T16:53:09,2025-09-10T20:53:09,,2025-09-22T16:53:09,
O003598,C00198,canceled,2026-09-03T16:55:26,2026-09-04T03:55:26,,2026-09-11T16:55:26,
O003599,C00215,invoiced,2026-08-27T16:57:43,2026-08-28T10:57:43,,2026-09-07T16:57:43,
O003600,C00232,delivered,2026-08-20T17:00:00,2026-08-20T23:00:00,2026-08-23T23:00:00,2026-09-03T17:00:00,False
O003601,C00249,delivered,2026-08-13T17:02:17,2026-08-14T06:02:17,2026-08-26T17:02:17,2026-08-23T17:02:17,True
O003602,C00266,delivered,2026-08-06T17:04:34,2026-08-06T18:04:34,2026-08-15T18:04:34,2026-08-19T17:04:34,False
O003603,C00283,delivered,2026-07-30T17:06:51,2026-07-31T01:06:51,2026-08-04T01:06:51,2026-08-08T17:06:51,False
O003604,C00300,delivered,2026-07-23T17:09:08,2026-07-24T08:09:08,2026-07-31T08:09:08,2026-08-04T17:09:08,False
O003605,C00317,delivered,2026-07-16T17:11:25,2026-07-16T20:11:25,2026-07-23T17:11:25,2026-07-24T17:11:25,False
O003606,C00334,delivered,2026-07-09T17:13:42,2026-07-10T03:13:42,2026-07-15T03:13:42,2026-07-20T17:13:42,False
O003607,C00351,delivered,2026-07-02T17:15:59,2026-07-03T10:15:59,2026-07-11T10:15:59,2026-07-16T17:15:59,False
O003608,C00368,delivered,2026-06-25T17:18:16,2026-06-25T22:18:16,2026-06-28T22:18:16,2026-07-05T17:18:16,False
O003609,C00385,delivered,2026-06-18T17:20:33,2026-06-19T05:20:33,2026-06-25T05:20:33,2026-07-01T17:20:33,False
O003610,C00402,delivered,2026-06-11T17:22:50,2026-06-11T17:22:50,2026-06-20T17:22:50,2026-06-20T17:22:50,False
O003611,C00419,delivered,2026-06-04T17:25:07,2026-06-05T00:25:07,2026-06-09T00:25:07,2026-06-16T17:25:07,False
O003612,C00436,delivered,2026-05-28T17:27:24,2026-05-29T07:27:24,2026-06-05T07:27:24,2026-06-05T17:27:24,False
O003613,C00453,delivered,2026-05-21T17:29:41,2026-05-21T19:29:41,2026-05-31T19:29:41,2026-06-01T17:29:41,False
O003614,C00470,delivered,2026-05-14T17:31:58,2026-05-15T02:31:58,2026-06-03T17:31:58,2026-05-28T17:31:58,True
O003615,C00487,delivered,2026-05-07T17:34:15,2026-05-08T09:34:15,2026-05-16T09:34:15,2026-05-17T17:34:15,False
O003616,C00504,delivered,2026-04-30T17:36:32,2026-04-30T21:36:32,2026-05-03T21:36:32,2026-05-13T17:36:32,False
O003617,C00521,delivered,2026-04-23T17:38:49,2026-04-24T04:38:49,2026-04-30T04:38:49,2026-05-02T17:38:49,False
O003618,C00538,delivered,2026-04-16T17:41:06,2026-04-17T11:41:06,2026-04-26T11:41:06,2026-04-28T17:41:06,False
O003619,C00555,delivered,2026-04-09T17:43:23,2026-04-09T23:43:23,2026-04-13T23:43:23,2026-04-17T17:43:23,False
O003620,C00572,delivered,2026-04-02T17:45:40,2026-04-03T06:45:40,2026-04-10T06:45:40,2026-04-13T17:45:40,False
O003621,C00589,delivered,2026-03-26T17:47:57,2026-03-26T18:47:57,2026-04-05T18:47:57,2026-04-09T17:47:57,False
O003622,C00606,delivered,2026-03-19T17:50:14,2026-03-20T01:50:14,2026-03-25T01:50:14,2026-03-29T17:50:14,False
O003623,C00623,delivered,2026-03-12T17:52:31,2026-03-13T08:52:31,2026-03-21T08:52:31,2026-03-25T17:52:31,False
O003624,C00640,delivered,2026-03-05T17:54:48,2026-03-05T20:54:48,2026-03-08T20:54:48,2026-03-14T17:54:48,False
O003625,C00657,delivered,2026-02-26T17:57:05,2026-02-27T03:57:05,2026-03-05T03:57:05,2026-03-10T17:57:05,False
O003626,C00674,delivered,2026-02-19T17:59:22,2026-02-20T10:59:22,2026-02-26T17:59:22,2026-02-27T17:59:22,False
O003627,C00691,delivered,2026-02-12T18:01:39,2026-02-12T23:01:39,2026-02-27T18:01:39,2026-02-23T18:01:39,True
O003628,C00708,delivered,2026-02-05T18:03:56,2026-02-06T06:03:56,2026-02-13T06:03:56,2026-02-19T18:03:56,False
O003629,C00725,delivered,2026-01-29T18:06:13,2026-01-29T18:06:13,2026-02-08T18:06:13,2026-02-08T18:06:13,False
O003630,C00742,delivered,2026-01-22T18:08:30,2026-01-23T01:08:30,2026-01-28T01:08:30,2026-02-04T18:08:30,False
O003631,C00759,delivered,2026-01-15T18:10:47,2026-01-16T08:10:47,2026-01-24T08:10:47,2026-01-24T18:10:47,False
O003632,C00776,delivered,2026-01-08T18:13:04,2026-01-08T20:13:04,2026-01-11T20:13:04,2026-01-20T18:13:04,False
O003633,C00793,delivered,2026-01-01T18:15:21,2026-01-02T03:15:21,2026-01-08T03:15:21,2026-01-09T18:15:21,False
O003634,C00810,delivered,2025-12-25T18:17:38,2025-12-26T10:17:38,2026-01-04T10:17:38,2026-01-05T18:17:38,False
O003635,C00827,delivered,2025-12-18T18:19:55,2025-12-18T22:19:55,2025-12-22T22:19:55,2026-01-01T18:19:55,False
O003636,C00844,delivered,2025-12-11T18:22:12,2025-12-12T05:22:12,2025-12-19T05:22:12,2025-12-21T18:22:12,False
O003637,C00861,delivered,2025-12-04T18:24:29,2025-12-05T12:24:29,2025-12-15T12:24:29,2025-12-17T18:24:29,False
O003638,C00878,delivered,2025-11-27T18:26:46,2025-11-28T00:26:46,2025-12-03T00:26:46,2025-12-06T18:26:46,False
O003639,C00895,delivered,2025-11-20T18:29:03,2025-11-21T07:29:03,2025-11-29T07:29:03,2025-12-02T18:29:03,False
O003640,C00912,delivered,2025-11-13T18:31:20,2025-11-13T19:31:20,2025-11-23T18:31:20,2025-11-21T18:31:20,True
O003641,C00929,delivered,2025-11-06T18:33:37,2025-11-07T02:33:37,2025-11-13T02:33:37,2025-11-17T18:33:37,False
O003642,C00946,delivered,2025-10-30T18:35:54,2025-10-31T09:35:54,2025-11-09T09:35:54,2025-11-13T18:35:54,False
O003643,C00963,delivered,2025-10-23T18:38:11,2025-10-23T21:38:11,2025-10-27T21:38:11,2025-11-02T18:38:11,False
O003644,C00980,delivered,2025-10-16T18:40:28,2025-10-17T04:40:28,2025-10-24T04:40:28,2025-10-29T18:40:28,False
O003645,C00997,delivered,2025-10-09T18:42:45,2025-10-10T11:42:45,2025-10-17T18:42:45,2025-10-18T18:42:45,False
O003646,C00014,delivered,2025-10-02T18:45:02,2025-10-02T23:45:02,2025-10-07T23:45:02,2025-10-14T18:45:02,False
O003647,C00031,delivered,2025-09-25T18:47:19,2025-09-26T06:47:19,2025-10-02T18:47:19,2025-10-03T18:47:19,False
O003648,C00048,delivered,2025-09-18T18:49:36,2025-09-18T18:49:36,2025-09-21T18:49:36,2025-09-29T18:49:36,False
O003649,C00065,delivered,2025-09-11T18:51:53,2025-09-12T01:51:53,2025-09-18T01:51:53,2025-09-25T18:51:53,False
O003650,C00082,delivered,2026-09-04T18:54:10,2026-09-05T08:54:10,2026-09-14T08:54:10,2026-09-14T18:54:10,False
O003651,C00099,delivered,2026-08-28T18:56:27,2026-08-28T20:56:27,2026-09-01T20:56:27,2026-09-10T18:56:27,False
O003652,C00116,delivered,2026-08-21T18:58:44,2026-08-22T03:58:44,2026-08-29T03:58:44,2026-08-30T18:58:44,False
O003653,C00133,delivered,2026-08-14T19:01:01,2026-08-15T11:01:01,2026-08-31T19:01:01,2026-08-26T19:01:01,True
O003654,C00150,delivered,2026-08-07T19:03:18,2026-08-07T23:03:18,2026-08-12T23:03:18,2026-08-15T19:03:18,False
O003655,C00167,delivered,2026-07-31T19:05:35,2026-08-01T06:05:35,2026-08-09T06:05:35,2026-08-11T19:05:35,False
O003656,C00184,delivered,2026-07-24T19:07:52,2026-07-25T13:07:52,2026-07-28T13:07:52,2026-08-07T19:07:52,False
O003657,C00201,delivered,2026-07-17T19:10:09,2026-07-18T01:10:09,2026-07-24T01:10:09,2026-07-27T19:10:09,False
O003658,C00218,delivered,2026-07-10T19:12:26,2026-07-11T08:12:26,2026-07-20T08:12:26,2026-07-23T19:12:26,False
O003659,C00235,delivered,2026-07-03T19:14:43,2026-07-03T20:14:43,2026-07-07T20:14:43,2026-07-12T19:14:43,False
O003660,C00252,delivered,2026-06-26T19:17:00,2026-06-27T03:17:00,2026-07-04T03:17:00,2026-07-08T19:17:00,False
O003661,C00269,delivered,2026-06-19T19:19:17,2026-06-20T10:19:17,2026-06-26T19:19:17,2026-06-27T19:19:17,False
O003662,C00286,delivered,2026-06-12T19:21:34,2026-06-12T22:21:34,2026-06-17T22:21:34,2026-06-23T19:21:34,False
O003663,C00303,delivered,2026-06-05T19:23:51,2026-06-06T05:23:51,2026-06-14T05:23:51,2026-06-19T19:23:51,False
O003664,C00320,delivered,2026-05-29T19:26:08,2026-05-30T12:26:08,2026-06-02T12:26:08,2026-06-08T19:26:08,False
O003665,C00337,delivered,2026-05-22T19:28:25,2026-05-23T00:28:25,2026-05-29T00:28:25,2026-06-04T19:28:25,False
O003666,C00354,delivered,2026-05-15T19:30:42,2026-05-16T07:30:42,2026-05-27T19:30:42,2026-05-24T19:30:42,True
O003667,C00371,delivered,2026-05-08T19:32:59,2026-05-08T19:32:59,2026-05-12T19:32:59,2026-05-20T19:32:59,False
O003668,C00388,delivered,2026-05-01T19:35:16,2026-05-02T02:35:16,2026-05-09T02:35:16,2026-05-09T19:35:16,False
O003669,C00405,delivered,2026-04-24T19:37:33,2026-04-25T09:37:33,2026-05-05T09:37:33,2026-05-05T19:37:33,False
O003670,C00422,delivered,2026-04-17T19:39:50,2026-04-17T21:39:50,2026-04-22T21:39:50,2026-05-01T19:39:50,False
O003671,C00439,delivered,2026-04-10T19:42:07,2026-04-11T04:42:07,2026-04-19T04:42:07,2026-04-20T19:42:07,False
O003672,C00456,delivered,2026-04-03T19:44:24,2026-04-04T11:44:24,2026-04-07T11:44:24,2026-04-16T19:44:24,False
O003673,C00473,delivered,2026-03-27T19:46:41,2026-03-27T23:46:41,2026-04-02T23:46:41,2026-04-05T19:46:41,False
O003674,C00490,delivered,2026-03-20T19:48:58,2026-03-21T06:48:58,2026-03-30T06:48:58,2026-04-01T19:48:58,False
O003675,C00507,delivered,2026-03-13T19:51:15,2026-03-14T13:51:15,2026-03-18T13:51:15,2026-03-21T19:51:15,False
O003676,C00524,delivered,2026-03-06T19:53:32,2026-03-07T01:53:32,2026-03-14T01:53:32,2026-03-17T19:53:32,False
O003677,C00541,delivered,2026-02-27T19:55:49,2026-02-28T08:55:49,2026-03-10T08:55:49,2026-03-13T19:55:49,False
O003678,C00558,delivered,2026-02-20T19:58:06,2026-02-20T20:58:06,2026-02-25T20:58:06,2026-03-02T19:58:06,False
O003679,C00575,delivered,2026-02-13T20:00:23,2026-02-14T04:00:23,2026-03-04T20:00:23,2026-02-26T20:00:23,True
O003680,C00592,delivered,2026-02-06T20:02:40,2026-02-07T11:02:40,2026-02-10T11:02:40,2026-02-15T20:02:40,False
O003681,C00609,delivered,2026-01-30T20:04:57,2026-01-30T23:04:57,2026-02-05T23:04:57,2026-02-11T20:04:57,False
O003682,C00626,delivered,2026-01-23T20:07:14,2026-01-24T06:07:14,2026-01-30T20:07:14,2026-01-31T20:07:14,False
O003683,C00643,delivered,2026-01-16T20:09:31,2026-01-17T13:09:31,2026-01-21T13:09:31,2026-01-27T20:09:31,False
O003684,C00660,delivered,2026-01-09T20:11:48,2026-01-10T01:11:48,2026-01-17T01:11:48,2026-01-23T20:11:48,False
O003685,C00677,delivered,2026-01-02T20:14:05,2026-01-03T08:14:05,2026-01-11T20:14:05,2026-01-12T20:14:05,False
O003686,C00694,delivered,2025-12-26T20:16:22,2025-12-26T20:16:22,2025-12-31T20:16:22,2026-01-08T20:16:22,False
O003687,C00711,delivered,2025-12-19T20:18:39,2025-12-20T03:18:39,2025-12-28T03:18:39,2025-12-28T20:18:39,False
O003688,C00728,delivered,2025-12-12T20:20:56,2025-12-13T10:20:56,2025-12-16T10:20:56,2025-12-24T20:20:56,False
O003689,C00745,delivered,2025-12-05T20:23:13,2025-12-05T22:23:13,2025-12-11T22:23:13,2025-12-13T20:23:13,False
O003690,C00762,shipped,2025-11-28T20:25:30,2025-11-29T05:25:30,2025-12-08T05:25:30,2025-12-09T20:25:30,False
O003691,C00779,shipped,2025-11-21T20:27:47,2025-11-22T12:27:47,2025-11-26T12:27:47,2025-12-05T20:27:47,False
O003692,C00796,shipped,2025-11-14T20:30:04,2025-11-15T00:30:04,2025-11-28T20:30:04,2025-11-24T20:30:04,True
O003693,C00813,shipped,2025-11-07T20:32:21,2025-11-08T07:32:21,2025-11-18T07:32:21,2025-11-20T20:32:21,False
O003694,C00830,processing,2025-10-31T20:34:38,2025-11-01T14:34:38,,2025-11-09T20:34:38,
O003695,C00847,processing,2025-10-24T20:36:55,2025-10-25T02:36:55,,2025-11-05T20:36:55,
O003696,C00864,processing,2025-10-17T20:39:12,2025-10-18T09:39:12,,2025-10-25T20:39:12,
O003697,C00881,canceled,2025-10-10T20:41:29,2025-10-10T21:41:29,,2025-10-21T20:41:29,
O003698,C00898,canceled,2025-10-03T20:43:46,2025-10-04T04:43:46,,2025-10-17T20:43:46,
O003699,C00915,invoiced,2025-09-26T20:46:03,2025-09-27T11:46:03,,2025-10-06T20:46:03,
O003700,C00932,delivered,2025-09-19T20:48:20,2025-09-19T23:48:20,2025-09-26T23:48:20,2025-10-02T20:48:20,False
O003701,C00949,delivered,2025-09-12T20:50:37,2025-09-13T06:50:37,2025-09-20T20:50:37,2025-09-21T20:50:37,False
O003702,C00966,delivered,2025-09-05T20:52:54,2025-09-06T13:52:54,2025-09-11T13:52:54,2025-09-17T20:52:54,False
O003703,C00983,delivered,2026-08-29T20:55:11,2026-08-30T01:55:11,2026-09-05T20:55:11,2026-09-06T20:55:11,False
O003704,C01000,delivered,2026-08-22T20:57:28,2026-08-23T08:57:28,2026-08-26T08:57:28,2026-09-02T20:57:28,False
O003705,C00017,delivered,2026-08-15T20:59:45,2026-08-15T20:59:45,2026-08-31T20:59:45,2026-08-29T20:59:45,True
O003706,C00034,delivered,2026-08-08T21:02:02,2026-08-09T04:02:02,2026-08-18T04:02:02,2026-08-18T21:02:02,False
O003707,C00051,delivered,2026-08-01T21:04:19,2026-08-02T11:04:19,2026-08-06T11:04:19,2026-08-14T21:04:19,False
O003708,C00068,delivered,2026-07-25T21:06:36,2026-07-25T23:06:36,2026-08-01T23:06:36,2026-08-03T21:06:36,False
O003709,C00085,delivered,2026-07-18T21:08:53,2026-07-19T06:08:53,2026-07-29T06:08:53,2026-07-30T21:08:53,False
O003710,C00102,delivered,2026-07-11T21:11:10,2026-07-12T13:11:10,2026-07-17T13:11:10,2026-07-19T21:11:10,False
O003711,C00119,delivered,2026-07-04T21:13:27,2026-07-05T01:13:27,2026-07-13T01:13:27,2026-07-15T21:13:27,False
O003712,C00136,delivered,2026-06-27T21:15:44,2026-06-28T08:15:44,2026-07-01T08:15:44,2026-07-11T21:15:44,False
O003713,C00153,delivered,2026-06-20T21:18:01,2026-06-21T15:18:01,2026-06-27T15:18:01,2026-06-30T21:18:01,False
O003714,C00170,delivered,2026-06-13T21:20:18,2026-06-14T03:20:18,2026-06-23T03:20:18,2026-06-26T21:20:18,False
O003715,C00187,delivered,2026-06-06T21:22:35,2026-06-07T10:22:35,2026-06-11T10:22:35,2026-06-15T21:22:35,False
O003716,C00204,delivered,2026-05-30T21:24:52,2026-05-30T22:24:52,2026-06-06T22:24:52,2026-06-11T21:24:52,False
O003717,C00221,delivered,2026-05-23T21:27:09,2026-05-24T05:27:09,2026-05-30T21:27:09,2026-05-31T21:27:09,False
O003718,C00238,delivered,2026-05-16T21:29:26,2026-05-17T12:29:26,2026-06-01T21:29:26,2026-05-27T21:29:26,True
O003719,C00255,delivered,2026-05-09T21:31:43,2026-05-10T00:31:43,2026-05-18T00:31:43,2026-05-23T21:31:43,False
O003720,C00272,delivered,2026-05-02T21:34:00,2026-05-03T07:34:00,2026-05-06T07:34:00,2026-05-12T21:34:00,False
O003721,C00289,delivered,2026-04-25T21:36:17,2026-04-26T14:36:17,2026-05-02T14:36:17,2026-05-08T21:36:17,False
O003722,C00306,delivered,2026-04-18T21:38:34,2026-04-19T02:38:34,2026-04-26T21:38:34,2026-04-27T21:38:34,False
O003723,C00323,delivered,2026-04-11T21:40:51,2026-04-12T09:40:51,2026-04-16T09:40:51,2026-04-23T21:40:51,False
O003724,C00340,delivered,2026-04-04T21:43:08,2026-04-04T21:43:08,2026-04-11T21:43:08,2026-04-12T21:43:08,False
O003725,C00357,delivered,2026-03-28T21:45:25,2026-03-29T04:45:25,2026-04-08T04:45:25,2026-04-08T21:45:25,False
O003726,C00374,delivered,2026-03-21T21:47:42,2026-03-22T11:47:42,2026-03-27T11:47:42,2026-04-04T21:47:42,False
O003727,C00391,delivered,2026-03-14T21:49:59,2026-03-14T23:49:59,2026-03-22T23:49:59,2026-03-24T21:49:59,False
O003728,C00408,delivered,2026-03-07T21:52:16,2026-03-08T06:52:16,2026-03-11T06:52:16,2026-03-20T21:52:16,False
O003729,C00425,delivered,2026-02-28T21:54:33,2026-03-01T13:54:33,2026-03-07T13:54:33,2026-03-09T21:54:33,False
O003730,C00442,delivered,2026-02-21T21:56:50,2026-02-22T01:56:50,2026-03-03T01:56:50,2026-03-05T21:56:50,False
O003731,C00459,delivered,2026-02-14T21:59:07,2026-02-15T08:59:07,2026-02-25T21:59:07,2026-02-22T21:59:07,True
O003732,C00476,delivered,2026-02-07T22:01:24,2026-02-08T16:01:24,2026-02-15T16:01:24,2026-02-18T22:01:24,False
O003733,C00493,delivered,2026-01-31T22:03:41,2026-02-01T04:03:41,2026-02-11T04:03:41,2026-02-14T22:03:41,False
O003734,C00510,delivered,2026-01-24T22:05:58,2026-01-25T11:05:58,2026-01-30T11:05:58,2026-02-03T22:05:58,False
O003735,C00527,delivered,2026-01-17T22:08:15,2026-01-17T23:08:15,2026-01-25T23:08:15,2026-01-30T22:08:15,False
O003736,C00544,delivered,2026-01-10T22:10:32,2026-01-11T06:10:32,2026-01-14T06:10:32,2026-01-19T22:10:32,False
O003737,C00561,delivered,2026-01-03T22:12:49,2026-01-04T13:12:49,2026-01-10T13:12:49,2026-01-15T22:12:49,False
O003738,C00578,delivered,2025-12-27T22:15:06,2025-12-28T01:15:06,2026-01-03T22:15:06,2026-01-04T22:15:06,False
O003739,C00595,delivered,2025-12-20T22:17:23,2025-12-21T08:17:23,2025-12-25T08:17:23,2025-12-31T22:17:23,False
O003740,C00612,delivered,2025-12-13T22:19:40,2025-12-14T15:19:40,2025-12-21T15:19:40,2025-12-27T22:19:40,False
O003741,C00629,delivered,2025-12-06T22:21:57,2025-12-07T03:21:57,2025-12-15T22:21:57,2025-12-16T22:21:57,False
O003742,C00646,delivered,2025-11-29T22:24:14,2025-11-30T10:24:14,2025-12-05T10:24:14,2025-12-12T22:24:14,False
O003743,C00663,delivered,2025-11-22T22:26:31,2025-11-22T22:26:31,2025-11-30T22:26:31,2025-12-01T22:26:31,False
O003744,C00680,delivered,2025-11-15T22:28:48,2025-11-16T05:28:48,2025-12-03T22:28:48,2025-11-27T22:28:48,True
O003745,C00697,delivered,2025-11-08T22:31:05,2025-11-09T12:31:05,2025-11-15T12:31:05,2025-11-16T22:31:05,False
O003746,C00714,delivered,2025-11-01T22:33:22,2025-11-02T00:33:22,2025-11-11T00:33:22,2025-11-12T22:33:22,False
O003747,C00731,delivered,2025-10-25T22:35:39,2025-10-26T07:35:39,2025-10-30T07:35:39,2025-11-08T22:35:39,False
O003748,C00748,delivered,2025-10-18T22:37:56,2025-10-19T14:37:56,2025-10-26T14:37:56,2025-10-28T22:37:56,False
O003749,C00765,delivered,2025-10-11T22:40:13,2025-10-12T02:40:13,2025-10-22T02:40:13,2025-10-24T22:40:13,False
O003750,C00782,delivered,2025-10-04T22:42:30,2025-10-05T09:42:30,2025-10-10T09:42:30,2025-10-13T22:42:30,False
O003751,C00799,delivered,2025-09-27T22:44:47,2025-09-28T16:44:47,2025-10-06T16:44:47,2025-10-09T22:44:47,False
O003752,C00816,delivered,2025-09-20T22:47:04,2025-09-21T04:47:04,2025-09-24T04:47:04,2025-09-28T22:47:04,False
O003753,C00833,delivered,2025-09-13T22:49:21,2025-09-14T11:49:21,2025-09-20T11:49:21,2025-09-24T22:49:21,False
O003754,C00850,delivered,2025-09-06T22:51:38,2025-09-06T23:51:38,2025-09-15T23:51:38,2025-09-20T22:51:38,False
O003755,C00867,delivered,2026-08-30T22:53:55,2026-08-31T06:53:55,2026-09-04T06:53:55,2026-09-09T22:53:55,False
O003756,C00884,delivered,2026-08-23T22:56:12,2026-08-24T13:56:12,2026-08-31T13:56:12,2026-09-05T22:56:12,False
O003757,C00901,delivered,2026-08-16T22:58:29,2026-08-17T01:58:29,2026-08-29T22:58:29,2026-08-25T22:58:29,True
O003758,C00918,delivered,2026-08-09T23:00:46,2026-08-10T09:00:46,2026-08-15T09:00:46,2026-08-21T23:00:46,False
O003759,C00935,delivered,2026-08-02T23:03:03,2026-08-03T16:03:03,2026-08-09T23:03:03,2026-08-10T23:03:03,False
O003760,C00952,delivered,2026-07-26T23:05:20,2026-07-27T04:05:20,2026-07-30T04:05:20,2026-08-06T23:05:20,False
O003761,C00969,delivered,2026-07-19T23:07:37,2026-07-20T11:07:37,2026-07-26T11:07:37,2026-08-02T23:07:37,False
O003762,C00986,delivered,2026-07-12T23:09:54,2026-07-12T23:09:54,2026-07-21T23:09:54,2026-07-22T23:09:54,False
O003763,C00003,delivered,2026-07-05T23:12:11,2026-07-06T06:12:11,2026-07-10T06:12:11,2026-07-18T23:12:11,False
O003764,C00020,delivered,2026-06-28T23:14:28,2026-06-29T13:14:28,2026-07-06T13:14:28,2026-07-07T23:14:28,False
O003765,C00037,delivered,2026-06-21T23:16:45,2026-06-22T01:16:45,2026-07-02T01:16:45,2026-07-03T23:16:45,False
O003766,C00054,delivered,2026-06-14T23:19:02,2026-06-15T08:19:02,2026-06-20T08:19:02,2026-06-22T23:19:02,False
O003767,C00071,delivered,2026-06-07T23:21:19,2026-06-08T15:21:19,2026-06-16T15:21:19,2026-06-18T23:21:19,False
O003768,C00088,delivered,2026-05-31T23:23:36,2026-06-01T03:23:36,2026-06-04T03:23:36,2026-06-14T23:23:36,False
O003769,C00105,delivered,2026-05-24T23:25:53,2026-05-25T10:25:53,2026-05-31T10:25:53,2026-06-03T23:25:53,False
O003770,C00122,delivered,2026-05-17T23:28:10,2026-05-18T17:28:10,2026-06-01T23:28:10,2026-05-30T23:28:10,True
O003771,C00139,delivered,2026-05-10T23:30:27,2026-05-11T05:30:27,2026-05-15T05:30:27,2026-05-19T23:30:27,False
O003772,C00156,delivered,2026-05-03T23:32:44,2026-05-04T12:32:44,2026-05-11T12:32:44,2026-05-15T23:32:44,False
O003773,C00173,delivered,2026-04-26T23:35:01,2026-04-27T00:35:01,2026-05-03T23:35:01,2026-05-04T23:35:01,False
O003774,C00190,delivered,2026-04-19T23:37:18,2026-04-20T07:37:18,2026-04-25T07:37:18,2026-04-30T23:37:18,False
O003775,C00207,delivered,2026-04-12T23:39:35,2026-04-13T14:39:35,2026-04-21T14:39:35,2026-04-26T23:39:35,False
O003776,C00224,delivered,2026-04-05T23:41:52,2026-04-06T02:41:52,2026-04-09T02:41:52,2026-04-15T23:41:52,False
O003777,C00241,delivered,2026-03-29T23:44:09,2026-03-30T09:44:09,2026-04-05T09:44:09,2026-04-11T23:44:09,False
O003778,C00258,delivered,2026-03-22T23:46:26,2026-03-23T16:46:26,2026-03-30T23:46:26,2026-03-31T23:46:26,False
O003779,C00275,delivered,2026-03-15T23:48:43,2026-03-16T04:48:43,2026-03-20T04:48:43,2026-03-27T23:48:43,False
O003780,C00292,delivered,2026-03-08T23:51:00,2026-03-09T11:51:00,2026-03-16T11:51:00,2026-03-16T23:51:00,False
O003781,C00309,delivered,2026-03-01T23:53:17,2026-03-01T23:53:17,2026-03-11T23:53:17,2026-03-12T23:53:17,False
O003782,C00326,delivered,2026-02-22T23:55:34,2026-02-23T06:55:34,2026-02-28T06:55:34,2026-03-08T23:55:34,False
O003783,C00343,delivered,2026-02-15T23:57:51,2026-02-16T13:57:51,2026-03-02T23:57:51,2026-02-25T23:57:51,True
O003784,C00360,delivered,2026-02-08T00:00:08,2026-02-08T02:00:08,2026-02-11T02:00:08,2026-02-21T00:00:08,False
O003785,C00377,delivered,2026-02-01T00:02:25,2026-02-01T09:02:25,2026-02-07T09:02:25,2026-02-10T00:02:25,False
O003786,C00394,delivered,2026-01-25T00:04:42,2026-01-25T16:04:42,2026-02-03T16:04:42,2026-02-06T00:04:42,False
O003787,C00411,delivered,2026-01-18T00:06:59,2026-01-18T04:06:59,2026-01-22T04:06:59,2026-01-26T00:06:59,False
O003788,C00428,delivered,2026-01-11T00:09:16,2026-01-11T11:09:16,2026-01-18T11:09:16,2026-01-22T00:09:16,False
O003789,C00445,delivered,2026-01-04T00:11:33,2026-01-04T18:11:33,2026-01-14T18:11:33,2026-01-18T00:11:33,False
O003790,C00462,shipped,2025-12-28T00:13:50,2025-12-28T06:13:50,2026-01-02T06:13:50,2026-01-07T00:13:50,False
O003791,C00479,shipped,2025-12-21T00:16:07,2025-12-21T13:16:07,2025-12-29T13:16:07,2026-01-03T00:16:07,False
O003792,C00496,shipped,2025-12-14T00:18:24,2025-12-14T01:18:24,2025-12-17T01:18:24,2025-12-23T00:18:24,False
O003793,C00513,shipped,2025-12-07T00:20:41,2025-12-07T08:20:41,2025-12-13T08:20:41,2025-12-19T00:20:41,False
O003794,C00530,processing,2025-11-30T00:22:58,2025-11-30T15:22:58,,2025-12-08T00:22:58,
O003795,C00547,processing,2025-11-23T00:25:15,2025-11-23T03:25:15,,2025-12-04T00:25:15,
O003796,C00564,processing,2025-11-16T00:27:32,2025-11-16T10:27:32,,2025-11-30T00:27:32,
O003797,C00581,canceled,2025-11-09T00:29:49,2025-11-09T17:29:49,,2025-11-19T00:29:49,
O003798,C00598,canceled,2025-11-02T00:32:06,2025-11-02T05:32:06,,2025-11-15T00:32:06,
O003799,C00615,invoiced,2025-10-26T00:34:23,2025-10-26T12:34:23,,2025-11-04T00:34:23,
O003800,C00632,delivered,2025-10-19T00:36:40,2025-10-19T00:36:40,2025-10-22T00:36:40,2025-10-31T00:36:40,False
O003801,C00649,delivered,2025-10-12T00:38:57,2025-10-12T07:38:57,2025-10-18T07:38:57,2025-10-20T00:38:57,False
O003802,C00666,delivered,2025-10-05T00:41:14,2025-10-05T14:41:14,2025-10-14T14:41:14,2025-10-16T00:41:14,False
O003803,C00683,delivered,2025-09-28T00:43:31,2025-09-28T02:43:31,2025-10-02T02:43:31,2025-10-12T00:43:31,False
O003804,C00700,delivered,2025-09-21T00:45:48,2025-09-21T09:45:48,2025-09-28T09:45:48,2025-10-01T00:45:48,False
O003805,C00717,delivered,2025-09-14T00:48:05,2025-09-14T16:48:05,2025-09-24T16:48:05,2025-09-27T00:48:05,False
O003806,C00734,delivered,2025-09-07T00:50:22,2025-09-07T04:50:22,2025-09-12T04:50:22,2025-09-16T00:50:22,False
O003807,C00751,delivered,2026-08-31T00:52:39,2026-08-31T11:52:39,2026-09-08T11:52:39,2026-09-12T00:52:39,False
O003808,C00768,delivered,2026-08-24T00:54:56,2026-08-24T18:54:56,2026-08-27T18:54:56,2026-09-01T00:54:56,False
O003809,C00785,delivered,2026-08-17T00:57:13,2026-08-17T06:57:13,2026-09-03T00:57:13,2026-08-28T00:57:13,True
O003810,C00802,delivered,2026-08-10T00:59:30,2026-08-10T13:59:30,2026-08-19T13:59:30,2026-08-24T00:59:30,False
O003811,C00819,delivered,2026-08-03T01:01:47,2026-08-03T02:01:47,2026-08-07T02:01:47,2026-08-13T01:01:47,False
O003812,C00836,delivered,2026-07-27T01:04:04,2026-07-27T09:04:04,2026-08-03T09:04:04,2026-08-09T01:04:04,False
O003813,C00853,delivered,2026-07-20T01:06:21,2026-07-20T16:06:21,2026-07-28T01:06:21,2026-07-29T01:06:21,False
O003814,C00870,delivered,2026-07-13T01:08:38,2026-07-13T04:08:38,2026-07-18T04:08:38,2026-07-25T01:08:38,False
O003815,C00887,delivered,2026-07-06T01:10:55,2026-07-06T11:10:55,2026-07-14T11:10:55,2026-07-14T01:10:55,False
O003816,C00904,delivered,2026-06-29T01:13:12,2026-06-29T18:13:12,2026-07-02T18:13:12,2026-07-10T01:13:12,False
O003817,C00921,delivered,2026-06-22T01:15:29,2026-06-22T06:15:29,2026-06-28T06:15:29,2026-07-06T01:15:29,False
O003818,C00938,delivered,2026-06-15T01:17:46,2026-06-15T13:17:46,2026-06-24T13:17:46,2026-06-25T01:17:46,False
O003819,C00955,delivered,2026-06-08T01:20:03,2026-06-08T01:20:03,2026-06-12T01:20:03,2026-06-21T01:20:03,False
O003820,C00972,delivered,2026-06-01T01:22:20,2026-06-01T08:22:20,2026-06-08T08:22:20,2026-06-10T01:22:20,False
O003821,C00989,delivered,2026-05-25T01:24:37,2026-05-25T15:24:37,2026-06-04T15:24:37,2026-06-06T01:24:37,False
O003822,C00006,delivered,2026-05-18T01:26:54,2026-05-18T03:26:54,2026-05-30T01:26:54,2026-05-26T01:26:54,True
O003823,C00023,delivered,2026-05-11T01:29:11,2026-05-11T10:29:11,2026-05-19T10:29:11,2026-05-22T01:29:11,False
O003824,C00040,delivered,2026-05-04T01:31:28,2026-05-04T17:31:28,2026-05-07T17:31:28,2026-05-18T01:31:28,False
O003825,C00057,delivered,2026-04-27T01:33:45,2026-04-27T05:33:45,2026-05-03T05:33:45,2026-05-07T01:33:45,False
O003826,C00074,delivered,2026-04-20T01:36:02,2026-04-20T12:36:02,2026-04-29T12:36:02,2026-05-03T01:36:02,False
O003827,C00091,delivered,2026-04-13T01:38:19,2026-04-13T19:38:19,2026-04-17T19:38:19,2026-04-22T01:38:19,False
O003828,C00108,delivered,2026-04-06T01:40:36,2026-04-06T07:40:36,2026-04-13T07:40:36,2026-04-18T01:40:36,False
O003829,C00125,delivered,2026-03-30T01:42:53,2026-03-30T14:42:53,2026-04-06T01:42:53,2026-04-07T01:42:53,False
O003830,C00142,delivered,2026-03-23T01:45:10,2026-03-23T02:45:10,2026-03-28T02:45:10,2026-04-03T01:45:10,False
O003831,C00159,delivered,2026-03-16T01:47:27,2026-03-16T09:47:27,2026-03-24T09:47:27,2026-03-30T01:47:27,False
O003832,C00176,delivered,2026-03-09T01:49:44,2026-03-09T16:49:44,2026-03-12T16:49:44,2026-03-19T01:49:44,False
O003833,C00193,delivered,2026-03-02T01:52:01,2026-03-02T04:52:01,2026-03-08T04:52:01,2026-03-15T01:52:01,False
O003834,C00210,delivered,2026-02-23T01:54:18,2026-02-23T11:54:18,2026-03-04T11:54:18,2026-03-04T01:54:18,False
O003835,C00227,delivered,2026-02-16T01:56:35,2026-02-16T18:56:35,2026-03-02T01:56:35,2026-02-28T01:56:35,True
O003836,C00244,delivered,2026-02-09T01:58:52,2026-02-09T06:58:52,2026-02-16T06:58:52,2026-02-17T01:58:52,False
O003837,C00261,delivered,2026-02-02T02:01:09,2026-02-02T14:01:09,2026-02-12T14:01:09,2026-02-13T02:01:09,False
O003838,C00278,delivered,2026-01-26T02:03:26,2026-01-26T02:03:26,2026-01-31T02:03:26,2026-02-09T02:03:26,False
O003839,C00295,delivered,2026-01-19T02:05:43,2026-01-19T09:05:43,2026-01-27T09:05:43,2026-01-29T02:05:43,False
O003840,C00312,delivered,2026-01-12T02:08:00,2026-01-12T16:08:00,2026-01-15T16:08:00,2026-01-25T02:08:00,False
O003841,C00329,delivered,2026-01-05T02:10:17,2026-01-05T04:10:17,2026-01-11T04:10:17,2026-01-14T02:10:17,False
O003842,C00346,delivered,2025-12-29T02:12:34,2025-12-29T11:12:34,2026-01-07T11:12:34,2026-01-10T02:12:34,False
O003843,C00363,delivered,2025-12-22T02:14:51,2025-12-22T18:14:51,2025-12-26T18:14:51,2025-12-30T02:14:51,False
O003844,C00380,delivered,2025-12-15T02:17:08,2025-12-15T06:17:08,2025-12-22T06:17:08,2025-12-26T02:17:08,False
O003845,C00397,delivered,2025-12-08T02:19:25,2025-12-08T13:19:25,2025-12-18T13:19:25,2025-12-22T02:19:25,False
O003846,C00414,delivered,2025-12-01T02:21:42,2025-12-01T20:21:42,2025-12-06T20:21:42,2025-12-11T02:21:42,False
O003847,C00431,delivered,2025-11-24T02:23:59,2025-11-24T08:23:59,2025-12-02T08:23:59,2025-12-07T02:23:59,False
O003848,C00448,delivered,2025-11-17T02:26:16,2025-11-17T15:26:16,2025-12-01T02:26:16,2025-11-26T02:26:16,True
O003849,C00465,delivered,2025-11-10T02:28:33,2025-11-10T03:28:33,2025-11-16T03:28:33,2025-11-22T02:28:33,False
O003850,C00482,delivered,2025-11-03T02:30:50,2025-11-03T10:30:50,2025-11-10T02:30:50,2025-11-11T02:30:50,False
O003851,C00499,delivered,2025-10-27T02:33:07,2025-10-27T17:33:07,2025-10-31T17:33:07,2025-11-07T02:33:07,False
O003852,C00516,delivered,2025-10-20T02:35:24,2025-10-20T05:35:24,2025-10-27T05:35:24,2025-11-03T02:35:24,False
O003853,C00533,delivered,2025-10-13T02:37:41,2025-10-13T12:37:41,2025-10-23T12:37:41,2025-10-23T02:37:41,False
O003854,C00550,delivered,2025-10-06T02:39:58,2025-10-06T19:39:58,2025-10-11T19:39:58,2025-10-19T02:39:58,False
O003855,C00567,delivered,2025-09-29T02:42:15,2025-09-29T07:42:15,2025-10-07T07:42:15,2025-10-08T02:42:15,False
O003856,C00584,delivered,2025-09-22T02:44:32,2025-09-22T14:44:32,2025-09-25T14:44:32,2025-10-04T02:44:32,False
O003857,C00601,delivered,2025-09-15T02:46:49,2025-09-15T02:46:49,2025-09-21T02:46:49,2025-09-23T02:46:49,False
O003858,C00618,delivered,2025-09-08T02:49:06,2025-09-08T09:49:06,2025-09-17T09:49:06,2025-09-19T02:49:06,False
O003859,C00635,delivered,2026-09-01T02:51:23,2026-09-01T16:51:23,2026-09-05T16:51:23,2026-09-15T02:51:23,False
O003860,C00652,delivered,2026-08-25T02:53:40,2026-08-25T04:53:40,2026-09-01T04:53:40,2026-09-04T02:53:40,False
O003861,C00669,delivered,2026-08-18T02:55:57,2026-08-18T11:55:57,2026-09-03T02:55:57,2026-08-31T02:55:57,True
O003862,C00686,delivered,2026-08-11T02:58:14,2026-08-11T18:58:14,2026-08-16T18:58:14,2026-08-20T02:58:14,False
O003863,C00703,delivered,2026-08-04T03:00:31,2026-08-04T07:00:31,2026-08-12T07:00:31,2026-08-16T03:00:31,False
O003864,C00720,delivered,2026-07-28T03:02:48,2026-07-28T14:02:48,2026-07-31T14:02:48,2026-08-05T03:02:48,False
O003865,C00737,delivered,2026-07-21T03:05:05,2026-07-21T21:05:05,2026-07-27T21:05:05,2026-08-01T03:05:05,False
O003866,C00754,delivered,2026-07-14T03:07:22,2026-07-14T09:07:22,2026-07-23T09:07:22,2026-07-28T03:07:22,False
O003867,C00771,delivered,2026-07-07T03:09:39,2026-07-07T16:09:39,2026-07-11T16:09:39,2026-07-17T03:09:39,False
O003868,C00788,delivered,2026-06-30T03:11:56,2026-06-30T04:11:56,2026-07-07T04:11:56,2026-07-13T03:11:56,False
O003869,C00805,delivered,2026-06-23T03:14:13,2026-06-23T11:14:13,2026-07-01T03:14:13,2026-07-02T03:14:13,False
O003870,C00822,delivered,2026-06-16T03:16:30,2026-06-16T18:16:30,2026-06-21T18:16:30,2026-06-28T03:16:30,False
O003871,C00839,delivered,2026-06-09T03:18:47,2026-06-09T06:18:47,2026-06-17T06:18:47,2026-06-17T03:18:47,False
O003872,C00856,delivered,2026-06-02T03:21:04,2026-06-02T13:21:04,2026-06-05T13:21:04,2026-06-13T03:21:04,False
O003873,C00873,delivered,2026-05-26T03:23:21,2026-05-26T20:23:21,2026-06-01T20:23:21,2026-06-09T03:23:21,False
O003874,C00890,delivered,2026-05-19T03:25:38,2026-05-19T08:25:38,2026-06-04T03:25:38,2026-05-29T03:25:38,True
O003875,C00907,delivered,2026-05-12T03:27:55,2026-05-12T15:27:55,2026-05-16T15:27:55,2026-05-25T03:27:55,False
O003876,C00924,delivered,2026-05-05T03:30:12,2026-05-05T03:30:12,2026-05-12T03:30:12,2026-05-14T03:30:12,False
O003877,C00941,delivered,2026-04-28T03:32:29,2026-04-28T10:32:29,2026-05-08T10:32:29,2026-05-10T03:32:29,False
O003878,C00958,delivered,2026-04-21T03:34:46,2026-04-21T17:34:46,2026-04-26T17:34:46,2026-04-29T03:34:46,False
O003879,C00975,delivered,2026-04-14T03:37:03,2026-04-14T05:37:03,2026-04-22T05:37:03,2026-04-25T03:37:03,False
O003880,C00992,delivered,2026-04-07T03:39:20,2026-04-07T12:39:20,2026-04-10T12:39:20,2026-04-21T03:39:20,False
O003881,C00009,delivered,2026-03-31T03:41:37,2026-03-31T19:41:37,2026-04-06T19:41:37,2026-04-10T03:41:37,False
O003882,C00026,delivered,2026-03-24T03:43:54,2026-03-24T07:43:54,2026-04-02T07:43:54,2026-04-06T03:43:54,False
O003883,C00043,delivered,2026-03-17T03:46:11,2026-03-17T14:46:11,2026-03-21T14:46:11,2026-03-26T03:46:11,False
O003884,C00060,delivered,2026-03-10T03:48:28,2026-03-10T21:48:28,2026-03-17T21:48:28,2026-03-22T03:48:28,False
O003885,C00077,delivered,2026-03-03T03:50:45,2026-03-03T09:50:45,2026-03-10T03:50:45,2026-03-11T03:50:45,False
O003886,C00094,delivered,2026-02-24T03:53:02,2026-02-24T16:53:02,2026-03-01T16:53:02,2026-03-07T03:53:02,False
O003887,C00111,delivered,2026-02-17T03:55:19,2026-02-17T04:55:19,2026-03-07T03:55:19,2026-03-03T03:55:19,True
O003888,C00128,delivered,2026-02-10T03:57:36,2026-02-10T11:57:36,2026-02-13T11:57:36,2026-02-20T03:57:36,False
O003889,C00145,delivered,2026-02-03T03:59:53,2026-02-03T18:59:53,2026-02-09T18:59:53,2026-02-16T03:59:53,False
O003890,C00162,shipped,2026-01-27T04:02:10,2026-01-27T07:02:10,2026-02-05T07:02:10,2026-02-05T04:02:10,False
O003891,C00179,shipped,2026-01-20T04:04:27,2026-01-20T14:04:27,2026-01-24T14:04:27,2026-02-01T04:04:27,False
O003892,C00196,shipped,2026-01-13T04:06:44,2026-01-13T21:06:44,2026-01-20T21:06:44,2026-01-21T04:06:44,False
O003893,C00213,shipped,2026-01-06T04:09:01,2026-01-06T09:09:01,2026-01-16T09:09:01,2026-01-17T04:09:01,False
O003894,C00230,processing,2025-12-30T04:11:18,2025-12-30T16:11:18,,2026-01-13T04:11:18,
O003895,C00247,processing,2025-12-23T04:13:35,2025-12-23T04:13:35,,2026-01-02T04:13:35,
O003896,C00264,processing,2025-12-16T04:15:52,2025-12-16T11:15:52,,2025-12-29T04:15:52,
O003897,C00281,canceled,2025-12-09T04:18:09,2025-12-09T18:18:09,,2025-12-18T04:18:09,
O003898,C00298,canceled,2025-12-02T04:20:26,2025-12-02T06:20:26,,2025-12-14T04:20:26,
O003899,C00315,invoiced,2025-11-25T04:22:43,2025-11-25T13:22:43,,2025-12-03T04:22:43,
O003900,C00332,delivered,2025-11-18T04:25:00,2025-11-18T20:25:00,2025-12-01T04:25:00,2025-11-29T04:25:00,True
O003901,C00349,delivered,2025-11-11T04:27:17,2025-11-11T08:27:17,2025-11-21T08:27:17,2025-11-25T04:27:17,False
O003902,C00366,delivered,2025-11-04T04:29:34,2025-11-04T15:29:34,2025-11-09T15:29:34,2025-11-14T04:29:34,False
O003903,C00383,delivered,2025-10-28T04:31:51,2025-10-28T22:31:51,2025-11-05T22:31:51,2025-11-10T04:31:51,False
O003904,C00400,delivered,2025-10-21T04:34:08,2025-10-21T10:34:08,2025-10-24T10:34:08,2025-10-30T04:34:08,False
O003905,C00417,delivered,2025-10-14T04:36:25,2025-10-14T17:36:25,2025-10-20T17:36:25,2025-10-26T04:36:25,False
O003906,C00434,delivered,2025-10-07T04:38:42,2025-10-07T05:38:42,2025-10-14T04:38:42,2025-10-15T04:38:42,False
O003907,C00451,delivered,2025-09-30T04:40:59,2025-09-30T12:40:59,2025-10-04T12:40:59,2025-10-11T04:40:59,False
O003908,C00468,delivered,2025-09-23T04:43:16,2025-09-23T19:43:16,2025-09-30T19:43:16,2025-10-07T04:43:16,False
O003909,C00485,delivered,2025-09-16T04:45:33,2025-09-16T07:45:33,2025-09-26T07:45:33,2025-09-26T04:45:33,False
O003910,C00502,delivered,2025-09-09T04:47:50,2025-09-09T14:47:50,2025-09-14T14:47:50,2025-09-22T04:47:50,False
O003911,C00519,delivered,2026-09-02T04:50:07,2026-09-02T21:50:07,2026-09-10T21:50:07,2026-09-11T04:50:07,False
O003912,C00536,delivered,2026-08-26T04:52:24,2026-08-26T09:52:24,2026-08-29T09:52:24,2026-09-07T04:52:24,False
O003913,C00553,delivered,2026-08-19T04:54:41,2026-08-19T16:54:41,2026-09-01T04:54:41,2026-08-27T04:54:41,True
O003914,C00570,delivered,2026-08-12T04:56:58,2026-08-12T04:56:58,2026-08-21T04:56:58,2026-08-23T04:56:58,False
O003915,C00587,delivered,2026-08-05T04:59:15,2026-08-05T11:59:15,2026-08-09T11:59:15,2026-08-19T04:59:15,False
O003916,C00604,delivered,2026-07-29T05:01:32,2026-07-29T19:01:32,2026-08-05T19:01:32,2026-08-08T05:01:32,False
O003917,C00621,delivered,2026-07-22T05:03:49,2026-07-22T07:03:49,2026-08-01T07:03:49,2026-08-04T05:03:49,False
O003918,C00638,delivered,2026-07-15T05:06:06,2026-07-15T14:06:06,2026-07-20T14:06:06,2026-07-24T05:06:06,False
O003919,C00655,delivered,2026-07-08T05:08:23,2026-07-08T21:08:23,2026-07-16T21:08:23,2026-07-20T05:08:23,False
O003920,C00672,delivered,2026-07-01T05:10:40,2026-07-01T09:10:40,2026-07-04T09:10:40,2026-07-09T05:10:40,False
O003921,C00689,delivered,2026-06-24T05:12:57,2026-06-24T16:12:57,2026-06-30T16:12:57,2026-07-05T05:12:57,False
O003922,C00706,delivered,2026-06-17T05:15:14,2026-06-17T23:15:14,2026-06-26T23:15:14,2026-07-01T05:15:14,False
O003923,C00723,delivered,2026-06-10T05:17:31,2026-06-10T11:17:31,2026-06-14T11:17:31,2026-06-20T05:17:31,False
O003924,C00740,delivered,2026-06-03T05:19:48,2026-06-03T18:19:48,2026-06-10T18:19:48,2026-06-16T05:19:48,False
O003925,C00757,delivered,2026-05-27T05:22:05,2026-05-27T06:22:05,2026-06-04T05:22:05,2026-06-05T05:22:05,False
O003926,C00774,delivered,2026-05-20T05:24:22,2026-05-20T13:24:22,2026-06-04T05:24:22,2026-06-01T05:24:22,True
O003927,C00791,delivered,2026-05-13T05:26:39,2026-05-13T20:26:39,2026-05-21T20:26:39,2026-05-21T05:26:39,False
O003928,C00808,delivered,2026-05-06T05:28:56,2026-05-06T08:28:56,2026-05-09T08:28:56,2026-05-17T05:28:56,False
O003929,C00825,delivered,2026-04-29T05:31:13,2026-04-29T15:31:13,2026-05-05T15:31:13,2026-05-13T05:31:13,False
O003930,C00842,delivered,2026-04-22T05:33:30,2026-04-22T22:33:30,2026-05-01T22:33:30,2026-05-02T05:33:30,False
O003931,C00859,delivered,2026-04-15T05:35:47,2026-04-15T10:35:47,2026-04-19T10:35:47,2026-04-28T05:35:47,False
O003932,C00876,delivered,2026-04-08T05:38:04,2026-04-08T17:38:04,2026-04-15T17:38:04,2026-04-17T05:38:04,False
O003933,C00893,delivered,2026-04-01T05:40:21,2026-04-01T05:40:21,2026-04-11T05:40:21,2026-04-13T05:40:21,False
O003934,C00910,delivered,2026-03-25T05:42:38,2026-03-25T12:42:38,2026-03-30T12:42:38,2026-04-02T05:42:38,False
O003935,C00927,delivered,2026-03-18T05:44:55,2026-03-18T19:44:55,2026-03-26T19:44:55,2026-03-29T05:44:55,False
O003936,C00944,delivered,2026-03-11T05:47:12,2026-03-11T07:47:12,2026-03-14T07:47:12,2026-03-25T05:47:12,False
O003937,C00961,delivered,2026-03-04T05:49:29,2026-03-04T14:49:29,2026-03-10T14:49:29,2026-03-14T05:49:29,False
O003938,C00978,delivered,2026-02-25T05:51:46,2026-02-25T21:51:46,2026-03-06T21:51:46,2026-03-10T05:51:46,False
O003939,C00995,delivered,2026-02-18T05:54:03,2026-02-18T09:54:03,2026-03-05T05:54:03,2026-02-27T05:54:03,True
O003940,C00012,delivered,2026-02-11T05:56:20,2026-02-11T16:56:20,2026-02-18T16:56:20,2026-02-23T05:56:20,False
O003941,C00029,delivered,2026-02-04T05:58:37,2026-02-04T23:58:37,2026-02-11T05:58:37,2026-02-12T05:58:37,False
O003942,C00046,delivered,2026-01-28T06:00:54,2026-01-28T12:00:54,2026-02-02T12:00:54,2026-02-08T06:00:54,False
O003943,C00063,delivered,2026-01-21T06:03:11,2026-01-21T19:03:11,2026-01-29T19:03:11,2026-02-04T06:03:11,False
O003944,C00080,delivered,2026-01-14T06:05:28,2026-01-14T07:05:28,2026-01-17T07:05:28,2026-01-24T06:05:28,False
O003945,C00097,delivered,2026-01-07T06:07:45,2026-01-07T14:07:45,2026-01-13T14:07:45,2026-01-20T06:07:45,False
O003946,C00114,delivered,2025-12-31T06:10:02,2025-12-31T21:10:02,2026-01-09T21:10:02,2026-01-09T06:10:02,False
O003947,C00131,delivered,2025-12-24T06:12:19,2025-12-24T09:12:19,2025-12-28T09:12:19,2026-01-05T06:12:19,False
O003948,C00148,delivered,2025-12-17T06:14:36,2025-12-17T16:14:36,2025-12-24T16:14:36,2025-12-25T06:14:36,False
O003949,C00165,delivered,2025-12-10T06:16:53,2025-12-10T23:16:53,2025-12-20T23:16:53,2025-12-21T06:16:53,False
O003950,C00182,delivered,2025-12-03T06:19:10,2025-12-03T11:19:10,2025-12-08T11:19:10,2025-12-17T06:19:10,False
O003951,C00199,delivered,2025-11-26T06:21:27,2025-11-26T18:21:27,2025-12-04T18:21:27,2025-12-06T06:21:27,False
O003952,C00216,delivered,2025-11-19T06:23:44,2025-11-19T06:23:44,2025-12-06T06:23:44,2025-12-02T06:23:44,True
O003953,C00233,delivered,2025-11-12T06:26:01,2025-11-12T13:26:01,2025-11-18T13:26:01,2025-11-21T06:26:01,False
O003954,C00250,delivered,2025-11-05T06:28:18,2025-11-05T20:28:18,2025-11-14T20:28:18,2025-11-17T06:28:18,False
O003955,C00267,delivered,2025-10-29T06:30:35,2025-10-29T08:30:35,2025-11-02T08:30:35,2025-11-06T06:30:35,False
O003956,C00284,delivered,2025-10-22T06:32:52,2025-10-22T15:32:52,2025-10-29T15:32:52,2025-11-02T06:32:52,False
O003957,C00301,delivered,2025-10-15T06:35:09,2025-10-15T22:35:09,2025-10-25T22:35:09,2025-10-29T06:35:09,False
O003958,C00318,delivered,2025-10-08T06:37:26,2025-10-08T10:37:26,2025-10-13T10:37:26,2025-10-18T06:37:26,False
O003959,C00335,delivered,2025-10-01T06:39:43,2025-10-01T17:39:43,2025-10-09T17:39:43,2025-10-14T06:39:43,False
O003960,C00352,delivered,2025-09-24T06:42:00,2025-09-25T00:42:00,2025-09-28T00:42:00,2025-10-03T06:42:00,False
O003961,C00369,delivered,2025-09-17T06:44:17,2025-09-17T12:44:17,2025-09-23T12:44:17,2025-09-29T06:44:17,False
O003962,C00386,delivered,2025-09-10T06:46:34,2025-09-10T19:46:34,2025-09-17T06:46:34,2025-09-18T06:46:34,False
O003963,C00403,delivered,2026-09-03T06:48:51,2026-09-03T07:48:51,2026-09-07T07:48:51,2026-09-14T06:48:51,False
O003964,C00420,delivered,2026-08-27T06:51:08,2026-08-27T14:51:08,2026-09-03T14:51:08,2026-09-10T06:51:08,False
O003965,C00437,delivered,2026-08-20T06:53:25,2026-08-20T21:53:25,2026-09-01T06:53:25,2026-08-30T06:53:25,True
O003966,C00454,delivered,2026-08-13T06:55:42,2026-08-13T09:55:42,2026-08-18T09:55:42,2026-08-26T06:55:42,False
O003967,C00471,delivered,2026-08-06T06:57:59,2026-08-06T16:57:59,2026-08-14T16:57:59,2026-08-15T06:57:59,False
O003968,C00488,delivered,2026-07-30T07:00:16,2026-07-31T00:00:16,2026-08-03T00:00:16,2026-08-11T07:00:16,False
O003969,C00505,delivered,2026-07-23T07:02:33,2026-07-23T12:02:33,2026-07-29T12:02:33,2026-07-31T07:02:33,False
O003970,C00522,delivered,2026-07-16T07:04:50,2026-07-16T19:04:50,2026-07-25T19:04:50,2026-07-27T07:04:50,False
O003971,C00539,delivered,2026-07-09T07:07:07,2026-07-09T07:07:07,2026-07-13T07:07:07,2026-07-23T07:07:07,False
O003972,C00556,delivered,2026-07-02T07:09:24,2026-07-02T14:09:24,2026-07-09T14:09:24,2026-07-12T07:09:24,False
O003973,C00573,delivered,2026-06-25T07:11:41,2026-06-25T21:11:41,2026-07-05T21:11:41,2026-07-08T07:11:41,False
O003974,C00590,delivered,2026-06-18T07:13:58,2026-06-18T09:13:58,2026-06-23T09:13:58,2026-06-27T07:13:58,False
O003975,C00607,delivered,2026-06-11T07:16:15,2026-06-11T16:16:15,2026-06-19T16:16:15,2026-06-23T07:16:15,False
O003976,C00624,delivered,2026-06-04T07:18:32,2026-06-04T23:18:32,2026-06-07T23:18:32,2026-06-12T07:18:32,False
O003977,C00641,delivered,2026-05-28T07:20:49,2026-05-28T11:20:49,2026-06-03T11:20:49,2026-06-08T07:20:49,False
O003978,C00658,delivered,2026-05-21T07:23:06,2026-05-21T18:23:06,2026-06-09T07:23:06,2026-06-04T07:23:06,True
O003979,C00675,delivered,2026-05-14T07:25:23,2026-05-15T01:25:23,2026-05-19T01:25:23,2026-05-24T07:25:23,False
O003980,C00692,delivered,2026-05-07T07:27:40,2026-05-07T13:27:40,2026-05-14T13:27:40,2026-05-20T07:27:40,False
O003981,C00709,delivered,2026-04-30T07:29:57,2026-04-30T20:29:57,2026-05-08T07:29:57,2026-05-09T07:29:57,False
O003982,C00726,delivered,2026-04-23T07:32:14,2026-04-23T08:32:14,2026-04-28T08:32:14,2026-05-05T07:32:14,False
O003983,C00743,delivered,2026-04-16T07:34:31,2026-04-16T15:34:31,2026-04-24T15:34:31,2026-04-24T07:34:31,False
O003984,C00760,delivered,2026-04-09T07:36:48,2026-04-09T22:36:48,2026-04-12T22:36:48,2026-04-20T07:36:48,False
O003985,C00777,delivered,2026-04-02T07:39:05,2026-04-02T10:39:05,2026-04-08T10:39:05,2026-04-16T07:39:05,False
O003986,C00794,delivered,2026-03-26T07:41:22,2026-03-26T17:41:22,2026-04-04T17:41:22,2026-04-05T07:41:22,False
O003987,C00811,delivered,2026-03-19T07:43:39,2026-03-20T00:43:39,2026-03-24T00:43:39,2026-04-01T07:43:39,False
O003988,C00828,delivered,2026-03-12T07:45:56,2026-03-12T12:45:56,2026-03-19T12:45:56,2026-03-21T07:45:56,False
O003989,C00845,delivered,2026-03-05T07:48:13,2026-03-05T19:48:13,2026-03-15T19:48:13,2026-03-17T07:48:13,False
O003990,C00862,shipped,2026-02-26T07:50:30,2026-02-26T07:50:30,2026-03-03T07:50:30,2026-03-06T07:50:30,False
O003991,C00879,shipped,2026-02-19T07:52:47,2026-02-19T14:52:47,2026-03-05T07:52:47,2026-03-02T07:52:47,True
O003992,C00896,shipped,2026-02-12T07:55:04,2026-02-12T21:55:04,2026-02-15T21:55:04,2026-02-26T07:55:04,False
O003993,C00913,shipped,2026-02-05T07:57:21,2026-02-05T09:57:21,2026-02-11T09:57:21,2026-02-15T07:57:21,False
O003994,C00930,processing,2026-01-29T07:59:38,2026-01-29T16:59:38,,2026-02-11T07:59:38,
O003995,C00947,processing,2026-01-22T08:01:55,2026-01-23T00:01:55,,2026-01-31T08:01:55,
O003996,C00964,processing,2026-01-15T08:04:12,2026-01-15T12:04:12,,2026-01-27T08:04:12,
O003997,C00981,canceled,2026-01-08T08:06:29,2026-01-08T19:06:29,,2026-01-16T08:06:29,
O003998,C00998,canceled,2026-01-01T08:08:46,2026-01-02T02:08:46,,2026-01-12T08:08:46,
O003999,C00015,invoiced,2025-12-25T08:11:03,2025-12-25T14:11:03,,2026-01-08T08:11:03,
O004000,C00032,delivered,2025-12-18T08:13:20,2025-12-18T21:13:20,2025-12-21T21:13:20,2025-12-28T08:13:20,False
O004001,C00049,delivered,2025-12-11T08:15:37,2025-12-11T09:15:37,2025-12-17T09:15:37,2025-12-24T08:15:37,False
O004002,C00066,delivered,2025-12-04T08:17:54,2025-12-04T16:17:54,2025-12-13T16:17:54,2025-12-13T08:17:54,False
O004003,C00083,delivered,2025-11-27T08:20:11,2025-11-27T23:20:11,2025-12-01T23:20:11,2025-12-09T08:20:11,False
O004004,C00100,delivered,2025-11-20T08:22:28,2025-11-20T11:22:28,2025-12-04T08:22:28,2025-11-28T08:22:28,True
O004005,C00117,delivered,2025-11-13T08:24:45,2025-11-13T18:24:45,2025-11-23T18:24:45,2025-11-24T08:24:45,False
O004006,C00134,delivered,2025-11-06T08:27:02,2025-11-07T01:27:02,2025-11-12T01:27:02,2025-11-20T08:27:02,False
O004007,C00151,delivered,2025-10-30T08:29:19,2025-10-30T13:29:19,2025-11-07T13:29:19,2025-11-09T08:29:19,False
O004008,C00168,delivered,2025-10-23T08:31:36,2025-10-23T20:31:36,2025-10-26T20:31:36,2025-11-05T08:31:36,False
O004009,C00185,delivered,2025-10-16T08:33:53,2025-10-16T08:33:53,2025-10-22T08:33:53,2025-10-25T08:33:53,False
O004010,C00202,delivered,2025-10-09T08:36:10,2025-10-09T15:36:10,2025-10-18T15:36:10,2025-10-21T08:36:10,False
O004011,C00219,delivered,2025-10-02T08:38:27,2025-10-02T22:38:27,2025-10-06T22:38:27,2025-10-10T08:38:27,False
O004012,C00236,delivered,2025-09-25T08:40:44,2025-09-25T10:40:44,2025-10-02T10:40:44,2025-10-06T08:40:44,False
O004013,C00253,delivered,2025-09-18T08:43:01,2025-09-18T17:43:01,2025-09-28T17:43:01,2025-10-02T08:43:01,False
O004014,C00270,delivered,2025-09-11T08:45:18,2025-09-12T00:45:18,2025-09-17T00:45:18,2025-09-21T08:45:18,False
O004015,C00287,delivered,2026-09-04T08:47:35,2026-09-04T12:47:35,2026-09-12T12:47:35,2026-09-17T08:47:35,False
O004016,C00304,delivered,2026-08-28T08:49:52,2026-08-28T19:49:52,2026-08-31T19:49:52,2026-09-06T08:49:52,False
O004017,C00321,delivered,2026-08-21T08:52:09,2026-08-22T02:52:09,2026-09-06T08:52:09,2026-09-02T08:52:09,True
O004018,C00338,delivered,2026-08-14T08:54:26,2026-08-14T14:54:26,2026-08-21T08:54:26,2026-08-22T08:54:26,False
O004019,C00355,delivered,2026-08-07T08:56:43,2026-08-07T21:56:43,2026-08-11T21:56:43,2026-08-18T08:56:43,False
O004020,C00372,delivered,2026-07-31T08:59:00,2026-07-31T09:59:00,2026-08-07T09:59:00,2026-08-14T08:59:00,False
O004021,C00389,delivered,2026-07-24T09:01:17,2026-07-24T17:01:17,2026-08-03T17:01:17,2026-08-03T09:01:17,False
O004022,C00406,delivered,2026-07-17T09:03:34,2026-07-18T00:03:34,2026-07-23T00:03:34,2026-07-30T09:03:34,False
O004023,C00423,delivered,2026-07-10T09:05:51,2026-07-10T12:05:51,2026-07-18T12:05:51,2026-07-19T09:05:51,False
O004024,C00440,delivered,2026-07-03T09:08:08,2026-07-03T19:08:08,2026-07-06T19:08:08,2026-07-15T09:08:08,False
O004025,C00457,delivered,2026-06-26T09:10:25,2026-06-27T02:10:25,2026-07-03T02:10:25,2026-07-04T09:10:25,False
O004026,C00474,delivered,2026-06-19T09:12:42,2026-06-19T14:12:42,2026-06-28T14:12:42,2026-06-30T09:12:42,False
O004027,C00491,delivered,2026-06-12T09:14:59,2026-06-12T21:14:59,2026-06-16T21:14:59,2026-06-26T09:14:59,False
O004028,C00508,delivered,2026-06-05T09:17:16,2026-06-05T09:17:16,2026-06-12T09:17:16,2026-06-15T09:17:16,False
O004029,C00525,delivered,2026-05-29T09:19:33,2026-05-29T16:19:33,2026-06-08T16:19:33,2026-06-11T09:19:33,False
O004030,C00542,delivered,2026-05-22T09:21:50,2026-05-22T23:21:50,2026-06-02T09:21:50,2026-05-31T09:21:50,True
O004031,C00559,delivered,2026-05-15T09:24:07,2026-05-15T11:24:07,2026-05-23T11:24:07,2026-05-27T09:24:07,False
O004032,C00576,delivered,2026-05-08T09:26:24,2026-05-08T18:26:24,2026-05-11T18:26:24,2026-05-16T09:26:24,False
O004033,C00593,delivered,2026-05-01T09:28:41,2026-05-02T01:28:41,2026-05-08T01:28:41,2026-05-12T09:28:41,False
O004034,C00610,delivered,2026-04-24T09:30:58,2026-04-24T13:30:58,2026-05-03T13:30:58,2026-05-08T09:30:58,False
O004035,C00627,delivered,2026-04-17T09:33:15,2026-04-17T20:33:15,2026-04-21T20:33:15,2026-04-27T09:33:15,False
O004036,C00644,delivered,2026-04-10T09:35:32,2026-04-11T03:35:32,2026-04-18T03:35:32,2026-04-23T09:35:32,False
O004037,C00661,delivered,2026-04-03T09:37:49,2026-04-03T15:37:49,2026-04-11T09:37:49,2026-04-12T09:37:49,False
O004038,C00678,delivered,2026-03-27T09:40:06,2026-03-27T22:40:06,2026-04-01T22:40:06,2026-04-08T09:40:06,False
O004039,C00695,delivered,2026-03-20T09:42:23,2026-03-20T10:42:23,2026-03-28T10:42:23,2026-03-28T09:42:23,False
O004040,C00712,delivered,2026-03-13T09:44:40,2026-03-13T17:44:40,2026-03-16T17:44:40,2026-03-24T09:44:40,False
O004041,C00729,delivered,2026-03-06T09:46:57,2026-03-07T00:46:57,2026-03-13T00:46:57,2026-03-20T09:46:57,False
O004042,C00746,delivered,2026-02-27T09:49:14,2026-02-27T12:49:14,2026-03-08T12:49:14,2026-03-09T09:49:14,False
O004043,C00763,delivered,2026-02-20T09:51:31,2026-02-20T19:51:31,2026-03-10T09:51:31,2026-03-05T09:51:31,True
O004044,C00780,delivered,2026-02-13T09:53:48,2026-02-14T02:53:48,2026-02-21T02:53:48,2026-02-22T09:53:48,False
O004045,C00797,delivered,2026-02-06T09:56:05,2026-02-06T14:56:05,2026-02-16T14:56:05,2026-02-18T09:56:05,False
O004046,C00814,delivered,2026-01-30T09:58:22,2026-01-30T21:58:22,2026-02-04T21:58:22,2026-02-07T09:58:22,False
O004047,C00831,delivered,2026-01-23T10:00:39,2026-01-23T10:00:39,2026-01-31T10:00:39,2026-02-03T10:00:39,False
O004048,C00848,delivered,2026-01-16T10:02:56,2026-01-16T17:02:56,2026-01-19T17:02:56,2026-01-30T10:02:56,False
O004049,C00865,delivered,2026-01-09T10:05:13,2026-01-10T00:05:13,2026-01-16T00:05:13,2026-01-19T10:05:13,False
O004050,C00882,delivered,2026-01-02T10:07:30,2026-01-02T12:07:30,2026-01-11T12:07:30,2026-01-15T10:07:30,False
O004051,C00899,delivered,2025-12-26T10:09:47,2025-12-26T19:09:47,2025-12-30T19:09:47,2026-01-04T10:09:47,False
O004052,C00916,delivered,2025-12-19T10:12:04,2025-12-20T02:12:04,2025-12-27T02:12:04,2025-12-31T10:12:04,False
O004053,C00933,delivered,2025-12-12T10:14:21,2025-12-12T14:14:21,2025-12-19T10:14:21,2025-12-20T10:14:21,False
O004054,C00950,delivered,2025-12-05T10:16:38,2025-12-05T21:16:38,2025-12-10T21:16:38,2025-12-16T10:16:38,False
O004055,C00967,delivered,2025-11-28T10:18:55,2025-11-29T04:18:55,2025-12-07T04:18:55,2025-12-12T10:18:55,False
O004056,C00984,delivered,2025-11-21T10:21:12,2025-11-21T16:21:12,2025-12-04T10:21:12,2025-12-01T10:21:12,True
O004057,C00001,delivered,2025-11-14T10:23:29,2025-11-14T23:23:29,2025-11-20T23:23:29,2025-11-27T10:23:29,False
O004058,C00018,delivered,2025-11-07T10:25:46,2025-11-07T11:25:46,2025-11-16T11:25:46,2025-11-16T10:25:46,False
O004059,C00035,delivered,2025-10-31T10:28:03,2025-10-31T18:28:03,2025-11-04T18:28:03,2025-11-12T10:28:03,False
O004060,C00052,delivered,2025-10-24T10:30:20,2025-10-25T01:30:20,2025-11-01T01:30:20,2025-11-01T10:30:20,False
O004061,C00069,delivered,2025-10-17T10:32:37,2025-10-17T13:32:37,2025-10-27T13:32:37,2025-10-28T10:32:37,False
O004062,C00086,delivered,2025-10-10T10:34:54,2025-10-10T20:34:54,2025-10-15T20:34:54,2025-10-24T10:34:54,False
O004063,C00103,delivered,2025-10-03T10:37:11,2025-10-04T03:37:11,2025-10-12T03:37:11,2025-10-13T10:37:11,False
O004064,C00120,delivered,2025-09-26T10:39:28,2025-09-26T15:39:28,2025-09-29T15:39:28,2025-10-09T10:39:28,False
O004065,C00137,delivered,2025-09-19T10:41:45,2025-09-19T22:41:45,2025-09-25T22:41:45,2025-09-28T10:41:45,False
O004066,C00154,delivered,2025-09-12T10:44:02,2025-09-12T10:44:02,2025-09-21T10:44:02,2025-09-24T10:44:02,False
O004067,C00171,delivered,2025-09-05T10:46:19,2025-09-05T17:46:19,2025-09-09T17:46:19,2025-09-13T10:46:19,False
O004068,C00188,delivered,2026-08-29T10:48:36,2026-08-30T00:48:36,2026-09-06T00:48:36,2026-09-09T10:48:36,False
O004069,C00205,delivered,2026-08-22T10:50:53,2026-08-22T12:50:53,2026-09-11T10:50:53,2026-09-05T10:50:53,True
O004070,C00222,delivered,2026-08-15T10:53:10,2026-08-15T19:53:10,2026-08-20T19:53:10,2026-08-25T10:53:10,False
O004071,C00239,delivered,2026-08-08T10:55:27,2026-08-09T02:55:27,2026-08-17T02:55:27,2026-08-21T10:55:27,False
O004072,C00256,delivered,2026-08-01T10:57:44,2026-08-01T14:57:44,2026-08-04T14:57:44,2026-08-10T10:57:44,False
O004073,C00273,delivered,2026-07-25T11:00:01,2026-07-25T22:00:01,2026-07-31T22:00:01,2026-08-06T11:00:01,False
O004074,C00290,delivered,2026-07-18T11:02:18,2026-07-19T05:02:18,2026-07-25T11:02:18,2026-07-26T11:02:18,False
O004075,C00307,delivered,2026-07-11T11:04:35,2026-07-11T17:04:35,2026-07-15T17:04:35,2026-07-22T11:04:35,False
O004076,C00324,delivered,2026-07-04T11:06:52,2026-07-05T00:06:52,2026-07-12T00:06:52,2026-07-18T11:06:52,False
O004077,C00341,delivered,2026-06-27T11:09:09,2026-06-27T12:09:09,2026-07-07T12:09:09,2026-07-07T11:09:09,False
O004078,C00358,delivered,2026-06-20T11:11:26,2026-06-20T19:11:26,2026-06-25T19:11:26,2026-07-03T11:11:26,False
O004079,C00375,delivered,2026-06-13T11:13:43,2026-06-14T02:13:43,2026-06-22T02:13:43,2026-06-22T11:13:43,False
O004080,C00392,delivered,2026-06-06T11:16:00,2026-06-06T14:16:00,2026-06-09T14:16:00,2026-06-18T11:16:00,False
O004081,C00409,delivered,2026-05-30T11:18:17,2026-05-30T21:18:17,2026-06-05T21:18:17,2026-06-07T11:18:17,False
O004082,C00426,delivered,2026-05-23T11:20:34,2026-05-24T04:20:34,2026-06-07T11:20:34,2026-06-03T11:20:34,True
O004083,C00443,delivered,2026-05-16T11:22:51,2026-05-16T16:22:51,2026-05-20T16:22:51,2026-05-30T11:22:51,False
O004084,C00460,delivered,2026-05-09T11:25:08,2026-05-09T23:25:08,2026-05-16T23:25:08,2026-05-19T11:25:08,False
O004085,C00477,delivered,2026-05-02T11:27:25,2026-05-02T11:27:25,2026-05-12T11:27:25,2026-05-15T11:27:25,False
O004086,C00494,delivered,2026-04-25T11:29:42,2026-04-25T18:29:42,2026-04-30T18:29:42,2026-05-04T11:29:42,False
O004087,C00511,delivered,2026-04-18T11:31:59,2026-04-19T01:31:59,2026-04-27T01:31:59,2026-04-30T11:31:59,False
O004088,C00528,delivered,2026-04-11T11:34:16,2026-04-11T13:34:16,2026-04-14T13:34:16,2026-04-19T11:34:16,False
O004089,C00545,delivered,2026-04-04T11:36:33,2026-04-04T20:36:33,2026-04-10T20:36:33,2026-04-15T11:36:33,False
O004090,C00562,shipped,2026-03-28T11:38:50,2026-03-29T03:38:50,2026-04-07T03:38:50,2026-04-11T11:38:50,False
O004091,C00579,shipped,2026-03-21T11:41:07,2026-03-21T15:41:07,2026-03-25T15:41:07,2026-03-31T11:41:07,False
O004092,C00596,shipped,2026-03-14T11:43:24,2026-03-14T22:43:24,2026-03-21T22:43:24,2026-03-27T11:43:24,False
O004093,C00613,shipped,2026-03-07T11:45:41,2026-03-08T05:45:41,2026-03-15T11:45:41,2026-03-16T11:45:41,False
O004094,C00630,processing,2026-02-28T11:47:58,2026-02-28T17:47:58,,2026-03-12T11:47:58,
O004095,C00647,processing,2026-02-21T11:50:15,2026-02-22T00:50:15,,2026-03-01T11:50:15,
O004096,C00664,processing,2026-02-14T11:52:32,2026-02-14T12:52:32,,2026-02-25T11:52:32,
O004097,C00681,canceled,2026-02-07T11:54:49,2026-02-07T19:54:49,,2026-02-21T11:54:49,
O004098,C00698,canceled,2026-01-31T11:57:06,2026-02-01T02:57:06,,2026-02-10T11:57:06,
O004099,C00715,invoiced,2026-01-24T11:59:23,2026-01-24T14:59:23,,2026-02-06T11:59:23,
O004100,C00732,delivered,2026-01-17T12:01:40,2026-01-17T22:01:40,2026-01-24T22:01:40,2026-01-26T12:01:40,False
O004101,C00749,delivered,2026-01-10T12:03:57,2026-01-11T05:03:57,2026-01-21T05:03:57,2026-01-22T12:03:57,False
O004102,C00766,delivered,2026-01-03T12:06:14,2026-01-03T17:06:14,2026-01-08T17:06:14,2026-01-11T12:06:14,False
O004103,C00783,delivered,2025-12-27T12:08:31,2025-12-28T00:08:31,2026-01-05T00:08:31,2026-01-07T12:08:31,False
O004104,C00800,delivered,2025-12-20T12:10:48,2025-12-20T12:10:48,2025-12-23T12:10:48,2026-01-03T12:10:48,False
O004105,C00817,delivered,2025-12-13T12:13:05,2025-12-13T19:13:05,2025-12-19T19:13:05,2025-12-23T12:13:05,False
O004106,C00834,delivered,2025-12-06T12:15:22,2025-12-07T02:15:22,2025-12-16T02:15:22,2025-12-19T12:15:22,False
O004107,C00851,delivered,2025-11-29T12:17:39,2025-11-29T14:17:39,2025-12-03T14:17:39,2025-12-08T12:17:39,False
O004108,C00868,delivered,2025-11-22T12:19:56,2025-11-22T21:19:56,2025-12-09T12:19:56,2025-12-04T12:19:56,True
O004109,C00885,delivered,2025-11-15T12:22:13,2025-11-16T04:22:13,2025-11-22T12:22:13,2025-11-23T12:22:13,False
O004110,C00902,delivered,2025-11-08T12:24:30,2025-11-08T16:24:30,2025-11-13T16:24:30,2025-11-19T12:24:30,False
O004111,C00919,delivered,2025-11-01T12:26:47,2025-11-01T23:26:47,2025-11-09T23:26:47,2025-11-15T12:26:47,False
O004112,C00936,delivered,2025-10-25T12:29:04,2025-10-26T06:29:04,2025-10-29T06:29:04,2025-11-04T12:29:04,False
O004113,C00953,delivered,2025-10-18T12:31:21,2025-10-18T18:31:21,2025-10-24T18:31:21,2025-10-31T12:31:21,False
O004114,C00970,delivered,2025-10-11T12:33:38,2025-10-12T01:33:38,2025-10-19T12:33:38,2025-10-20T12:33:38,False
O004115,C00987,delivered,2025-10-04T12:35:55,2025-10-04T13:35:55,2025-10-08T13:35:55,2025-10-16T12:35:55,False
O004116,C00004,delivered,2025-09-27T12:38:12,2025-09-27T20:38:12,2025-10-04T20:38:12,2025-10-05T12:38:12,False
O004117,C00021,delivered,2025-09-20T12:40:29,2025-09-21T03:40:29,2025-10-01T03:40:29,2025-10-01T12:40:29,False
O004118,C00038,delivered,2025-09-13T12:42:46,2025-09-13T15:42:46,2025-09-18T15:42:46,2025-09-27T12:42:46,False
O004119,C00055,delivered,2025-09-06T12:45:03,2025-09-06T22:45:03,2025-09-14T22:45:03,2025-09-16T12:45:03,False
O004120,C00072,delivered,2026-08-30T12:47:20,2026-08-31T05:47:20,2026-09-03T05:47:20,2026-09-12T12:47:20,False
O004121,C00089,delivered,2026-08-23T12:49:37,2026-08-23T17:49:37,2026-09-04T12:49:37,2026-09-01T12:49:37,True
O004122,C00106,delivered,2026-08-16T12:51:54,2026-08-17T00:51:54,2026-08-26T00:51:54,2026-08-28T12:51:54,False
O004123,C00123,delivered,2026-08-09T12:54:11,2026-08-09T12:54:11,2026-08-13T12:54:11,2026-08-17T12:54:11,False
O004124,C00140,delivered,2026-08-02T12:56:28,2026-08-02T19:56:28,2026-08-09T19:56:28,2026-08-13T12:56:28,False
O004125,C00157,delivered,2026-07-26T12:58:45,2026-07-27T02:58:45,2026-08-06T02:58:45,2026-08-09T12:58:45,False
O004126,C00174,delivered,2026-07-19T13:01:02,2026-07-19T15:01:02,2026-07-24T15:01:02,2026-07-29T13:01:02,False
O004127,C00191,delivered,2026-07-12T13:03:19,2026-07-12T22:03:19,2026-07-20T22:03:19,2026-07-25T13:03:19,False
O004128,C00208,delivered,2026-07-05T13:05:36,2026-07-06T05:05:36,2026-07-09T05:05:36,2026-07-14T13:05:36,False
O004129,C00225,delivered,2026-06-28T13:07:53,2026-06-28T17:07:53,2026-07-04T17:07:53,2026-07-10T13:07:53,False
O004130,C00242,delivered,2026-06-21T13:10:10,2026-06-22T00:10:10,2026-06-28T13:10:10,2026-06-29T13:10:10,False
O004131,C00259,delivered,2026-06-14T13:12:27,2026-06-15T07:12:27,2026-06-19T07:12:27,2026-06-25T13:12:27,False
O004132,C00276,delivered,2026-06-07T13:14:44,2026-06-07T19:14:44,2026-06-14T19:14:44,2026-06-21T13:14:44,False
O004133,C00293,delivered,2026-05-31T13:17:01,2026-06-01T02:17:01,2026-06-09T13:17:01,2026-06-10T13:17:01,False
O004134,C00310,delivered,2026-05-24T13:19:18,2026-05-24T14:19:18,2026-06-12T13:19:18,2026-06-06T13:19:18,True
O004135,C00327,delivered,2026-05-17T13:21:35,2026-05-17T21:21:35,2026-05-25T21:21:35,2026-05-26T13:21:35,False
O004136,C00344,delivered,2026-05-10T13:23:52,2026-05-11T04:23:52,2026-05-14T04:23:52,2026-05-22T13:23:52,False
O004137,C00361,delivered,2026-05-03T13:26:09,2026-05-03T16:26:09,2026-05-09T16:26:09,2026-05-11T13:26:09,False
O004138,C00378,delivered,2026-04-26T13:28:26,2026-04-26T23:28:26,2026-05-05T23:28:26,2026-05-07T13:28:26,False
O004139,C00395,delivered,2026-04-19T13:30:43,2026-04-20T06:30:43,2026-04-24T06:30:43,2026-05-03T13:30:43,False
O004140,C00412,delivered,2026-04-12T13:33:00,2026-04-12T18:33:00,2026-04-19T18:33:00,2026-04-22T13:33:00,False
O004141,C00429,delivered,2026-04-05T13:35:17,2026-04-06T01:35:17,2026-04-16T01:35:17,2026-04-18T13:35:17,False
O004142,C00446,delivered,2026-03-29T13:37:34,2026-03-29T13:37:34,2026-04-03T13:37:34,2026-04-07T13:37:34,False
O004143,C00463,delivered,2026-03-22T13:39:51,2026-03-22T20:39:51,2026-03-30T20:39:51,2026-04-03T13:39:51,False
O004144,C00480,delivered,2026-03-15T13:42:08,2026-03-16T03:42:08,2026-03-19T03:42:08,2026-03-23T13:42:08,False
O004145,C00497,delivered,2026-03-08T13:44:25,2026-03-08T15:44:25,2026-03-14T15:44:25,2026-03-19T13:44:25,False
O004146,C00514,delivered,2026-03-01T13:46:42,2026-03-01T22:46:42,2026-03-10T22:46:42,2026-03-15T13:46:42,False
O004147,C00531,delivered,2026-02-22T13:48:59,2026-02-23T05:48:59,2026-03-08T13:48:59,2026-03-04T13:48:59,True
O004148,C00548,delivered,2026-02-15T13:51:16,2026-02-15T17:51:16,2026-02-22T17:51:16,2026-02-28T13:51:16,False
O004149,C00565,delivered,2026-02-08T13:53:33,2026-02-09T00:53:33,2026-02-16T13:53:33,2026-02-17T13:53:33,False
O004150,C00582,delivered,2026-02-01T13:55:50,2026-02-02T07:55:50,2026-02-07T07:55:50,2026-02-13T13:55:50,False
O004151,C00599,delivered,2026-01-25T13:58:07,2026-01-25T19:58:07,2026-02-02T19:58:07,2026-02-02T13:58:07,False
O004152,C00616,delivered,2026-01-18T14:00:24,2026-01-19T03:00:24,2026-01-22T03:00:24,2026-01-29T14:00:24,False
O004153,C00633,delivered,2026-01-11T14:02:41,2026-01-11T15:02:41,2026-01-17T15:02:41,2026-01-25T14:02:41,False
O004154,C00650,delivered,2026-01-04T14:04:58,2026-01-04T22:04:58,2026-01-13T22:04:58,2026-01-14T14:04:58,False
O004155,C00667,delivered,2025-12-28T14:07:15,2025-12-29T05:07:15,2026-01-02T05:07:15,2026-01-10T14:07:15,False
O004156,C00684,delivered,2025-12-21T14:09:32,2025-12-21T17:09:32,2025-12-28T17:09:32,2025-12-30T14:09:32,False
O004157,C00701,delivered,2025-12-14T14:11:49,2025-12-15T00:11:49,2025-12-25T00:11:49,2025-12-26T14:11:49,False
O004158,C00718,delivered,2025-12-07T14:14:06,2025-12-08T07:14:06,2025-12-13T07:14:06,2025-12-15T14:14:06,False
O004159,C00735,delivered,2025-11-30T14:16:23,2025-11-30T19:16:23,2025-12-08T19:16:23,2025-12-11T14:16:23,False
O004160,C00752,delivered,2025-11-23T14:18:40,2025-11-24T02:18:40,2025-12-09T14:18:40,2025-12-07T14:18:40,True
O004161,C00769,delivered,2025-11-16T14:20:57,2025-11-16T14:20:57,2025-11-22T14:20:57,2025-11-26T14:20:57,False
O004162,C00786,delivered,2025-11-09T14:23:14,2025-11-09T21:23:14,2025-11-18T21:23:14,2025-11-22T14:23:14,False
O004163,C00803,delivered,2025-11-02T14:25:31,2025-11-03T04:25:31,2025-11-07T04:25:31,2025-11-11T14:25:31,False
O004164,C00820,delivered,2025-10-26T14:27:48,2025-10-26T16:27:48,2025-11-02T16:27:48,2025-11-07T14:27:48,False
O004165,C00837,delivered,2025-10-19T14:30:05,2025-10-19T23:30:05,2025-10-26T14:30:05,2025-10-27T14:30:05,False
O004166,C00854,delivered,2025-10-12T14:32:22,2025-10-13T06:32:22,2025-10-18T06:32:22,2025-10-23T14:32:22,False
O004167,C00871,delivered,2025-10-05T14:34:39,2025-10-05T18:34:39,2025-10-13T18:34:39,2025-10-19T14:34:39,False
O004168,C00888,delivered,2025-09-28T14:36:56,2025-09-29T01:36:56,2025-10-02T01:36:56,2025-10-08T14:36:56,False
O004169,C00905,delivered,2025-09-21T14:39:13,2025-09-22T08:39:13,2025-09-28T08:39:13,2025-10-04T14:39:13,False
O004170,C00922,delivered,2025-09-14T14:41:30,2025-09-14T20:41:30,2025-09-23T20:41:30,2025-09-23T14:41:30,False
O004171,C00939,delivered,2025-09-07T14:43:47,2025-09-08T03:43:47,2025-09-12T03:43:47,2025-09-19T14:43:47,False
O004172,C00956,delivered,2026-08-31T14:46:04,2026-08-31T15:46:04,2026-09-07T15:46:04,2026-09-08T14:46:04,False
O004173,C00973,delivered,2026-08-24T14:48:21,2026-08-24T22:48:21,2026-09-09T14:48:21,2026-09-04T14:48:21,True
O004174,C00990,delivered,2026-08-17T14:50:38,2026-08-18T05:50:38,2026-08-23T05:50:38,2026-08-31T14:50:38,False
O004175,C00007,delivered,2026-08-10T14:52:55,2026-08-10T17:52:55,2026-08-18T17:52:55,2026-08-20T14:52:55,False
O004176,C00024,delivered,2026-08-03T14:55:12,2026-08-04T00:55:12,2026-08-07T00:55:12,2026-08-16T14:55:12,False
O004177,C00041,delivered,2026-07-27T14:57:29,2026-07-28T07:57:29,2026-08-03T07:57:29,2026-08-05T14:57:29,False
O004178,C00058,delivered,2026-07-20T14:59:46,2026-07-20T19:59:46,2026-07-29T19:59:46,2026-08-01T14:59:46,False
O004179,C00075,delivered,2026-07-13T15:02:03,2026-07-14T03:02:03,2026-07-18T03:02:03,2026-07-21T15:02:03,False
O004180,C00092,delivered,2026-07-06T15:04:20,2026-07-06T15:04:20,2026-07-13T15:04:20,2026-07-17T15:04:20,False
O004181,C00109,delivered,2026-06-29T15:06:37,2026-06-29T22:06:37,2026-07-09T22:06:37,2026-07-13T15:06:37,False
O004182,C00126,delivered,2026-06-22T15:08:54,2026-06-23T05:08:54,2026-06-28T05:08:54,2026-07-02T15:08:54,False
O004183,C00143,delivered,2026-06-15T15:11:11,2026-06-15T17:11:11,2026-06-23T17:11:11,2026-06-28T15:11:11,False
O004184,C00160,delivered,2026-06-08T15:13:28,2026-06-09T00:13:28,2026-06-12T00:13:28,2026-06-17T15:13:28,False
O004185,C00177,delivered,2026-06-01T15:15:45,2026-06-02T07:15:45,2026-06-08T07:15:45,2026-06-13T15:15:45,False
O004186,C00194,delivered,2026-05-25T15:18:02,2026-05-25T19:18:02,2026-06-05T15:18:02,2026-06-02T15:18:02,True
O004187,C00211,delivered,2026-05-18T15:20:19,2026-05-19T02:20:19,2026-05-23T02:20:19,2026-05-29T15:20:19,False
O004188,C00228,delivered,2026-05-11T15:22:36,2026-05-12T09:22:36,2026-05-19T09:22:36,2026-05-25T15:22:36,False
O004189,C00245,delivered,2026-05-04T15:24:53,2026-05-04T21:24:53,2026-05-14T21:24:53,2026-05-14T15:24:53,False
O004190,C00262,shipped,2026-04-27T15:27:10,2026-04-28T04:27:10,2026-05-03T04:27:10,2026-05-10T15:27:10,False
O004191,C00279,shipped,2026-04-20T15:29:27,2026-04-20T16:29:27,2026-04-28T16:29:27,2026-04-29T15:29:27,False
O004192,C00296,shipped,2026-04-13T15:31:44,2026-04-13T23:31:44,2026-04-16T23:31:44,2026-04-25T15:31:44,False
O004193,C00313,shipped,2026-04-06T15:34:01,2026-04-07T06:34:01,2026-04-13T06:34:01,2026-04-14T15:34:01,False
O004194,C00330,processing,2026-03-30T15:36:18,2026-03-30T18:36:18,,2026-04-10T15:36:18,
O004195,C00347,processing,2026-03-23T15:38:35,2026-03-24T01:38:35,,2026-04-06T15:38:35,
O004196,C00364,processing,2026-03-16T15:40:52,2026-03-17T08:40:52,,2026-03-26T15:40:52,
O004197,C00381,canceled,2026-03-09T15:43:09,2026-03-09T20:43:09,,2026-03-22T15:43:09,
O004198,C00398,canceled,2026-03-02T15:45:26,2026-03-03T03:45:26,,2026-03-11T15:45:26,
O004199,C00415,invoiced,2026-02-23T15:47:43,2026-02-23T15:47:43,,2026-03-07T15:47:43,
O004200,C00432,delivered,2026-02-16T15:50:00,2026-02-16T22:50:00,2026-02-19T22:50:00,2026-02-24T15:50:00,False
O004201,C00449,delivered,2026-02-09T15:52:17,2026-02-10T05:52:17,2026-02-16T05:52:17,2026-02-20T15:52:17,False
O004202,C00466,delivered,2026-02-02T15:54:34,2026-02-02T17:54:34,2026-02-11T17:54:34,2026-02-16T15:54:34,False
O004203,C00483,delivered,2026-01-26T15:56:51,2026-01-27T00:56:51,2026-01-31T00:56:51,2026-02-05T15:56:51,False
O004204,C00500,delivered,2026-01-19T15:59:08,2026-01-20T07:59:08,2026-01-27T07:59:08,2026-02-01T15:59:08,False
O004205,C00517,delivered,2026-01-12T16:01:25,2026-01-12T20:01:25,2026-01-20T16:01:25,2026-01-21T16:01:25,False
O004206,C00534,delivered,2026-01-05T16:03:42,2026-01-06T03:03:42,2026-01-11T03:03:42,2026-01-17T16:03:42,False
O004207,C00551,delivered,2025-12-29T16:05:59,2025-12-30T10:05:59,2026-01-05T16:05:59,2026-01-06T16:05:59,False
O004208,C00568,delivered,2025-12-22T16:08:16,2025-12-22T22:08:16,2025-12-25T22:08:16,2026-01-02T16:08:16,False
O004209,C00585,delivered,2025-12-15T16:10:33,2025-12-16T05:10:33,2025-12-22T05:10:33,2025-12-29T16:10:33,False
O004210,C00602,delivered,2025-12-08T16:12:50,2025-12-08T17:12:50,2025-12-17T17:12:50,2025-12-18T16:12:50,False
O004211,C00619,delivered,2025-12-01T16:15:07,2025-12-02T00:15:07,2025-12-06T00:15:07,2025-12-14T16:15:07,False
O004212,C00636,delivered,2025-11-24T16:17:24,2025-11-25T07:17:24,2025-12-07T16:17:24,2025-12-03T16:17:24,True
O004213,C00653,delivered,2025-11-17T16:19:41,2025-11-17T19:19:41,2025-11-27T19:19:41,2025-11-29T16:19:41,False
O004214,C00670,delivered,2025-11-10T16:21:58,2025-11-11T02:21:58,2025-11-16T02:21:58,2025-11-18T16:21:58,False
O004215,C00687,delivered,2025-11-03T16:24:15,2025-11-04T09:24:15,2025-11-12T09:24:15,2025-11-14T16:24:15,False
O004216,C00704,delivered,2025-10-27T16:26:32,2025-10-27T21:26:32,2025-10-30T21:26:32,2025-11-10T16:26:32,False
O004217,C00721,delivered,2025-10-20T16:28:49,2025-10-21T04:28:49,2025-10-27T04:28:49,2025-10-30T16:28:49,False
O004218,C00738,delivered,2025-10-13T16:31:06,2025-10-13T16:31:06,2025-10-22T16:31:06,2025-10-26T16:31:06,False
O004219,C00755,delivered,2025-10-06T16:33:23,2025-10-06T23:33:23,2025-10-10T23:33:23,2025-10-15T16:33:23,False
O004220,C00772,delivered,2025-09-29T16:35:40,2025-09-30T06:35:40,2025-10-07T06:35:40,2025-10-11T16:35:40,False
O004221,C00789,delivered,2025-09-22T16:37:57,2025-09-22T18:37:57,2025-09-29T16:37:57,2025-09-30T16:37:57,False
O004222,C00806,delivered,2025-09-15T16:40:14,2025-09-16T01:40:14,2025-09-21T01:40:14,2025-09-26T16:40:14,False
O004223,C00823,delivered,2025-09-08T16:42:31,2025-09-09T08:42:31,2025-09-17T08:42:31,2025-09-22T16:42:31,False
O004224,C00840,delivered,2026-09-01T16:44:48,2026-09-01T20:44:48,2026-09-04T20:44:48,2026-09-11T16:44:48,False
O004225,C00857,delivered,2026-08-25T16:47:05,2026-08-26T03:47:05,2026-09-09T16:47:05,2026-09-07T16:47:05,True
O004226,C00874,delivered,2026-08-18T16:49:22,2026-08-19T10:49:22,2026-08-26T16:49:22,2026-08-27T16:49:22,False
O004227,C00891,delivered,2026-08-11T16:51:39,2026-08-11T22:51:39,2026-08-15T22:51:39,2026-08-23T16:51:39,False
O004228,C00908,delivered,2026-08-04T16:53:56,2026-08-05T05:53:56,2026-08-12T05:53:56,2026-08-12T16:53:56,False
O004229,C00925,delivered,2026-07-28T16:56:13,2026-07-28T17:56:13,2026-08-07T17:56:13,2026-08-08T16:56:13,False
O004230,C00942,delivered,2026-07-21T16:58:30,2026-07-22T00:58:30,2026-07-27T00:58:30,2026-08-04T16:58:30,False
O004231,C00959,delivered,2026-07-14T17:00:47,2026-07-15T08:00:47,2026-07-23T08:00:47,2026-07-24T17:00:47,False
O004232,C00976,delivered,2026-07-07T17:03:04,2026-07-07T20:03:04,2026-07-10T20:03:04,2026-07-20T17:03:04,False
O004233,C00993,delivered,2026-06-30T17:05:21,2026-07-01T03:05:21,2026-07-07T03:05:21,2026-07-09T17:05:21,False
O004234,C00010,delivered,2026-06-23T17:07:38,2026-06-24T10:07:38,2026-07-03T10:07:38,2026-07-05T17:07:38,False
O004235,C00027,delivered,2026-06-16T17:09:55,2026-06-16T22:09:55,2026-06-20T22:09:55,2026-06-24T17:09:55,False
O004236,C00044,delivered,2026-06-09T17:12:12,2026-06-10T05:12:12,2026-06-17T05:12:12,2026-06-20T17:12:12,False
O004237,C00061,delivered,2026-06-02T17:14:29,2026-06-02T17:14:29,2026-06-12T17:14:29,2026-06-16T17:14:29,False
O004238,C00078,delivered,2026-05-26T17:16:46,2026-05-27T00:16:46,2026-06-10T17:16:46,2026-06-05T17:16:46,True
O004239,C00095,delivered,2026-05-19T17:19:03,2026-05-20T07:19:03,2026-05-28T07:19:03,2026-06-01T17:19:03,False
O004240,C00112,delivered,2026-05-12T17:21:20,2026-05-12T19:21:20,2026-05-15T19:21:20,2026-05-21T17:21:20,False
O004241,C00129,delivered,2026-05-05T17:23:37,2026-05-06T02:23:37,2026-05-12T02:23:37,2026-05-17T17:23:37,False
O004242,C00146,delivered,2026-04-28T17:25:54,2026-04-29T09:25:54,2026-05-05T17:25:54,2026-05-06T17:25:54,False
O004243,C00163,delivered,2026-04-21T17:28:11,2026-04-21T21:28:11,2026-04-25T21:28:11,2026-05-02T17:28:11,False
O004244,C00180,delivered,2026-04-14T17:30:28,2026-04-15T04:30:28,2026-04-22T04:30:28,2026-04-28T17:30:28,False
O004245,C00197,delivered,2026-04-07T17:32:45,2026-04-08T11:32:45,2026-04-16T17:32:45,2026-04-17T17:32:45,False
O004246,C00214,delivered,2026-03-31T17:35:02,2026-03-31T23:35:02,2026-04-05T23:35:02,2026-04-13T17:35:02,False
O004247,C00231,delivered,2026-03-24T17:37:19,2026-03-25T06:37:19,2026-04-02T06:37:19,2026-04-02T17:37:19,False
O004248,C00248,delivered,2026-03-17T17:39:36,2026-03-17T18:39:36,2026-03-20T18:39:36,2026-03-29T17:39:36,False
O004249,C00265,delivered,2026-03-10T17:41:53,2026-03-11T01:41:53,2026-03-17T01:41:53,2026-03-18T17:41:53,False
O004250,C00282,delivered,2026-03-03T17:44:10,2026-03-04T08:44:10,2026-03-13T08:44:10,2026-03-14T17:44:10,False
O004251,C00299,delivered,2026-02-24T17:46:27,2026-02-24T20:46:27,2026-03-13T17:46:27,2026-03-10T17:46:27,True
O004252,C00316,delivered,2026-02-17T17:48:44,2026-02-18T03:48:44,2026-02-25T03:48:44,2026-02-27T17:48:44,False
O004253,C00333,delivered,2026-02-10T17:51:01,2026-02-11T10:51:01,2026-02-21T10:51:01,2026-02-23T17:51:01,False
O004254,C00350,delivered,2026-02-03T17:53:18,2026-02-03T22:53:18,2026-02-08T22:53:18,2026-02-12T17:53:18,False
O004255,C00367,delivered,2026-01-27T17:55:35,2026-01-28T05:55:35,2026-02-05T05:55:35,2026-02-08T17:55:35,False
O004256,C00384,delivered,2026-01-20T17:57:52,2026-01-20T17:57:52,2026-01-23T17:57:52,2026-01-28T17:57:52,False
O004257,C00401,delivered,2026-01-13T18:00:09,2026-01-14T01:00:09,2026-01-20T01:00:09,2026-01-24T18:00:09,False
O004258,C00418,delivered,2026-01-06T18:02:26,2026-01-07T08:02:26,2026-01-16T08:02:26,2026-01-20T18:02:26,False
O004259,C00435,delivered,2025-12-30T18:04:43,2025-12-30T20:04:43,2026-01-03T20:04:43,2026-01-09T18:04:43,False
O004260,C00452,delivered,2025-12-23T18:07:00,2025-12-24T03:07:00,2025-12-31T03:07:00,2026-01-05T18:07:00,False
O004261,C00469,delivered,2025-12-16T18:09:17,2025-12-17T10:09:17,2025-12-24T18:09:17,2025-12-25T18:09:17,False
O004262,C00486,delivered,2025-12-09T18:11:34,2025-12-09T22:11:34,2025-12-14T22:11:34,2025-12-21T18:11:34,False
O004263,C00503,delivered,2025-12-02T18:13:51,2025-12-03T05:13:51,2025-12-09T18:13:51,2025-12-10T18:13:51,False
O004264,C00520,delivered,2025-11-25T18:16:08,2025-11-26T12:16:08,2025-12-12T18:16:08,2025-12-06T18:16:08,True
O004265,C00537,delivered,2025-11-18T18:18:25,2025-11-19T00:18:25,2025-11-25T00:18:25,2025-12-02T18:18:25,False
O004266,C00554,delivered,2025-11-11T18:20:42,2025-11-12T07:20:42,2025-11-21T07:20:42,2025-11-21T18:20:42,False
O004267,C00571,delivered,2025-11-04T18:22:59,2025-11-04T19:22:59,2025-11-08T19:22:59,2025-11-17T18:22:59,False
O004268,C00588,delivered,2025-10-28T18:25:16,2025-10-29T02:25:16,2025-11-05T02:25:16,2025-11-06T18:25:16,False
O004269,C00605,delivered,2025-10-21T18:27:33,2025-10-22T09:27:33,2025-11-01T09:27:33,2025-11-02T18:27:33,False
O004270,C00622,delivered,2025-10-14T18:29:50,2025-10-14T21:29:50,2025-10-19T21:29:50,2025-10-22T18:29:50,False
O004271,C00639,delivered,2025-10-07T18:32:07,2025-10-08T04:32:07,2025-10-16T04:32:07,2025-10-18T18:32:07,False
O004272,C00656,delivered,2025-09-30T18:34:24,2025-10-01T11:34:24,2025-10-04T11:34:24,2025-10-14T18:34:24,False
O004273,C00673,delivered,2025-09-23T18:36:41,2025-09-23T23:36:41,2025-09-29T23:36:41,2025-10-03T18:36:41,False
O004274,C00690,delivered,2025-09-16T18:38:58,2025-09-17T06:38:58,2025-09-26T06:38:58,2025-09-29T18:38:58,False
O004275,C00707,delivered,2025-09-09T18:41:15,2025-09-09T18:41:15,2025-09-13T18:41:15,2025-09-18T18:41:15,False
O004276,C00724,delivered,2026-09-02T18:43:32,2026-09-03T01:43:32,2026-09-10T01:43:32,2026-09-14T18:43:32,False
O004277,C00741,delivered,2026-08-26T18:45:49,2026-08-27T08:45:49,2026-09-07T18:45:49,2026-09-03T18:45:49,True
O004278,C00758,delivered,2026-08-19T18:48:06,2026-08-19T20:48:06,2026-08-24T20:48:06,2026-08-30T18:48:06,False
O004279,C00775,delivered,2026-08-12T18:50:23,2026-08-13T03:50:23,2026-08-21T03:50:23,2026-08-26T18:50:23,False
O004280,C00792,delivered,2026-08-05T18:52:40,2026-08-06T10:52:40,2026-08-09T10:52:40,2026-08-15T18:52:40,False
O004281,C00809,delivered,2026-07-29T18:54:57,2026-07-29T22:54:57,2026-08-04T22:54:57,2026-08-11T18:54:57,False
O004282,C00826,delivered,2026-07-22T18:57:14,2026-07-23T05:57:14,2026-07-30T18:57:14,2026-07-31T18:57:14,False
O004283,C00843,delivered,2026-07-15T18:59:31,2026-07-16T12:59:31,2026-07-20T12:59:31,2026-07-27T18:59:31,False
O004284,C00860,delivered,2026-07-08T19:01:48,2026-07-09T01:01:48,2026-07-16T01:01:48,2026-07-16T19:01:48,False
O004285,C00877,delivered,2026-07-01T19:04:05,2026-07-02T08:04:05,2026-07-12T08:04:05,2026-07-12T19:04:05,False
O004286,C00894,delivered,2026-06-24T19:06:22,2026-06-24T20:06:22,2026-06-29T20:06:22,2026-07-08T19:06:22,False
O004287,C00911,delivered,2026-06-17T19:08:39,2026-06-18T03:08:39,2026-06-26T03:08:39,2026-06-27T19:08:39,False
O004288,C00928,delivered,2026-06-10T19:10:56,2026-06-11T10:10:56,2026-06-14T10:10:56,2026-06-23T19:10:56,False
O004289,C00945,delivered,2026-06-03T19:13:13,2026-06-03T22:13:13,2026-06-09T22:13:13,2026-06-12T19:13:13,False
O004290,C00962,shipped,2026-05-27T19:15:30,2026-05-28T05:15:30,2026-06-10T19:15:30,2026-06-08T19:15:30,True
O004291,C00979,shipped,2026-05-20T19:17:47,2026-05-21T12:17:47,2026-05-25T12:17:47,2026-05-28T19:17:47,False
O004292,C00996,shipped,2026-05-13T19:20:04,2026-05-14T00:20:04,2026-05-21T00:20:04,2026-05-24T19:20:04,False
O004293,C00013,shipped,2026-05-06T19:22:21,2026-05-07T07:22:21,2026-05-17T07:22:21,2026-05-20T19:22:21,False
O004294,C00030,processing,2026-04-29T19:24:38,2026-04-29T19:24:38,,2026-05-09T19:24:38,
O004295,C00047,processing,2026-04-22T19:26:55,2026-04-23T02:26:55,,2026-05-05T19:26:55,
O004296,C00064,processing,2026-04-15T19:29:12,2026-04-16T09:29:12,,2026-04-24T19:29:12,
O004297,C00081,canceled,2026-04-08T19:31:29,2026-04-08T21:31:29,,2026-04-20T19:31:29,
O004298,C00098,canceled,2026-04-01T19:33:46,2026-04-02T04:33:46,,2026-04-09T19:33:46,
O004299,C00115,invoiced,2026-03-25T19:36:03,2026-03-26T11:36:03,,2026-04-05T19:36:03,
O004300,C00132,delivered,2026-03-18T19:38:20,2026-03-18T23:38:20,2026-03-25T23:38:20,2026-04-01T19:38:20,False
O004301,C00149,delivered,2026-03-11T19:40:37,2026-03-12T06:40:37,2026-03-20T19:40:37,2026-03-21T19:40:37,False
O004302,C00166,delivered,2026-03-04T19:42:54,2026-03-05T13:42:54,2026-03-10T13:42:54,2026-03-17T19:42:54,False
O004303,C00183,delivered,2026-02-25T19:45:11,2026-02-26T01:45:11,2026-03-11T19:45:11,2026-03-06T19:45:11,True
O004304,C00200,delivered,2026-02-18T19:47:28,2026-02-19T08:47:28,2026-02-22T08:47:28,2026-03-02T19:47:28,False
O004305,C00217,delivered,2026-02-11T19:49:45,2026-02-11T20:49:45,2026-02-17T20:49:45,2026-02-19T19:49:45,False
O004306,C00234,delivered,2026-02-04T19:52:02,2026-02-05T03:52:02,2026-02-14T03:52:02,2026-02-15T19:52:02,False
O004307,C00251,delivered,2026-01-28T19:54:19,2026-01-29T10:54:19,2026-02-02T10:54:19,2026-02-11T19:54:19,False
O004308,C00268,delivered,2026-01-21T19:56:36,2026-01-21T22:56:36,2026-01-28T22:56:36,2026-01-31T19:56:36,False
O004309,C00285,delivered,2026-01-14T19:58:53,2026-01-15T05:58:53,2026-01-25T05:58:53,2026-01-27T19:58:53,False
O004310,C00302,delivered,2026-01-07T20:01:10,2026-01-08T13:01:10,2026-01-13T13:01:10,2026-01-16T20:01:10,False
O004311,C00319,delivered,2025-12-31T20:03:27,2026-01-01T01:03:27,2026-01-09T01:03:27,2026-01-12T20:03:27,False
O004312,C00336,delivered,2025-12-24T20:05:44,2025-12-25T08:05:44,2025-12-28T08:05:44,2026-01-01T20:05:44,False
O004313,C00353,delivered,2025-12-17T20:08:01,2025-12-17T20:08:01,2025-12-23T20:08:01,2025-12-28T20:08:01,False
O004314,C00370,delivered,2025-12-10T20:10:18,2025-12-11T03:10:18,2025-12-20T03:10:18,2025-12-24T20:10:18,False
O004315,C00387,delivered,2025-12-03T20:12:35,2025-12-04T10:12:35,2025-12-08T10:12:35,2025-12-13T20:12:35,False
O004316,C00404,delivered,2025-11-26T20:14:52,2025-11-26T22:14:52,2025-12-12T20:14:52,2025-12-09T20:14:52,True
O004317,C00421,delivered,2025-11-19T20:17:09,2025-11-20T05:17:09,2025-11-27T20:17:09,2025-11-28T20:17:09,False
O004318,C00438,delivered,2025-11-12T20:19:26,2025-11-13T12:19:26,2025-11-18T12:19:26,2025-11-24T20:19:26,False
O004319,C00455,delivered,2025-11-05T20:21:43,2025-11-06T00:21:43,2025-11-12T20:21:43,2025-11-13T20:21:43,False
O004320,C00472,delivered,2025-10-29T20:24:00,2025-10-30T07:24:00,2025-11-02T07:24:00,2025-11-09T20:24:00,False
O004321,C00489,delivered,2025-10-22T20:26:17,2025-10-23T14:26:17,2025-10-29T14:26:17,2025-11-05T20:26:17,False
O004322,C00506,delivered,2025-10-15T20:28:34,2025-10-16T02:28:34,2025-10-25T02:28:34,2025-10-25T20:28:34,False
O004323,C00523,delivered,2025-10-08T20:30:51,2025-10-09T09:30:51,2025-10-13T09:30:51,2025-10-21T20:30:51,False
O004324,C00540,delivered,2025-10-01T20:33:08,2025-10-01T21:33:08,2025-10-08T21:33:08,2025-10-10T20:33:08,False
O004325,C00557,delivered,2025-09-24T20:35:25,2025-09-25T04:35:25,2025-10-05T04:35:25,2025-10-06T20:35:25,False
O004326,C00574,delivered,2025-09-17T20:37:42,2025-09-18T11:37:42,2025-09-23T11:37:42,2025-09-25T20:37:42,False
O004327,C00591,delivered,2025-09-10T20:39:59,2025-09-10T23:39:59,2025-09-18T23:39:59,2025-09-21T20:39:59,False
O004328,C00608,delivered,2026-09-03T20:42:16,2026-09-04T06:42:16,2026-09-07T06:42:16,2026-09-17T20:42:16,False
O004329,C00625,delivered,2026-08-27T20:44:33,2026-08-28T13:44:33,2026-09-12T20:44:33,2026-09-06T20:44:33,True
O004330,C00642,delivered,2026-08-20T20:46:50,2026-08-21T01:46:50,2026-08-30T01:46:50,2026-09-02T20:46:50,False
O004331,C00659,delivered,2026-08-13T20:49:07,2026-08-14T08:49:07,2026-08-18T08:49:07,2026-08-22T20:49:07,False
O004332,C00676,delivered,2026-08-06T20:51:24,2026-08-06T20:51:24,2026-08-13T20:51:24,2026-08-18T20:51:24,False
O004333,C00693,delivered,2026-07-30T20:53:41,2026-07-31T03:53:41,2026-08-06T20:53:41,2026-08-07T20:53:41,False
O004334,C00710,delivered,2026-07-23T20:55:58,2026-07-24T10:55:58,2026-07-29T10:55:58,2026-08-03T20:55:58,False
O004335,C00727,delivered,2026-07-16T20:58:15,2026-07-16T22:58:15,2026-07-24T22:58:15,2026-07-30T20:58:15,False
O004336,C00744,delivered,2026-07-09T21:00:32,2026-07-10T06:00:32,2026-07-13T06:00:32,2026-07-19T21:00:32,False
O004337,C00761,delivered,2026-07-02T21:02:49,2026-07-03T13:02:49,2026-07-09T13:02:49,2026-07-15T21:02:49,False
O004338,C00778,delivered,2026-06-25T21:05:06,2026-06-26T01:05:06,2026-07-03T21:05:06,2026-07-04T21:05:06,False
O004339,C00795,delivered,2026-06-18T21:07:23,2026-06-19T08:07:23,2026-06-23T08:07:23,2026-06-30T21:07:23,False
O004340,C00812,delivered,2026-06-11T21:09:40,2026-06-12T15:09:40,2026-06-19T15:09:40,2026-06-19T21:09:40,False
O004341,C00829,delivered,2026-06-04T21:11:57,2026-06-05T03:11:57,2026-06-15T03:11:57,2026-06-15T21:11:57,False
O004342,C00846,delivered,2026-05-28T21:14:14,2026-05-29T10:14:14,2026-06-15T21:14:14,2026-06-11T21:14:14,True
O004343,C00863,delivered,2026-05-21T21:16:31,2026-05-21T22:16:31,2026-05-29T22:16:31,2026-05-31T21:16:31,False
O004344,C00880,delivered,2026-05-14T21:18:48,2026-05-15T05:18:48,2026-05-18T05:18:48,2026-05-27T21:18:48,False
O004345,C00897,delivered,2026-05-07T21:21:05,2026-05-08T12:21:05,2026-05-14T12:21:05,2026-05-16T21:21:05,False
O004346,C00914,delivered,2026-04-30T21:23:22,2026-05-01T00:23:22,2026-05-10T00:23:22,2026-05-12T21:23:22,False
O004347,C00931,delivered,2026-04-23T21:25:39,2026-04-24T07:25:39,2026-04-28T07:25:39,2026-05-01T21:25:39,False
O004348,C00948,delivered,2026-04-16T21:27:56,2026-04-17T14:27:56,2026-04-24T14:27:56,2026-04-27T21:27:56,False
O004349,C00965,delivered,2026-04-09T21:30:13,2026-04-10T02:30:13,2026-04-20T02:30:13,2026-04-23T21:30:13,False
O004350,C00982,delivered,2026-04-02T21:32:30,2026-04-03T09:32:30,2026-04-08T09:32:30,2026-04-12T21:32:30,False
O004351,C00999,delivered,2026-03-26T21:34:47,2026-03-26T21:34:47,2026-04-03T21:34:47,2026-04-08T21:34:47,False
O004352,C00016,delivered,2026-03-19T21:37:04,2026-03-20T04:37:04,2026-03-23T04:37:04,2026-03-28T21:37:04,False
O004353,C00033,delivered,2026-03-12T21:39:21,2026-03-13T11:39:21,2026-03-19T11:39:21,2026-03-24T21:39:21,False
O004354,C00050,delivered,2026-03-05T21:41:38,2026-03-05T23:41:38,2026-03-12T21:41:38,2026-03-13T21:41:38,False
O004355,C00067,delivered,2026-02-26T21:43:55,2026-02-27T06:43:55,2026-03-11T21:43:55,2026-03-09T21:43:55,True
O004356,C00084,delivered,2026-02-19T21:46:12,2026-02-20T13:46:12,2026-02-27T13:46:12,2026-03-05T21:46:12,False
O004357,C00101,delivered,2026-02-12T21:48:29,2026-02-13T01:48:29,2026-02-21T21:48:29,2026-02-22T21:48:29,False
O004358,C00118,delivered,2026-02-05T21:50:46,2026-02-06T08:50:46,2026-02-11T08:50:46,2026-02-18T21:50:46,False
O004359,C00135,delivered,2026-01-29T21:53:03,2026-01-30T15:53:03,2026-02-07T15:53:03,2026-02-07T21:53:03,False
O004360,C00152,delivered,2026-01-22T21:55:20,2026-01-23T03:55:20,2026-01-26T03:55:20,2026-02-03T21:55:20,False
O004361,C00169,delivered,2026-01-15T21:57:37,2026-01-16T10:57:37,2026-01-22T10:57:37,2026-01-23T21:57:37,False
O004362,C00186,delivered,2026-01-08T21:59:54,2026-01-08T22:59:54,2026-01-17T22:59:54,2026-01-19T21:59:54,False
O004363,C00203,delivered,2026-01-01T22:02:11,2026-01-02T06:02:11,2026-01-06T06:02:11,2026-01-15T22:02:11,False
O004364,C00220,delivered,2025-12-25T22:04:28,2025-12-26T13:04:28,2026-01-02T13:04:28,2026-01-04T22:04:28,False
O004365,C00237,delivered,2025-12-18T22:06:45,2025-12-19T01:06:45,2025-12-29T01:06:45,2025-12-31T22:06:45,False
O004366,C00254,delivered,2025-12-11T22:09:02,2025-12-12T08:09:02,2025-12-17T08:09:02,2025-12-20T22:09:02,False
O004367,C00271,delivered,2025-12-04T22:11:19,2025-12-05T15:11:19,2025-12-13T15:11:19,2025-12-16T22:11:19,False
O004368,C00288,delivered,2025-11-27T22:13:36,2025-11-28T03:13:36,2025-12-10T22:13:36,2025-12-05T22:13:36,True
O004369,C00305,delivered,2025-11-20T22:15:53,2025-11-21T10:15:53,2025-11-27T10:15:53,2025-12-01T22:15:53,False
O004370,C00322,delivered,2025-11-13T22:18:10,2025-11-13T22:18:10,2025-11-22T22:18:10,2025-11-27T22:18:10,False
O004371,C00339,delivered,2025-11-06T22:20:27,2025-11-07T05:20:27,2025-11-11T05:20:27,2025-11-16T22:20:27,False
O004372,C00356,delivered,2025-10-30T22:22:44,2025-10-31T12:22:44,2025-11-07T12:22:44,2025-11-12T22:22:44,False
O004373,C00373,delivered,2025-10-23T22:25:01,2025-10-24T00:25:01,2025-10-31T22:25:01,2025-11-01T22:25:01,False
O004374,C00390,delivered,2025-10-16T22:27:18,2025-10-17T07:27:18,2025-10-22T07:27:18,2025-10-28T22:27:18,False
O004375,C00407,delivered,2025-10-09T22:29:35,2025-10-10T14:29:35,2025-10-16T22:29:35,2025-10-17T22:29:35,False
O004376,C00424,delivered,2025-10-02T22:31:52,2025-10-03T02:31:52,2025-10-06T02:31:52,2025-10-13T22:31:52,False
O004377,C00441,delivered,2025-09-25T22:34:09,2025-09-26T09:34:09,2025-10-02T09:34:09,2025-10-09T22:34:09,False
O004378,C00458,delivered,2025-09-18T22:36:26,2025-09-19T16:36:26,2025-09-28T16:36:26,2025-09-28T22:36:26,False
O004379,C00475,delivered,2025-09-11T22:38:43,2025-09-12T04:38:43,2025-09-16T04:38:43,2025-09-24T22:38:43,False
O004380,C00492,delivered,2026-09-04T22:41:00,2026-09-05T11:41:00,2026-09-12T11:41:00,2026-09-13T22:41:00,False
O004381,C00509,delivered,2026-08-28T22:43:17,2026-08-28T23:43:17,2026-09-12T22:43:17,2026-09-09T22:43:17,True
O004382,C00526,delivered,2026-08-21T22:45:34,2026-08-22T06:45:34,2026-08-27T06:45:34,2026-08-29T22:45:34,False
O004383,C00543,delivered,2026-08-14T22:47:51,2026-08-15T13:47:51,2026-08-23T13:47:51,2026-08-25T22:47:51,False
O004384,C00560,delivered,2026-08-07T22:50:08,2026-08-08T01:50:08,2026-08-11T01:50:08,2026-08-21T22:50:08,False
O004385,C00577,delivered,2026-07-31T22:52:25,2026-08-01T08:52:25,2026-08-07T08:52:25,2026-08-10T22:52:25,False
O004386,C00594,delivered,2026-07-24T22:54:42,2026-07-25T15:54:42,2026-08-03T15:54:42,2026-08-06T22:54:42,False
O004387,C00611,delivered,2026-07-17T22:56:59,2026-07-18T03:56:59,2026-07-22T03:56:59,2026-07-26T22:56:59,False
O004388,C00628,delivered,2026-07-10T22:59:16,2026-07-11T10:59:16,2026-07-18T10:59:16,2026-07-22T22:59:16,False
O004389,C00645,delivered,2026-07-03T23:01:33,2026-07-03T23:01:33,2026-07-10T23:01:33,2026-07-11T23:01:33,False
O004390,C00662,shipped,2026-06-26T23:03:50,2026-06-27T06:03:50,2026-07-02T06:03:50,2026-07-07T23:03:50,False
O004391,C00679,shipped,2026-06-19T23:06:07,2026-06-20T13:06:07,2026-06-28T13:06:07,2026-07-03T23:06:07,False
O004392,C00696,shipped,2026-06-12T23:08:24,2026-06-13T01:08:24,2026-06-16T01:08:24,2026-06-22T23:08:24,False
O004393,C00713,shipped,2026-06-05T23:10:41,2026-06-06T08:10:41,2026-06-12T08:10:41,2026-06-18T23:10:41,False
O004394,C00730,processing,2026-05-29T23:12:58,2026-05-30T15:12:58,,2026-06-07T23:12:58,
O004395,C00747,processing,2026-05-22T23:15:15,2026-05-23T03:15:15,,2026-06-03T23:15:15,
O004396,C00764,processing,2026-05-15T23:17:32,2026-05-16T10:17:32,,2026-05-23T23:17:32,
O004397,C00781,canceled,2026-05-08T23:19:49,2026-05-09T17:19:49,,2026-05-19T23:19:49,
O004398,C00798,canceled,2026-05-01T23:22:06,2026-05-02T05:22:06,,2026-05-15T23:22:06,
O004399,C00815,invoiced,2026-04-24T23:24:23,2026-04-25T12:24:23,,2026-05-04T23:24:23,
O004400,C00832,delivered,2026-04-17T23:26:40,2026-04-18T00:26:40,2026-04-21T00:26:40,2026-04-30T23:26:40,False
O004401,C00849,delivered,2026-04-10T23:28:57,2026-04-11T07:28:57,2026-04-17T07:28:57,2026-04-19T23:28:57,False
O004402,C00866,delivered,2026-04-03T23:31:14,2026-04-04T14:31:14,2026-04-13T14:31:14,2026-04-15T23:31:14,False
O004403,C00883,delivered,2026-03-27T23:33:31,2026-03-28T02:33:31,2026-04-01T02:33:31,2026-04-04T23:33:31,False
O004404,C00900,delivered,2026-03-20T23:35:48,2026-03-21T09:35:48,2026-03-28T09:35:48,2026-03-31T23:35:48,False
O004405,C00917,delivered,2026-03-13T23:38:05,2026-03-14T16:38:05,2026-03-24T16:38:05,2026-03-27T23:38:05,False
O004406,C00934,delivered,2026-03-06T23:40:22,2026-03-07T04:40:22,2026-03-12T04:40:22,2026-03-16T23:40:22,False
O004407,C00951,delivered,2026-02-27T23:42:39,2026-02-28T11:42:39,2026-03-16T23:42:39,2026-03-12T23:42:39,True
O004408,C00968,delivered,2026-02-20T23:44:56,2026-02-20T23:44:56,2026-02-23T23:44:56,2026-03-01T23:44:56,False
O004409,C00985,delivered,2026-02-13T23:47:13,2026-02-14T06:47:13,2026-02-20T06:47:13,2026-02-25T23:47:13,False
O004410,C00002,delivered,2026-02-06T23:49:30,2026-02-07T13:49:30,2026-02-13T23:49:30,2026-02-14T23:49:30,False
O004411,C00019,delivered,2026-01-30T23:51:47,2026-01-31T01:51:47,2026-02-04T01:51:47,2026-02-10T23:51:47,False
O004412,C00036,delivered,2026-01-23T23:54:04,2026-01-24T08:54:04,2026-01-31T08:54:04,2026-02-06T23:54:04,False
O004413,C00053,delivered,2026-01-16T23:56:21,2026-01-17T15:56:21,2026-01-25T23:56:21,2026-01-26T23:56:21,False
O004414,C00070,delivered,2026-01-09T23:58:38,2026-01-10T03:58:38,2026-01-15T03:58:38,2026-01-22T23:58:38,False
O004415,C00087,delivered,2026-01-02T00:00:55,2026-01-02T11:00:55,2026-01-10T11:00:55,2026-01-11T00:00:55,False
O004416,C00104,delivered,2025-12-26T00:03:12,2025-12-26T18:03:12,2025-12-29T18:03:12,2026-01-07T00:03:12,False
O004417,C00121,delivered,2025-12-19T00:05:29,2025-12-19T06:05:29,2025-12-25T06:05:29,2025-12-27T00:05:29,False
O004418,C00138,delivered,2025-12-12T00:07:46,2025-12-12T13:07:46,2025-12-21T13:07:46,2025-12-23T00:07:46,False
O004419,C00155,delivered,2025-12-05T00:10:03,2025-12-05T01:10:03,2025-12-09T01:10:03,2025-12-19T00:10:03,False
O004420,C00172,delivered,2025-11-28T00:12:20,2025-11-28T08:12:20,2025-12-10T00:12:20,2025-12-08T00:12:20,True
O004421,C00189,delivered,2025-11-21T00:14:37,2025-11-21T15:14:37,2025-12-01T15:14:37,2025-12-04T00:14:37,False
O004422,C00206,delivered,2025-11-14T00:16:54,2025-11-14T03:16:54,2025-11-19T03:16:54,2025-11-23T00:16:54,False
O004423,C00223,delivered,2025-11-07T00:19:11,2025-11-07T10:19:11,2025-11-15T10:19:11,2025-11-19T00:19:11,False
O004424,C00240,delivered,2025-10-31T00:21:28,2025-10-31T17:21:28,2025-11-03T17:21:28,2025-11-08T00:21:28,False
O004425,C00257,delivered,2025-10-24T00:23:45,2025-10-24T05:23:45,2025-10-30T05:23:45,2025-11-04T00:23:45,False
O004426,C00274,delivered,2025-10-17T00:26:02,2025-10-17T12:26:02,2025-10-26T12:26:02,2025-10-31T00:26:02,False
O004427,C00291,delivered,2025-10-10T00:28:19,2025-10-10T00:28:19,2025-10-14T00:28:19,2025-10-20T00:28:19,False
O004428,C00308,delivered,2025-10-03T00:30:36,2025-10-03T07:30:36,2025-10-10T07:30:36,2025-10-16T00:30:36,False
O004429,C00325,delivered,2025-09-26T00:32:53,2025-09-26T14:32:53,2025-10-04T00:32:53,2025-10-05T00:32:53,False
O004430,C00342,delivered,2025-09-19T00:35:10,2025-09-19T02:35:10,2025-09-24T02:35:10,2025-10-01T00:35:10,False
O004431,C00359,delivered,2025-09-12T00:37:27,2025-09-12T09:37:27,2025-09-20T09:37:27,2025-09-20T00:37:27,False
O004432,C00376,delivered,2025-09-05T00:39:44,2025-09-05T16:39:44,2025-09-08T16:39:44,2025-09-16T00:39:44,False
O004433,C00393,delivered,2026-08-29T00:42:01,2026-08-29T04:42:01,2026-09-17T00:42:01,2026-09-12T00:42:01,True
O004434,C00410,delivered,2026-08-22T00:44:18,2026-08-22T11:44:18,2026-08-31T11:44:18,2026-09-01T00:44:18,False
O004435,C00427,delivered,2026-08-15T00:46:35,2026-08-15T18:46:35,2026-08-19T18:46:35,2026-08-28T00:46:35,False
O004436,C00444,delivered,2026-08-08T00:48:52,2026-08-08T06:48:52,2026-08-15T06:48:52,2026-08-17T00:48:52,False
O004437,C00461,delivered,2026-08-01T00:51:09,2026-08-01T13:51:09,2026-08-11T13:51:09,2026-08-13T00:51:09,False
O004438,C00478,delivered,2026-07-25T00:53:26,2026-07-25T01:53:26,2026-07-30T01:53:26,2026-08-02T00:53:26,False
O004439,C00495,delivered,2026-07-18T00:55:43,2026-07-18T08:55:43,2026-07-26T08:55:43,2026-07-29T00:55:43,False
O004440,C00512,delivered,2026-07-11T00:58:00,2026-07-11T15:58:00,2026-07-14T15:58:00,2026-07-25T00:58:00,False
O004441,C00529,delivered,2026-07-04T01:00:17,2026-07-04T04:00:17,2026-07-10T04:00:17,2026-07-14T01:00:17,False
O004442,C00546,delivered,2026-06-27T01:02:34,2026-06-27T11:02:34,2026-07-06T11:02:34,2026-07-10T01:02:34,False
O004443,C00563,delivered,2026-06-20T01:04:51,2026-06-20T18:04:51,2026-06-24T18:04:51,2026-06-29T01:04:51,False
O004444,C00580,delivered,2026-06-13T01:07:08,2026-06-13T06:07:08,2026-06-20T06:07:08,2026-06-25T01:07:08,False
O004445,C00597,delivered,2026-06-06T01:09:25,2026-06-06T13:09:25,2026-06-13T01:09:25,2026-06-14T01:09:25,False
O004446,C00614,delivered,2026-05-30T01:11:42,2026-05-30T01:11:42,2026-06-13T01:11:42,2026-06-10T01:11:42,True
O004447,C00631,delivered,2026-05-23T01:13:59,2026-05-23T08:13:59,2026-05-31T08:13:59,2026-06-06T01:13:59,False
O004448,C00648,delivered,2026-05-16T01:16:16,2026-05-16T15:16:16,2026-05-19T15:16:16,2026-05-26T01:16:16,False
O004449,C00665,delivered,2026-05-09T01:18:33,2026-05-09T03:18:33,2026-05-15T03:18:33,2026-05-22T01:18:33,False
O004450,C00682,delivered,2026-05-02T01:20:50,2026-05-02T10:20:50,2026-05-11T10:20:50,2026-05-11T01:20:50,False
O004451,C00699,delivered,2026-04-25T01:23:07,2026-04-25T17:23:07,2026-04-29T17:23:07,2026-05-07T01:23:07,False
O004452,C00716,delivered,2026-04-18T01:25:24,2026-04-18T05:25:24,2026-04-25T05:25:24,2026-04-26T01:25:24,False
O004453,C00733,delivered,2026-04-11T01:27:41,2026-04-11T12:27:41,2026-04-21T12:27:41,2026-04-22T01:27:41,False
O004454,C00750,delivered,2026-04-04T01:29:58,2026-04-04T19:29:58,2026-04-09T19:29:58,2026-04-18T01:29:58,False
O004455,C00767,delivered,2026-03-28T01:32:15,2026-03-28T07:32:15,2026-04-05T07:32:15,2026-04-07T01:32:15,False
O004456,C00784,delivered,2026-03-21T01:34:32,2026-03-21T14:34:32,2026-03-24T14:34:32,2026-04-03T01:34:32,False
O004457,C00801,delivered,2026-03-14T01:36:49,2026-03-14T02:36:49,2026-03-20T02:36:49,2026-03-23T01:36:49,False
O004458,C00818,delivered,2026-03-07T01:39:06,2026-03-07T09:39:06,2026-03-16T09:39:06,2026-03-19T01:39:06,False
O004459,C00835,delivered,2026-02-28T01:41:23,2026-02-28T16:41:23,2026-03-14T01:41:23,2026-03-08T01:41:23,True
O004460,C00852,delivered,2026-02-21T01:43:40,2026-02-21T04:43:40,2026-02-28T04:43:40,2026-03-04T01:43:40,False
O004461,C00869,delivered,2026-02-14T01:45:57,2026-02-14T11:45:57,2026-02-24T11:45:57,2026-02-28T01:45:57,False
O004462,C00886,delivered,2026-02-07T01:48:14,2026-02-07T18:48:14,2026-02-12T18:48:14,2026-02-17T01:48:14,False
O004463,C00903,delivered,2026-01-31T01:50:31,2026-01-31T06:50:31,2026-02-08T06:50:31,2026-02-13T01:50:31,False
O004464,C00920,delivered,2026-01-24T01:52:48,2026-01-24T13:52:48,2026-01-27T13:52:48,2026-02-02T01:52:48,False
O004465,C00937,delivered,2026-01-17T01:55:05,2026-01-17T01:55:05,2026-01-23T01:55:05,2026-01-29T01:55:05,False
O004466,C00954,delivered,2026-01-10T01:57:22,2026-01-10T08:57:22,2026-01-17T01:57:22,2026-01-18T01:57:22,False
O004467,C00971,delivered,2026-01-03T01:59:39,2026-01-03T15:59:39,2026-01-07T15:59:39,2026-01-14T01:59:39,False
O004468,C00988,delivered,2025-12-27T02:01:56,2025-12-27T04:01:56,2026-01-03T04:01:56,2026-01-10T02:01:56,False
O004469,C00005,delivered,2025-12-20T02:04:13,2025-12-20T11:04:13,2025-12-30T11:04:13,2025-12-30T02:04:13,False
O004470,C00022,delivered,2025-12-13T02:06:30,2025-12-13T18:06:30,2025-12-18T18:06:30,2025-12-26T02:06:30,False
O004471,C00039,delivered,2025-12-06T02:08:47,2025-12-06T06:08:47,2025-12-14T06:08:47,2025-12-15T02:08:47,False
O004472,C00056,delivered,2025-11-29T02:11:04,2025-11-29T13:11:04,2025-12-15T02:11:04,2025-12-11T02:11:04,True
O004473,C00073,delivered,2025-11-22T02:13:21,2025-11-22T20:13:21,2025-11-28T20:13:21,2025-11-30T02:13:21,False
O004474,C00090,delivered,2025-11-15T02:15:38,2025-11-15T08:15:38,2025-11-24T08:15:38,2025-11-26T02:15:38,False
O004475,C00107,delivered,2025-11-08T02:17:55,2025-11-08T15:17:55,2025-11-12T15:17:55,2025-11-22T02:17:55,False
O004476,C00124,delivered,2025-11-01T02:20:12,2025-11-01T03:20:12,2025-11-08T03:20:12,2025-11-11T02:20:12,False
O004477,C00141,delivered,2025-10-25T02:22:29,2025-10-25T10:22:29,2025-11-04T10:22:29,2025-11-07T02:22:29,False
O004478,C00158,delivered,2025-10-18T02:24:46,2025-10-18T17:24:46,2025-10-23T17:24:46,2025-10-27T02:24:46,False
O004479,C00175,delivered,2025-10-11T02:27:03,2025-10-11T05:27:03,2025-10-19T05:27:03,2025-10-23T02:27:03,False
O004480,C00192,delivered,2025-10-04T02:29:20,2025-10-04T12:29:20,2025-10-07T12:29:20,2025-10-12T02:29:20,False
O004481,C00209,delivered,2025-09-27T02:31:37,2025-09-27T19:31:37,2025-10-03T19:31:37,2025-10-08T02:31:37,False
O004482,C00226,delivered,2025-09-20T02:33:54,2025-09-20T07:33:54,2025-09-29T07:33:54,2025-10-04T02:33:54,False
O004483,C00243,delivered,2025-09-13T02:36:11,2025-09-13T14:36:11,2025-09-17T14:36:11,2025-09-23T02:36:11,False
O004484,C00260,delivered,2025-09-06T02:38:28,2025-09-06T02:38:28,2025-09-13T02:38:28,2025-09-19T02:38:28,False
O004485,C00277,delivered,2026-08-30T02:40:45,2026-08-30T09:40:45,2026-09-10T02:40:45,2026-09-08T02:40:45,True
O004486,C00294,delivered,2026-08-23T02:43:02,2026-08-23T16:43:02,2026-08-28T16:43:02,2026-09-04T02:43:02,False
O004487,C00311,delivered,2026-08-16T02:45:19,2026-08-16T04:45:19,2026-08-24T04:45:19,2026-08-24T02:45:19,False
O004488,C00328,delivered,2026-08-09T02:47:36,2026-08-09T11:47:36,2026-08-12T11:47:36,2026-08-20T02:47:36,False
O004489,C00345,delivered,2026-08-02T02:49:53,2026-08-02T18:49:53,2026-08-08T18:49:53,2026-08-16T02:49:53,False
O004490,C00362,shipped,2026-07-26T02:52:10,2026-07-26T06:52:10,2026-08-04T06:52:10,2026-08-05T02:52:10,False
O004491,C00379,shipped,2026-07-19T02:54:27,2026-07-19T13:54:27,2026-07-23T13:54:27,2026-08-01T02:54:27,False
O004492,C00396,shipped,2026-07-12T02:56:44,2026-07-12T20:56:44,2026-07-19T20:56:44,2026-07-21T02:56:44,False
O004493,C00413,shipped,2026-07-05T02:59:01,2026-07-05T08:59:01,2026-07-15T08:59:01,2026-07-17T02:59:01,False
O004494,C00430,processing,2026-06-28T03:01:18,2026-06-28T16:01:18,,2026-07-06T03:01:18,
O004495,C00447,processing,2026-06-21T03:03:35,2026-06-21T04:03:35,,2026-07-02T03:03:35,
O004496,C00464,processing,2026-06-14T03:05:52,2026-06-14T11:05:52,,2026-06-28T03:05:52,
O004497,C00481,canceled,2026-06-07T03:08:09,2026-06-07T18:08:09,,2026-06-17T03:08:09,
O004498,C00498,canceled,2026-05-31T03:10:26,2026-05-31T06:10:26,,2026-06-13T03:10:26,
O004499,C00515,invoiced,2026-05-24T03:12:43,2026-05-24T13:12:43,,2026-06-02T03:12:43,
O004500,C00532,delivered,2026-05-17T03:15:00,2026-05-17T20:15:00,2026-05-24T20:15:00,2026-05-29T03:15:00,False
O004501,C00549,delivered,2026-05-10T03:17:17,2026-05-10T08:17:17,2026-05-17T03:17:17,2026-05-18T03:17:17,False
O004502,C00566,delivered,2026-05-03T03:19:34,2026-05-03T15:19:34,2026-05-08T15:19:34,2026-05-14T03:19:34,False
O004503,C00583,delivered,2026-04-26T03:21:51,2026-04-26T03:21:51,2026-05-04T03:21:51,2026-05-10T03:21:51,False
O004504,C00600,delivered,2026-04-19T03:24:08,2026-04-19T10:24:08,2026-04-22T10:24:08,2026-04-29T03:24:08,False
O004505,C00617,delivered,2026-04-12T03:26:25,2026-04-12T17:26:25,2026-04-18T17:26:25,2026-04-25T03:26:25,False
O004506,C00634,delivered,2026-04-05T03:28:42,2026-04-05T05:28:42,2026-04-14T05:28:42,2026-04-14T03:28:42,False
O004507,C00651,delivered,2026-03-29T03:30:59,2026-03-29T12:30:59,2026-04-02T12:30:59,2026-04-10T03:30:59,False
O004508,C00668,delivered,2026-03-22T03:33:16,2026-03-22T19:33:16,2026-03-29T19:33:16,2026-03-30T03:33:16,False
O004509,C00685,delivered,2026-03-15T03:35:33,2026-03-15T07:35:33,2026-03-25T07:35:33,2026-03-26T03:35:33,False
O004510,C00702,delivered,2026-03-08T03:37:50,2026-03-08T14:37:50,2026-03-13T14:37:50,2026-03-22T03:37:50,False
O004511,C00719,delivered,2026-03-01T03:40:07,2026-03-01T21:40:07,2026-03-14T03:40:07,2026-03-11T03:40:07,True
O004512,C00736,delivered,2026-02-22T03:42:24,2026-02-22T09:42:24,2026-02-25T09:42:24,2026-03-07T03:42:24,False
O004513,C00753,delivered,2026-02-15T03:44:41,2026-02-15T16:44:41,2026-02-21T16:44:41,2026-02-24T03:44:41,False
O004514,C00770,delivered,2026-02-08T03:46:58,2026-02-08T04:46:58,2026-02-17T04:46:58,2026-02-20T03:46:58,False
O004515,C00787,delivered,2026-02-01T03:49:15,2026-02-01T11:49:15,2026-02-05T11:49:15,2026-02-09T03:49:15,False
O004516,C00804,delivered,2026-01-25T03:51:32,2026-01-25T18:51:32,2026-02-01T18:51:32,2026-02-05T03:51:32,False
O004517,C00821,delivered,2026-01-18T03:53:49,2026-01-18T06:53:49,2026-01-28T06:53:49,2026-02-01T03:53:49,False
O004518,C00838,delivered,2026-01-11T03:56:06,2026-01-11T13:56:06,2026-01-16T13:56:06,2026-01-21T03:56:06,False
O004519,C00855,delivered,2026-01-04T03:58:23,2026-01-04T20:58:23,2026-01-12T20:58:23,2026-01-17T03:58:23,False
O004520,C00872,delivered,2025-12-28T04:00:40,2025-12-28T09:00:40,2025-12-31T09:00:40,2026-01-06T04:00:40,False
O004521,C00889,delivered,2025-12-21T04:02:57,2025-12-21T16:02:57,2025-12-27T16:02:57,2026-01-02T04:02:57,False
O004522,C00906,delivered,2025-12-14T04:05:14,2025-12-14T04:05:14,2025-12-21T04:05:14,2025-12-22T04:05:14,False
O004523,C00923,delivered,2025-12-07T04:07:31,2025-12-07T11:07:31,2025-12-11T11:07:31,2025-12-18T04:07:31,False
O004524,C00940,delivered,2025-11-30T04:09:48,2025-11-30T18:09:48,2025-12-20T04:09:48,2025-12-14T04:09:48,True
O004525,C00957,delivered,2025-11-23T04:12:05,2025-11-23T06:12:05,2025-12-03T06:12:05,2025-12-03T04:12:05,False
O004526,C00974,delivered,2025-11-16T04:14:22,2025-11-16T13:14:22,2025-11-21T13:14:22,2025-11-29T04:14:22,False
O004527,C00991,delivered,2025-11-09T04:16:39,2025-11-09T20:16:39,2025-11-17T20:16:39,2025-11-18T04:16:39,False
O004528,C00008,delivered,2025-11-02T04:18:56,2025-11-02T08:18:56,2025-11-05T08:18:56,2025-11-14T04:18:56,False
O004529,C00025,delivered,2025-10-26T04:21:13,2025-10-26T15:21:13,2025-11-01T15:21:13,2025-11-03T04:21:13,False
O004530,C00042,delivered,2025-10-19T04:23:30,2025-10-19T22:23:30,2025-10-28T22:23:30,2025-10-30T04:23:30,False
O004531,C00059,delivered,2025-10-12T04:25:47,2025-10-12T10:25:47,2025-10-16T10:25:47,2025-10-26T04:25:47,False
O004532,C00076,delivered,2025-10-05T04:28:04,2025-10-05T17:28:04,2025-10-12T17:28:04,2025-10-15T04:28:04,False
O004533,C00093,delivered,2025-09-28T04:30:21,2025-09-28T05:30:21,2025-10-08T05:30:21,2025-10-11T04:30:21,False
O004534,C00110,delivered,2025-09-21T04:32:38,2025-09-21T12:32:38,2025-09-26T12:32:38,2025-09-30T04:32:38,False
O004535,C00127,delivered,2025-09-14T04:34:55,2025-09-14T19:34:55,2025-09-22T19:34:55,2025-09-26T04:34:55,False
O004536,C00144,delivered,2025-09-07T04:37:12,2025-09-07T07:37:12,2025-09-10T07:37:12,2025-09-15T04:37:12,False
O004537,C00161,delivered,2026-08-31T04:39:29,2026-08-31T14:39:29,2026-09-15T04:39:29,2026-09-11T04:39:29,True
O004538,C00178,delivered,2026-08-24T04:41:46,2026-08-24T21:41:46,2026-09-02T21:41:46,2026-09-07T04:41:46,False
O004539,C00195,delivered,2026-08-17T04:44:03,2026-08-17T09:44:03,2026-08-21T09:44:03,2026-08-27T04:44:03,False
O004540,C00212,delivered,2026-08-10T04:46:20,2026-08-10T16:46:20,2026-08-17T16:46:20,2026-08-23T04:46:20,False
O004541,C00229,delivered,2026-08-03T04:48:37,2026-08-03T04:48:37,2026-08-11T04:48:37,2026-08-12T04:48:37,False
O004542,C00246,delivered,2026-07-27T04:50:54,2026-07-27T11:50:54,2026-08-01T11:50:54,2026-08-08T04:50:54,False
O004543,C00263,delivered,2026-07-20T04:53:11,2026-07-20T18:53:11,2026-07-28T18:53:11,2026-07-28T04:53:11,False
O004544,C00280,delivered,2026-07-13T04:55:28,2026-07-13T06:55:28,2026-07-16T06:55:28,2026-07-24T04:55:28,False
O004545,C00297,delivered,2026-07-06T04:57:45,2026-07-06T13:57:45,2026-07-12T13:57:45,2026-07-20T04:57:45,False
O004546,C00314,delivered,2026-06-29T05:00:02,2026-06-29T21:00:02,2026-07-08T21:00:02,2026-07-09T05:00:02,False
O004547,C00331,delivered,2026-06-22T05:02:19,2026-06-22T09:02:19,2026-06-26T09:02:19,2026-07-05T05:02:19,False
O004548,C00348,delivered,2026-06-15T05:04:36,2026-06-15T16:04:36,2026-06-22T16:04:36,2026-06-24T05:04:36,False
O004549,C00365,delivered,2026-06-08T05:06:53,2026-06-08T23:06:53,2026-06-18T23:06:53,2026-06-20T05:06:53,False
O004550,C00382,delivered,2026-06-01T05:09:10,2026-06-01T11:09:10,2026-06-11T05:09:10,2026-06-09T05:09:10,True
O004551,C00399,delivered,2026-05-25T05:11:27,2026-05-25T18:11:27,2026-06-02T18:11:27,2026-06-05T05:11:27,False
O004552,C00416,delivered,2026-05-18T05:13:44,2026-05-18T06:13:44,2026-05-21T06:13:44,2026-06-01T05:13:44,False
O004553,C00433,delivered,2026-05-11T05:16:01,2026-05-11T13:16:01,2026-05-17T13:16:01,2026-05-21T05:16:01,False
O004554,C00450,delivered,2026-05-04T05:18:18,2026-05-04T20:18:18,2026-05-13T20:18:18,2026-05-17T05:18:18,False
O004555,C00467,delivered,2026-04-27T05:20:35,2026-04-27T08:20:35,2026-05-01T08:20:35,2026-05-06T05:20:35,False
O004556,C00484,delivered,2026-04-20T05:22:52,2026-04-20T15:22:52,2026-04-27T15:22:52,2026-05-02T05:22:52,False
O004557,C00501,delivered,2026-04-13T05:25:09,2026-04-13T22:25:09,2026-04-20T05:25:09,2026-04-21T05:25:09,False
O004558,C00518,delivered,2026-04-06T05:27:26,2026-04-06T10:27:26,2026-04-11T10:27:26,2026-04-17T05:27:26,False
O004559,C00535,delivered,2026-03-30T05:29:43,2026-03-30T17:29:43,2026-04-07T17:29:43,2026-04-13T05:29:43,False
O004560,C00552,delivered,2026-03-23T05:32:00,2026-03-23T05:32:00,2026-03-26T05:32:00,2026-04-02T05:32:00,False
O004561,C00569,delivered,2026-03-16T05:34:17,2026-03-16T12:34:17,2026-03-22T12:34:17,2026-03-29T05:34:17,False
O004562,C00586,delivered,2026-03-09T05:36:34,2026-03-09T19:36:34,2026-03-18T19:36:34,2026-03-18T05:36:34,False
O004563,C00603,delivered,2026-03-02T05:38:51,2026-03-02T07:38:51,2026-03-19T05:38:51,2026-03-14T05:38:51,True
O004564,C00620,delivered,2026-02-23T05:41:08,2026-02-23T14:41:08,2026-03-02T14:41:08,2026-03-03T05:41:08,False
O004565,C00637,delivered,2026-02-16T05:43:25,2026-02-16T21:43:25,2026-02-26T21:43:25,2026-02-27T05:43:25,False
O004566,C00654,delivered,2026-02-09T05:45:42,2026-02-09T09:45:42,2026-02-14T09:45:42,2026-02-23T05:45:42,False
O004567,C00671,delivered,2026-02-02T05:47:59,2026-02-02T16:47:59,2026-02-10T16:47:59,2026-02-12T05:47:59,False
O004568,C00688,delivered,2026-01-26T05:50:16,2026-01-26T23:50:16,2026-01-29T23:50:16,2026-02-08T05:50:16,False
O004569,C00705,delivered,2026-01-19T05:52:33,2026-01-19T11:52:33,2026-01-25T11:52:33,2026-01-28T05:52:33,False
O004570,C00722,delivered,2026-01-12T05:54:50,2026-01-12T18:54:50,2026-01-21T18:54:50,2026-01-24T05:54:50,False
O004571,C00739,delivered,2026-01-05T05:57:07,2026-01-05T06:57:07,2026-01-09T06:57:07,2026-01-13T05:57:07,False
O004572,C00756,delivered,2025-12-29T05:59:24,2025-12-29T13:59:24,2026-01-05T13:59:24,2026-01-09T05:59:24,False
O004573,C00773,delivered,2025-12-22T06:01:41,2025-12-22T21:01:41,2026-01-01T21:01:41,2026-01-05T06:01:41,False
O004574,C00790,delivered,2025-12-15T06:03:58,2025-12-15T09:03:58,2025-12-20T09:03:58,2025-12-25T06:03:58,False
O004575,C00807,delivered,2025-12-08T06:06:15,2025-12-08T16:06:15,2025-12-16T16:06:15,2025-12-21T06:06:15,False
O004576,C00824,delivered,2025-12-01T06:08:32,2025-12-01T23:08:32,2025-12-13T06:08:32,2025-12-10T06:08:32,True
O004577,C00841,delivered,2025-11-24T06:10:49,2025-11-24T11:10:49,2025-11-30T11:10:49,2025-12-06T06:10:49,False
O004578,C00858,delivered,2025-11-17T06:13:06,2025-11-17T18:13:06,2025-11-24T06:13:06,2025-11-25T06:13:06,False
O004579,C00875,delivered,2025-11-10T06:15:23,2025-11-10T06:15:23,2025-11-14T06:15:23,2025-11-21T06:15:23,False
O004580,C00892,delivered,2025-11-03T06:17:40,2025-11-03T13:17:40,2025-11-10T13:17:40,2025-11-17T06:17:40,False
O004581,C00909,delivered,2025-10-27T06:19:57,2025-10-27T20:19:57,2025-11-06T20:19:57,2025-11-06T06:19:57,False
O004582,C00926,delivered,2025-10-20T06:22:14,2025-10-20T08:22:14,2025-10-25T08:22:14,2025-11-02T06:22:14,False
O004583,C00943,delivered,2025-10-13T06:24:31,2025-10-13T15:24:31,2025-10-21T15:24:31,2025-10-22T06:24:31,False
O004584,C00960,delivered,2025-10-06T06:26:48,2025-10-06T22:26:48,2025-10-09T22:26:48,2025-10-18T06:26:48,False
O004585,C00977,delivered,2025-09-29T06:29:05,2025-09-29T10:29:05,2025-10-05T10:29:05,2025-10-07T06:29:05,False
O004586,C00994,delivered,2025-09-22T06:31:22,2025-09-22T17:31:22,2025-10-01T17:31:22,2025-10-03T06:31:22,False
O004587,C00011,delivered,2025-09-15T06:33:39,2025-09-16T00:33:39,2025-09-20T00:33:39,2025-09-29T06:33:39,False
O004588,C00028,delivered,2025-09-08T06:35:56,2025-09-08T12:35:56,2025-09-15T12:35:56,2025-09-18T06:35:56,False
O004589,C00045,delivered,2026-09-01T06:38:13,2026-09-01T19:38:13,2026-09-20T06:38:13,2026-09-14T06:38:13,True
O004590,C00062,shipped,2026-08-25T06:40:30,2026-08-25T07:40:30,2026-08-30T07:40:30,2026-09-03T06:40:30,False
O004591,C00079,shipped,2026-08-18T06:42:47,2026-08-18T14:42:47,2026-08-26T14:42:47,2026-08-30T06:42:47,False
O004592,C00096,shipped,2026-08-11T06:45:04,2026-08-11T21:45:04,2026-08-14T21:45:04,2026-08-19T06:45:04,False
O004593,C00113,shipped,2026-08-04T06:47:21,2026-08-04T09:47:21,2026-08-10T09:47:21,2026-08-15T06:47:21,False
O004594,C00130,processing,2026-07-28T06:49:38,2026-07-28T16:49:38,,2026-08-11T06:49:38,
O004595,C00147,processing,2026-07-21T06:51:55,2026-07-21T23:51:55,,2026-07-31T06:51:55,
O004596,C00164,processing,2026-07-14T06:54:12,2026-07-14T11:54:12,,2026-07-27T06:54:12,
O004597,C00181,canceled,2026-07-07T06:56:29,2026-07-07T18:56:29,,2026-07-16T06:56:29,
O004598,C00198,canceled,2026-06-30T06:58:46,2026-06-30T06:58:46,,2026-07-12T06:58:46,
O004599,C00215,invoiced,2026-06-23T07:01:03,2026-06-23T14:01:03,,2026-07-01T07:01:03,
O004600,C00232,delivered,2026-06-16T07:03:20,2026-06-16T21:03:20,2026-06-19T21:03:20,2026-06-27T07:03:20,False
O004601,C00249,delivered,2026-06-09T07:05:37,2026-06-09T09:05:37,2026-06-15T09:05:37,2026-06-23T07:05:37,False
O004602,C00266,delivered,2026-06-02T07:07:54,2026-06-02T16:07:54,2026-06-16T07:07:54,2026-06-12T07:07:54,True
O004603,C00283,delivered,2026-05-26T07:10:11,2026-05-26T23:10:11,2026-05-30T23:10:11,2026-06-08T07:10:11,False
O004604,C00300,delivered,2026-05-19T07:12:28,2026-05-19T11:12:28,2026-05-26T11:12:28,2026-05-28T07:12:28,False
O004605,C00317,delivered,2026-05-12T07:14:45,2026-05-12T18:14:45,2026-05-22T18:14:45,2026-05-24T07:14:45,False
O004606,C00334,delivered,2026-05-05T07:17:02,2026-05-06T01:17:02,2026-05-11T01:17:02,2026-05-13T07:17:02,False
O004607,C00351,delivered,2026-04-28T07:19:19,2026-04-28T13:19:19,2026-05-06T13:19:19,2026-05-09T07:19:19,False
O004608,C00368,delivered,2026-04-21T07:21:36,2026-04-21T20:21:36,2026-04-24T20:21:36,2026-05-05T07:21:36,False
O004609,C00385,delivered,2026-04-14T07:23:53,2026-04-14T08:23:53,2026-04-20T08:23:53,2026-04-24T07:23:53,False
O004610,C00402,delivered,2026-04-07T07:26:10,2026-04-07T15:26:10,2026-04-16T15:26:10,2026-04-20T07:26:10,False
O004611,C00419,delivered,2026-03-31T07:28:27,2026-03-31T22:28:27,2026-04-04T22:28:27,2026-04-09T07:28:27,False
O004612,C00436,delivered,2026-03-24T07:30:44,2026-03-24T10:30:44,2026-03-31T10:30:44,2026-04-05T07:30:44,False
O004613,C00453,delivered,2026-03-17T07:33:01,2026-03-17T17:33:01,2026-03-24T07:33:01,2026-03-25T07:33:01,False
O004614,C00470,delivered,2026-03-10T07:35:18,2026-03-11T00:35:18,2026-03-16T00:35:18,2026-03-21T07:35:18,False
O004615,C00487,delivered,2026-03-03T07:37:35,2026-03-03T12:37:35,2026-03-19T07:37:35,2026-03-17T07:37:35,True
O004616,C00504,delivered,2026-02-24T07:39:52,2026-02-24T19:39:52,2026-02-27T19:39:52,2026-03-06T07:39:52,False
O004617,C00521,delivered,2026-02-17T07:42:09,2026-02-17T07:42:09,2026-02-23T07:42:09,2026-03-02T07:42:09,False
O004618,C00538,delivered,2026-02-10T07:44:26,2026-02-10T14:44:26,2026-02-19T14:44:26,2026-02-19T07:44:26,False
O004619,C00555,delivered,2026-02-03T07:46:43,2026-02-03T21:46:43,2026-02-07T21:46:43,2026-02-15T07:46:43,False
O004620,C00572,delivered,2026-01-27T07:49:00,2026-01-27T09:49:00,2026-02-03T09:49:00,2026-02-04T07:49:00,False
O004621,C00589,delivered,2026-01-20T07:51:17,2026-01-20T16:51:17,2026-01-30T16:51:17,2026-01-31T07:51:17,False
O004622,C00606,delivered,2026-01-13T07:53:34,2026-01-13T23:53:34,2026-01-18T23:53:34,2026-01-27T07:53:34,False
O004623,C00623,delivered,2026-01-06T07:55:51,2026-01-06T11:55:51,2026-01-14T11:55:51,2026-01-16T07:55:51,False
O004624,C00640,delivered,2025-12-30T07:58:08,2025-12-30T18:58:08,2026-01-02T18:58:08,2026-01-12T07:58:08,False
O004625,C00657,delivered,2025-12-23T08:00:25,2025-12-24T02:00:25,2025-12-30T02:00:25,2026-01-01T08:00:25,False
O004626,C00674,delivered,2025-12-16T08:02:42,2025-12-16T14:02:42,2025-12-25T14:02:42,2025-12-28T08:02:42,False
O004627,C00691,delivered,2025-12-09T08:04:59,2025-12-09T21:04:59,2025-12-13T21:04:59,2025-12-17T08:04:59,False
O004628,C00708,delivered,2025-12-02T08:07:16,2025-12-02T09:07:16,2025-12-18T08:07:16,2025-12-13T08:07:16,True
O004629,C00725,delivered,2025-11-25T08:09:33,2025-11-25T16:09:33,2025-12-05T16:09:33,2025-12-09T08:09:33,False
O004630,C00742,delivered,2025-11-18T08:11:50,2025-11-18T23:11:50,2025-11-23T23:11:50,2025-11-28T08:11:50,False
O004631,C00759,delivered,2025-11-11T08:14:07,2025-11-11T11:14:07,2025-11-19T11:14:07,2025-11-24T08:14:07,False
O004632,C00776,delivered,2025-11-04T08:16:24,2025-11-04T18:16:24,2025-11-07T18:16:24,2025-11-13T08:16:24,False
O004633,C00793,delivered,2025-10-28T08:18:41,2025-10-29T01:18:41,2025-11-04T01:18:41,2025-11-09T08:18:41,False
O004634,C00810,delivered,2025-10-21T08:20:58,2025-10-21T13:20:58,2025-10-28T08:20:58,2025-10-29T08:20:58,False
O004635,C00827,delivered,2025-10-14T08:23:15,2025-10-14T20:23:15,2025-10-18T20:23:15,2025-10-25T08:23:15,False
O004636,C00844,delivered,2025-10-07T08:25:32,2025-10-07T08:25:32,2025-10-14T08:25:32,2025-10-21T08:25:32,False
O004637,C00861,delivered,2025-09-30T08:27:49,2025-09-30T15:27:49,2025-10-10T15:27:49,2025-10-10T08:27:49,False
O004638,C00878,delivered,2025-09-23T08:30:06,2025-09-23T22:30:06,2025-09-28T22:30:06,2025-10-06T08:30:06,False
O004639,C00895,delivered,2025-09-16T08:32:23,2025-09-16T10:32:23,2025-09-24T10:32:23,2025-09-25T08:32:23,False
O004640,C00912,delivered,2025-09-09T08:34:40,2025-09-09T17:34:40,2025-09-12T17:34:40,2025-09-21T08:34:40,False
O004641,C00929,delivered,2026-09-02T08:36:57,2026-09-03T00:36:57,2026-09-13T08:36:57,2026-09-10T08:36:57,True
O004642,C00946,delivered,2026-08-26T08:39:14,2026-08-26T12:39:14,2026-09-04T12:39:14,2026-09-06T08:39:14,False
O004643,C00963,delivered,2026-08-19T08:41:31,2026-08-19T19:41:31,2026-08-23T19:41:31,2026-09-02T08:41:31,False
O004644,C00980,delivered,2026-08-12T08:43:48,2026-08-13T02:43:48,2026-08-20T02:43:48,2026-08-22T08:43:48,False
O004645,C00997,delivered,2026-08-05T08:46:05,2026-08-05T14:46:05,2026-08-15T14:46:05,2026-08-18T08:46:05,False
O004646,C00014,delivered,2026-07-29T08:48:22,2026-07-29T21:48:22,2026-08-03T21:48:22,2026-08-07T08:48:22,False
O004647,C00031,delivered,2026-07-22T08:50:39,2026-07-22T09:50:39,2026-07-30T09:50:39,2026-08-03T08:50:39,False
O004648,C00048,delivered,2026-07-15T08:52:56,2026-07-15T16:52:56,2026-07-18T16:52:56,2026-07-23T08:52:56,False
O004649,C00065,delivered,2026-07-08T08:55:13,2026-07-08T23:55:13,2026-07-14T23:55:13,2026-07-19T08:55:13,False
O004650,C00082,delivered,2026-07-01T08:57:30,2026-07-01T11:57:30,2026-07-10T11:57:30,2026-07-15T08:57:30,False
O004651,C00099,delivered,2026-06-24T08:59:47,2026-06-24T18:59:47,2026-06-28T18:59:47,2026-07-04T08:59:47,False
O004652,C00116,delivered,2026-06-17T09:02:04,2026-06-18T02:02:04,2026-06-25T02:02:04,2026-06-30T09:02:04,False
O004653,C00133,delivered,2026-06-10T09:04:21,2026-06-10T14:04:21,2026-06-18T09:04:21,2026-06-19T09:04:21,False
O004654,C00150,delivered,2026-06-03T09:06:38,2026-06-03T21:06:38,2026-06-21T09:06:38,2026-06-15T09:06:38,True
O004655,C00167,delivered,2026-05-27T09:08:55,2026-05-27T09:08:55,2026-06-04T09:08:55,2026-06-04T09:08:55,False
O004656,C00184,delivered,2026-05-20T09:11:12,2026-05-20T16:11:12,2026-05-23T16:11:12,2026-05-31T09:11:12,False
O004657,C00201,delivered,2026-05-13T09:13:29,2026-05-13T23:13:29,2026-05-19T23:13:29,2026-05-27T09:13:29,False
O004658,C00218,delivered,2026-05-06T09:15:46,2026-05-06T11:15:46,2026-05-15T11:15:46,2026-05-16T09:15:46,False
O004659,C00235,delivered,2026-04-29T09:18:03,2026-04-29T18:18:03,2026-05-03T18:18:03,2026-05-12T09:18:03,False
O004660,C00252,delivered,2026-04-22T09:20:20,2026-04-23T01:20:20,2026-04-30T01:20:20,2026-05-01T09:20:20,False
O004661,C00269,delivered,2026-04-15T09:22:37,2026-04-15T13:22:37,2026-04-25T13:22:37,2026-04-27T09:22:37,False
O004662,C00286,delivered,2026-04-08T09:24:54,2026-04-08T20:24:54,2026-04-13T20:24:54,2026-04-16T09:24:54,False
O004663,C00303,delivered,2026-04-01T09:27:11,2026-04-02T03:27:11,2026-04-10T03:27:11,2026-04-12T09:27:11,False
O004664,C00320,delivered,2026-03-25T09:29:28,2026-03-25T15:29:28,2026-03-28T15:29:28,2026-04-08T09:29:28,False
O004665,C00337,delivered,2026-03-18T09:31:45,2026-03-18T22:31:45,2026-03-24T22:31:45,2026-03-28T09:31:45,False
O004666,C00354,delivered,2026-03-11T09:34:02,2026-03-11T10:34:02,2026-03-20T10:34:02,2026-03-24T09:34:02,False
O004667,C00371,delivered,2026-03-04T09:36:19,2026-03-04T17:36:19,2026-03-17T09:36:19,2026-03-13T09:36:19,True
O004668,C00388,delivered,2026-02-25T09:38:36,2026-02-26T00:38:36,2026-03-05T00:38:36,2026-03-09T09:38:36,False
O004669,C00405,delivered,2026-02-18T09:40:53,2026-02-18T12:40:53,2026-02-25T09:40:53,2026-02-26T09:40:53,False
O004670,C00422,delivered,2026-02-11T09:43:10,2026-02-11T19:43:10,2026-02-16T19:43:10,2026-02-22T09:43:10,False
O004671,C00439,delivered,2026-02-04T09:45:27,2026-02-05T02:45:27,2026-02-13T02:45:27,2026-02-18T09:45:27,False
O004672,C00456,delivered,2026-01-28T09:47:44,2026-01-28T14:47:44,2026-01-31T14:47:44,2026-02-07T09:47:44,False
O004673,C00473,delivered,2026-01-21T09:50:01,2026-01-21T21:50:01,2026-01-27T21:50:01,2026-02-03T09:50:01,False
O004674,C00490,delivered,2026-01-14T09:52:18,2026-01-14T09:52:18,2026-01-23T09:52:18,2026-01-23T09:52:18,False
O004675,C00507,delivered,2026-01-07T09:54:35,2026-01-07T16:54:35,2026-01-11T16:54:35,2026-01-19T09:54:35,False
O004676,C00524,delivered,2025-12-31T09:56:52,2025-12-31T23:56:52,2026-01-07T23:56:52,2026-01-08T09:56:52,False
O004677,C00541,delivered,2025-12-24T09:59:09,2025-12-24T11:59:09,2026-01-03T11:59:09,2026-01-04T09:59:09,False
O004678,C00558,delivered,2025-12-17T10:01:26,2025-12-17T19:01:26,2025-12-22T19:01:26,2025-12-31T10:01:26,False
O004679,C00575,delivered,2025-12-10T10:03:43,2025-12-11T02:03:43,2025-12-19T02:03:43,2025-12-20T10:03:43,False
O004680,C00592,delivered,2025-12-03T10:06:00,2025-12-03T14:06:00,2025-12-18T10:06:00,2025-12-16T10:06:00,True
O004681,C00609,delivered,2025-11-26T10:08:17,2025-11-26T21:08:17,2025-12-02T21:08:17,2025-12-05T10:08:17,False
O004682,C00626,delivered,2025-11-19T10:10:34,2025-11-20T04:10:34,2025-11-29T04:10:34,2025-12-01T10:10:34,False
O004683,C00643,delivered,2025-11-12T10:12:51,2025-11-12T16:12:51,2025-11-16T16:12:51,2025-11-20T10:12:51,False
O004684,C00660,delivered,2025-11-05T10:15:08,2025-11-05T23:15:08,2025-11-12T23:15:08,2025-11-16T10:15:08,False
O004685,C00677,delivered,2025-10-29T10:17:25,2025-10-29T11:17:25,2025-11-08T11:17:25,2025-11-12T10:17:25,False
O004686,C00694,delivered,2025-10-22T10:19:42,2025-10-22T18:19:42,2025-10-27T18:19:42,2025-11-01T10:19:42,False
O004687,C00711,delivered,2025-10-15T10:21:59,2025-10-16T01:21:59,2025-10-24T01:21:59,2025-10-28T10:21:59,False
O004688,C00728,delivered,2025-10-08T10:24:16,2025-10-08T13:24:16,2025-10-11T13:24:16,2025-10-17T10:24:16,False
O004689,C00745,delivered,2025-10-01T10:26:33,2025-10-01T20:26:33,2025-10-07T20:26:33,2025-10-13T10:26:33,False
O004690,C00762,shipped,2025-09-24T10:28:50,2025-09-25T03:28:50,2025-10-01T10:28:50,2025-10-02T10:28:50,False
O004691,C00779,shipped,2025-09-17T10:31:07,2025-09-17T15:31:07,2025-09-21T15:31:07,2025-09-28T10:31:07,False
O004692,C00796,shipped,2025-09-10T10:33:24,2025-09-10T22:33:24,2025-09-17T22:33:24,2025-09-24T10:33:24,False
O004693,C00813,shipped,2026-09-03T10:35:41,2026-09-03T10:35:41,2026-09-18T10:35:41,2026-09-13T10:35:41,True
O004694,C00830,processing,2026-08-27T10:37:58,2026-08-27T17:37:58,,2026-09-09T10:37:58,
O004695,C00847,processing,2026-08-20T10:40:15,2026-08-21T00:40:15,,2026-08-29T10:40:15,
O004696,C00864,processing,2026-08-13T10:42:32,2026-08-13T12:42:32,,2026-08-25T10:42:32,
O004697,C00881,canceled,2026-08-06T10:44:49,2026-08-06T19:44:49,,2026-08-14T10:44:49,
O004698,C00898,canceled,2026-07-30T10:47:06,2026-07-31T02:47:06,,2026-08-10T10:47:06,
O004699,C00915,invoiced,2026-07-23T10:49:23,2026-07-23T14:49:23,,2026-08-06T10:49:23,
O004700,C00932,delivered,2026-07-16T10:51:40,2026-07-16T21:51:40,2026-07-23T21:51:40,2026-07-26T10:51:40,False
O004701,C00949,delivered,2026-07-09T10:53:57,2026-07-10T04:53:57,2026-07-20T04:53:57,2026-07-22T10:53:57,False
O004702,C00966,delivered,2026-07-02T10:56:14,2026-07-02T16:56:14,2026-07-07T16:56:14,2026-07-11T10:56:14,False
O004703,C00983,delivered,2026-06-25T10:58:31,2026-06-25T23:58:31,2026-07-03T23:58:31,2026-07-07T10:58:31,False
O004704,C01000,delivered,2026-06-18T11:00:48,2026-06-18T12:00:48,2026-06-21T12:00:48,2026-06-26T11:00:48,False
O004705,C00017,delivered,2026-06-11T11:03:05,2026-06-11T19:03:05,2026-06-17T19:03:05,2026-06-22T11:03:05,False
O004706,C00034,delivered,2026-06-04T11:05:22,2026-06-05T02:05:22,2026-06-21T11:05:22,2026-06-18T11:05:22,True
O004707,C00051,delivered,2026-05-28T11:07:39,2026-05-28T14:07:39,2026-06-01T14:07:39,2026-06-07T11:07:39,False
O004708,C00068,delivered,2026-05-21T11:09:56,2026-05-21T21:09:56,2026-05-28T21:09:56,2026-06-03T11:09:56,False
O004709,C00085,delivered,2026-05-14T11:12:13,2026-05-15T04:12:13,2026-05-22T11:12:13,2026-05-23T11:12:13,False
O004710,C00102,delivered,2026-05-07T11:14:30,2026-05-07T16:14:30,2026-05-12T16:14:30,2026-05-19T11:14:30,False
O004711,C00119,delivered,2026-04-30T11:16:47,2026-04-30T23:16:47,2026-05-08T23:16:47,2026-05-08T11:16:47,False
O004712,C00136,delivered,2026-04-23T11:19:04,2026-04-23T11:19:04,2026-04-26T11:19:04,2026-05-04T11:19:04,False
O004713,C00153,delivered,2026-04-16T11:21:21,2026-04-16T18:21:21,2026-04-22T18:21:21,2026-04-30T11:21:21,False
O004714,C00170,delivered,2026-04-09T11:23:38,2026-04-10T01:23:38,2026-04-19T01:23:38,2026-04-19T11:23:38,False
O004715,C00187,delivered,2026-04-02T11:25:55,2026-04-02T13:25:55,2026-04-06T13:25:55,2026-04-15T11:25:55,False
O004716,C00204,delivered,2026-03-26T11:28:12,2026-03-26T20:28:12,2026-04-02T20:28:12,2026-04-04T11:28:12,False
O004717,C00221,delivered,2026-03-19T11:30:29,2026-03-20T03:30:29,2026-03-30T03:30:29,2026-03-31T11:30:29,False
O004718,C00238,delivered,2026-03-12T11:32:46,2026-03-12T15:32:46,2026-03-17T15:32:46,2026-03-20T11:32:46,False
O004719,C00255,delivered,2026-03-05T11:35:03,2026-03-05T22:35:03,2026-03-22T11:35:03,2026-03-16T11:35:03,True
O004720,C00272,delivered,2026-02-26T11:37:20,2026-02-27T05:37:20,2026-03-02T05:37:20,2026-03-12T11:37:20,False
O004721,C00289,delivered,2026-02-19T11:39:37,2026-02-19T17:39:37,2026-02-25T17:39:37,2026-03-01T11:39:37,False
O004722,C00306,delivered,2026-02-12T11:41:54,2026-02-13T00:41:54,2026-02-22T00:41:54,2026-02-25T11:41:54,False
O004723,C00323,delivered,2026-02-05T11:44:11,2026-02-05T12:44:11,2026-02-09T12:44:11,2026-02-14T11:44:11,False
O004724,C00340,delivered,2026-01-29T11:46:28,2026-01-29T19:46:28,2026-02-05T19:46:28,2026-02-10T11:46:28,False
O004725,C00357,delivered,2026-01-22T11:48:45,2026-01-23T02:48:45,2026-01-29T11:48:45,2026-01-30T11:48:45,False
O004726,C00374,delivered,2026-01-15T11:51:02,2026-01-15T14:51:02,2026-01-20T14:51:02,2026-01-26T11:51:02,False
O004727,C00391,delivered,2026-01-08T11:53:19,2026-01-08T21:53:19,2026-01-16T21:53:19,2026-01-22T11:53:19,False
O004728,C00408,delivered,2026-01-01T11:55:36,2026-01-02T04:55:36,2026-01-05T04:55:36,2026-01-11T11:55:36,False
O004729,C00425,delivered,2025-12-25T11:57:53,2025-12-25T16:57:53,2025-12-31T16:57:53,2026-01-07T11:57:53,False
O004730,C00442,delivered,2025-12-18T12:00:10,2025-12-19T00:00:10,2025-12-26T12:00:10,2025-12-27T12:00:10,False
O004731,C00459,delivered,2025-12-11T12:02:27,2025-12-11T12:02:27,2025-12-15T12:02:27,2025-12-23T12:02:27,False
O004732,C00476,delivered,2025-12-04T12:04:44,2025-12-04T19:04:44,2025-12-16T12:04:44,2025-12-12T12:04:44,True
O004733,C00493,delivered,2025-11-27T12:07:01,2025-11-28T02:07:01,2025-12-08T02:07:01,2025-12-08T12:07:01,False
O004734,C00510,delivered,2025-11-20T12:09:18,2025-11-20T14:09:18,2025-11-25T14:09:18,2025-12-04T12:09:18,False
O004735,C00527,delivered,2025-11-13T12:11:35,2025-11-13T21:11:35,2025-11-21T21:11:35,2025-11-23T12:11:35,False
O004736,C00544,delivered,2025-11-06T12:13:52,2025-11-07T04:13:52,2025-11-10T04:13:52,2025-11-19T12:13:52,False
O004737,C00561,delivered,2025-10-30T12:16:09,2025-10-30T16:16:09,2025-11-05T16:16:09,2025-11-08T12:16:09,False
O004738,C00578,delivered,2025-10-23T12:18:26,2025-10-23T23:18:26,2025-11-01T23:18:26,2025-11-04T12:18:26,False
O004739,C00595,delivered,2025-10-16T12:20:43,2025-10-17T06:20:43,2025-10-21T06:20:43,2025-10-24T12:20:43,False
O004740,C00612,delivered,2025-10-09T12:23:00,2025-10-09T18:23:00,2025-10-16T18:23:00,2025-10-20T12:23:00,False
O004741,C00629,delivered,2025-10-02T12:25:17,2025-10-03T01:25:17,2025-10-13T01:25:17,2025-10-16T12:25:17,False
O004742,C00646,delivered,2025-09-25T12:27:34,2025-09-25T13:27:34,2025-09-30T13:27:34,2025-10-05T12:27:34,False
O004743,C00663,delivered,2025-09-18T12:29:51,2025-09-18T20:29:51,2025-09-26T20:29:51,2025-10-01T12:29:51,False
O004744,C00680,delivered,2025-09-11T12:32:08,2025-09-12T03:32:08,2025-09-15T03:32:08,2025-09-20T12:32:08,False
O004745,C00697,delivered,2026-09-04T12:34:25,2026-09-04T15:34:25,2026-09-18T12:34:25,2026-09-16T12:34:25,True
O004746,C00714,delivered,2026-08-28T12:36:42,2026-08-28T22:36:42,2026-09-04T12:36:42,2026-09-05T12:36:42,False
O004747,C00731,delivered,2026-08-21T12:38:59,2026-08-22T05:38:59,2026-08-26T05:38:59,2026-09-01T12:38:59,False
O004748,C00748,delivered,2026-08-14T12:41:16,2026-08-14T17:41:16,2026-08-21T17:41:16,2026-08-28T12:41:16,False
O004749,C00765,delivered,2026-08-07T12:43:33,2026-08-08T00:43:33,2026-08-16T12:43:33,2026-08-17T12:43:33,False
O004750,C00782,delivered,2026-07-31T12:45:50,2026-07-31T12:45:50,2026-08-05T12:45:50,2026-08-13T12:45:50,False
O004751,C00799,delivered,2026-07-24T12:48:07,2026-07-24T19:48:07,2026-08-01T19:48:07,2026-08-02T12:48:07,False
O004752,C00816,delivered,2026-07-17T12:50:24,2026-07-18T02:50:24,2026-07-21T02:50:24,2026-07-29T12:50:24,False
O004753,C00833,delivered,2026-07-10T12:52:41,2026-07-10T14:52:41,2026-07-16T14:52:41,2026-07-18T12:52:41,False
O004754,C00850,delivered,2026-07-03T12:54:58,2026-07-03T21:54:58,2026-07-12T21:54:58,2026-07-14T12:54:58,False
O004755,C00867,delivered,2026-06-26T12:57:15,2026-06-27T04:57:15,2026-07-01T04:57:15,2026-07-10T12:57:15,False
O004756,C00884,delivered,2026-06-19T12:59:32,2026-06-19T16:59:32,2026-06-26T16:59:32,2026-06-29T12:59:32,False
O004757,C00901,delivered,2026-06-12T13:01:49,2026-06-13T00:01:49,2026-06-23T00:01:49,2026-06-25T13:01:49,False
O004758,C00918,delivered,2026-06-05T13:04:06,2026-06-06T07:04:06,2026-06-19T13:04:06,2026-06-14T13:04:06,True
O004759,C00935,delivered,2026-05-29T13:06:23,2026-05-29T19:06:23,2026-06-06T19:06:23,2026-06-10T13:06:23,False
O004760,C00952,delivered,2026-05-22T13:08:40,2026-05-23T02:08:40,2026-05-26T02:08:40,2026-05-30T13:08:40,False
O004761,C00969,delivered,2026-05-15T13:10:57,2026-05-15T14:10:57,2026-05-21T14:10:57,2026-05-26T13:10:57,False
O004762,C00986,delivered,2026-05-08T13:13:14,2026-05-08T21:13:14,2026-05-17T21:13:14,2026-05-22T13:13:14,False
O004763,C00003,delivered,2026-05-01T13:15:31,2026-05-02T04:15:31,2026-05-06T04:15:31,2026-05-11T13:15:31,False
O004764,C00020,delivered,2026-04-24T13:17:48,2026-04-24T16:17:48,2026-05-01T16:17:48,2026-05-07T13:17:48,False
O004765,C00037,delivered,2026-04-17T13:20:05,2026-04-17T23:20:05,2026-04-25T13:20:05,2026-04-26T13:20:05,False
O004766,C00054,delivered,2026-04-10T13:22:22,2026-04-11T06:22:22,2026-04-16T06:22:22,2026-04-22T13:22:22,False
O004767,C00071,delivered,2026-04-03T13:24:39,2026-04-03T18:24:39,2026-04-11T18:24:39,2026-04-11T13:24:39,False
O004768,C00088,delivered,2026-03-27T13:26:56,2026-03-28T01:26:56,2026-03-31T01:26:56,2026-04-07T13:26:56,False
O004769,C00105,delivered,2026-03-20T13:29:13,2026-03-20T13:29:13,2026-03-26T13:29:13,2026-04-03T13:29:13,False
O004770,C00122,delivered,2026-03-13T13:31:30,2026-03-13T20:31:30,2026-03-22T20:31:30,2026-03-23T13:31:30,False
O004771,C00139,delivered,2026-03-06T13:33:47,2026-03-07T03:33:47,2026-03-22T13:33:47,2026-03-19T13:33:47,True
O004772,C00156,delivered,2026-02-27T13:36:04,2026-02-27T15:36:04,2026-03-06T15:36:04,2026-03-08T13:36:04,False
O004773,C00173,delivered,2026-02-20T13:38:21,2026-02-20T22:38:21,2026-03-02T22:38:21,2026-03-04T13:38:21,False
O004774,C00190,delivered,2026-02-13T13:40:38,2026-02-14T05:40:38,2026-02-19T05:40:38,2026-02-21T13:40:38,False
O004775,C00207,delivered,2026-02-06T13:42:55,2026-02-06T17:42:55,2026-02-14T17:42:55,2026-02-17T13:42:55,False
O004776,C00224,delivered,2026-01-30T13:45:12,2026-01-31T00:45:12,2026-02-03T00:45:12,2026-02-13T13:45:12,False
O004777,C00241,delivered,2026-01-23T13:47:29,2026-01-24T07:47:29,2026-01-30T07:47:29,2026-02-02T13:47:29,False
O004778,C00258,delivered,2026-01-16T13:49:46,2026-01-16T19:49:46,2026-01-25T19:49:46,2026-01-29T13:49:46,False
O004779,C00275,delivered,2026-01-09T13:52:03,2026-01-10T02:52:03,2026-01-14T02:52:03,2026-01-18T13:52:03,False
O004780,C00292,delivered,2026-01-02T13:54:20,2026-01-02T14:54:20,2026-01-09T14:54:20,2026-01-14T13:54:20,False
O004781,C00309,delivered,2025-12-26T13:56:37,2025-12-26T21:56:37,2026-01-02T13:56:37,2026-01-03T13:56:37,False
O004782,C00326,delivered,2025-12-19T13:58:54,2025-12-20T04:58:54,2025-12-25T04:58:54,2025-12-30T13:58:54,False
O004783,C00343,delivered,2025-12-12T14:01:11,2025-12-12T17:01:11,2025-12-20T17:01:11,2025-12-26T14:01:11,False
O004784,C00360,delivered,2025-12-05T14:03:28,2025-12-06T00:03:28,2025-12-21T14:03:28,2025-12-15T14:03:28,True
O004785,C00377,delivered,2025-11-28T14:05:45,2025-11-29T07:05:45,2025-12-05T07:05:45,2025-12-11T14:05:45,False
O004786,C00394,delivered,2025-11-21T14:08:02,2025-11-21T19:08:02,2025-11-30T19:08:02,2025-11-30T14:08:02,False
O004787,C00411,delivered,2025-11-14T14:10:19,2025-11-15T02:10:19,2025-11-19T02:10:19,2025-11-26T14:10:19,False
O004788,C00428,delivered,2025-11-07T14:12:36,2025-11-07T14:12:36,2025-11-14T14:12:36,2025-11-15T14:12:36,False
O004789,C00445,delivered,2025-10-31T14:14:53,2025-10-31T21:14:53,2025-11-10T21:14:53,2025-11-11T14:14:53,False
O004790,C00462,shipped,2025-10-24T14:17:10,2025-10-25T04:17:10,2025-10-30T04:17:10,2025-11-07T14:17:10,False
O004791,C00479,shipped,2025-10-17T14:19:27,2025-10-17T16:19:27,2025-10-25T16:19:27,2025-10-27T14:19:27,False
O004792,C00496,shipped,2025-10-10T14:21:44,2025-10-10T23:21:44,2025-10-13T23:21:44,2025-10-23T14:21:44,False
O004793,C00513,shipped,2025-10-03T14:24:01,2025-10-04T06:24:01,2025-10-10T06:24:01,2025-10-12T14:24:01,False
O004794,C00530,processing,2025-09-26T14:26:18,2025-09-26T18:26:18,,2025-10-08T14:26:18,
O004795,C00547,processing,2025-09-19T14:28:35,2025-09-20T01:28:35,,2025-09-27T14:28:35,
O004796,C00564,processing,2025-09-12T14:30:52,2025-09-13T08:30:52,,2025-09-23T14:30:52,
O004797,C00581,canceled,2025-09-05T14:33:09,2025-09-05T20:33:09,,2025-09-19T14:33:09,
O004798,C00598,canceled,2026-08-29T14:35:26,2026-08-30T03:35:26,,2026-09-08T14:35:26,
O004799,C00615,invoiced,2026-08-22T14:37:43,2026-08-22T15:37:43,,2026-09-04T14:37:43,
O004800,C00632,delivered,2026-08-15T14:40:00,2026-08-15T22:40:00,2026-08-18T22:40:00,2026-08-24T14:40:00,False
O004801,C00649,delivered,2026-08-08T14:42:17,2026-08-09T05:42:17,2026-08-15T05:42:17,2026-08-20T14:42:17,False
O004802,C00666,delivered,2026-08-01T14:44:34,2026-08-01T17:44:34,2026-08-08T14:44:34,2026-08-09T14:44:34,False
O004803,C00683,delivered,2026-07-25T14:46:51,2026-07-26T00:46:51,2026-07-30T00:46:51,2026-08-05T14:46:51,False
O004804,C00700,delivered,2026-07-18T14:49:08,2026-07-19T07:49:08,2026-07-26T07:49:08,2026-08-01T14:49:08,False
O004805,C00717,delivered,2026-07-11T14:51:25,2026-07-11T19:51:25,2026-07-21T19:51:25,2026-07-21T14:51:25,False
O004806,C00734,delivered,2026-07-04T14:53:42,2026-07-05T02:53:42,2026-07-10T02:53:42,2026-07-17T14:53:42,False
O004807,C00751,delivered,2026-06-27T14:55:59,2026-06-27T14:55:59,2026-07-05T14:55:59,2026-07-06T14:55:59,False
O004808,C00768,delivered,2026-06-20T14:58:16,2026-06-20T21:58:16,2026-06-23T21:58:16,2026-07-02T14:58:16,False
O004809,C00785,delivered,2026-06-13T15:00:33,2026-06-14T05:00:33,2026-06-20T05:00:33,2026-06-21T15:00:33,False
O004810,C00802,delivered,2026-06-06T15:02:50,2026-06-06T17:02:50,2026-06-19T15:02:50,2026-06-17T15:02:50,True
O004811,C00819,delivered,2026-05-30T15:05:07,2026-05-31T00:05:07,2026-06-04T00:05:07,2026-06-13T15:05:07,False
O004812,C00836,delivered,2026-05-23T15:07:24,2026-05-24T07:07:24,2026-05-31T07:07:24,2026-06-02T15:07:24,False
O004813,C00853,delivered,2026-05-16T15:09:41,2026-05-16T19:09:41,2026-05-26T19:09:41,2026-05-29T15:09:41,False
O004814,C00870,delivered,2026-05-09T15:11:58,2026-05-10T02:11:58,2026-05-15T02:11:58,2026-05-18T15:11:58,False
O004815,C00887,delivered,2026-05-02T15:14:15,2026-05-03T09:14:15,2026-05-11T09:14:15,2026-05-14T15:14:15,False
O004816,C00904,delivered,2026-04-25T15:16:32,2026-04-25T21:16:32,2026-04-28T21:16:32,2026-05-03T15:16:32,False
O004817,C00921,delivered,2026-04-18T15:18:49,2026-04-19T04:18:49,2026-04-25T04:18:49,2026-04-29T15:18:49,False
O004818,C00938,delivered,2026-04-11T15:21:06,2026-04-11T16:21:06,2026-04-20T16:21:06,2026-04-25T15:21:06,False
O004819,C00955,delivered,2026-04-04T15:23:23,2026-04-04T23:23:23,2026-04-08T23:23:23,2026-04-14T15:23:23,False
O004820,C00972,delivered,2026-03-28T15:25:40,2026-03-29T06:25:40,2026-04-05T06:25:40,2026-04-10T15:25:40,False
O004821,C00989,delivered,2026-03-21T15:27:57,2026-03-21T18:27:57,2026-03-29T15:27:57,2026-03-30T15:27:57,False
O004822,C00006,delivered,2026-03-14T15:30:14,2026-03-15T01:30:14,2026-03-20T01:30:14,2026-03-26T15:30:14,False
O004823,C00023,delivered,2026-03-07T15:32:31,2026-03-08T08:32:31,2026-03-20T15:32:31,2026-03-15T15:32:31,True
O004824,C00040,delivered,2026-02-28T15:34:48,2026-02-28T20:34:48,2026-03-03T20:34:48,2026-03-11T15:34:48,False
O004825,C00057,delivered,2026-02-21T15:37:05,2026-02-22T03:37:05,2026-02-28T03:37:05,2026-03-07T15:37:05,False
O004826,C00074,delivered,2026-02-14T15:39:22,2026-02-14T15:39:22,2026-02-23T15:39:22,2026-02-24T15:39:22,False
O004827,C00091,delivered,2026-02-07T15:41:39,2026-02-07T22:41:39,2026-02-11T22:41:39,2026-02-20T15:41:39,False
O004828,C00108,delivered,2026-01-31T15:43:56,2026-02-01T05:43:56,2026-02-08T05:43:56,2026-02-09T15:43:56,False
O004829,C00125,delivered,2026-01-24T15:46:13,2026-01-24T17:46:13,2026-02-03T17:46:13,2026-02-05T15:46:13,False
O004830,C00142,delivered,2026-01-17T15:48:30,2026-01-18T00:48:30,2026-01-23T00:48:30,2026-01-25T15:48:30,False
O004831,C00159,delivered,2026-01-10T15:50:47,2026-01-11T07:50:47,2026-01-19T07:50:47,2026-01-21T15:50:47,False
O004832,C00176,delivered,2026-01-03T15:53:04,2026-01-03T19:53:04,2026-01-06T19:53:04,2026-01-17T15:53:04,False
O004833,C00193,delivered,2025-12-27T15:55:21,2025-12-28T02:55:21,2026-01-03T02:55:21,2026-01-06T15:55:21,False
O004834,C00210,delivered,2025-12-20T15:57:38,2025-12-21T09:57:38,2025-12-30T09:57:38,2026-01-02T15:57:38,False
O004835,C00227,delivered,2025-12-13T15:59:55,2025-12-13T21:59:55,2025-12-17T21:59:55,2025-12-22T15:59:55,False
O004836,C00244,delivered,2025-12-06T16:02:12,2025-12-07T05:02:12,2025-12-21T16:02:12,2025-12-18T16:02:12,True
O004837,C00261,delivered,2025-11-29T16:04:29,2025-11-29T17:04:29,2025-12-06T16:04:29,2025-12-07T16:04:29,False
O004838,C00278,delivered,2025-11-22T16:06:46,2025-11-23T00:06:46,2025-11-28T00:06:46,2025-12-03T16:06:46,False
O004839,C00295,delivered,2025-11-15T16:09:03,2025-11-16T07:09:03,2025-11-24T07:09:03,2025-11-29T16:09:03,False
O004840,C00312,delivered,2025-11-08T16:11:20,2025-11-08T19:11:20,2025-11-11T19:11:20,2025-11-18T16:11:20,False
O004841,C00329,delivered,2025-11-01T16:13:37,2025-11-02T02:13:37,2025-11-08T02:13:37,2025-11-14T16:13:37,False
O004842,C00346,delivered,2025-10-25T16:15:54,2025-10-26T09:15:54,2025-11-02T16:15:54,2025-11-03T16:15:54,False
O004843,C00363,delivered,2025-10-18T16:18:11,2025-10-18T21:18:11,2025-10-22T21:18:11,2025-10-30T16:18:11,False
O004844,C00380,delivered,2025-10-11T16:20:28,2025-10-12T04:20:28,2025-10-19T04:20:28,2025-10-19T16:20:28,False
O004845,C00397,delivered,2025-10-04T16:22:45,2025-10-04T16:22:45,2025-10-14T16:22:45,2025-10-15T16:22:45,False
O004846,C00414,delivered,2025-09-27T16:25:02,2025-09-27T23:25:02,2025-10-02T23:25:02,2025-10-11T16:25:02,False
O004847,C00431,delivered,2025-09-20T16:27:19,2025-09-21T06:27:19,2025-09-29T06:27:19,2025-09-30T16:27:19,False
O004848,C00448,delivered,2025-09-13T16:29:36,2025-09-13T18:29:36,2025-09-16T18:29:36,2025-09-26T16:29:36,False
O004849,C00465,delivered,2025-09-06T16:31:53,2025-09-07T01:31:53,2025-09-21T16:31:53,2025-09-15T16:31:53,True
O004850,C00482,delivered,2026-08-30T16:34:10,2026-08-31T08:34:10,2026-09-09T08:34:10,2026-09-11T16:34:10,False
O004851,C00499,delivered,2026-08-23T16:36:27,2026-08-23T20:36:27,2026-08-27T20:36:27,2026-08-31T16:36:27,False
O004852,C00516,delivered,2026-08-16T16:38:44,2026-08-17T03:38:44,2026-08-24T03:38:44,2026-08-27T16:38:44,False
O004853,C00533,delivered,2026-08-09T16:41:01,2026-08-10T10:41:01,2026-08-20T10:41:01,2026-08-23T16:41:01,False
O004854,C00550,delivered,2026-08-02T16:43:18,2026-08-02T22:43:18,2026-08-07T22:43:18,2026-08-12T16:43:18,False
O004855,C00567,delivered,2026-07-26T16:45:35,2026-07-27T05:45:35,2026-08-04T05:45:35,2026-08-08T16:45:35,False
O004856,C00584,delivered,2026-07-19T16:47:52,2026-07-19T17:47:52,2026-07-22T17:47:52,2026-07-28T16:47:52,False
O004857,C00601,delivered,2026-07-12T16:50:09,2026-07-13T00:50:09,2026-07-19T00:50:09,2026-07-24T16:50:09,False
O004858,C00618,delivered,2026-07-05T16:52:26,2026-07-06T07:52:26,2026-07-12T16:52:26,2026-07-13T16:52:26,False
O004859,C00635,delivered,2026-06-28T16:54:43,2026-06-28T19:54:43,2026-07-02T19:54:43,2026-07-09T16:54:43,False
O004860,C00652,delivered,2026-06-21T16:57:00,2026-06-22T02:57:00,2026-06-29T02:57:00,2026-07-05T16:57:00,False
O004861,C00669,delivered,2026-06-14T16:59:17,2026-06-15T09:59:17,2026-06-23T16:59:17,2026-06-24T16:59:17,False
O004862,C00686,delivered,2026-06-07T17:01:34,2026-06-07T22:01:34,2026-06-24T17:01:34,2026-06-20T17:01:34,True
O004863,C00703,delivered,2026-05-31T17:03:51,2026-06-01T05:03:51,2026-06-09T05:03:51,2026-06-09T17:03:51,False
O004864,C00720,delivered,2026-05-24T17:06:08,2026-05-24T17:06:08,2026-05-27T17:06:08,2026-06-05T17:06:08,False
O004865,C00737,delivered,2026-05-17T17:08:25,2026-05-18T00:08:25,2026-05-24T00:08:25,2026-05-25T17:08:25,False
O004866,C00754,delivered,2026-05-10T17:10:42,2026-05-11T07:10:42,2026-05-20T07:10:42,2026-05-21T17:10:42,False
O004867,C00771,delivered,2026-05-03T17:12:59,2026-05-03T19:12:59,2026-05-07T19:12:59,2026-05-17T17:12:59,False
O004868,C00788,delivered,2026-04-26T17:15:16,2026-04-27T02:15:16,2026-05-04T02:15:16,2026-05-06T17:15:16,False
O004869,C00805,delivered,2026-04-19T17:17:33,2026-04-20T09:17:33,2026-04-30T09:17:33,2026-05-02T17:17:33,False
O004870,C00822,delivered,2026-04-12T17:19:50,2026-04-12T21:19:50,2026-04-17T21:19:50,2026-04-21T17:19:50,False
O004871,C00839,delivered,2026-04-05T17:22:07,2026-04-06T04:22:07,2026-04-14T04:22:07,2026-04-17T17:22:07,False
O004872,C00856,delivered,2026-03-29T17:24:24,2026-03-30T11:24:24,2026-04-02T11:24:24,2026-04-06T17:24:24,False
O004873,C00873,delivered,2026-03-22T17:26:41,2026-03-22T23:26:41,2026-03-28T23:26:41,2026-04-02T17:26:41,False
O004874,C00890,delivered,2026-03-15T17:28:58,2026-03-16T06:28:58,2026-03-25T06:28:58,2026-03-29T17:28:58,False
O004875,C00907,delivered,2026-03-08T17:31:15,2026-03-08T18:31:15,2026-03-20T17:31:15,2026-03-18T17:31:15,True
O004876,C00924,delivered,2026-03-01T17:33:32,2026-03-02T01:33:32,2026-03-09T01:33:32,2026-03-14T17:33:32,False
O004877,C00941,delivered,2026-02-22T17:35:49,2026-02-23T08:35:49,2026-03-02T17:35:49,2026-03-03T17:35:49,False
O004878,C00958,delivered,2026-02-15T17:38:06,2026-02-15T20:38:06,2026-02-20T20:38:06,2026-02-27T17:38:06,False
O004879,C00975,delivered,2026-02-08T17:40:23,2026-02-09T03:40:23,2026-02-15T17:40:23,2026-02-16T17:40:23,False
O004880,C00992,delivered,2026-02-01T17:42:40,2026-02-02T10:42:40,2026-02-05T10:42:40,2026-02-12T17:42:40,False
O004881,C00009,delivered,2026-01-25T17:44:57,2026-01-25T22:44:57,2026-01-31T22:44:57,2026-02-08T17:44:57,False
O004882,C00026,delivered,2026-01-18T17:47:14,2026-01-19T05:47:14,2026-01-28T05:47:14,2026-01-28T17:47:14,False
O004883,C00043,delivered,2026-01-11T17:49:31,2026-01-11T17:49:31,2026-01-15T17:49:31,2026-01-24T17:49:31,False
O004884,C00060,delivered,2026-01-04T17:51:48,2026-01-05T00:51:48,2026-01-12T00:51:48,2026-01-13T17:51:48,False
O004885,C00077,delivered,2025-12-28T17:54:05,2025-12-29T07:54:05,2026-01-08T07:54:05,2026-01-09T17:54:05,False
O004886,C00094,delivered,2025-12-21T17:56:22,2025-12-21T19:56:22,2025-12-26T19:56:22,2025-12-29T17:56:22,False
O004887,C00111,delivered,2025-12-14T17:58:39,2025-12-15T02:58:39,2025-12-23T02:58:39,2025-12-25T17:58:39,False
O004888,C00128,delivered,2025-12-07T18:00:56,2025-12-08T10:00:56,2025-12-26T18:00:56,2025-12-21T18:00:56,True
O004889,C00145,delivered,2025-11-30T18:03:13,2025-11-30T22:03:13,2025-12-06T22:03:13,2025-12-10T18:03:13,False
O004890,C00162,shipped,2025-11-23T18:05:30,2025-11-24T05:05:30,2025-12-03T05:05:30,2025-12-06T18:05:30,False
O004891,C00179,shipped,2025-11-16T18:07:47,2025-11-17T12:07:47,2025-11-21T12:07:47,2025-11-25T18:07:47,False
O004892,C00196,shipped,2025-11-09T18:10:04,2025-11-10T00:10:04,2025-11-17T00:10:04,2025-11-21T18:10:04,False
O004893,C00213,shipped,2025-11-02T18:12:21,2025-11-03T07:12:21,2025-11-09T18:12:21,2025-11-10T18:12:21,False
O004894,C00230,processing,2025-10-26T18:14:38,2025-10-26T19:14:38,,2025-11-06T18:14:38,
O004895,C00247,processing,2025-10-19T18:16:55,2025-10-20T02:16:55,,2025-11-02T18:16:55,
O004896,C00264,processing,2025-10-12T18:19:12,2025-10-13T09:19:12,,2025-10-22T18:19:12,
O004897,C00281,canceled,2025-10-05T18:21:29,2025-10-05T21:21:29,,2025-10-18T18:21:29,
O004898,C00298,canceled,2025-09-28T18:23:46,2025-09-29T04:23:46,,2025-10-07T18:23:46,
O004899,C00315,invoiced,2025-09-21T18:26:03,2025-09-22T11:26:03,,2025-10-03T18:26:03,
O004900,C00332,delivered,2025-09-14T18:28:20,2025-09-14T23:28:20,2025-09-21T23:28:20,2025-09-22T18:28:20,False
O004901,C00349,delivered,2025-09-07T18:30:37,2025-09-08T06:30:37,2025-09-21T18:30:37,2025-09-18T18:30:37,True
O004902,C00366,delivered,2026-08-31T18:32:54,2026-08-31T18:32:54,2026-09-05T18:32:54,2026-09-14T18:32:54,False
O004903,C00383,delivered,2026-08-24T18:35:11,2026-08-25T01:35:11,2026-09-02T01:35:11,2026-09-03T18:35:11,False
O004904,C00400,delivered,2026-08-17T18:37:28,2026-08-18T08:37:28,2026-08-21T08:37:28,2026-08-30T18:37:28,False
O004905,C00417,delivered,2026-08-10T18:39:45,2026-08-10T20:39:45,2026-08-16T20:39:45,2026-08-19T18:39:45,False
O004906,C00434,delivered,2026-08-03T18:42:02,2026-08-04T03:42:02,2026-08-13T03:42:02,2026-08-15T18:42:02,False
O004907,C00451,delivered,2026-07-27T18:44:19,2026-07-28T10:44:19,2026-08-01T10:44:19,2026-08-04T18:44:19,False
O004908,C00468,delivered,2026-07-20T18:46:36,2026-07-20T22:46:36,2026-07-27T22:46:36,2026-07-31T18:46:36,False
O004909,C00485,delivered,2026-07-13T18:48:53,2026-07-14T05:48:53,2026-07-24T05:48:53,2026-07-27T18:48:53,False
O004910,C00502,delivered,2026-07-06T18:51:10,2026-07-07T12:51:10,2026-07-12T12:51:10,2026-07-16T18:51:10,False
O004911,C00519,delivered,2026-06-29T18:53:27,2026-06-30T00:53:27,2026-07-08T00:53:27,2026-07-12T18:53:27,False
O004912,C00536,delivered,2026-06-22T18:55:44,2026-06-23T07:55:44,2026-06-26T07:55:44,2026-07-01T18:55:44,False
O004913,C00553,delivered,2026-06-15T18:58:01,2026-06-15T19:58:01,2026-06-21T19:58:01,2026-06-27T18:58:01,False
O004914,C00570,delivered,2026-06-08T19:00:18,2026-06-09T03:00:18,2026-06-22T19:00:18,2026-06-16T19:00:18,True
O004915,C00587,delivered,2026-06-01T19:02:35,2026-06-02T10:02:35,2026-06-06T10:02:35,2026-06-12T19:02:35,False
O004916,C00604,delivered,2026-05-25T19:04:52,2026-05-25T22:04:52,2026-06-01T22:04:52,2026-06-08T19:04:52,False
O004917,C00621,delivered,2026-05-18T19:07:09,2026-05-19T05:07:09,2026-05-27T19:07:09,2026-05-28T19:07:09,False
O004918,C00638,delivered,2026-05-11T19:09:26,2026-05-12T12:09:26,2026-05-17T12:09:26,2026-05-24T19:09:26,False
O004919,C00655,delivered,2026-05-04T19:11:43,2026-05-05T00:11:43,2026-05-13T00:11:43,2026-05-13T19:11:43,False
O004920,C00672,delivered,2026-04-27T19:14:00,2026-04-28T07:14:00,2026-05-01T07:14:00,2026-05-09T19:14:00,False
O004921,C00689,delivered,2026-04-20T19:16:17,2026-04-20T19:16:17,2026-04-26T19:16:17,2026-04-28T19:16:17,False
O004922,C00706,delivered,2026-04-13T19:18:34,2026-04-14T02:18:34,2026-04-23T02:18:34,2026-04-24T19:18:34,False
O004923,C00723,delivered,2026-04-06T19:20:51,2026-04-07T09:20:51,2026-04-11T09:20:51,2026-04-20T19:20:51,False
O004924,C00740,delivered,2026-03-30T19:23:08,2026-03-30T21:23:08,2026-04-06T21:23:08,2026-04-09T19:23:08,False
O004925,C00757,delivered,2026-03-23T19:25:25,2026-03-24T04:25:25,2026-04-03T04:25:25,2026-04-05T19:25:25,False
O004926,C00774,delivered,2026-03-16T19:27:42,2026-03-17T11:27:42,2026-03-22T11:27:42,2026-03-25T19:27:42,False
O004927,C00791,delivered,2026-03-09T19:29:59,2026-03-09T23:29:59,2026-03-25T19:29:59,2026-03-21T19:29:59,True
O004928,C00808,delivered,2026-03-02T19:32:16,2026-03-03T06:32:16,2026-03-06T06:32:16,2026-03-10T19:32:16,False
O004929,C00825,delivered,2026-02-23T19:34:33,2026-02-24T13:34:33,2026-03-02T13:34:33,2026-03-06T19:34:33,False
O004930,C00842,delivered,2026-02-16T19:36:50,2026-02-17T01:36:50,2026-02-26T01:36:50,2026-03-02T19:36:50,False
O004931,C00859,delivered,2026-02-09T19:39:07,2026-02-10T08:39:07,2026-02-14T08:39:07,2026-02-19T19:39:07,False
O004932,C00876,delivered,2026-02-02T19:41:24,2026-02-02T20:41:24,2026-02-09T20:41:24,2026-02-15T19:41:24,False
O004933,C00893,delivered,2026-01-26T19:43:41,2026-01-27T03:43:41,2026-02-03T19:43:41,2026-02-04T19:43:41,False
O004934,C00910,delivered,2026-01-19T19:45:58,2026-01-20T10:45:58,2026-01-25T10:45:58,2026-01-31T19:45:58,False
O004935,C00927,delivered,2026-01-12T19:48:15,2026-01-12T22:48:15,2026-01-20T22:48:15,2026-01-20T19:48:15,False
O004936,C00944,delivered,2026-01-05T19:50:32,2026-01-06T05:50:32,2026-01-09T05:50:32,2026-01-16T19:50:32,False
O004937,C00961,delivered,2025-12-29T19:52:49,2025-12-30T12:52:49,2026-01-05T12:52:49,2026-01-12T19:52:49,False
O004938,C00978,delivered,2025-12-22T19:55:06,2025-12-23T00:55:06,2026-01-01T00:55:06,2026-01-01T19:55:06,False
O004939,C00995,delivered,2025-12-15T19:57:23,2025-12-16T07:57:23,2025-12-20T07:57:23,2025-12-28T19:57:23,False
O004940,C00012,delivered,2025-12-08T19:59:40,2025-12-08T19:59:40,2025-12-19T19:59:40,2025-12-17T19:59:40,True
O004941,C00029,delivered,2025-12-01T20:01:57,2025-12-02T03:01:57,2025-12-12T03:01:57,2025-12-13T20:01:57,False
O004942,C00046,delivered,2025-11-24T20:04:14,2025-11-25T10:04:14,2025-11-30T10:04:14,2025-12-02T20:04:14,False
O004943,C00063,delivered,2025-11-17T20:06:31,2025-11-17T22:06:31,2025-11-25T22:06:31,2025-11-28T20:06:31,False
O004944,C00080,delivered,2025-11-10T20:08:48,2025-11-11T05:08:48,2025-11-14T05:08:48,2025-11-24T20:08:48,False
O004945,C00097,delivered,2025-11-03T20:11:05,2025-11-04T12:11:05,2025-11-10T12:11:05,2025-11-13T20:11:05,False
O004946,C00114,delivered,2025-10-27T20:13:22,2025-10-28T00:13:22,2025-11-06T00:13:22,2025-11-09T20:13:22,False
O004947,C00131,delivered,2025-10-20T20:15:39,2025-10-21T07:15:39,2025-10-25T07:15:39,2025-10-29T20:15:39,False
O004948,C00148,delivered,2025-10-13T20:17:56,2025-10-14T14:17:56,2025-10-21T14:17:56,2025-10-25T20:17:56,False
O004949,C00165,delivered,2025-10-06T20:20:13,2025-10-07T02:20:13,2025-10-13T20:20:13,2025-10-14T20:20:13,False
O004950,C00182,delivered,2025-09-29T20:22:30,2025-09-30T09:22:30,2025-10-05T09:22:30,2025-10-10T20:22:30,False
O004951,C00199,delivered,2025-09-22T20:24:47,2025-09-22T21:24:47,2025-09-30T21:24:47,2025-10-06T20:24:47,False
O004952,C00216,delivered,2025-09-15T20:27:04,2025-09-16T04:27:04,2025-09-19T04:27:04,2025-09-25T20:27:04,False
O004953,C00233,delivered,2025-09-08T20:29:21,2025-09-09T11:29:21,2025-09-26T20:29:21,2025-09-21T20:29:21,True
O004954,C00250,delivered,2026-09-01T20:31:38,2026-09-01T23:31:38,2026-09-10T23:31:38,2026-09-10T20:31:38,False
O004955,C00267,delivered,2026-08-25T20:33:55,2026-08-26T06:33:55,2026-08-30T06:33:55,2026-09-06T20:33:55,False
O004956,C00284,delivered,2026-08-18T20:36:12,2026-08-19T13:36:12,2026-08-26T13:36:12,2026-08-26T20:36:12,False
O004957,C00301,delivered,2026-08-11T20:38:29,2026-08-12T01:38:29,2026-08-22T01:38:29,2026-08-22T20:38:29,False
O004958,C00318,delivered,2026-08-04T20:40:46,2026-08-05T08:40:46,2026-08-10T08:40:46,2026-08-18T20:40:46,False
O004959,C00335,delivered,2026-07-28T20:43:03,2026-07-28T20:43:03,2026-08-05T20:43:03,2026-08-07T20:43:03,False
O004960,C00352,delivered,2026-07-21T20:45:20,2026-07-22T03:45:20,2026-07-25T03:45:20,2026-08-03T20:45:20,False
O004961,C00369,delivered,2026-07-14T20:47:37,2026-07-15T10:47:37,2026-07-21T10:47:37,2026-07-23T20:47:37,False
O004962,C00386,delivered,2026-07-07T20:49:54,2026-07-07T22:49:54,2026-07-16T22:49:54,2026-07-19T20:49:54,False
O004963,C00403,delivered,2026-06-30T20:52:11,2026-07-01T05:52:11,2026-07-05T05:52:11,2026-07-08T20:52:11,False
O004964,C00420,delivered,2026-06-23T20:54:28,2026-06-24T12:54:28,2026-07-01T12:54:28,2026-07-04T20:54:28,False
O004965,C00437,delivered,2026-06-16T20:56:45,2026-06-17T00:56:45,2026-06-27T00:56:45,2026-06-30T20:56:45,False
O004966,C00454,delivered,2026-06-09T20:59:02,2026-06-10T07:59:02,2026-06-22T20:59:02,2026-06-19T20:59:02,True
O004967,C00471,delivered,2026-06-02T21:01:19,2026-06-03T15:01:19,2026-06-11T15:01:19,2026-06-15T21:01:19,False
O004968,C00488,delivered,2026-05-26T21:03:36,2026-05-27T03:03:36,2026-05-30T03:03:36,2026-06-04T21:03:36,False
O004969,C00505,delivered,2026-05-19T21:05:53,2026-05-20T10:05:53,2026-05-26T10:05:53,2026-05-31T21:05:53,False
O004970,C00522,delivered,2026-05-12T21:08:10,2026-05-12T22:08:10,2026-05-19T21:08:10,2026-05-20T21:08:10,False
O004971,C00539,delivered,2026-05-05T21:10:27,2026-05-06T05:10:27,2026-05-10T05:10:27,2026-05-16T21:10:27,False
O004972,C00556,delivered,2026-04-28T21:12:44,2026-04-29T12:12:44,2026-05-06T12:12:44,2026-05-12T21:12:44,False
O004973,C00573,delivered,2026-04-21T21:15:01,2026-04-22T00:15:01,2026-04-30T21:15:01,2026-05-01T21:15:01,False
O004974,C00590,delivered,2026-04-14T21:17:18,2026-04-15T07:17:18,2026-04-20T07:17:18,2026-04-27T21:17:18,False
O004975,C00607,delivered,2026-04-07T21:19:35,2026-04-08T14:19:35,2026-04-16T14:19:35,2026-04-16T21:19:35,False
O004976,C00624,delivered,2026-03-31T21:21:52,2026-04-01T02:21:52,2026-04-04T02:21:52,2026-04-12T21:21:52,False
O004977,C00641,delivered,2026-03-24T21:24:09,2026-03-25T09:24:09,2026-03-31T09:24:09,2026-04-01T21:24:09,False
O004978,C00658,delivered,2026-03-17T21:26:26,2026-03-17T21:26:26,2026-03-26T21:26:26,2026-03-28T21:26:26,False
O004979,C00675,delivered,2026-03-10T21:28:43,2026-03-11T04:28:43,2026-03-30T21:28:43,2026-03-24T21:28:43,True
O004980,C00692,delivered,2026-03-03T21:31:00,2026-03-04T11:31:00,2026-03-11T11:31:00,2026-03-13T21:31:00,False
O004981,C00709,delivered,2026-02-24T21:33:17,2026-02-24T23:33:17,2026-03-06T23:33:17,2026-03-09T21:33:17,False
O004982,C00726,delivered,2026-02-17T21:35:34,2026-02-18T06:35:34,2026-02-23T06:35:34,2026-02-26T21:35:34,False
O004983,C00743,delivered,2026-02-10T21:37:51,2026-02-11T13:37:51,2026-02-19T13:37:51,2026-02-22T21:37:51,False
O004984,C00760,delivered,2026-02-03T21:40:08,2026-02-04T01:40:08,2026-02-07T01:40:08,2026-02-11T21:40:08,False
O004985,C00777,delivered,2026-01-27T21:42:25,2026-01-28T08:42:25,2026-02-03T08:42:25,2026-02-07T21:42:25,False
O004986,C00794,delivered,2026-01-20T21:44:42,2026-01-21T15:44:42,2026-01-30T15:44:42,2026-02-03T21:44:42,False
O004987,C00811,delivered,2026-01-13T21:46:59,2026-01-14T03:46:59,2026-01-18T03:46:59,2026-01-23T21:46:59,False
O004988,C00828,delivered,2026-01-06T21:49:16,2026-01-07T10:49:16,2026-01-14T10:49:16,2026-01-19T21:49:16,False
O004989,C00845,delivered,2025-12-30T21:51:33,2025-12-30T22:51:33,2026-01-07T21:51:33,2026-01-08T21:51:33,False
O004990,C00862,shipped,2025-12-23T21:53:50,2025-12-24T05:53:50,2025-12-29T05:53:50,2026-01-04T21:53:50,False
O004991,C00879,shipped,2025-12-16T21:56:07,2025-12-17T12:56:07,2025-12-23T21:56:07,2025-12-24T21:56:07,False
O004992,C00896,shipped,2025-12-09T21:58:24,2025-12-10T00:58:24,2025-12-24T21:58:24,2025-12-20T21:58:24,True
O004993,C00913,shipped,2025-12-02T22:00:41,2025-12-03T08:00:41,2025-12-09T08:00:41,2025-12-16T22:00:41,False
O004994,C00930,processing,2025-11-25T22:02:58,2025-11-26T15:02:58,,2025-12-05T22:02:58,
O004995,C00947,processing,2025-11-18T22:05:15,2025-11-19T03:05:15,,2025-12-01T22:05:15,
O004996,C00964,processing,2025-11-11T22:07:32,2025-11-12T10:07:32,,2025-11-20T22:07:32,
O004997,C00981,canceled,2025-11-04T22:09:49,2025-11-04T22:09:49,,2025-11-16T22:09:49,
O004998,C00998,canceled,2025-10-28T22:12:06,2025-10-29T05:12:06,,2025-11-05T22:12:06,
O004999,C00015,invoiced,2025-10-21T22:14:23,2025-10-22T12:14:23,,2025-11-01T22:14:23,
O005000,C00032,delivered,2025-10-14T22:16:40,2025-10-15T00:16:40,2025-10-18T00:16:40,2025-10-28T22:16:40,False
