order_id,order_item_id,product_id,seller_id,quantity,price_bdt,freight_value_bdt,shipping_limit_days
O000001,1,P0021,S0019,1,867.80,30.34,3
O000001,2,P0024,S0026,3,12143.40,30.45,6
O000002,1,P0038,S0030,2,8312.60,30.57,2
O000002,2,P0041,S0037,1,7477.10,30.68,5
O000003,1,P0055,S0001,3,4906.80,30.80,1
O000003,2,P0058,S0008,2,12397.00,30.91,4
O000004,1,P0072,S0012,1,5081.80,31.03,10
O000004,2,P0075,S0019,3,1091.40,31.14,3
O000005,1,P0089,S0023,2,15654.80,31.26,9
O000006,1,P0006,S0034,3,7844.10,31.49,8
O000007,1,P0023,S0005,1,6614.10,31.72,7
O000008,1,P0040,S0016,2,8012.40,31.95,6
O000009,1,P0057,S0027,3,19202.10,32.18,5
O000010,1,P0074,S0038,1,3489.30,32.41,4
O000011,1,P0091,S0009,2,15240.00,32.64,3
O000012,1,P0008,S0020,3,14160.90,32.87,2
O000013,1,P0025,S0031,1,7444.70,33.10,1
O000014,1,P0042,S0002,2,11330.00,33.33,10
O000015,1,P0059,S0013,3,23185.50,33.56,9
O000015,2,P0062,S0020,2,15434.00,33.67,2
O000016,1,P0076,S0024,1,7854.30,33.79,8
O000016,2,P0079,S0031,3,19341.90,33.90,1
O000017,1,P0093,S0035,2,5220.20,34.02,7
O000017,2,P0096,S0002,1,6005.70,34.13,10
O000018,1,P0010,S0006,3,17217.90,34.25,6
O000018,2,P0013,S0013,2,9406.40,34.36,9
O000019,1,P0027,S0017,1,2991.90,34.48,5
O000020,1,P0044,S0028,2,735.20,34.71,4
O000021,1,P0061,S0039,3,19173.00,34.94,3
O000022,1,P0078,S0010,1,4868.50,35.17,2
O000023,1,P0095,S0021,2,15256.40,35.40,1
O000024,1,P0012,S0032,3,6172.50,35.63,10
O000025,1,P0029,S0003,1,7000.60,35.86,9
O000026,1,P0046,S0014,2,16490.00,36.09,8
O000027,1,P0063,S0025,3,11558.40,36.32,7
O000028,1,P0080,S0036,1,2826.60,36.55,6
O000029,1,P0097,S0007,2,9544.60,36.78,5
O000029,2,P0100,S0014,1,4801.00,36.89,8
O000030,1,P0014,S0018,3,25243.80,37.01,4
O000030,2,P0017,S0025,2,15120.40,37.12,7
O000031,1,P0031,S0029,1,5972.40,37.24,3
O000031,2,P0034,S0036,3,1225.80,37.35,6
O000032,1,P0048,S0040,2,14576.80,37.47,2
O000032,2,P0051,S0007,1,6187.00,37.58,5
O000033,1,P0065,S0011,3,20123.70,37.70,1
O000034,1,P0082,S0022,1,4206.50,37.93,10
O000035,1,P0099,S0033,2,5567.40,38.16,9
O000036,1,P0016,S0004,3,22477.20,38.39,8
O000037,1,P0033,S0015,1,871.80,38.62,7
O000038,1,P0050,S0026,2,11415.20,38.85,6
O000039,1,P0067,S0037,3,23653.80,39.08,5
O000040,1,P0084,S0008,1,2180.80,39.31,4
O000041,1,P0001,S0019,2,2514.60,39.54,3
O000042,1,P0018,S0030,3,19265.10,39.77,2
O000043,1,P0035,S0001,1,927.50,40.00,1
O000043,2,P0038,S0008,3,12468.90,40.11,4
O000044,1,P0052,S0012,2,11221.60,40.23,10
O000044,2,P0055,S0019,1,1635.60,40.34,3
O000045,1,P0069,S0023,3,9599.10,40.46,9
O000045,2,P0072,S0030,2,10163.60,40.57,2
O000046,1,P0086,S0034,1,1934.60,40.69,8
O000046,2,P0089,S0001,3,23482.20,40.80,1
O000047,1,P0003,S0005,2,4263.80,40.92,7
O000047,2,P0006,S0012,1,2614.70,41.03,10
O000048,1,P0020,S0016,3,22104.00,41.15,6
O000049,1,P0037,S0027,1,1901.80,41.38,5
O000050,1,P0054,S0038,2,5022.80,41.61,4
O000051,1,P0071,S0009,3,13505.10,41.84,3
O000052,1,P0088,S0020,1,6903.50,42.07,2
O000053,1,P0005,S0031,2,13893.80,42.30,1
O000054,1,P0022,S0002,3,22096.20,42.53,10
O000055,1,P0039,S0013,1,3115.30,42.76,9
O000056,1,P0056,S0024,2,5579.80,42.99,8
O000057,1,P0073,S0035,3,9501.90,43.22,7
O000058,1,P0090,S0006,1,5790.80,43.45,6
O000058,2,P0093,S0013,3,7830.30,43.56,9
O000059,1,P0007,S0017,2,2276.40,43.68,5
O000059,2,P0010,S0024,1,5739.30,43.79,8
O000060,1,P0024,S0028,3,12143.40,43.91,4
O000060,2,P0027,S0035,2,5983.80,44.02,7
O000061,1,P0041,S0039,1,7477.10,44.14,3
O000061,2,P0044,S0006,3,1102.80,44.25,6
O000062,1,P0058,S0010,2,12397.00,44.37,2
O000063,1,P0075,S0021,3,1091.40,44.60,1
O000064,1,P0092,S0032,1,7371.20,44.83,10
O000065,1,P0009,S0003,2,10781.80,45.06,9
O000066,1,P0026,S0014,3,10192.20,45.29,8
O000067,1,P0043,S0025,1,4308.00,45.52,7
O000067,2,P0046,S0032,3,24735.00,45.63,10
O000068,1,P0060,S0036,2,1418.60,45.75,6
O000069,1,P0077,S0007,3,8612.10,45.98,5
O000070,1,P0094,S0018,1,3935.00,46.21,4
O000071,1,P0011,S0029,2,6896.00,46.44,3
O000072,1,P0028,S0040,3,6904.50,46.67,2
O000072,2,P0031,S0007,2,11944.80,46.78,5
O000073,1,P0045,S0011,1,6027.20,46.90,1
O000073,2,P0048,S0018,3,21865.20,47.01,4
O000073,3,P0051,S0025,2,12374.00,47.12,7
O000074,1,P0062,S0022,2,15434.00,47.13,10
O000074,2,P0065,S0029,1,6707.90,47.24,3
O000075,1,P0079,S0033,3,19341.90,47.36,9
O000075,2,P0082,S0040,2,8413.00,47.47,2
O000076,1,P0096,S0004,1,6005.70,47.59,8
O000077,1,P0013,S0015,2,9406.40,47.82,7
O000078,1,P0030,S0026,3,5087.40,48.05,6
O000079,1,P0047,S0037,1,4235.80,48.28,5
O000080,1,P0064,S0008,2,15352.40,48.51,4
O000081,1,P0081,S0019,3,8928.90,48.74,3
O000082,1,P0098,S0030,1,3524.20,48.97,2
O000082,2,P0001,S0037,3,3771.90,49.08,5
O000083,1,P0015,S0001,2,13822.20,49.20,1
O000084,1,P0032,S0012,3,11761.50,49.43,10
O000085,1,P0049,S0023,1,3640.80,49.66,9
O000086,1,P0066,S0034,2,16612.20,49.89,8
O000086,2,P0069,S0001,1,3199.70,50.00,1
O000087,1,P0083,S0005,3,16525.50,50.12,7
O000087,2,P0086,S0012,2,3869.20,50.23,10
O000088,1,P0100,S0016,1,4801.00,50.35,6
O000088,2,P0003,S0023,3,6395.70,50.46,9
O000089,1,P0017,S0027,2,15120.40,50.58,5
O000089,2,P0020,S0034,1,7368.00,50.69,8
O000090,1,P0034,S0038,3,1225.80,50.81,4
O000091,1,P0051,S0009,1,6187.00,51.04,3
O000091,2,P0054,S0016,3,7534.20,51.15,6
O000092,1,P0068,S0020,2,2462.00,51.27,2
O000093,1,P0085,S0031,3,25107.30,51.50,1
O000094,1,P0002,S0002,1,1185.30,51.73,10
O000095,1,P0019,S0013,2,4275.00,51.96,9
O000096,1,P0036,S0024,3,14234.40,52.19,8
O000097,1,P0053,S0035,1,5412.40,52.42,7
O000098,1,P0070,S0006,2,7195.00,52.65,6
O000099,1,P0087,S0017,3,17090.70,52.88,5
O000100,1,P0004,S0028,1,5646.60,53.11,4
O000100,2,P0007,S0035,3,3414.60,53.22,7
O000100,3,P0010,S0002,2,11478.60,53.33,10
O000101,1,P0021,S0039,2,1735.60,53.34,3
O000101,2,P0024,S0006,1,4047.80,53.45,6
O000102,1,P0038,S0010,3,12468.90,53.57,2
O000102,2,P0041,S0017,2,14954.20,53.68,5
O000103,1,P0055,S0021,1,1635.60,53.80,1
O000103,2,P0058,S0028,3,18595.50,53.91,4
O000104,1,P0072,S0032,2,10163.60,54.03,10
O000104,2,P0075,S0039,1,363.80,54.14,3
O000105,1,P0089,S0003,3,23482.20,54.26,9
O000106,1,P0006,S0014,1,2614.70,54.49,8
O000107,1,P0023,S0025,2,13228.20,54.72,7
O000108,1,P0040,S0036,3,12018.60,54.95,6
O000109,1,P0057,S0007,1,6400.70,55.18,5
O000110,1,P0074,S0018,2,6978.60,55.41,4
O000111,1,P0091,S0029,3,22860.00,55.64,3
O000112,1,P0008,S0040,1,4720.30,55.87,2
O000113,1,P0025,S0011,2,14889.40,56.10,1
O000114,1,P0042,S0022,3,16995.00,56.33,10
O000115,1,P0059,S0033,1,7728.50,56.56,9
O000115,2,P0062,S0040,3,23151.00,56.67,2
O000116,1,P0076,S0004,2,15708.60,56.79,8
O000116,2,P0079,S0011,1,6447.30,56.90,1
O000117,1,P0093,S0015,3,7830.30,57.02,7
O000117,2,P0096,S0022,2,12011.40,57.13,10
O000118,1,P0010,S0026,1,5739.30,57.25,6
O000118,2,P0013,S0033,3,14109.60,57.36,9
O000119,1,P0027,S0037,2,5983.80,57.48,5
O000120,1,P0044,S0008,3,1102.80,57.71,4
O000121,1,P0061,S0019,1,6391.00,57.94,3
O000122,1,P0078,S0030,2,9737.00,58.17,2
O000123,1,P0095,S0001,3,22884.60,58.40,1
O000124,1,P0012,S0012,1,2057.50,58.63,10
O000125,1,P0029,S0023,2,14001.20,58.86,9
O000126,1,P0046,S0034,3,24735.00,59.09,8
O000127,1,P0063,S0005,1,3852.80,59.32,7
O000128,1,P0080,S0016,2,5653.20,59.55,6
O000129,1,P0097,S0027,3,14316.90,59.78,5
O000129,2,P0100,S0034,2,9602.00,59.89,8
O000130,1,P0014,S0038,1,8414.60,60.01,4
O000130,2,P0017,S0005,3,22680.60,60.12,7
O000131,1,P0031,S0009,2,11944.80,60.24,3
O000131,2,P0034,S0016,1,408.60,60.35,6
O000132,1,P0048,S0020,3,21865.20,60.47,2
O000132,2,P0051,S0027,2,12374.00,60.58,5
O000133,1,P0065,S0031,1,6707.90,60.70,1
O000134,1,P0082,S0002,2,8413.00,60.93,10
O000134,2,P0085,S0009,1,8369.10,61.04,3
O000135,1,P0099,S0013,3,8351.10,61.16,9
O000136,1,P0016,S0024,1,7492.40,61.39,8
O000137,1,P0033,S0035,2,1743.60,61.62,7
O000138,1,P0050,S0006,3,17122.80,61.85,6
O000139,1,P0067,S0017,1,7884.60,62.08,5
O000140,1,P0084,S0028,2,4361.60,62.31,4
O000141,1,P0001,S0039,3,3771.90,62.54,3
O000142,1,P0018,S0010,1,6421.70,62.77,2
O000143,1,P0035,S0021,2,1855.00,63.00,1
O000143,2,P0038,S0028,1,4156.30,63.11,4
O000144,1,P0052,S0032,3,16832.40,63.23,10
O000144,2,P0055,S0039,2,3271.20,63.34,3
O000145,1,P0069,S0003,1,3199.70,63.46,9
O000145,2,P0072,S0010,3,15245.40,63.57,2
O000146,1,P0086,S0014,2,3869.20,63.69,8
O000146,2,P0089,S0021,1,7827.40,63.80,1
O000147,1,P0003,S0025,3,6395.70,63.92,7
O000147,2,P0006,S0032,2,5229.40,64.03,10
O000148,1,P0020,S0036,1,7368.00,64.15,6
O000149,1,P0037,S0007,2,3803.60,64.38,5
O000150,1,P0054,S0018,3,7534.20,64.61,4
O000151,1,P0071,S0029,1,4501.70,64.84,3
O000152,1,P0088,S0040,2,13807.00,65.07,2
O000153,1,P0005,S0011,3,20840.70,65.30,1
O000154,1,P0022,S0022,1,7365.40,65.53,10
O000155,1,P0039,S0033,2,6230.60,65.76,9
O000156,1,P0056,S0004,3,8369.70,65.99,8
O000157,1,P0073,S0015,1,3167.30,66.22,7
O000158,1,P0090,S0026,2,11581.60,66.45,6
O000158,2,P0093,S0033,1,2610.10,66.56,9
O000159,1,P0007,S0037,3,3414.60,66.68,5
O000159,2,P0010,S0004,2,11478.60,66.79,8
O000160,1,P0024,S0008,1,4047.80,66.91,4
O000160,2,P0027,S0015,3,8975.70,67.02,7
O000161,1,P0041,S0019,2,14954.20,67.14,3
O000161,2,P0044,S0026,1,367.60,67.25,6
O000162,1,P0058,S0030,3,18595.50,67.37,2
O000163,1,P0075,S0001,1,363.80,67.60,1
O000164,1,P0092,S0012,2,14742.40,67.83,10
O000165,1,P0009,S0023,3,16172.70,68.06,9
O000166,1,P0026,S0034,1,3397.40,68.29,8
O000167,1,P0043,S0005,2,8616.00,68.52,7
O000168,1,P0060,S0016,3,2127.90,68.75,6
O000169,1,P0077,S0027,1,2870.70,68.98,5
O000170,1,P0094,S0038,2,7870.00,69.21,4
O000171,1,P0011,S0009,3,10344.00,69.44,3
O000172,1,P0028,S0020,1,2301.50,69.67,2
O000172,2,P0031,S0027,3,17917.20,69.78,5
O000173,1,P0045,S0031,2,12054.40,69.90,1
O000173,2,P0048,S0038,1,7288.40,70.01,4
O000173,3,P0051,S0005,3,18561.00,70.12,7
O000174,1,P0062,S0002,3,23151.00,70.13,10
O000174,2,P0065,S0009,2,13415.80,70.24,3
O000175,1,P0079,S0013,1,6447.30,70.36,9
O000175,2,P0082,S0020,3,12619.50,70.47,2
O000176,1,P0096,S0024,2,12011.40,70.59,8
O000177,1,P0013,S0035,3,14109.60,70.82,7
O000178,1,P0030,S0006,1,1695.80,71.05,6
O000179,1,P0047,S0017,2,8471.60,71.28,5
O000180,1,P0064,S0028,3,23028.60,71.51,4
O000181,1,P0081,S0039,1,2976.30,71.74,3
O000182,1,P0098,S0010,2,7048.40,71.97,2
O000182,2,P0001,S0017,1,1257.30,72.08,5
O000183,1,P0015,S0021,3,20733.30,72.20,1
O000184,1,P0032,S0032,1,3920.50,72.43,10
O000185,1,P0049,S0003,2,7281.60,72.66,9
O000186,1,P0066,S0014,3,24918.30,72.89,8
O000186,2,P0069,S0021,2,6399.40,73.00,1
O000187,1,P0083,S0025,1,5508.50,73.12,7
O000187,2,P0086,S0032,3,5803.80,73.23,10
O000188,1,P0100,S0036,2,9602.00,73.35,6
O000188,2,P0003,S0003,1,2131.90,73.46,9
O000189,1,P0017,S0007,3,22680.60,73.58,5
O000189,2,P0020,S0014,2,14736.00,73.69,8
O000190,1,P0034,S0018,1,408.60,73.81,4
O000191,1,P0051,S0029,2,12374.00,74.04,3
O000191,2,P0054,S0036,1,2511.40,74.15,6
O000192,1,P0068,S0040,3,3693.00,74.27,2
O000193,1,P0085,S0011,1,8369.10,74.50,1
O000194,1,P0002,S0022,2,2370.60,74.73,10
O000195,1,P0019,S0033,3,6412.50,74.96,9
O000196,1,P0036,S0004,1,4744.80,75.19,8
O000197,1,P0053,S0015,2,10824.80,75.42,7
O000198,1,P0070,S0026,3,10792.50,75.65,6
O000199,1,P0087,S0037,1,5696.90,75.88,5
O000200,1,P0004,S0008,2,11293.20,76.11,4
O000200,2,P0007,S0015,1,1138.20,76.22,7
O000200,3,P0010,S0022,3,17217.90,76.33,10
O000201,1,P0021,S0019,3,2603.40,76.34,3
O000201,2,P0024,S0026,2,8095.60,76.45,6
O000201,3,P0027,S0033,1,2991.90,76.56,9
O000202,1,P0038,S0030,1,4156.30,76.57,2
O000202,2,P0041,S0037,3,22431.30,76.68,5
O000203,1,P0055,S0001,2,3271.20,76.80,1
O000203,2,P0058,S0008,1,6198.50,76.91,4
O000204,1,P0072,S0012,3,15245.40,77.03,10
O000204,2,P0075,S0019,2,727.60,77.14,3
O000205,1,P0089,S0023,1,7827.40,77.26,9
O000206,1,P0006,S0034,2,5229.40,77.49,8
O000207,1,P0023,S0005,3,19842.30,77.72,7
O000208,1,P0040,S0016,1,4006.20,77.95,6
O000209,1,P0057,S0027,2,12801.40,78.18,5
O000210,1,P0074,S0038,3,10467.90,78.41,4
O000211,1,P0091,S0009,1,7620.00,78.64,3
O000212,1,P0008,S0020,2,9440.60,78.87,2
O000213,1,P0025,S0031,3,22334.10,79.10,1
O000214,1,P0042,S0002,1,5665.00,79.33,10
O000215,1,P0059,S0013,2,15457.00,79.56,9
O000215,2,P0062,S0020,1,7717.00,79.67,2
O000216,1,P0076,S0024,3,23562.90,79.79,8
O000216,2,P0079,S0031,2,12894.60,79.90,1
O000217,1,P0093,S0035,1,2610.10,80.02,7
O000217,2,P0096,S0002,3,18017.10,80.13,10
O000218,1,P0010,S0006,2,11478.60,80.25,6
O000218,2,P0013,S0013,1,4703.20,80.36,9
O000219,1,P0027,S0017,3,8975.70,80.48,5
O000220,1,P0044,S0028,1,367.60,80.71,4
O000221,1,P0061,S0039,2,12782.00,80.94,3
O000222,1,P0078,S0010,3,14605.50,81.17,2
O000223,1,P0095,S0021,1,7628.20,81.40,1
O000224,1,P0012,S0032,2,4115.00,81.63,10
O000225,1,P0029,S0003,3,21001.80,81.86,9
O000226,1,P0046,S0014,1,8245.00,82.09,8
O000227,1,P0063,S0025,2,7705.60,82.32,7
O000228,1,P0080,S0036,3,8479.80,82.55,6
O000229,1,P0097,S0007,1,4772.30,82.78,5
O000229,2,P0100,S0014,3,14403.00,82.89,8
O000230,1,P0014,S0018,2,16829.20,83.01,4
O000230,2,P0017,S0025,1,7560.20,83.12,7
O000231,1,P0031,S0029,3,17917.20,83.24,3
O000231,2,P0034,S0036,2,817.20,83.35,6
O000232,1,P0048,S0040,1,7288.40,83.47,2
O000232,2,P0051,S0007,3,18561.00,83.58,5
O000233,1,P0065,S0011,2,13415.80,83.70,1
O000234,1,P0082,S0022,3,12619.50,83.93,10
O000235,1,P0099,S0033,1,2783.70,84.16,9
O000236,1,P0016,S0004,2,14984.80,84.39,8
O000237,1,P0033,S0015,3,2615.40,84.62,7
O000238,1,P0050,S0026,1,5707.60,84.85,6
O000239,1,P0067,S0037,2,15769.20,85.08,5
O000240,1,P0084,S0008,3,6542.40,85.31,4
O000241,1,P0001,S0019,1,1257.30,85.54,3
O000242,1,P0018,S0030,2,12843.40,85.77,2
O000243,1,P0035,S0001,3,2782.50,86.00,1
O000243,2,P0038,S0008,2,8312.60,86.11,4
O000244,1,P0052,S0012,1,5610.80,86.23,10
O000244,2,P0055,S0019,3,4906.80,86.34,3
O000245,1,P0069,S0023,2,6399.40,86.46,9
O000245,2,P0072,S0030,1,5081.80,86.57,2
O000246,1,P0086,S0034,3,5803.80,86.69,8
O000246,2,P0089,S0001,2,15654.80,86.80,1
O000247,1,P0003,S0005,1,2131.90,86.92,7
O000247,2,P0006,S0012,3,7844.10,87.03,10
O000248,1,P0020,S0016,2,14736.00,87.15,6
O000249,1,P0037,S0027,3,5705.40,87.38,5
O000250,1,P0054,S0038,1,2511.40,87.61,4
O000251,1,P0071,S0009,2,9003.40,87.84,3
O000252,1,P0088,S0020,3,20710.50,88.07,2
O000253,1,P0005,S0031,1,6946.90,88.30,1
O000254,1,P0022,S0002,2,14730.80,88.53,10
O000255,1,P0039,S0013,3,9345.90,88.76,9
O000256,1,P0056,S0024,1,2789.90,88.99,8
O000257,1,P0073,S0035,2,6334.60,89.22,7
O000258,1,P0090,S0006,3,17372.40,89.45,6
O000258,2,P0093,S0013,2,5220.20,89.56,9
O000259,1,P0007,S0017,1,1138.20,89.68,5
O000259,2,P0010,S0024,3,17217.90,89.79,8
O000260,1,P0024,S0028,2,8095.60,89.91,4
O000260,2,P0027,S0035,1,2991.90,90.02,7
O000261,1,P0041,S0039,3,22431.30,90.14,3
O000261,2,P0044,S0006,2,735.20,90.25,6
O000262,1,P0058,S0010,1,6198.50,90.37,2
O000263,1,P0075,S0021,2,727.60,90.60,1
O000264,1,P0092,S0032,3,22113.60,90.83,10
O000265,1,P0009,S0003,1,5390.90,91.06,9
O000266,1,P0026,S0014,2,6794.80,91.29,8
O000267,1,P0043,S0025,3,12924.00,91.52,7
O000268,1,P0060,S0036,1,709.30,91.75,6
O000268,2,P0063,S0003,3,11558.40,91.86,9
O000269,1,P0077,S0007,2,5741.40,91.98,5
O000270,1,P0094,S0018,3,11805.00,92.21,4
O000271,1,P0011,S0029,1,3448.00,92.44,3
O000272,1,P0028,S0040,2,4603.00,92.67,2
O000272,2,P0031,S0007,1,5972.40,92.78,5
O000273,1,P0045,S0011,3,18081.60,92.90,1
O000273,2,P0048,S0018,2,14576.80,93.01,4
O000273,3,P0051,S0025,1,6187.00,93.12,7
O000274,1,P0062,S0022,1,7717.00,93.13,10
O000274,2,P0065,S0029,3,20123.70,93.24,3
O000275,1,P0079,S0033,2,12894.60,93.36,9
O000275,2,P0082,S0040,1,4206.50,93.47,2
O000276,1,P0096,S0004,3,18017.10,93.59,8
O000277,1,P0013,S0015,1,4703.20,93.82,7
O000278,1,P0030,S0026,2,3391.60,94.05,6
O000279,1,P0047,S0037,3,12707.40,94.28,5
O000280,1,P0064,S0008,1,7676.20,94.51,4
O000281,1,P0081,S0019,2,5952.60,94.74,3
O000282,1,P0098,S0030,3,10572.60,94.97,2
O000282,2,P0001,S0037,2,2514.60,95.08,5
O000283,1,P0015,S0001,1,6911.10,95.20,1
O000284,1,P0032,S0012,2,7841.00,95.43,10
O000285,1,P0049,S0023,3,10922.40,95.66,9
O000286,1,P0066,S0034,1,8306.10,95.89,8
O000286,2,P0069,S0001,3,9599.10,96.00,1
O000287,1,P0083,S0005,2,11017.00,96.12,7
O000287,2,P0086,S0012,1,1934.60,96.23,10
O000288,1,P0100,S0016,3,14403.00,96.35,6
O000288,2,P0003,S0023,2,4263.80,96.46,9
O000289,1,P0017,S0027,1,7560.20,96.58,5
O000289,2,P0020,S0034,3,22104.00,96.69,8
O000290,1,P0034,S0038,2,817.20,96.81,4
O000291,1,P0051,S0009,3,18561.00,97.04,3
O000291,2,P0054,S0016,2,5022.80,97.15,6
O000292,1,P0068,S0020,1,1231.00,97.27,2
O000293,1,P0085,S0031,2,16738.20,97.50,1
O000294,1,P0002,S0002,3,3555.90,97.73,10
O000295,1,P0019,S0013,1,2137.50,97.96,9
O000296,1,P0036,S0024,2,9489.60,98.19,8
O000297,1,P0053,S0035,3,16237.20,98.42,7
O000298,1,P0070,S0006,1,3597.50,98.65,6
O000299,1,P0087,S0017,2,11393.80,98.88,5
O000300,1,P0004,S0028,3,16939.80,99.11,4
O000300,2,P0007,S0035,2,2276.40,99.22,7
O000300,3,P0010,S0002,1,5739.30,99.33,10
O000301,1,P0021,S0039,1,867.80,99.34,3
O000301,2,P0024,S0006,3,12143.40,99.45,6
O000302,1,P0038,S0010,2,8312.60,99.57,2
O000302,2,P0041,S0017,1,7477.10,99.68,5
O000303,1,P0055,S0021,3,4906.80,99.80,1
O000303,2,P0058,S0028,2,12397.00,99.91,4
O000304,1,P0072,S0032,1,5081.80,30.02,10
O000304,2,P0075,S0039,3,1091.40,30.13,3
O000305,1,P0089,S0003,2,15654.80,30.25,9
O000306,1,P0006,S0014,3,7844.10,30.48,8
O000307,1,P0023,S0025,1,6614.10,30.71,7
O000308,1,P0040,S0036,2,8012.40,30.94,6
O000309,1,P0057,S0007,3,19202.10,31.17,5
O000310,1,P0074,S0018,1,3489.30,31.40,4
O000311,1,P0091,S0029,2,15240.00,31.63,3
O000312,1,P0008,S0040,3,14160.90,31.86,2
O000313,1,P0025,S0011,1,7444.70,32.09,1
O000314,1,P0042,S0022,2,11330.00,32.32,10
O000315,1,P0059,S0033,3,23185.50,32.55,9
O000315,2,P0062,S0040,2,15434.00,32.66,2
O000316,1,P0076,S0004,1,7854.30,32.78,8
O000316,2,P0079,S0011,3,19341.90,32.89,1
O000317,1,P0093,S0015,2,5220.20,33.01,7
O000317,2,P0096,S0022,1,6005.70,33.12,10
O000318,1,P0010,S0026,3,17217.90,33.24,6
O000318,2,P0013,S0033,2,9406.40,33.35,9
O000319,1,P0027,S0037,1,2991.90,33.47,5
O000320,1,P0044,S0008,2,735.20,33.70,4
O000321,1,P0061,S0019,3,19173.00,33.93,3
O000322,1,P0078,S0030,1,4868.50,34.16,2
O000323,1,P0095,S0001,2,15256.40,34.39,1
O000324,1,P0012,S0012,3,6172.50,34.62,10
O000325,1,P0029,S0023,1,7000.60,34.85,9
O000326,1,P0046,S0034,2,16490.00,35.08,8
O000327,1,P0063,S0005,3,11558.40,35.31,7
O000328,1,P0080,S0016,1,2826.60,35.54,6
O000329,1,P0097,S0027,2,9544.60,35.77,5
O000329,2,P0100,S0034,1,4801.00,35.88,8
O000330,1,P0014,S0038,3,25243.80,36.00,4
O000330,2,P0017,S0005,2,15120.40,36.11,7
O000331,1,P0031,S0009,1,5972.40,36.23,3
O000331,2,P0034,S0016,3,1225.80,36.34,6
O000332,1,P0048,S0020,2,14576.80,36.46,2
O000332,2,P0051,S0027,1,6187.00,36.57,5
O000333,1,P0065,S0031,3,20123.70,36.69,1
O000334,1,P0082,S0002,1,4206.50,36.92,10
O000335,1,P0099,S0013,2,5567.40,37.15,9
O000335,2,P0002,S0020,1,1185.30,37.26,2
O000336,1,P0016,S0024,3,22477.20,37.38,8
O000337,1,P0033,S0035,1,871.80,37.61,7
O000338,1,P0050,S0006,2,11415.20,37.84,6
O000339,1,P0067,S0017,3,23653.80,38.07,5
O000340,1,P0084,S0028,1,2180.80,38.30,4
O000341,1,P0001,S0039,2,2514.60,38.53,3
O000342,1,P0018,S0010,3,19265.10,38.76,2
O000343,1,P0035,S0021,1,927.50,38.99,1
O000343,2,P0038,S0028,3,12468.90,39.10,4
O000344,1,P0052,S0032,2,11221.60,39.22,10
O000344,2,P0055,S0039,1,1635.60,39.33,3
O000345,1,P0069,S0003,3,9599.10,39.45,9
O000345,2,P0072,S0010,2,10163.60,39.56,2
O000346,1,P0086,S0014,1,1934.60,39.68,8
O000346,2,P0089,S0021,3,23482.20,39.79,1
O000347,1,P0003,S0025,2,4263.80,39.91,7
O000347,2,P0006,S0032,1,2614.70,40.02,10
O000348,1,P0020,S0036,3,22104.00,40.14,6
O000349,1,P0037,S0007,1,1901.80,40.37,5
O000350,1,P0054,S0018,2,5022.80,40.60,4
O000351,1,P0071,S0029,3,13505.10,40.83,3
O000352,1,P0088,S0040,1,6903.50,41.06,2
O000353,1,P0005,S0011,2,13893.80,41.29,1
O000354,1,P0022,S0022,3,22096.20,41.52,10
O000355,1,P0039,S0033,1,3115.30,41.75,9
O000356,1,P0056,S0004,2,5579.80,41.98,8
O000357,1,P0073,S0015,3,9501.90,42.21,7
O000358,1,P0090,S0026,1,5790.80,42.44,6
O000358,2,P0093,S0033,3,7830.30,42.55,9
O000359,1,P0007,S0037,2,2276.40,42.67,5
O000359,2,P0010,S0004,1,5739.30,42.78,8
O000360,1,P0024,S0008,3,12143.40,42.90,4
O000360,2,P0027,S0015,2,5983.80,43.01,7
O000361,1,P0041,S0019,1,7477.10,43.13,3
O000361,2,P0044,S0026,3,1102.80,43.24,6
O000362,1,P0058,S0030,2,12397.00,43.36,2
O000363,1,P0075,S0001,3,1091.40,43.59,1
O000364,1,P0092,S0012,1,7371.20,43.82,10
O000365,1,P0009,S0023,2,10781.80,44.05,9
O000366,1,P0026,S0034,3,10192.20,44.28,8
O000367,1,P0043,S0005,1,4308.00,44.51,7
O000368,1,P0060,S0016,2,1418.60,44.74,6
O000369,1,P0077,S0027,3,8612.10,44.97,5
O000370,1,P0094,S0038,1,3935.00,45.20,4
O000371,1,P0011,S0009,2,6896.00,45.43,3
O000372,1,P0028,S0020,3,6904.50,45.66,2
O000372,2,P0031,S0027,2,11944.80,45.77,5
O000373,1,P0045,S0031,1,6027.20,45.89,1
O000373,2,P0048,S0038,3,21865.20,46.00,4
O000373,3,P0051,S0005,2,12374.00,46.11,7
O000374,1,P0062,S0002,2,15434.00,46.12,10
O000374,2,P0065,S0009,1,6707.90,46.23,3
O000375,1,P0079,S0013,3,19341.90,46.35,9
O000375,2,P0082,S0020,2,8413.00,46.46,2
O000376,1,P0096,S0024,1,6005.70,46.58,8
O000377,1,P0013,S0035,2,9406.40,46.81,7
O000378,1,P0030,S0006,3,5087.40,47.04,6
O000379,1,P0047,S0017,1,4235.80,47.27,5
O000380,1,P0064,S0028,2,15352.40,47.50,4
O000381,1,P0081,S0039,3,8928.90,47.73,3
O000382,1,P0098,S0010,1,3524.20,47.96,2
O000382,2,P0001,S0017,3,3771.90,48.07,5
O000383,1,P0015,S0021,2,13822.20,48.19,1
O000384,1,P0032,S0032,3,11761.50,48.42,10
O000385,1,P0049,S0003,1,3640.80,48.65,9
O000386,1,P0066,S0014,2,16612.20,48.88,8
O000386,2,P0069,S0021,1,3199.70,48.99,1
O000387,1,P0083,S0025,3,16525.50,49.11,7
O000387,2,P0086,S0032,2,3869.20,49.22,10
O000388,1,P0100,S0036,1,4801.00,49.34,6
O000388,2,P0003,S0003,3,6395.70,49.45,9
O000389,1,P0017,S0007,2,15120.40,49.57,5
O000389,2,P0020,S0014,1,7368.00,49.68,8
O000390,1,P0034,S0018,3,1225.80,49.80,4
O000391,1,P0051,S0029,1,6187.00,50.03,3
O000391,2,P0054,S0036,3,7534.20,50.14,6
O000392,1,P0068,S0040,2,2462.00,50.26,2
O000393,1,P0085,S0011,3,25107.30,50.49,1
O000394,1,P0002,S0022,1,1185.30,50.72,10
O000395,1,P0019,S0033,2,4275.00,50.95,9
O000396,1,P0036,S0004,3,14234.40,51.18,8
O000397,1,P0053,S0015,1,5412.40,51.41,7
O000398,1,P0070,S0026,2,7195.00,51.64,6
O000399,1,P0087,S0037,3,17090.70,51.87,5
O000400,1,P0004,S0008,1,5646.60,52.10,4
O000400,2,P0007,S0015,3,3414.60,52.21,7
O000400,3,P0010,S0022,2,11478.60,52.32,10
O000401,1,P0021,S0019,2,1735.60,52.33,3
O000401,2,P0024,S0026,1,4047.80,52.44,6
O000402,1,P0038,S0030,3,12468.90,52.56,2
O000402,2,P0041,S0037,2,14954.20,52.67,5
O000402,3,P0044,S0004,1,367.60,52.78,8
O000403,1,P0055,S0001,1,1635.60,52.79,1
O000403,2,P0058,S0008,3,18595.50,52.90,4
O000404,1,P0072,S0012,2,10163.60,53.02,10
O000404,2,P0075,S0019,1,363.80,53.13,3
O000405,1,P0089,S0023,3,23482.20,53.25,9
O000406,1,P0006,S0034,1,2614.70,53.48,8
O000407,1,P0023,S0005,2,13228.20,53.71,7
O000408,1,P0040,S0016,3,12018.60,53.94,6
O000409,1,P0057,S0027,1,6400.70,54.17,5
O000410,1,P0074,S0038,2,6978.60,54.40,4
O000411,1,P0091,S0009,3,22860.00,54.63,3
O000412,1,P0008,S0020,1,4720.30,54.86,2
O000413,1,P0025,S0031,2,14889.40,55.09,1
O000414,1,P0042,S0002,3,16995.00,55.32,10
O000415,1,P0059,S0013,1,7728.50,55.55,9
O000415,2,P0062,S0020,3,23151.00,55.66,2
O000416,1,P0076,S0024,2,15708.60,55.78,8
O000416,2,P0079,S0031,1,6447.30,55.89,1
O000417,1,P0093,S0035,3,7830.30,56.01,7
O000417,2,P0096,S0002,2,12011.40,56.12,10
O000418,1,P0010,S0006,1,5739.30,56.24,6
O000418,2,P0013,S0013,3,14109.60,56.35,9
O000419,1,P0027,S0017,2,5983.80,56.47,5
O000420,1,P0044,S0028,3,1102.80,56.70,4
O000421,1,P0061,S0039,1,6391.00,56.93,3
O000422,1,P0078,S0010,2,9737.00,57.16,2
O000423,1,P0095,S0021,3,22884.60,57.39,1
O000424,1,P0012,S0032,1,2057.50,57.62,10
O000425,1,P0029,S0003,2,14001.20,57.85,9
O000426,1,P0046,S0014,3,24735.00,58.08,8
O000427,1,P0063,S0025,1,3852.80,58.31,7
O000428,1,P0080,S0036,2,5653.20,58.54,6
O000429,1,P0097,S0007,3,14316.90,58.77,5
O000429,2,P0100,S0014,2,9602.00,58.88,8
O000430,1,P0014,S0018,1,8414.60,59.00,4
O000430,2,P0017,S0025,3,22680.60,59.11,7
O000431,1,P0031,S0029,2,11944.80,59.23,3
O000431,2,P0034,S0036,1,408.60,59.34,6
O000432,1,P0048,S0040,3,21865.20,59.46,2
O000432,2,P0051,S0007,2,12374.00,59.57,5
O000433,1,P0065,S0011,1,6707.90,59.69,1
O000434,1,P0082,S0022,2,8413.00,59.92,10
O000435,1,P0099,S0033,3,8351.10,60.15,9
O000436,1,P0016,S0004,1,7492.40,60.38,8
O000437,1,P0033,S0015,2,1743.60,60.61,7
O000438,1,P0050,S0026,3,17122.80,60.84,6
O000439,1,P0067,S0037,1,7884.60,61.07,5
O000440,1,P0084,S0008,2,4361.60,61.30,4
O000441,1,P0001,S0019,3,3771.90,61.53,3
O000442,1,P0018,S0030,1,6421.70,61.76,2
O000443,1,P0035,S0001,2,1855.00,61.99,1
O000443,2,P0038,S0008,1,4156.30,62.10,4
O000444,1,P0052,S0012,3,16832.40,62.22,10
O000444,2,P0055,S0019,2,3271.20,62.33,3
O000445,1,P0069,S0023,1,3199.70,62.45,9
O000445,2,P0072,S0030,3,15245.40,62.56,2
O000446,1,P0086,S0034,2,3869.20,62.68,8
O000446,2,P0089,S0001,1,7827.40,62.79,1
O000447,1,P0003,S0005,3,6395.70,62.91,7
O000447,2,P0006,S0012,2,5229.40,63.02,10
O000448,1,P0020,S0016,1,7368.00,63.14,6
O000449,1,P0037,S0027,2,3803.60,63.37,5
O000450,1,P0054,S0038,3,7534.20,63.60,4
O000451,1,P0071,S0009,1,4501.70,63.83,3
O000452,1,P0088,S0020,2,13807.00,64.06,2
O000453,1,P0005,S0031,3,20840.70,64.29,1
O000454,1,P0022,S0002,1,7365.40,64.52,10
O000455,1,P0039,S0013,2,6230.60,64.75,9
O000456,1,P0056,S0024,3,8369.70,64.98,8
O000457,1,P0073,S0035,1,3167.30,65.21,7
O000458,1,P0090,S0006,2,11581.60,65.44,6
O000458,2,P0093,S0013,1,2610.10,65.55,9
O000459,1,P0007,S0017,3,3414.60,65.67,5
O000459,2,P0010,S0024,2,11478.60,65.78,8
O000460,1,P0024,S0028,1,4047.80,65.90,4
O000460,2,P0027,S0035,3,8975.70,66.01,7
O000461,1,P0041,S0039,2,14954.20,66.13,3
O000461,2,P0044,S0006,1,367.60,66.24,6
O000462,1,P0058,S0010,3,18595.50,66.36,2
O000463,1,P0075,S0021,1,363.80,66.59,1
O000464,1,P0092,S0032,2,14742.40,66.82,10
O000465,1,P0009,S0003,3,16172.70,67.05,9
O000466,1,P0026,S0014,1,3397.40,67.28,8
O000467,1,P0043,S0025,2,8616.00,67.51,7
O000468,1,P0060,S0036,3,2127.90,67.74,6
O000469,1,P0077,S0007,1,2870.70,67.97,5
O000469,2,P0080,S0014,3,8479.80,68.08,8
O000470,1,P0094,S0018,2,7870.00,68.20,4
O000471,1,P0011,S0029,3,10344.00,68.43,3
O000472,1,P0028,S0040,1,2301.50,68.66,2
O000472,2,P0031,S0007,3,17917.20,68.77,5
O000473,1,P0045,S0011,2,12054.40,68.89,1
O000473,2,P0048,S0018,1,7288.40,69.00,4
O000473,3,P0051,S0025,3,18561.00,69.11,7
O000474,1,P0062,S0022,3,23151.00,69.12,10
O000474,2,P0065,S0029,2,13415.80,69.23,3
O000475,1,P0079,S0033,1,6447.30,69.35,9
O000475,2,P0082,S0040,3,12619.50,69.46,2
O000476,1,P0096,S0004,2,12011.40,69.58,8
O000477,1,P0013,S0015,3,14109.60,69.81,7
O000478,1,P0030,S0026,1,1695.80,70.04,6
O000479,1,P0047,S0037,2,8471.60,70.27,5
O000480,1,P0064,S0008,3,23028.60,70.50,4
O000481,1,P0081,S0019,1,2976.30,70.73,3
O000482,1,P0098,S0030,2,7048.40,70.96,2
O000482,2,P0001,S0037,1,1257.30,71.07,5
O000483,1,P0015,S0001,3,20733.30,71.19,1
O000484,1,P0032,S0012,1,3920.50,71.42,10
O000485,1,P0049,S0023,2,7281.60,71.65,9
O000486,1,P0066,S0034,3,24918.30,71.88,8
O000486,2,P0069,S0001,2,6399.40,71.99,1
O000487,1,P0083,S0005,1,5508.50,72.11,7
O000487,2,P0086,S0012,3,5803.80,72.22,10
O000488,1,P0100,S0016,2,9602.00,72.34,6
O000488,2,P0003,S0023,1,2131.90,72.45,9
O000489,1,P0017,S0027,3,22680.60,72.57,5
O000489,2,P0020,S0034,2,14736.00,72.68,8
O000490,1,P0034,S0038,1,408.60,72.80,4
O000491,1,P0051,S0009,2,12374.00,73.03,3
O000491,2,P0054,S0016,1,2511.40,73.14,6
O000492,1,P0068,S0020,3,3693.00,73.26,2
O000493,1,P0085,S0031,1,8369.10,73.49,1
O000494,1,P0002,S0002,2,2370.60,73.72,10
O000495,1,P0019,S0013,3,6412.50,73.95,9
O000496,1,P0036,S0024,1,4744.80,74.18,8
O000497,1,P0053,S0035,2,10824.80,74.41,7
O000498,1,P0070,S0006,3,10792.50,74.64,6
O000499,1,P0087,S0017,1,5696.90,74.87,5
O000500,1,P0004,S0028,2,11293.20,75.10,4
O000500,2,P0007,S0035,1,1138.20,75.21,7
O000500,3,P0010,S0002,3,17217.90,75.32,10
O000501,1,P0021,S0039,3,2603.40,75.33,3
O000501,2,P0024,S0006,2,8095.60,75.44,6
O000502,1,P0038,S0010,1,4156.30,75.56,2
O000502,2,P0041,S0017,3,22431.30,75.67,5
O000503,1,P0055,S0021,2,3271.20,75.79,1
O000503,2,P0058,S0028,1,6198.50,75.90,4
O000504,1,P0072,S0032,3,15245.40,76.02,10
O000504,2,P0075,S0039,2,727.60,76.13,3
O000505,1,P0089,S0003,1,7827.40,76.25,9
O000506,1,P0006,S0014,2,5229.40,76.48,8
O000507,1,P0023,S0025,3,19842.30,76.71,7
O000508,1,P0040,S0036,1,4006.20,76.94,6
O000509,1,P0057,S0007,2,12801.40,77.17,5
O000510,1,P0074,S0018,3,10467.90,77.40,4
O000511,1,P0091,S0029,1,7620.00,77.63,3
O000512,1,P0008,S0040,2,9440.60,77.86,2
O000513,1,P0025,S0011,3,22334.10,78.09,1
O000514,1,P0042,S0022,1,5665.00,78.32,10
O000515,1,P0059,S0033,2,15457.00,78.55,9
O000515,2,P0062,S0040,1,7717.00,78.66,2
O000516,1,P0076,S0004,3,23562.90,78.78,8
O000516,2,P0079,S0011,2,12894.60,78.89,1
O000517,1,P0093,S0015,1,2610.10,79.01,7
O000517,2,P0096,S0022,3,18017.10,79.12,10
O000518,1,P0010,S0026,2,11478.60,79.24,6
O000518,2,P0013,S0033,1,4703.20,79.35,9
O000519,1,P0027,S0037,3,8975.70,79.47,5
O000520,1,P0044,S0008,1,367.60,79.70,4
O000521,1,P0061,S0019,2,12782.00,79.93,3
O000522,1,P0078,S0030,3,14605.50,80.16,2
O000523,1,P0095,S0001,1,7628.20,80.39,1
O000524,1,P0012,S0012,2,4115.00,80.62,10
O000525,1,P0029,S0023,3,21001.80,80.85,9
O000526,1,P0046,S0034,1,8245.00,81.08,8
O000527,1,P0063,S0005,2,7705.60,81.31,7
O000528,1,P0080,S0016,3,8479.80,81.54,6
O000529,1,P0097,S0027,1,4772.30,81.77,5
O000529,2,P0100,S0034,3,14403.00,81.88,8
O000530,1,P0014,S0038,2,16829.20,82.00,4
O000530,2,P0017,S0005,1,7560.20,82.11,7
O000531,1,P0031,S0009,3,17917.20,82.23,3
O000531,2,P0034,S0016,2,817.20,82.34,6
O000532,1,P0048,S0020,1,7288.40,82.46,2
O000532,2,P0051,S0027,3,18561.00,82.57,5
O000533,1,P0065,S0031,2,13415.80,82.69,1
O000534,1,P0082,S0002,3,12619.50,82.92,10
O000535,1,P0099,S0013,1,2783.70,83.15,9
O000536,1,P0016,S0024,2,14984.80,83.38,8
O000536,2,P0019,S0031,1,2137.50,83.49,1
O000537,1,P0033,S0035,3,2615.40,83.61,7
O000538,1,P0050,S0006,1,5707.60,83.84,6
O000539,1,P0067,S0017,2,15769.20,84.07,5
O000540,1,P0084,S0028,3,6542.40,84.30,4
O000541,1,P0001,S0039,1,1257.30,84.53,3
O000542,1,P0018,S0010,2,12843.40,84.76,2
O000543,1,P0035,S0021,3,2782.50,84.99,1
O000543,2,P0038,S0028,2,8312.60,85.10,4
O000544,1,P0052,S0032,1,5610.80,85.22,10
O000544,2,P0055,S0039,3,4906.80,85.33,3
O000545,1,P0069,S0003,2,6399.40,85.45,9
O000545,2,P0072,S0010,1,5081.80,85.56,2
O000546,1,P0086,S0014,3,5803.80,85.68,8
O000546,2,P0089,S0021,2,15654.80,85.79,1
O000547,1,P0003,S0025,1,2131.90,85.91,7
O000547,2,P0006,S0032,3,7844.10,86.02,10
O000548,1,P0020,S0036,2,14736.00,86.14,6
O000549,1,P0037,S0007,3,5705.40,86.37,5
O000550,1,P0054,S0018,1,2511.40,86.60,4
O000551,1,P0071,S0029,2,9003.40,86.83,3
O000552,1,P0088,S0040,3,20710.50,87.06,2
O000553,1,P0005,S0011,1,6946.90,87.29,1
O000554,1,P0022,S0022,2,14730.80,87.52,10
O000555,1,P0039,S0033,3,9345.90,87.75,9
O000556,1,P0056,S0004,1,2789.90,87.98,8
O000557,1,P0073,S0015,2,6334.60,88.21,7
O000558,1,P0090,S0026,3,17372.40,88.44,6
O000558,2,P0093,S0033,2,5220.20,88.55,9
O000559,1,P0007,S0037,1,1138.20,88.67,5
O000559,2,P0010,S0004,3,17217.90,88.78,8
O000560,1,P0024,S0008,2,8095.60,88.90,4
O000560,2,P0027,S0015,1,2991.90,89.01,7
O000561,1,P0041,S0019,3,22431.30,89.13,3
O000561,2,P0044,S0026,2,735.20,89.24,6
O000562,1,P0058,S0030,1,6198.50,89.36,2
O000563,1,P0075,S0001,2,727.60,89.59,1
O000564,1,P0092,S0012,3,22113.60,89.82,10
O000565,1,P0009,S0023,1,5390.90,90.05,9
O000566,1,P0026,S0034,2,6794.80,90.28,8
O000567,1,P0043,S0005,3,12924.00,90.51,7
O000568,1,P0060,S0016,1,709.30,90.74,6
O000569,1,P0077,S0027,2,5741.40,90.97,5
O000570,1,P0094,S0038,3,11805.00,91.20,4
O000571,1,P0011,S0009,1,3448.00,91.43,3
O000572,1,P0028,S0020,2,4603.00,91.66,2
O000572,2,P0031,S0027,1,5972.40,91.77,5
O000573,1,P0045,S0031,3,18081.60,91.89,1
O000573,2,P0048,S0038,2,14576.80,92.00,4
O000573,3,P0051,S0005,1,6187.00,92.11,7
O000574,1,P0062,S0002,1,7717.00,92.12,10
O000574,2,P0065,S0009,3,20123.70,92.23,3
O000575,1,P0079,S0013,2,12894.60,92.35,9
O000575,2,P0082,S0020,1,4206.50,92.46,2
O000576,1,P0096,S0024,3,18017.10,92.58,8
O000577,1,P0013,S0035,1,4703.20,92.81,7
O000578,1,P0030,S0006,2,3391.60,93.04,6
O000579,1,P0047,S0017,3,12707.40,93.27,5
O000580,1,P0064,S0028,1,7676.20,93.50,4
O000581,1,P0081,S0039,2,5952.60,93.73,3
O000582,1,P0098,S0010,3,10572.60,93.96,2
O000582,2,P0001,S0017,2,2514.60,94.07,5
O000583,1,P0015,S0021,1,6911.10,94.19,1
O000584,1,P0032,S0032,2,7841.00,94.42,10
O000585,1,P0049,S0003,3,10922.40,94.65,9
O000586,1,P0066,S0014,1,8306.10,94.88,8
O000586,2,P0069,S0021,3,9599.10,94.99,1
O000587,1,P0083,S0025,2,11017.00,95.11,7
O000587,2,P0086,S0032,1,1934.60,95.22,10
O000588,1,P0100,S0036,3,14403.00,95.34,6
O000588,2,P0003,S0003,2,4263.80,95.45,9
O000589,1,P0017,S0007,1,7560.20,95.57,5
O000589,2,P0020,S0014,3,22104.00,95.68,8
O000590,1,P0034,S0018,2,817.20,95.80,4
O000591,1,P0051,S0029,3,18561.00,96.03,3
O000591,2,P0054,S0036,2,5022.80,96.14,6
O000592,1,P0068,S0040,1,1231.00,96.26,2
O000593,1,P0085,S0011,2,16738.20,96.49,1
O000594,1,P0002,S0022,3,3555.90,96.72,10
O000595,1,P0019,S0033,1,2137.50,96.95,9
O000596,1,P0036,S0004,2,9489.60,97.18,8
O000597,1,P0053,S0015,3,16237.20,97.41,7
O000598,1,P0070,S0026,1,3597.50,97.64,6
O000599,1,P0087,S0037,2,11393.80,97.87,5
O000600,1,P0004,S0008,3,16939.80,98.10,4
O000600,2,P0007,S0015,2,2276.40,98.21,7
O000600,3,P0010,S0022,1,5739.30,98.32,10
O000601,1,P0021,S0019,1,867.80,98.33,3
O000601,2,P0024,S0026,3,12143.40,98.44,6
O000602,1,P0038,S0030,2,8312.60,98.56,2
O000602,2,P0041,S0037,1,7477.10,98.67,5
O000603,1,P0055,S0001,3,4906.80,98.79,1
O000603,2,P0058,S0008,2,12397.00,98.90,4
O000603,3,P0061,S0015,1,6391.00,99.01,7
O000604,1,P0072,S0012,1,5081.80,99.02,10
O000604,2,P0075,S0019,3,1091.40,99.13,3
O000605,1,P0089,S0023,2,15654.80,99.25,9
O000606,1,P0006,S0034,3,7844.10,99.48,8
O000607,1,P0023,S0005,1,6614.10,99.71,7
O000608,1,P0040,S0016,2,8012.40,99.94,6
O000609,1,P0057,S0027,3,19202.10,30.16,5
O000610,1,P0074,S0038,1,3489.30,30.39,4
O000611,1,P0091,S0009,2,15240.00,30.62,3
O000612,1,P0008,S0020,3,14160.90,30.85,2
O000613,1,P0025,S0031,1,7444.70,31.08,1
O000614,1,P0042,S0002,2,11330.00,31.31,10
O000615,1,P0059,S0013,3,23185.50,31.54,9
O000615,2,P0062,S0020,2,15434.00,31.65,2
O000616,1,P0076,S0024,1,7854.30,31.77,8
O000616,2,P0079,S0031,3,19341.90,31.88,1
O000617,1,P0093,S0035,2,5220.20,32.00,7
O000617,2,P0096,S0002,1,6005.70,32.11,10
O000618,1,P0010,S0006,3,17217.90,32.23,6
O000618,2,P0013,S0013,2,9406.40,32.34,9
O000619,1,P0027,S0017,1,2991.90,32.46,5
O000620,1,P0044,S0028,2,735.20,32.69,4
O000621,1,P0061,S0039,3,19173.00,32.92,3
O000622,1,P0078,S0010,1,4868.50,33.15,2
O000623,1,P0095,S0021,2,15256.40,33.38,1
O000624,1,P0012,S0032,3,6172.50,33.61,10
O000625,1,P0029,S0003,1,7000.60,33.84,9
O000626,1,P0046,S0014,2,16490.00,34.07,8
O000627,1,P0063,S0025,3,11558.40,34.30,7
O000628,1,P0080,S0036,1,2826.60,34.53,6
O000629,1,P0097,S0007,2,9544.60,34.76,5
O000629,2,P0100,S0014,1,4801.00,34.87,8
O000630,1,P0014,S0018,3,25243.80,34.99,4
O000630,2,P0017,S0025,2,15120.40,35.10,7
O000631,1,P0031,S0029,1,5972.40,35.22,3
O000631,2,P0034,S0036,3,1225.80,35.33,6
O000632,1,P0048,S0040,2,14576.80,35.45,2
O000632,2,P0051,S0007,1,6187.00,35.56,5
O000633,1,P0065,S0011,3,20123.70,35.68,1
O000634,1,P0082,S0022,1,4206.50,35.91,10
O000635,1,P0099,S0033,2,5567.40,36.14,9
O000636,1,P0016,S0004,3,22477.20,36.37,8
O000637,1,P0033,S0015,1,871.80,36.60,7
O000638,1,P0050,S0026,2,11415.20,36.83,6
O000639,1,P0067,S0037,3,23653.80,37.06,5
O000640,1,P0084,S0008,1,2180.80,37.29,4
O000641,1,P0001,S0019,2,2514.60,37.52,3
O000642,1,P0018,S0030,3,19265.10,37.75,2
O000643,1,P0035,S0001,1,927.50,37.98,1
O000643,2,P0038,S0008,3,12468.90,38.09,4
O000644,1,P0052,S0012,2,11221.60,38.21,10
O000644,2,P0055,S0019,1,1635.60,38.32,3
O000645,1,P0069,S0023,3,9599.10,38.44,9
O000645,2,P0072,S0030,2,10163.60,38.55,2
O000646,1,P0086,S0034,1,1934.60,38.67,8
O000646,2,P0089,S0001,3,23482.20,38.78,1
O000647,1,P0003,S0005,2,4263.80,38.90,7
O000647,2,P0006,S0012,1,2614.70,39.01,10
O000648,1,P0020,S0016,3,22104.00,39.13,6
O000649,1,P0037,S0027,1,1901.80,39.36,5
O000650,1,P0054,S0038,2,5022.80,39.59,4
O000651,1,P0071,S0009,3,13505.10,39.82,3
O000652,1,P0088,S0020,1,6903.50,40.05,2
O000653,1,P0005,S0031,2,13893.80,40.28,1
O000654,1,P0022,S0002,3,22096.20,40.51,10
O000655,1,P0039,S0013,1,3115.30,40.74,9
O000656,1,P0056,S0024,2,5579.80,40.97,8
O000657,1,P0073,S0035,3,9501.90,41.20,7
O000658,1,P0090,S0006,1,5790.80,41.43,6
O000658,2,P0093,S0013,3,7830.30,41.54,9
O000659,1,P0007,S0017,2,2276.40,41.66,5
O000659,2,P0010,S0024,1,5739.30,41.77,8
O000660,1,P0024,S0028,3,12143.40,41.89,4
O000660,2,P0027,S0035,2,5983.80,42.00,7
O000661,1,P0041,S0039,1,7477.10,42.12,3
O000661,2,P0044,S0006,3,1102.80,42.23,6
O000662,1,P0058,S0010,2,12397.00,42.35,2
O000663,1,P0075,S0021,3,1091.40,42.58,1
O000664,1,P0092,S0032,1,7371.20,42.81,10
O000665,1,P0009,S0003,2,10781.80,43.04,9
O000666,1,P0026,S0014,3,10192.20,43.27,8
O000667,1,P0043,S0025,1,4308.00,43.50,7
O000668,1,P0060,S0036,2,1418.60,43.73,6
O000669,1,P0077,S0007,3,8612.10,43.96,5
O000670,1,P0094,S0018,1,3935.00,44.19,4
O000670,2,P0097,S0025,3,14316.90,44.30,7
O000671,1,P0011,S0029,2,6896.00,44.42,3
O000672,1,P0028,S0040,3,6904.50,44.65,2
O000672,2,P0031,S0007,2,11944.80,44.76,5
O000673,1,P0045,S0011,1,6027.20,44.88,1
O000673,2,P0048,S0018,3,21865.20,44.99,4
O000673,3,P0051,S0025,2,12374.00,45.10,7
O000674,1,P0062,S0022,2,15434.00,45.11,10
O000674,2,P0065,S0029,1,6707.90,45.22,3
O000675,1,P0079,S0033,3,19341.90,45.34,9
O000675,2,P0082,S0040,2,8413.00,45.45,2
O000676,1,P0096,S0004,1,6005.70,45.57,8
O000677,1,P0013,S0015,2,9406.40,45.80,7
O000678,1,P0030,S0026,3,5087.40,46.03,6
O000679,1,P0047,S0037,1,4235.80,46.26,5
O000680,1,P0064,S0008,2,15352.40,46.49,4
O000681,1,P0081,S0019,3,8928.90,46.72,3
O000682,1,P0098,S0030,1,3524.20,46.95,2
O000682,2,P0001,S0037,3,3771.90,47.06,5
O000683,1,P0015,S0001,2,13822.20,47.18,1
O000684,1,P0032,S0012,3,11761.50,47.41,10
O000685,1,P0049,S0023,1,3640.80,47.64,9
O000686,1,P0066,S0034,2,16612.20,47.87,8
O000686,2,P0069,S0001,1,3199.70,47.98,1
O000687,1,P0083,S0005,3,16525.50,48.10,7
O000687,2,P0086,S0012,2,3869.20,48.21,10
O000688,1,P0100,S0016,1,4801.00,48.33,6
O000688,2,P0003,S0023,3,6395.70,48.44,9
O000689,1,P0017,S0027,2,15120.40,48.56,5
O000689,2,P0020,S0034,1,7368.00,48.67,8
O000690,1,P0034,S0038,3,1225.80,48.79,4
O000691,1,P0051,S0009,1,6187.00,49.02,3
O000691,2,P0054,S0016,3,7534.20,49.13,6
O000692,1,P0068,S0020,2,2462.00,49.25,2
O000693,1,P0085,S0031,3,25107.30,49.48,1
O000694,1,P0002,S0002,1,1185.30,49.71,10
O000695,1,P0019,S0013,2,4275.00,49.94,9
O000696,1,P0036,S0024,3,14234.40,50.17,8
O000697,1,P0053,S0035,1,5412.40,50.40,7
O000698,1,P0070,S0006,2,7195.00,50.63,6
O000699,1,P0087,S0017,3,17090.70,50.86,5
O000700,1,P0004,S0028,1,5646.60,51.09,4
O000700,2,P0007,S0035,3,3414.60,51.20,7
O000700,3,P0010,S0002,2,11478.60,51.31,10
O000701,1,P0021,S0039,2,1735.60,51.32,3
O000701,2,P0024,S0006,1,4047.80,51.43,6
O000702,1,P0038,S0010,3,12468.90,51.55,2
O000702,2,P0041,S0017,2,14954.20,51.66,5
O000703,1,P0055,S0021,1,1635.60,51.78,1
O000703,2,P0058,S0028,3,18595.50,51.89,4
O000704,1,P0072,S0032,2,10163.60,52.01,10
O000704,2,P0075,S0039,1,363.80,52.12,3
O000705,1,P0089,S0003,3,23482.20,52.24,9
O000706,1,P0006,S0014,1,2614.70,52.47,8
O000707,1,P0023,S0025,2,13228.20,52.70,7
O000708,1,P0040,S0036,3,12018.60,52.93,6
O000709,1,P0057,S0007,1,6400.70,53.16,5
O000710,1,P0074,S0018,2,6978.60,53.39,4
O000711,1,P0091,S0029,3,22860.00,53.62,3
O000712,1,P0008,S0040,1,4720.30,53.85,2
O000713,1,P0025,S0011,2,14889.40,54.08,1
O000714,1,P0042,S0022,3,16995.00,54.31,10
O000715,1,P0059,S0033,1,7728.50,54.54,9
O000715,2,P0062,S0040,3,23151.00,54.65,2
O000716,1,P0076,S0004,2,15708.60,54.77,8
O000716,2,P0079,S0011,1,6447.30,54.88,1
O000717,1,P0093,S0015,3,7830.30,55.00,7
O000717,2,P0096,S0022,2,12011.40,55.11,10
O000718,1,P0010,S0026,1,5739.30,55.23,6
O000718,2,P0013,S0033,3,14109.60,55.34,9
O000719,1,P0027,S0037,2,5983.80,55.46,5
O000720,1,P0044,S0008,3,1102.80,55.69,4
O000721,1,P0061,S0019,1,6391.00,55.92,3
O000722,1,P0078,S0030,2,9737.00,56.15,2
O000723,1,P0095,S0001,3,22884.60,56.38,1
O000724,1,P0012,S0012,1,2057.50,56.61,10
O000725,1,P0029,S0023,2,14001.20,56.84,9
O000726,1,P0046,S0034,3,24735.00,57.07,8
O000727,1,P0063,S0005,1,3852.80,57.30,7
O000728,1,P0080,S0016,2,5653.20,57.53,6
O000729,1,P0097,S0027,3,14316.90,57.76,5
O000729,2,P0100,S0034,2,9602.00,57.87,8
O000730,1,P0014,S0038,1,8414.60,57.99,4
O000730,2,P0017,S0005,3,22680.60,58.10,7
O000731,1,P0031,S0009,2,11944.80,58.22,3
O000731,2,P0034,S0016,1,408.60,58.33,6
O000732,1,P0048,S0020,3,21865.20,58.45,2
O000732,2,P0051,S0027,2,12374.00,58.56,5
O000733,1,P0065,S0031,1,6707.90,58.68,1
O000734,1,P0082,S0002,2,8413.00,58.91,10
O000735,1,P0099,S0013,3,8351.10,59.14,9
O000736,1,P0016,S0024,1,7492.40,59.37,8
O000737,1,P0033,S0035,2,1743.60,59.60,7
O000737,2,P0036,S0002,1,4744.80,59.71,10
O000738,1,P0050,S0006,3,17122.80,59.83,6
O000739,1,P0067,S0017,1,7884.60,60.06,5
O000740,1,P0084,S0028,2,4361.60,60.29,4
O000741,1,P0001,S0039,3,3771.90,60.52,3
O000742,1,P0018,S0010,1,6421.70,60.75,2
O000743,1,P0035,S0021,2,1855.00,60.98,1
O000743,2,P0038,S0028,1,4156.30,61.09,4
O000744,1,P0052,S0032,3,16832.40,61.21,10
O000744,2,P0055,S0039,2,3271.20,61.32,3
O000745,1,P0069,S0003,1,3199.70,61.44,9
O000745,2,P0072,S0010,3,15245.40,61.55,2
O000746,1,P0086,S0014,2,3869.20,61.67,8
O000746,2,P0089,S0021,1,7827.40,61.78,1
O000747,1,P0003,S0025,3,6395.70,61.90,7
O000747,2,P0006,S0032,2,5229.40,62.01,10
O000748,1,P0020,S0036,1,7368.00,62.13,6
O000749,1,P0037,S0007,2,3803.60,62.36,5
O000750,1,P0054,S0018,3,7534.20,62.59,4
O000751,1,P0071,S0029,1,4501.70,62.82,3
O000752,1,P0088,S0040,2,13807.00,63.05,2
O000753,1,P0005,S0011,3,20840.70,63.28,1
O000754,1,P0022,S0022,1,7365.40,63.51,10
O000755,1,P0039,S0033,2,6230.60,63.74,9
O000756,1,P0056,S0004,3,8369.70,63.97,8
O000757,1,P0073,S0015,1,3167.30,64.20,7
O000758,1,P0090,S0026,2,11581.60,64.43,6
O000758,2,P0093,S0033,1,2610.10,64.54,9
O000759,1,P0007,S0037,3,3414.60,64.66,5
O000759,2,P0010,S0004,2,11478.60,64.77,8
O000760,1,P0024,S0008,1,4047.80,64.89,4
O000760,2,P0027,S0015,3,8975.70,65.00,7
O000761,1,P0041,S0019,2,14954.20,65.12,3
O000761,2,P0044,S0026,1,367.60,65.23,6
O000762,1,P0058,S0030,3,18595.50,65.35,2
O000763,1,P0075,S0001,1,363.80,65.58,1
O000764,1,P0092,S0012,2,14742.40,65.81,10
O000765,1,P0009,S0023,3,16172.70,66.04,9
O000766,1,P0026,S0034,1,3397.40,66.27,8
O000767,1,P0043,S0005,2,8616.00,66.50,7
O000768,1,P0060,S0016,3,2127.90,66.73,6
O000769,1,P0077,S0027,1,2870.70,66.96,5
O000770,1,P0094,S0038,2,7870.00,67.19,4
O000771,1,P0011,S0009,3,10344.00,67.42,3
O000772,1,P0028,S0020,1,2301.50,67.65,2
O000772,2,P0031,S0027,3,17917.20,67.76,5
O000773,1,P0045,S0031,2,12054.40,67.88,1
O000773,2,P0048,S0038,1,7288.40,67.99,4
O000773,3,P0051,S0005,3,18561.00,68.10,7
O000774,1,P0062,S0002,3,23151.00,68.11,10
O000774,2,P0065,S0009,2,13415.80,68.22,3
O000775,1,P0079,S0013,1,6447.30,68.34,9
O000775,2,P0082,S0020,3,12619.50,68.45,2
O000776,1,P0096,S0024,2,12011.40,68.57,8
O000777,1,P0013,S0035,3,14109.60,68.80,7
O000778,1,P0030,S0006,1,1695.80,69.03,6
O000779,1,P0047,S0017,2,8471.60,69.26,5
O000780,1,P0064,S0028,3,23028.60,69.49,4
O000781,1,P0081,S0039,1,2976.30,69.72,3
O000782,1,P0098,S0010,2,7048.40,69.95,2
O000782,2,P0001,S0017,1,1257.30,70.06,5
O000783,1,P0015,S0021,3,20733.30,70.18,1
O000784,1,P0032,S0032,1,3920.50,70.41,10
O000785,1,P0049,S0003,2,7281.60,70.64,9
O000786,1,P0066,S0014,3,24918.30,70.87,8
O000786,2,P0069,S0021,2,6399.40,70.98,1
O000787,1,P0083,S0025,1,5508.50,71.10,7
O000787,2,P0086,S0032,3,5803.80,71.21,10
O000788,1,P0100,S0036,2,9602.00,71.33,6
O000788,2,P0003,S0003,1,2131.90,71.44,9
O000789,1,P0017,S0007,3,22680.60,71.56,5
O000789,2,P0020,S0014,2,14736.00,71.67,8
O000790,1,P0034,S0018,1,408.60,71.79,4
O000791,1,P0051,S0029,2,12374.00,72.02,3
O000791,2,P0054,S0036,1,2511.40,72.13,6
O000792,1,P0068,S0040,3,3693.00,72.25,2
O000793,1,P0085,S0011,1,8369.10,72.48,1
O000794,1,P0002,S0022,2,2370.60,72.71,10
O000795,1,P0019,S0033,3,6412.50,72.94,9
O000796,1,P0036,S0004,1,4744.80,73.17,8
O000797,1,P0053,S0015,2,10824.80,73.40,7
O000798,1,P0070,S0026,3,10792.50,73.63,6
O000799,1,P0087,S0037,1,5696.90,73.86,5
O000800,1,P0004,S0008,2,11293.20,74.09,4
O000800,2,P0007,S0015,1,1138.20,74.20,7
O000800,3,P0010,S0022,3,17217.90,74.31,10
O000801,1,P0021,S0019,3,2603.40,74.32,3
O000801,2,P0024,S0026,2,8095.60,74.43,6
O000802,1,P0038,S0030,1,4156.30,74.55,2
O000802,2,P0041,S0037,3,22431.30,74.66,5
O000803,1,P0055,S0001,2,3271.20,74.78,1
O000803,2,P0058,S0008,1,6198.50,74.89,4
O000804,1,P0072,S0012,3,15245.40,75.01,10
O000804,2,P0075,S0019,2,727.60,75.12,3
O000804,3,P0078,S0026,1,4868.50,75.23,6
O000805,1,P0089,S0023,1,7827.40,75.24,9
O000806,1,P0006,S0034,2,5229.40,75.47,8
O000807,1,P0023,S0005,3,19842.30,75.70,7
O000808,1,P0040,S0016,1,4006.20,75.93,6
O000809,1,P0057,S0027,2,12801.40,76.16,5
O000810,1,P0074,S0038,3,10467.90,76.39,4
O000811,1,P0091,S0009,1,7620.00,76.62,3
O000812,1,P0008,S0020,2,9440.60,76.85,2
O000813,1,P0025,S0031,3,22334.10,77.08,1
O000814,1,P0042,S0002,1,5665.00,77.31,10
O000815,1,P0059,S0013,2,15457.00,77.54,9
O000815,2,P0062,S0020,1,7717.00,77.65,2
O000816,1,P0076,S0024,3,23562.90,77.77,8
O000816,2,P0079,S0031,2,12894.60,77.88,1
O000817,1,P0093,S0035,1,2610.10,78.00,7
O000817,2,P0096,S0002,3,18017.10,78.11,10
O000818,1,P0010,S0006,2,11478.60,78.23,6
O000818,2,P0013,S0013,1,4703.20,78.34,9
O000819,1,P0027,S0017,3,8975.70,78.46,5
O000820,1,P0044,S0028,1,367.60,78.69,4
O000821,1,P0061,S0039,2,12782.00,78.92,3
O000822,1,P0078,S0010,3,14605.50,79.15,2
O000823,1,P0095,S0021,1,7628.20,79.38,1
O000824,1,P0012,S0032,2,4115.00,79.61,10
O000825,1,P0029,S0003,3,21001.80,79.84,9
O000826,1,P0046,S0014,1,8245.00,80.07,8
O000827,1,P0063,S0025,2,7705.60,80.30,7
O000828,1,P0080,S0036,3,8479.80,80.53,6
O000829,1,P0097,S0007,1,4772.30,80.76,5
O000829,2,P0100,S0014,3,14403.00,80.87,8
O000830,1,P0014,S0018,2,16829.20,80.99,4
O000830,2,P0017,S0025,1,7560.20,81.10,7
O000831,1,P0031,S0029,3,17917.20,81.22,3
O000831,2,P0034,S0036,2,817.20,81.33,6
O000832,1,P0048,S0040,1,7288.40,81.45,2
O000832,2,P0051,S0007,3,18561.00,81.56,5
O000833,1,P0065,S0011,2,13415.80,81.68,1
O000834,1,P0082,S0022,3,12619.50,81.91,10
O000835,1,P0099,S0033,1,2783.70,82.14,9
O000836,1,P0016,S0004,2,14984.80,82.37,8
O000837,1,P0033,S0015,3,2615.40,82.60,7
O000838,1,P0050,S0026,1,5707.60,82.83,6
O000839,1,P0067,S0037,2,15769.20,83.06,5
O000840,1,P0084,S0008,3,6542.40,83.29,4
O000841,1,P0001,S0019,1,1257.30,83.52,3
O000842,1,P0018,S0030,2,12843.40,83.75,2
O000843,1,P0035,S0001,3,2782.50,83.98,1
O000843,2,P0038,S0008,2,8312.60,84.09,4
O000844,1,P0052,S0012,1,5610.80,84.21,10
O000844,2,P0055,S0019,3,4906.80,84.32,3
O000845,1,P0069,S0023,2,6399.40,84.44,9
O000845,2,P0072,S0030,1,5081.80,84.55,2
O000846,1,P0086,S0034,3,5803.80,84.67,8
O000846,2,P0089,S0001,2,15654.80,84.78,1
O000847,1,P0003,S0005,1,2131.90,84.90,7
O000847,2,P0006,S0012,3,7844.10,85.01,10
O000848,1,P0020,S0016,2,14736.00,85.13,6
O000849,1,P0037,S0027,3,5705.40,85.36,5
O000850,1,P0054,S0038,1,2511.40,85.59,4
O000851,1,P0071,S0009,2,9003.40,85.82,3
O000852,1,P0088,S0020,3,20710.50,86.05,2
O000853,1,P0005,S0031,1,6946.90,86.28,1
O000854,1,P0022,S0002,2,14730.80,86.51,10
O000855,1,P0039,S0013,3,9345.90,86.74,9
O000856,1,P0056,S0024,1,2789.90,86.97,8
O000857,1,P0073,S0035,2,6334.60,87.20,7
O000858,1,P0090,S0006,3,17372.40,87.43,6
O000858,2,P0093,S0013,2,5220.20,87.54,9
O000859,1,P0007,S0017,1,1138.20,87.66,5
O000859,2,P0010,S0024,3,17217.90,87.77,8
O000860,1,P0024,S0028,2,8095.60,87.89,4
O000860,2,P0027,S0035,1,2991.90,88.00,7
O000861,1,P0041,S0039,3,22431.30,88.12,3
O000861,2,P0044,S0006,2,735.20,88.23,6
O000862,1,P0058,S0010,1,6198.50,88.35,2
O000863,1,P0075,S0021,2,727.60,88.58,1
O000864,1,P0092,S0032,3,22113.60,88.81,10
O000865,1,P0009,S0003,1,5390.90,89.04,9
O000866,1,P0026,S0014,2,6794.80,89.27,8
O000867,1,P0043,S0025,3,12924.00,89.50,7
O000868,1,P0060,S0036,1,709.30,89.73,6
O000869,1,P0077,S0007,2,5741.40,89.96,5
O000870,1,P0094,S0018,3,11805.00,90.19,4
O000871,1,P0011,S0029,1,3448.00,90.42,3
O000871,2,P0014,S0036,3,25243.80,90.53,6
O000872,1,P0028,S0040,2,4603.00,90.65,2
O000872,2,P0031,S0007,1,5972.40,90.76,5
O000873,1,P0045,S0011,3,18081.60,90.88,1
O000873,2,P0048,S0018,2,14576.80,90.99,4
O000873,3,P0051,S0025,1,6187.00,91.10,7
O000874,1,P0062,S0022,1,7717.00,91.11,10
O000874,2,P0065,S0029,3,20123.70,91.22,3
O000875,1,P0079,S0033,2,12894.60,91.34,9
O000875,2,P0082,S0040,1,4206.50,91.45,2
O000876,1,P0096,S0004,3,18017.10,91.57,8
O000877,1,P0013,S0015,1,4703.20,91.80,7
O000878,1,P0030,S0026,2,3391.60,92.03,6
O000879,1,P0047,S0037,3,12707.40,92.26,5
O000880,1,P0064,S0008,1,7676.20,92.49,4
O000881,1,P0081,S0019,2,5952.60,92.72,3
O000882,1,P0098,S0030,3,10572.60,92.95,2
O000882,2,P0001,S0037,2,2514.60,93.06,5
O000883,1,P0015,S0001,1,6911.10,93.18,1
O000884,1,P0032,S0012,2,7841.00,93.41,10
O000885,1,P0049,S0023,3,10922.40,93.64,9
O000886,1,P0066,S0034,1,8306.10,93.87,8
O000886,2,P0069,S0001,3,9599.10,93.98,1
O000887,1,P0083,S0005,2,11017.00,94.10,7
O000887,2,P0086,S0012,1,1934.60,94.21,10
O000888,1,P0100,S0016,3,14403.00,94.33,6
O000888,2,P0003,S0023,2,4263.80,94.44,9
O000889,1,P0017,S0027,1,7560.20,94.56,5
O000889,2,P0020,S0034,3,22104.00,94.67,8
O000890,1,P0034,S0038,2,817.20,94.79,4
O000891,1,P0051,S0009,3,18561.00,95.02,3
O000891,2,P0054,S0016,2,5022.80,95.13,6
O000892,1,P0068,S0020,1,1231.00,95.25,2
O000893,1,P0085,S0031,2,16738.20,95.48,1
O000894,1,P0002,S0002,3,3555.90,95.71,10
O000895,1,P0019,S0013,1,2137.50,95.94,9
O000896,1,P0036,S0024,2,9489.60,96.17,8
O000897,1,P0053,S0035,3,16237.20,96.40,7
O000898,1,P0070,S0006,1,3597.50,96.63,6
O000899,1,P0087,S0017,2,11393.80,96.86,5
O000900,1,P0004,S0028,3,16939.80,97.09,4
O000900,2,P0007,S0035,2,2276.40,97.20,7
O000900,3,P0010,S0002,1,5739.30,97.31,10
O000901,1,P0021,S0039,1,867.80,97.32,3
O000901,2,P0024,S0006,3,12143.40,97.43,6
O000902,1,P0038,S0010,2,8312.60,97.55,2
O000902,2,P0041,S0017,1,7477.10,97.66,5
O000903,1,P0055,S0021,3,4906.80,97.78,1
O000903,2,P0058,S0028,2,12397.00,97.89,4
O000904,1,P0072,S0032,1,5081.80,98.01,10
O000904,2,P0075,S0039,3,1091.40,98.12,3
O000905,1,P0089,S0003,2,15654.80,98.24,9
O000906,1,P0006,S0014,3,7844.10,98.47,8
O000907,1,P0023,S0025,1,6614.10,98.70,7
O000908,1,P0040,S0036,2,8012.40,98.93,6
O000909,1,P0057,S0007,3,19202.10,99.16,5
O000910,1,P0074,S0018,1,3489.30,99.39,4
O000911,1,P0091,S0029,2,15240.00,99.62,3
O000912,1,P0008,S0040,3,14160.90,99.85,2
O000913,1,P0025,S0011,1,7444.70,30.07,1
O000914,1,P0042,S0022,2,11330.00,30.30,10
O000915,1,P0059,S0033,3,23185.50,30.53,9
O000915,2,P0062,S0040,2,15434.00,30.64,2
O000916,1,P0076,S0004,1,7854.30,30.76,8
O000916,2,P0079,S0011,3,19341.90,30.87,1
O000917,1,P0093,S0015,2,5220.20,30.99,7
O000917,2,P0096,S0022,1,6005.70,31.10,10
O000918,1,P0010,S0026,3,17217.90,31.22,6
O000918,2,P0013,S0033,2,9406.40,31.33,9
O000919,1,P0027,S0037,1,2991.90,31.45,5
O000920,1,P0044,S0008,2,735.20,31.68,4
O000921,1,P0061,S0019,3,19173.00,31.91,3
O000922,1,P0078,S0030,1,4868.50,32.14,2
O000923,1,P0095,S0001,2,15256.40,32.37,1
O000924,1,P0012,S0012,3,6172.50,32.60,10
O000925,1,P0029,S0023,1,7000.60,32.83,9
O000926,1,P0046,S0034,2,16490.00,33.06,8
O000927,1,P0063,S0005,3,11558.40,33.29,7
O000928,1,P0080,S0016,1,2826.60,33.52,6
O000929,1,P0097,S0027,2,9544.60,33.75,5
O000929,2,P0100,S0034,1,4801.00,33.86,8
O000930,1,P0014,S0038,3,25243.80,33.98,4
O000930,2,P0017,S0005,2,15120.40,34.09,7
O000931,1,P0031,S0009,1,5972.40,34.21,3
O000931,2,P0034,S0016,3,1225.80,34.32,6
O000932,1,P0048,S0020,2,14576.80,34.44,2
O000932,2,P0051,S0027,1,6187.00,34.55,5
O000933,1,P0065,S0031,3,20123.70,34.67,1
O000934,1,P0082,S0002,1,4206.50,34.90,10
O000935,1,P0099,S0013,2,5567.40,35.13,9
O000936,1,P0016,S0024,3,22477.20,35.36,8
O000937,1,P0033,S0035,1,871.80,35.59,7
O000938,1,P0050,S0006,2,11415.20,35.82,6
O000938,2,P0053,S0013,1,5412.40,35.93,9
O000939,1,P0067,S0017,3,23653.80,36.05,5
O000940,1,P0084,S0028,1,2180.80,36.28,4
O000941,1,P0001,S0039,2,2514.60,36.51,3
O000942,1,P0018,S0010,3,19265.10,36.74,2
O000943,1,P0035,S0021,1,927.50,36.97,1
O000943,2,P0038,S0028,3,12468.90,37.08,4
O000944,1,P0052,S0032,2,11221.60,37.20,10
O000944,2,P0055,S0039,1,1635.60,37.31,3
O000945,1,P0069,S0003,3,9599.10,37.43,9
O000945,2,P0072,S0010,2,10163.60,37.54,2
O000946,1,P0086,S0014,1,1934.60,37.66,8
O000946,2,P0089,S0021,3,23482.20,37.77,1
O000947,1,P0003,S0025,2,4263.80,37.89,7
O000947,2,P0006,S0032,1,2614.70,38.00,10
O000948,1,P0020,S0036,3,22104.00,38.12,6
O000949,1,P0037,S0007,1,1901.80,38.35,5
O000950,1,P0054,S0018,2,5022.80,38.58,4
O000951,1,P0071,S0029,3,13505.10,38.81,3
O000952,1,P0088,S0040,1,6903.50,39.04,2
O000953,1,P0005,S0011,2,13893.80,39.27,1
O000954,1,P0022,S0022,3,22096.20,39.50,10
O000955,1,P0039,S0033,1,3115.30,39.73,9
O000956,1,P0056,S0004,2,5579.80,39.96,8
O000957,1,P0073,S0015,3,9501.90,40.19,7
O000958,1,P0090,S0026,1,5790.80,40.42,6
O000958,2,P0093,S0033,3,7830.30,40.53,9
O000959,1,P0007,S0037,2,2276.40,40.65,5
O000959,2,P0010,S0004,1,5739.30,40.76,8
O000960,1,P0024,S0008,3,12143.40,40.88,4
O000960,2,P0027,S0015,2,5983.80,40.99,7
O000961,1,P0041,S0019,1,7477.10,41.11,3
O000961,2,P0044,S0026,3,1102.80,41.22,6
O000962,1,P0058,S0030,2,12397.00,41.34,2
O000963,1,P0075,S0001,3,1091.40,41.57,1
O000964,1,P0092,S0012,1,7371.20,41.80,10
O000965,1,P0009,S0023,2,10781.80,42.03,9
O000966,1,P0026,S0034,3,10192.20,42.26,8
O000967,1,P0043,S0005,1,4308.00,42.49,7
O000968,1,P0060,S0016,2,1418.60,42.72,6
O000969,1,P0077,S0027,3,8612.10,42.95,5
O000970,1,P0094,S0038,1,3935.00,43.18,4
O000971,1,P0011,S0009,2,6896.00,43.41,3
O000972,1,P0028,S0020,3,6904.50,43.64,2
O000972,2,P0031,S0027,2,11944.80,43.75,5
O000973,1,P0045,S0031,1,6027.20,43.87,1
O000973,2,P0048,S0038,3,21865.20,43.98,4
O000973,3,P0051,S0005,2,12374.00,44.09,7
O000974,1,P0062,S0002,2,15434.00,44.10,10
O000974,2,P0065,S0009,1,6707.90,44.21,3
O000975,1,P0079,S0013,3,19341.90,44.33,9
O000975,2,P0082,S0020,2,8413.00,44.44,2
O000976,1,P0096,S0024,1,6005.70,44.56,8
O000977,1,P0013,S0035,2,9406.40,44.79,7
O000978,1,P0030,S0006,3,5087.40,45.02,6
O000979,1,P0047,S0017,1,4235.80,45.25,5
O000980,1,P0064,S0028,2,15352.40,45.48,4
O000981,1,P0081,S0039,3,8928.90,45.71,3
O000982,1,P0098,S0010,1,3524.20,45.94,2
O000982,2,P0001,S0017,3,3771.90,46.05,5
O000983,1,P0015,S0021,2,13822.20,46.17,1
O000984,1,P0032,S0032,3,11761.50,46.40,10
O000985,1,P0049,S0003,1,3640.80,46.63,9
O000986,1,P0066,S0014,2,16612.20,46.86,8
O000986,2,P0069,S0021,1,3199.70,46.97,1
O000987,1,P0083,S0025,3,16525.50,47.09,7
O000987,2,P0086,S0032,2,3869.20,47.20,10
O000988,1,P0100,S0036,1,4801.00,47.32,6
O000988,2,P0003,S0003,3,6395.70,47.43,9
O000989,1,P0017,S0007,2,15120.40,47.55,5
O000989,2,P0020,S0014,1,7368.00,47.66,8
O000990,1,P0034,S0018,3,1225.80,47.78,4
O000991,1,P0051,S0029,1,6187.00,48.01,3
O000991,2,P0054,S0036,3,7534.20,48.12,6
O000992,1,P0068,S0040,2,2462.00,48.24,2
O000993,1,P0085,S0011,3,25107.30,48.47,1
O000994,1,P0002,S0022,1,1185.30,48.70,10
O000995,1,P0019,S0033,2,4275.00,48.93,9
O000996,1,P0036,S0004,3,14234.40,49.16,8
O000997,1,P0053,S0015,1,5412.40,49.39,7
O000998,1,P0070,S0026,2,7195.00,49.62,6
O000999,1,P0087,S0037,3,17090.70,49.85,5
O001000,1,P0004,S0008,1,5646.60,50.08,4
O001000,2,P0007,S0015,3,3414.60,50.19,7
O001000,3,P0010,S0022,2,11478.60,50.30,10
O001001,1,P0021,S0019,2,1735.60,50.31,3
O001001,2,P0024,S0026,1,4047.80,50.42,6
O001002,1,P0038,S0030,3,12468.90,50.54,2
O001002,2,P0041,S0037,2,14954.20,50.65,5
O001003,1,P0055,S0001,1,1635.60,50.77,1
O001003,2,P0058,S0008,3,18595.50,50.88,4
O001004,1,P0072,S0012,2,10163.60,51.00,10
O001004,2,P0075,S0019,1,363.80,51.11,3
O001005,1,P0089,S0023,3,23482.20,51.23,9
O001005,2,P0092,S0030,2,14742.40,51.34,2
O001006,1,P0006,S0034,1,2614.70,51.46,8
O001007,1,P0023,S0005,2,13228.20,51.69,7
O001008,1,P0040,S0016,3,12018.60,51.92,6
O001009,1,P0057,S0027,1,6400.70,52.15,5
O001010,1,P0074,S0038,2,6978.60,52.38,4
O001011,1,P0091,S0009,3,22860.00,52.61,3
O001012,1,P0008,S0020,1,4720.30,52.84,2
O001013,1,P0025,S0031,2,14889.40,53.07,1
O001014,1,P0042,S0002,3,16995.00,53.30,10
O001015,1,P0059,S0013,1,7728.50,53.53,9
O001015,2,P0062,S0020,3,23151.00,53.64,2
O001016,1,P0076,S0024,2,15708.60,53.76,8
O001016,2,P0079,S0031,1,6447.30,53.87,1
O001017,1,P0093,S0035,3,7830.30,53.99,7
O001017,2,P0096,S0002,2,12011.40,54.10,10
O001018,1,P0010,S0006,1,5739.30,54.22,6
O001018,2,P0013,S0013,3,14109.60,54.33,9
O001019,1,P0027,S0017,2,5983.80,54.45,5
O001020,1,P0044,S0028,3,1102.80,54.68,4
O001021,1,P0061,S0039,1,6391.00,54.91,3
O001022,1,P0078,S0010,2,9737.00,55.14,2
O001023,1,P0095,S0021,3,22884.60,55.37,1
O001024,1,P0012,S0032,1,2057.50,55.60,10
O001025,1,P0029,S0003,2,14001.20,55.83,9
O001026,1,P0046,S0014,3,24735.00,56.06,8
O001027,1,P0063,S0025,1,3852.80,56.29,7
O001028,1,P0080,S0036,2,5653.20,56.52,6
O001029,1,P0097,S0007,3,14316.90,56.75,5
O001029,2,P0100,S0014,2,9602.00,56.86,8
O001030,1,P0014,S0018,1,8414.60,56.98,4
O001030,2,P0017,S0025,3,22680.60,57.09,7
O001031,1,P0031,S0029,2,11944.80,57.21,3
O001031,2,P0034,S0036,1,408.60,57.32,6
O001032,1,P0048,S0040,3,21865.20,57.44,2
O001032,2,P0051,S0007,2,12374.00,57.55,5
O001033,1,P0065,S0011,1,6707.90,57.67,1
O001034,1,P0082,S0022,2,8413.00,57.90,10
O001035,1,P0099,S0033,3,8351.10,58.13,9
O001036,1,P0016,S0004,1,7492.40,58.36,8
O001037,1,P0033,S0015,2,1743.60,58.59,7
O001038,1,P0050,S0026,3,17122.80,58.82,6
O001039,1,P0067,S0037,1,7884.60,59.05,5
O001040,1,P0084,S0008,2,4361.60,59.28,4
O001041,1,P0001,S0019,3,3771.90,59.51,3
O001042,1,P0018,S0030,1,6421.70,59.74,2
O001043,1,P0035,S0001,2,1855.00,59.97,1
O001043,2,P0038,S0008,1,4156.30,60.08,4
O001044,1,P0052,S0012,3,16832.40,60.20,10
O001044,2,P0055,S0019,2,3271.20,60.31,3
O001045,1,P0069,S0023,1,3199.70,60.43,9
O001045,2,P0072,S0030,3,15245.40,60.54,2
O001046,1,P0086,S0034,2,3869.20,60.66,8
O001046,2,P0089,S0001,1,7827.40,60.77,1
O001047,1,P0003,S0005,3,6395.70,60.89,7
O001047,2,P0006,S0012,2,5229.40,61.00,10
O001048,1,P0020,S0016,1,7368.00,61.12,6
O001049,1,P0037,S0027,2,3803.60,61.35,5
O001050,1,P0054,S0038,3,7534.20,61.58,4
O001051,1,P0071,S0009,1,4501.70,61.81,3
O001052,1,P0088,S0020,2,13807.00,62.04,2
O001053,1,P0005,S0031,3,20840.70,62.27,1
O001054,1,P0022,S0002,1,7365.40,62.50,10
O001055,1,P0039,S0013,2,6230.60,62.73,9
O001056,1,P0056,S0024,3,8369.70,62.96,8
O001057,1,P0073,S0035,1,3167.30,63.19,7
O001058,1,P0090,S0006,2,11581.60,63.42,6
O001058,2,P0093,S0013,1,2610.10,63.53,9
O001059,1,P0007,S0017,3,3414.60,63.65,5
O001059,2,P0010,S0024,2,11478.60,63.76,8
O001060,1,P0024,S0028,1,4047.80,63.88,4
O001060,2,P0027,S0035,3,8975.70,63.99,7
O001061,1,P0041,S0039,2,14954.20,64.11,3
O001061,2,P0044,S0006,1,367.60,64.22,6
O001062,1,P0058,S0010,3,18595.50,64.34,2
O001063,1,P0075,S0021,1,363.80,64.57,1
O001064,1,P0092,S0032,2,14742.40,64.80,10
O001065,1,P0009,S0003,3,16172.70,65.03,9
O001066,1,P0026,S0014,1,3397.40,65.26,8
O001067,1,P0043,S0025,2,8616.00,65.49,7
O001068,1,P0060,S0036,3,2127.90,65.72,6
O001069,1,P0077,S0007,1,2870.70,65.95,5
O001070,1,P0094,S0018,2,7870.00,66.18,4
O001071,1,P0011,S0029,3,10344.00,66.41,3
O001072,1,P0028,S0040,1,2301.50,66.64,2
O001072,2,P0031,S0007,3,17917.20,66.75,5
O001072,3,P0034,S0014,2,817.20,66.86,8
O001073,1,P0045,S0011,2,12054.40,66.87,1
O001073,2,P0048,S0018,1,7288.40,66.98,4
O001073,3,P0051,S0025,3,18561.00,67.09,7
O001074,1,P0062,S0022,3,23151.00,67.10,10
O001074,2,P0065,S0029,2,13415.80,67.21,3
O001075,1,P0079,S0033,1,6447.30,67.33,9
O001075,2,P0082,S0040,3,12619.50,67.44,2
O001076,1,P0096,S0004,2,12011.40,67.56,8
O001077,1,P0013,S0015,3,14109.60,67.79,7
O001078,1,P0030,S0026,1,1695.80,68.02,6
O001079,1,P0047,S0037,2,8471.60,68.25,5
O001080,1,P0064,S0008,3,23028.60,68.48,4
O001081,1,P0081,S0019,1,2976.30,68.71,3
O001082,1,P0098,S0030,2,7048.40,68.94,2
O001082,2,P0001,S0037,1,1257.30,69.05,5
O001083,1,P0015,S0001,3,20733.30,69.17,1
O001084,1,P0032,S0012,1,3920.50,69.40,10
O001085,1,P0049,S0023,2,7281.60,69.63,9
O001086,1,P0066,S0034,3,24918.30,69.86,8
O001086,2,P0069,S0001,2,6399.40,69.97,1
O001087,1,P0083,S0005,1,5508.50,70.09,7
O001087,2,P0086,S0012,3,5803.80,70.20,10
O001088,1,P0100,S0016,2,9602.00,70.32,6
O001088,2,P0003,S0023,1,2131.90,70.43,9
O001089,1,P0017,S0027,3,22680.60,70.55,5
O001089,2,P0020,S0034,2,14736.00,70.66,8
O001090,1,P0034,S0038,1,408.60,70.78,4
O001091,1,P0051,S0009,2,12374.00,71.01,3
O001091,2,P0054,S0016,1,2511.40,71.12,6
O001092,1,P0068,S0020,3,3693.00,71.24,2
O001093,1,P0085,S0031,1,8369.10,71.47,1
O001094,1,P0002,S0002,2,2370.60,71.70,10
O001095,1,P0019,S0013,3,6412.50,71.93,9
O001096,1,P0036,S0024,1,4744.80,72.16,8
O001097,1,P0053,S0035,2,10824.80,72.39,7
O001098,1,P0070,S0006,3,10792.50,72.62,6
O001099,1,P0087,S0017,1,5696.90,72.85,5
O001100,1,P0004,S0028,2,11293.20,73.08,4
O001100,2,P0007,S0035,1,1138.20,73.19,7
O001100,3,P0010,S0002,3,17217.90,73.30,10
O001101,1,P0021,S0039,3,2603.40,73.31,3
O001101,2,P0024,S0006,2,8095.60,73.42,6
O001102,1,P0038,S0010,1,4156.30,73.54,2
O001102,2,P0041,S0017,3,22431.30,73.65,5
O001103,1,P0055,S0021,2,3271.20,73.77,1
O001103,2,P0058,S0028,1,6198.50,73.88,4
O001104,1,P0072,S0032,3,15245.40,74.00,10
O001104,2,P0075,S0039,2,727.60,74.11,3
O001105,1,P0089,S0003,1,7827.40,74.23,9
O001106,1,P0006,S0014,2,5229.40,74.46,8
O001107,1,P0023,S0025,3,19842.30,74.69,7
O001108,1,P0040,S0036,1,4006.20,74.92,6
O001109,1,P0057,S0007,2,12801.40,75.15,5
O001110,1,P0074,S0018,3,10467.90,75.38,4
O001111,1,P0091,S0029,1,7620.00,75.61,3
O001112,1,P0008,S0040,2,9440.60,75.84,2
O001113,1,P0025,S0011,3,22334.10,76.07,1
O001114,1,P0042,S0022,1,5665.00,76.30,10
O001115,1,P0059,S0033,2,15457.00,76.53,9
O001115,2,P0062,S0040,1,7717.00,76.64,2
O001116,1,P0076,S0004,3,23562.90,76.76,8
O001116,2,P0079,S0011,2,12894.60,76.87,1
O001117,1,P0093,S0015,1,2610.10,76.99,7
O001117,2,P0096,S0022,3,18017.10,77.10,10
O001118,1,P0010,S0026,2,11478.60,77.22,6
O001118,2,P0013,S0033,1,4703.20,77.33,9
O001119,1,P0027,S0037,3,8975.70,77.45,5
O001120,1,P0044,S0008,1,367.60,77.68,4
O001121,1,P0061,S0019,2,12782.00,77.91,3
O001122,1,P0078,S0030,3,14605.50,78.14,2
O001123,1,P0095,S0001,1,7628.20,78.37,1
O001124,1,P0012,S0012,2,4115.00,78.60,10
O001125,1,P0029,S0023,3,21001.80,78.83,9
O001126,1,P0046,S0034,1,8245.00,79.06,8
O001127,1,P0063,S0005,2,7705.60,79.29,7
O001128,1,P0080,S0016,3,8479.80,79.52,6
O001129,1,P0097,S0027,1,4772.30,79.75,5
O001129,2,P0100,S0034,3,14403.00,79.86,8
O001130,1,P0014,S0038,2,16829.20,79.98,4
O001130,2,P0017,S0005,1,7560.20,80.09,7
O001131,1,P0031,S0009,3,17917.20,80.21,3
O001131,2,P0034,S0016,2,817.20,80.32,6
O001132,1,P0048,S0020,1,7288.40,80.44,2
O001132,2,P0051,S0027,3,18561.00,80.55,5
O001133,1,P0065,S0031,2,13415.80,80.67,1
O001134,1,P0082,S0002,3,12619.50,80.90,10
O001135,1,P0099,S0013,1,2783.70,81.13,9
O001136,1,P0016,S0024,2,14984.80,81.36,8
O001137,1,P0033,S0035,3,2615.40,81.59,7
O001138,1,P0050,S0006,1,5707.60,81.82,6
O001139,1,P0067,S0017,2,15769.20,82.05,5
O001139,2,P0070,S0024,1,3597.50,82.16,8
O001140,1,P0084,S0028,3,6542.40,82.28,4
O001141,1,P0001,S0039,1,1257.30,82.51,3
O001142,1,P0018,S0010,2,12843.40,82.74,2
O001143,1,P0035,S0021,3,2782.50,82.97,1
O001143,2,P0038,S0028,2,8312.60,83.08,4
O001144,1,P0052,S0032,1,5610.80,83.20,10
O001144,2,P0055,S0039,3,4906.80,83.31,3
O001145,1,P0069,S0003,2,6399.40,83.43,9
O001145,2,P0072,S0010,1,5081.80,83.54,2
O001146,1,P0086,S0014,3,5803.80,83.66,8
O001146,2,P0089,S0021,2,15654.80,83.77,1
O001147,1,P0003,S0025,1,2131.90,83.89,7
O001147,2,P0006,S0032,3,7844.10,84.00,10
O001148,1,P0020,S0036,2,14736.00,84.12,6
O001149,1,P0037,S0007,3,5705.40,84.35,5
O001150,1,P0054,S0018,1,2511.40,84.58,4
O001151,1,P0071,S0029,2,9003.40,84.81,3
O001152,1,P0088,S0040,3,20710.50,85.04,2
O001153,1,P0005,S0011,1,6946.90,85.27,1
O001154,1,P0022,S0022,2,14730.80,85.50,10
O001155,1,P0039,S0033,3,9345.90,85.73,9
O001156,1,P0056,S0004,1,2789.90,85.96,8
O001157,1,P0073,S0015,2,6334.60,86.19,7
O001158,1,P0090,S0026,3,17372.40,86.42,6
O001158,2,P0093,S0033,2,5220.20,86.53,9
O001159,1,P0007,S0037,1,1138.20,86.65,5
O001159,2,P0010,S0004,3,17217.90,86.76,8
O001160,1,P0024,S0008,2,8095.60,86.88,4
O001160,2,P0027,S0015,1,2991.90,86.99,7
O001161,1,P0041,S0019,3,22431.30,87.11,3
O001161,2,P0044,S0026,2,735.20,87.22,6
O001162,1,P0058,S0030,1,6198.50,87.34,2
O001163,1,P0075,S0001,2,727.60,87.57,1
O001164,1,P0092,S0012,3,22113.60,87.80,10
O001165,1,P0009,S0023,1,5390.90,88.03,9
O001166,1,P0026,S0034,2,6794.80,88.26,8
O001167,1,P0043,S0005,3,12924.00,88.49,7
O001168,1,P0060,S0016,1,709.30,88.72,6
O001169,1,P0077,S0027,2,5741.40,88.95,5
O001170,1,P0094,S0038,3,11805.00,89.18,4
O001171,1,P0011,S0009,1,3448.00,89.41,3
O001172,1,P0028,S0020,2,4603.00,89.64,2
O001172,2,P0031,S0027,1,5972.40,89.75,5
O001173,1,P0045,S0031,3,18081.60,89.87,1
O001173,2,P0048,S0038,2,14576.80,89.98,4
O001173,3,P0051,S0005,1,6187.00,90.09,7
O001174,1,P0062,S0002,1,7717.00,90.10,10
O001174,2,P0065,S0009,3,20123.70,90.21,3
O001175,1,P0079,S0013,2,12894.60,90.33,9
O001175,2,P0082,S0020,1,4206.50,90.44,2
O001176,1,P0096,S0024,3,18017.10,90.56,8
O001177,1,P0013,S0035,1,4703.20,90.79,7
O001178,1,P0030,S0006,2,3391.60,91.02,6
O001179,1,P0047,S0017,3,12707.40,91.25,5
O001180,1,P0064,S0028,1,7676.20,91.48,4
O001181,1,P0081,S0039,2,5952.60,91.71,3
O001182,1,P0098,S0010,3,10572.60,91.94,2
O001182,2,P0001,S0017,2,2514.60,92.05,5
O001183,1,P0015,S0021,1,6911.10,92.17,1
O001184,1,P0032,S0032,2,7841.00,92.40,10
O001185,1,P0049,S0003,3,10922.40,92.63,9
O001186,1,P0066,S0014,1,8306.10,92.86,8
O001186,2,P0069,S0021,3,9599.10,92.97,1
O001187,1,P0083,S0025,2,11017.00,93.09,7
O001187,2,P0086,S0032,1,1934.60,93.20,10
O001188,1,P0100,S0036,3,14403.00,93.32,6
O001188,2,P0003,S0003,2,4263.80,93.43,9
O001189,1,P0017,S0007,1,7560.20,93.55,5
O001189,2,P0020,S0014,3,22104.00,93.66,8
O001190,1,P0034,S0018,2,817.20,93.78,4
O001191,1,P0051,S0029,3,18561.00,94.01,3
O001191,2,P0054,S0036,2,5022.80,94.12,6
O001192,1,P0068,S0040,1,1231.00,94.24,2
O001193,1,P0085,S0011,2,16738.20,94.47,1
O001194,1,P0002,S0022,3,3555.90,94.70,10
O001195,1,P0019,S0033,1,2137.50,94.93,9
O001196,1,P0036,S0004,2,9489.60,95.16,8
O001197,1,P0053,S0015,3,16237.20,95.39,7
O001198,1,P0070,S0026,1,3597.50,95.62,6
O001199,1,P0087,S0037,2,11393.80,95.85,5
O001200,1,P0004,S0008,3,16939.80,96.08,4
O001200,2,P0007,S0015,2,2276.40,96.19,7
O001200,3,P0010,S0022,1,5739.30,96.30,10
O001201,1,P0021,S0019,1,867.80,96.31,3
O001201,2,P0024,S0026,3,12143.40,96.42,6
O001202,1,P0038,S0030,2,8312.60,96.54,2
O001202,2,P0041,S0037,1,7477.10,96.65,5
O001203,1,P0055,S0001,3,4906.80,96.77,1
O001203,2,P0058,S0008,2,12397.00,96.88,4
O001204,1,P0072,S0012,1,5081.80,97.00,10
O001204,2,P0075,S0019,3,1091.40,97.11,3
O001205,1,P0089,S0023,2,15654.80,97.23,9
O001206,1,P0006,S0034,3,7844.10,97.46,8
O001206,2,P0009,S0001,2,10781.80,97.57,1
O001207,1,P0023,S0005,1,6614.10,97.69,7
O001208,1,P0040,S0016,2,8012.40,97.92,6
O001209,1,P0057,S0027,3,19202.10,98.15,5
O001210,1,P0074,S0038,1,3489.30,98.38,4
O001211,1,P0091,S0009,2,15240.00,98.61,3
O001212,1,P0008,S0020,3,14160.90,98.84,2
O001213,1,P0025,S0031,1,7444.70,99.07,1
O001214,1,P0042,S0002,2,11330.00,99.30,10
O001215,1,P0059,S0013,3,23185.50,99.53,9
O001215,2,P0062,S0020,2,15434.00,99.64,2
O001216,1,P0076,S0024,1,7854.30,99.76,8
O001216,2,P0079,S0031,3,19341.90,99.87,1
O001217,1,P0093,S0035,2,5220.20,99.99,7
O001217,2,P0096,S0002,1,6005.70,30.09,10
O001218,1,P0010,S0006,3,17217.90,30.21,6
O001218,2,P0013,S0013,2,9406.40,30.32,9
O001219,1,P0027,S0017,1,2991.90,30.44,5
O001220,1,P0044,S0028,2,735.20,30.67,4
O001221,1,P0061,S0039,3,19173.00,30.90,3
O001222,1,P0078,S0010,1,4868.50,31.13,2
O001223,1,P0095,S0021,2,15256.40,31.36,1
O001224,1,P0012,S0032,3,6172.50,31.59,10
O001225,1,P0029,S0003,1,7000.60,31.82,9
O001226,1,P0046,S0014,2,16490.00,32.05,8
O001227,1,P0063,S0025,3,11558.40,32.28,7
O001228,1,P0080,S0036,1,2826.60,32.51,6
O001229,1,P0097,S0007,2,9544.60,32.74,5
O001229,2,P0100,S0014,1,4801.00,32.85,8
O001230,1,P0014,S0018,3,25243.80,32.97,4
O001230,2,P0017,S0025,2,15120.40,33.08,7
O001231,1,P0031,S0029,1,5972.40,33.20,3
O001231,2,P0034,S0036,3,1225.80,33.31,6
O001232,1,P0048,S0040,2,14576.80,33.43,2
O001232,2,P0051,S0007,1,6187.00,33.54,5
O001233,1,P0065,S0011,3,20123.70,33.66,1
O001234,1,P0082,S0022,1,4206.50,33.89,10
O001235,1,P0099,S0033,2,5567.40,34.12,9
O001236,1,P0016,S0004,3,22477.20,34.35,8
O001237,1,P0033,S0015,1,871.80,34.58,7
O001238,1,P0050,S0026,2,11415.20,34.81,6
O001239,1,P0067,S0037,3,23653.80,35.04,5
O001240,1,P0084,S0008,1,2180.80,35.27,4
O001241,1,P0001,S0019,2,2514.60,35.50,3
O001242,1,P0018,S0030,3,19265.10,35.73,2
O001243,1,P0035,S0001,1,927.50,35.96,1
O001243,2,P0038,S0008,3,12468.90,36.07,4
O001244,1,P0052,S0012,2,11221.60,36.19,10
O001244,2,P0055,S0019,1,1635.60,36.30,3
O001245,1,P0069,S0023,3,9599.10,36.42,9
O001245,2,P0072,S0030,2,10163.60,36.53,2
O001246,1,P0086,S0034,1,1934.60,36.65,8
O001246,2,P0089,S0001,3,23482.20,36.76,1
O001247,1,P0003,S0005,2,4263.80,36.88,7
O001247,2,P0006,S0012,1,2614.70,36.99,10
O001248,1,P0020,S0016,3,22104.00,37.11,6
O001249,1,P0037,S0027,1,1901.80,37.34,5
O001250,1,P0054,S0038,2,5022.80,37.57,4
O001251,1,P0071,S0009,3,13505.10,37.80,3
O001252,1,P0088,S0020,1,6903.50,38.03,2
O001253,1,P0005,S0031,2,13893.80,38.26,1
O001254,1,P0022,S0002,3,22096.20,38.49,10
O001255,1,P0039,S0013,1,3115.30,38.72,9
O001256,1,P0056,S0024,2,5579.80,38.95,8
O001257,1,P0073,S0035,3,9501.90,39.18,7
O001258,1,P0090,S0006,1,5790.80,39.41,6
O001258,2,P0093,S0013,3,7830.30,39.52,9
O001259,1,P0007,S0017,2,2276.40,39.64,5
O001259,2,P0010,S0024,1,5739.30,39.75,8
O001260,1,P0024,S0028,3,12143.40,39.87,4
O001260,2,P0027,S0035,2,5983.80,39.98,7
O001261,1,P0041,S0039,1,7477.10,40.10,3
O001261,2,P0044,S0006,3,1102.80,40.21,6
O001262,1,P0058,S0010,2,12397.00,40.33,2
O001263,1,P0075,S0021,3,1091.40,40.56,1
O001264,1,P0092,S0032,1,7371.20,40.79,10
O001265,1,P0009,S0003,2,10781.80,41.02,9
O001266,1,P0026,S0014,3,10192.20,41.25,8
O001267,1,P0043,S0025,1,4308.00,41.48,7
O001268,1,P0060,S0036,2,1418.60,41.71,6
O001269,1,P0077,S0007,3,8612.10,41.94,5
O001270,1,P0094,S0018,1,3935.00,42.17,4
O001271,1,P0011,S0029,2,6896.00,42.40,3
O001272,1,P0028,S0040,3,6904.50,42.63,2
O001272,2,P0031,S0007,2,11944.80,42.74,5
O001273,1,P0045,S0011,1,6027.20,42.86,1
O001273,2,P0048,S0018,3,21865.20,42.97,4
O001273,3,P0051,S0025,2,12374.00,43.08,7
O001273,4,P0054,S0032,1,2511.40,43.19,10
O001274,1,P0062,S0022,2,15434.00,43.09,10
O001274,2,P0065,S0029,1,6707.90,43.20,3
O001275,1,P0079,S0033,3,19341.90,43.32,9
O001275,2,P0082,S0040,2,8413.00,43.43,2
O001276,1,P0096,S0004,1,6005.70,43.55,8
O001277,1,P0013,S0015,2,9406.40,43.78,7
O001278,1,P0030,S0026,3,5087.40,44.01,6
O001279,1,P0047,S0037,1,4235.80,44.24,5
O001280,1,P0064,S0008,2,15352.40,44.47,4
O001281,1,P0081,S0019,3,8928.90,44.70,3
O001282,1,P0098,S0030,1,3524.20,44.93,2
O001282,2,P0001,S0037,3,3771.90,45.04,5
O001283,1,P0015,S0001,2,13822.20,45.16,1
O001284,1,P0032,S0012,3,11761.50,45.39,10
O001285,1,P0049,S0023,1,3640.80,45.62,9
O001286,1,P0066,S0034,2,16612.20,45.85,8
O001286,2,P0069,S0001,1,3199.70,45.96,1
O001287,1,P0083,S0005,3,16525.50,46.08,7
O001287,2,P0086,S0012,2,3869.20,46.19,10
O001288,1,P0100,S0016,1,4801.00,46.31,6
O001288,2,P0003,S0023,3,6395.70,46.42,9
O001289,1,P0017,S0027,2,15120.40,46.54,5
O001289,2,P0020,S0034,1,7368.00,46.65,8
O001290,1,P0034,S0038,3,1225.80,46.77,4
O001291,1,P0051,S0009,1,6187.00,47.00,3
O001291,2,P0054,S0016,3,7534.20,47.11,6
O001292,1,P0068,S0020,2,2462.00,47.23,2
O001293,1,P0085,S0031,3,25107.30,47.46,1
O001294,1,P0002,S0002,1,1185.30,47.69,10
O001295,1,P0019,S0013,2,4275.00,47.92,9
O001296,1,P0036,S0024,3,14234.40,48.15,8
O001297,1,P0053,S0035,1,5412.40,48.38,7
O001298,1,P0070,S0006,2,7195.00,48.61,6
O001299,1,P0087,S0017,3,17090.70,48.84,5
O001300,1,P0004,S0028,1,5646.60,49.07,4
O001300,2,P0007,S0035,3,3414.60,49.18,7
O001300,3,P0010,S0002,2,11478.60,49.29,10
O001301,1,P0021,S0039,2,1735.60,49.30,3
O001301,2,P0024,S0006,1,4047.80,49.41,6
O001302,1,P0038,S0010,3,12468.90,49.53,2
O001302,2,P0041,S0017,2,14954.20,49.64,5
O001303,1,P0055,S0021,1,1635.60,49.76,1
O001303,2,P0058,S0028,3,18595.50,49.87,4
O001304,1,P0072,S0032,2,10163.60,49.99,10
O001304,2,P0075,S0039,1,363.80,50.10,3
O001305,1,P0089,S0003,3,23482.20,50.22,9
O001306,1,P0006,S0014,1,2614.70,50.45,8
O001307,1,P0023,S0025,2,13228.20,50.68,7
O001308,1,P0040,S0036,3,12018.60,50.91,6
O001309,1,P0057,S0007,1,6400.70,51.14,5
O001310,1,P0074,S0018,2,6978.60,51.37,4
O001311,1,P0091,S0029,3,22860.00,51.60,3
O001312,1,P0008,S0040,1,4720.30,51.83,2
O001313,1,P0025,S0011,2,14889.40,52.06,1
O001314,1,P0042,S0022,3,16995.00,52.29,10
O001315,1,P0059,S0033,1,7728.50,52.52,9
O001315,2,P0062,S0040,3,23151.00,52.63,2
O001316,1,P0076,S0004,2,15708.60,52.75,8
O001316,2,P0079,S0011,1,6447.30,52.86,1
O001317,1,P0093,S0015,3,7830.30,52.98,7
O001317,2,P0096,S0022,2,12011.40,53.09,10
O001318,1,P0010,S0026,1,5739.30,53.21,6
O001318,2,P0013,S0033,3,14109.60,53.32,9
O001319,1,P0027,S0037,2,5983.80,53.44,5
O001320,1,P0044,S0008,3,1102.80,53.67,4
O001321,1,P0061,S0019,1,6391.00,53.90,3
O001322,1,P0078,S0030,2,9737.00,54.13,2
O001323,1,P0095,S0001,3,22884.60,54.36,1
O001324,1,P0012,S0012,1,2057.50,54.59,10
O001325,1,P0029,S0023,2,14001.20,54.82,9
O001326,1,P0046,S0034,3,24735.00,55.05,8
O001327,1,P0063,S0005,1,3852.80,55.28,7
O001328,1,P0080,S0016,2,5653.20,55.51,6
O001329,1,P0097,S0027,3,14316.90,55.74,5
O001329,2,P0100,S0034,2,9602.00,55.85,8
O001330,1,P0014,S0038,1,8414.60,55.97,4
O001330,2,P0017,S0005,3,22680.60,56.08,7
O001331,1,P0031,S0009,2,11944.80,56.20,3
O001331,2,P0034,S0016,1,408.60,56.31,6
O001332,1,P0048,S0020,3,21865.20,56.43,2
O001332,2,P0051,S0027,2,12374.00,56.54,5
O001333,1,P0065,S0031,1,6707.90,56.66,1
O001334,1,P0082,S0002,2,8413.00,56.89,10
O001335,1,P0099,S0013,3,8351.10,57.12,9
O001336,1,P0016,S0024,1,7492.40,57.35,8
O001337,1,P0033,S0035,2,1743.60,57.58,7
O001338,1,P0050,S0006,3,17122.80,57.81,6
O001339,1,P0067,S0017,1,7884.60,58.04,5
O001340,1,P0084,S0028,2,4361.60,58.27,4
O001340,2,P0087,S0035,1,5696.90,58.38,7
O001341,1,P0001,S0039,3,3771.90,58.50,3
O001342,1,P0018,S0010,1,6421.70,58.73,2
O001343,1,P0035,S0021,2,1855.00,58.96,1
O001343,2,P0038,S0028,1,4156.30,59.07,4
O001344,1,P0052,S0032,3,16832.40,59.19,10
O001344,2,P0055,S0039,2,3271.20,59.30,3
O001345,1,P0069,S0003,1,3199.70,59.42,9
O001345,2,P0072,S0010,3,15245.40,59.53,2
O001346,1,P0086,S0014,2,3869.20,59.65,8
O001346,2,P0089,S0021,1,7827.40,59.76,1
O001347,1,P0003,S0025,3,6395.70,59.88,7
O001347,2,P0006,S0032,2,5229.40,59.99,10
O001348,1,P0020,S0036,1,7368.00,60.11,6
O001349,1,P0037,S0007,2,3803.60,60.34,5
O001350,1,P0054,S0018,3,7534.20,60.57,4
O001351,1,P0071,S0029,1,4501.70,60.80,3
O001352,1,P0088,S0040,2,13807.00,61.03,2
O001353,1,P0005,S0011,3,20840.70,61.26,1
O001354,1,P0022,S0022,1,7365.40,61.49,10
O001355,1,P0039,S0033,2,6230.60,61.72,9
O001356,1,P0056,S0004,3,8369.70,61.95,8
O001357,1,P0073,S0015,1,3167.30,62.18,7
O001358,1,P0090,S0026,2,11581.60,62.41,6
O001358,2,P0093,S0033,1,2610.10,62.52,9
O001359,1,P0007,S0037,3,3414.60,62.64,5
O001359,2,P0010,S0004,2,11478.60,62.75,8
O001360,1,P0024,S0008,1,4047.80,62.87,4
O001360,2,P0027,S0015,3,8975.70,62.98,7
O001361,1,P0041,S0019,2,14954.20,63.10,3
O001361,2,P0044,S0026,1,367.60,63.21,6
O001362,1,P0058,S0030,3,18595.50,63.33,2
O001363,1,P0075,S0001,1,363.80,63.56,1
O001364,1,P0092,S0012,2,14742.40,63.79,10
O001365,1,P0009,S0023,3,16172.70,64.02,9
O001366,1,P0026,S0034,1,3397.40,64.25,8
O001367,1,P0043,S0005,2,8616.00,64.48,7
O001368,1,P0060,S0016,3,2127.90,64.71,6
O001369,1,P0077,S0027,1,2870.70,64.94,5
O001370,1,P0094,S0038,2,7870.00,65.17,4
O001371,1,P0011,S0009,3,10344.00,65.40,3
O001372,1,P0028,S0020,1,2301.50,65.63,2
O001372,2,P0031,S0027,3,17917.20,65.74,5
O001373,1,P0045,S0031,2,12054.40,65.86,1
O001373,2,P0048,S0038,1,7288.40,65.97,4
O001373,3,P0051,S0005,3,18561.00,66.08,7
O001374,1,P0062,S0002,3,23151.00,66.09,10
O001374,2,P0065,S0009,2,13415.80,66.20,3
O001375,1,P0079,S0013,1,6447.30,66.32,9
O001375,2,P0082,S0020,3,12619.50,66.43,2
O001376,1,P0096,S0024,2,12011.40,66.55,8
O001377,1,P0013,S0035,3,14109.60,66.78,7
O001378,1,P0030,S0006,1,1695.80,67.01,6
O001379,1,P0047,S0017,2,8471.60,67.24,5
O001380,1,P0064,S0028,3,23028.60,67.47,4
O001381,1,P0081,S0039,1,2976.30,67.70,3
O001382,1,P0098,S0010,2,7048.40,67.93,2
O001382,2,P0001,S0017,1,1257.30,68.04,5
O001383,1,P0015,S0021,3,20733.30,68.16,1
O001384,1,P0032,S0032,1,3920.50,68.39,10
O001385,1,P0049,S0003,2,7281.60,68.62,9
O001386,1,P0066,S0014,3,24918.30,68.85,8
O001386,2,P0069,S0021,2,6399.40,68.96,1
O001387,1,P0083,S0025,1,5508.50,69.08,7
O001387,2,P0086,S0032,3,5803.80,69.19,10
O001388,1,P0100,S0036,2,9602.00,69.31,6
O001388,2,P0003,S0003,1,2131.90,69.42,9
O001389,1,P0017,S0007,3,22680.60,69.54,5
O001389,2,P0020,S0014,2,14736.00,69.65,8
O001390,1,P0034,S0018,1,408.60,69.77,4
O001391,1,P0051,S0029,2,12374.00,70.00,3
O001391,2,P0054,S0036,1,2511.40,70.11,6
O001392,1,P0068,S0040,3,3693.00,70.23,2
O001393,1,P0085,S0011,1,8369.10,70.46,1
O001394,1,P0002,S0022,2,2370.60,70.69,10
O001395,1,P0019,S0033,3,6412.50,70.92,9
O001396,1,P0036,S0004,1,4744.80,71.15,8
O001397,1,P0053,S0015,2,10824.80,71.38,7
O001398,1,P0070,S0026,3,10792.50,71.61,6
O001399,1,P0087,S0037,1,5696.90,71.84,5
O001400,1,P0004,S0008,2,11293.20,72.07,4
O001400,2,P0007,S0015,1,1138.20,72.18,7
O001400,3,P0010,S0022,3,17217.90,72.29,10
O001401,1,P0021,S0019,3,2603.40,72.30,3
O001401,2,P0024,S0026,2,8095.60,72.41,6
O001402,1,P0038,S0030,1,4156.30,72.53,2
O001402,2,P0041,S0037,3,22431.30,72.64,5
O001403,1,P0055,S0001,2,3271.20,72.76,1
O001403,2,P0058,S0008,1,6198.50,72.87,4
O001404,1,P0072,S0012,3,15245.40,72.99,10
O001404,2,P0075,S0019,2,727.60,73.10,3
O001405,1,P0089,S0023,1,7827.40,73.22,9
O001406,1,P0006,S0034,2,5229.40,73.45,8
O001407,1,P0023,S0005,3,19842.30,73.68,7
O001407,2,P0026,S0012,2,6794.80,73.79,10
O001408,1,P0040,S0016,1,4006.20,73.91,6
O001409,1,P0057,S0027,2,12801.40,74.14,5
O001410,1,P0074,S0038,3,10467.90,74.37,4
O001411,1,P0091,S0009,1,7620.00,74.60,3
O001412,1,P0008,S0020,2,9440.60,74.83,2
O001413,1,P0025,S0031,3,22334.10,75.06,1
O001414,1,P0042,S0002,1,5665.00,75.29,10
O001415,1,P0059,S0013,2,15457.00,75.52,9
O001415,2,P0062,S0020,1,7717.00,75.63,2
O001416,1,P0076,S0024,3,23562.90,75.75,8
O001416,2,P0079,S0031,2,12894.60,75.86,1
O001417,1,P0093,S0035,1,2610.10,75.98,7
O001417,2,P0096,S0002,3,18017.10,76.09,10
O001418,1,P0010,S0006,2,11478.60,76.21,6
O001418,2,P0013,S0013,1,4703.20,76.32,9
O001419,1,P0027,S0017,3,8975.70,76.44,5
O001420,1,P0044,S0028,1,367.60,76.67,4
O001421,1,P0061,S0039,2,12782.00,76.90,3
O001422,1,P0078,S0010,3,14605.50,77.13,2
O001423,1,P0095,S0021,1,7628.20,77.36,1
O001424,1,P0012,S0032,2,4115.00,77.59,10
O001425,1,P0029,S0003,3,21001.80,77.82,9
O001426,1,P0046,S0014,1,8245.00,78.05,8
O001427,1,P0063,S0025,2,7705.60,78.28,7
O001428,1,P0080,S0036,3,8479.80,78.51,6
O001429,1,P0097,S0007,1,4772.30,78.74,5
O001429,2,P0100,S0014,3,14403.00,78.85,8
O001430,1,P0014,S0018,2,16829.20,78.97,4
O001430,2,P0017,S0025,1,7560.20,79.08,7
O001431,1,P0031,S0029,3,17917.20,79.20,3
O001431,2,P0034,S0036,2,817.20,79.31,6
O001432,1,P0048,S0040,1,7288.40,79.43,2
O001432,2,P0051,S0007,3,18561.00,79.54,5
O001433,1,P0065,S0011,2,13415.80,79.66,1
O001434,1,P0082,S0022,3,12619.50,79.89,10
O001435,1,P0099,S0033,1,2783.70,80.12,9
O001436,1,P0016,S0004,2,14984.80,80.35,8
O001437,1,P0033,S0015,3,2615.40,80.58,7
O001438,1,P0050,S0026,1,5707.60,80.81,6
O001439,1,P0067,S0037,2,15769.20,81.04,5
O001440,1,P0084,S0008,3,6542.40,81.27,4
O001441,1,P0001,S0019,1,1257.30,81.50,3
O001442,1,P0018,S0030,2,12843.40,81.73,2
O001443,1,P0035,S0001,3,2782.50,81.96,1
O001443,2,P0038,S0008,2,8312.60,82.07,4
O001444,1,P0052,S0012,1,5610.80,82.19,10
O001444,2,P0055,S0019,3,4906.80,82.30,3
O001445,1,P0069,S0023,2,6399.40,82.42,9
O001445,2,P0072,S0030,1,5081.80,82.53,2
O001446,1,P0086,S0034,3,5803.80,82.65,8
O001446,2,P0089,S0001,2,15654.80,82.76,1
O001447,1,P0003,S0005,1,2131.90,82.88,7
O001447,2,P0006,S0012,3,7844.10,82.99,10
O001448,1,P0020,S0016,2,14736.00,83.11,6
O001449,1,P0037,S0027,3,5705.40,83.34,5
O001450,1,P0054,S0038,1,2511.40,83.57,4
O001451,1,P0071,S0009,2,9003.40,83.80,3
O001452,1,P0088,S0020,3,20710.50,84.03,2
O001453,1,P0005,S0031,1,6946.90,84.26,1
O001454,1,P0022,S0002,2,14730.80,84.49,10
O001455,1,P0039,S0013,3,9345.90,84.72,9
O001456,1,P0056,S0024,1,2789.90,84.95,8
O001457,1,P0073,S0035,2,6334.60,85.18,7
O001458,1,P0090,S0006,3,17372.40,85.41,6
O001458,2,P0093,S0013,2,5220.20,85.52,9
O001459,1,P0007,S0017,1,1138.20,85.64,5
O001459,2,P0010,S0024,3,17217.90,85.75,8
O001460,1,P0024,S0028,2,8095.60,85.87,4
O001460,2,P0027,S0035,1,2991.90,85.98,7
O001461,1,P0041,S0039,3,22431.30,86.10,3
O001461,2,P0044,S0006,2,735.20,86.21,6
O001462,1,P0058,S0010,1,6198.50,86.33,2
O001463,1,P0075,S0021,2,727.60,86.56,1
O001464,1,P0092,S0032,3,22113.60,86.79,10
O001465,1,P0009,S0003,1,5390.90,87.02,9
O001466,1,P0026,S0014,2,6794.80,87.25,8
O001467,1,P0043,S0025,3,12924.00,87.48,7
O001468,1,P0060,S0036,1,709.30,87.71,6
O001469,1,P0077,S0007,2,5741.40,87.94,5
O001470,1,P0094,S0018,3,11805.00,88.17,4
O001471,1,P0011,S0029,1,3448.00,88.40,3
O001472,1,P0028,S0040,2,4603.00,88.63,2
O001472,2,P0031,S0007,1,5972.40,88.74,5
O001473,1,P0045,S0011,3,18081.60,88.86,1
O001473,2,P0048,S0018,2,14576.80,88.97,4
O001473,3,P0051,S0025,1,6187.00,89.08,7
O001474,1,P0062,S0022,1,7717.00,89.09,10
O001474,2,P0065,S0029,3,20123.70,89.20,3
O001474,3,P0068,S0036,2,2462.00,89.31,6
O001475,1,P0079,S0033,2,12894.60,89.32,9
O001475,2,P0082,S0040,1,4206.50,89.43,2
O001476,1,P0096,S0004,3,18017.10,89.55,8
O001477,1,P0013,S0015,1,4703.20,89.78,7
O001478,1,P0030,S0026,2,3391.60,90.01,6
O001479,1,P0047,S0037,3,12707.40,90.24,5
O001480,1,P0064,S0008,1,7676.20,90.47,4
O001481,1,P0081,S0019,2,5952.60,90.70,3
O001482,1,P0098,S0030,3,10572.60,90.93,2
O001482,2,P0001,S0037,2,2514.60,91.04,5
O001483,1,P0015,S0001,1,6911.10,91.16,1
O001484,1,P0032,S0012,2,7841.00,91.39,10
O001485,1,P0049,S0023,3,10922.40,91.62,9
O001486,1,P0066,S0034,1,8306.10,91.85,8
O001486,2,P0069,S0001,3,9599.10,91.96,1
O001487,1,P0083,S0005,2,11017.00,92.08,7
O001487,2,P0086,S0012,1,1934.60,92.19,10
O001488,1,P0100,S0016,3,14403.00,92.31,6
O001488,2,P0003,S0023,2,4263.80,92.42,9
O001489,1,P0017,S0027,1,7560.20,92.54,5
O001489,2,P0020,S0034,3,22104.00,92.65,8
O001490,1,P0034,S0038,2,817.20,92.77,4
O001491,1,P0051,S0009,3,18561.00,93.00,3
O001491,2,P0054,S0016,2,5022.80,93.11,6
O001492,1,P0068,S0020,1,1231.00,93.23,2
O001493,1,P0085,S0031,2,16738.20,93.46,1
O001494,1,P0002,S0002,3,3555.90,93.69,10
O001495,1,P0019,S0013,1,2137.50,93.92,9
O001496,1,P0036,S0024,2,9489.60,94.15,8
O001497,1,P0053,S0035,3,16237.20,94.38,7
O001498,1,P0070,S0006,1,3597.50,94.61,6
O001499,1,P0087,S0017,2,11393.80,94.84,5
O001500,1,P0004,S0028,3,16939.80,95.07,4
O001500,2,P0007,S0035,2,2276.40,95.18,7
O001500,3,P0010,S0002,1,5739.30,95.29,10
O001501,1,P0021,S0039,1,867.80,95.30,3
O001501,2,P0024,S0006,3,12143.40,95.41,6
O001502,1,P0038,S0010,2,8312.60,95.53,2
O001502,2,P0041,S0017,1,7477.10,95.64,5
O001503,1,P0055,S0021,3,4906.80,95.76,1
O001503,2,P0058,S0028,2,12397.00,95.87,4
O001504,1,P0072,S0032,1,5081.80,95.99,10
O001504,2,P0075,S0039,3,1091.40,96.10,3
O001505,1,P0089,S0003,2,15654.80,96.22,9
O001506,1,P0006,S0014,3,7844.10,96.45,8
O001507,1,P0023,S0025,1,6614.10,96.68,7
O001508,1,P0040,S0036,2,8012.40,96.91,6
O001509,1,P0057,S0007,3,19202.10,97.14,5
O001510,1,P0074,S0018,1,3489.30,97.37,4
O001511,1,P0091,S0029,2,15240.00,97.60,3
O001512,1,P0008,S0040,3,14160.90,97.83,2
O001513,1,P0025,S0011,1,7444.70,98.06,1
O001514,1,P0042,S0022,2,11330.00,98.29,10
O001515,1,P0059,S0033,3,23185.50,98.52,9
O001515,2,P0062,S0040,2,15434.00,98.63,2
O001516,1,P0076,S0004,1,7854.30,98.75,8
O001516,2,P0079,S0011,3,19341.90,98.86,1
O001517,1,P0093,S0015,2,5220.20,98.98,7
O001517,2,P0096,S0022,1,6005.70,99.09,10
O001518,1,P0010,S0026,3,17217.90,99.21,6
O001518,2,P0013,S0033,2,9406.40,99.32,9
O001519,1,P0027,S0037,1,2991.90,99.44,5
O001520,1,P0044,S0008,2,735.20,99.67,4
O001521,1,P0061,S0019,3,19173.00,99.90,3
O001522,1,P0078,S0030,1,4868.50,30.12,2
O001523,1,P0095,S0001,2,15256.40,30.35,1
O001524,1,P0012,S0012,3,6172.50,30.58,10
O001525,1,P0029,S0023,1,7000.60,30.81,9
O001526,1,P0046,S0034,2,16490.00,31.04,8
O001527,1,P0063,S0005,3,11558.40,31.27,7
O001528,1,P0080,S0016,1,2826.60,31.50,6
O001529,1,P0097,S0027,2,9544.60,31.73,5
O001529,2,P0100,S0034,1,4801.00,31.84,8
O001530,1,P0014,S0038,3,25243.80,31.96,4
O001530,2,P0017,S0005,2,15120.40,32.07,7
O001531,1,P0031,S0009,1,5972.40,32.19,3
O001531,2,P0034,S0016,3,1225.80,32.30,6
O001532,1,P0048,S0020,2,14576.80,32.42,2
O001532,2,P0051,S0027,1,6187.00,32.53,5
O001533,1,P0065,S0031,3,20123.70,32.65,1
O001534,1,P0082,S0002,1,4206.50,32.88,10
O001535,1,P0099,S0013,2,5567.40,33.11,9
O001536,1,P0016,S0024,3,22477.20,33.34,8
O001537,1,P0033,S0035,1,871.80,33.57,7
O001538,1,P0050,S0006,2,11415.20,33.80,6
O001539,1,P0067,S0017,3,23653.80,34.03,5
O001540,1,P0084,S0028,1,2180.80,34.26,4
O001541,1,P0001,S0039,2,2514.60,34.49,3
O001541,2,P0004,S0006,1,5646.60,34.60,6
O001542,1,P0018,S0010,3,19265.10,34.72,2
O001543,1,P0035,S0021,1,927.50,34.95,1
O001543,2,P0038,S0028,3,12468.90,35.06,4
O001544,1,P0052,S0032,2,11221.60,35.18,10
O001544,2,P0055,S0039,1,1635.60,35.29,3
O001545,1,P0069,S0003,3,9599.10,35.41,9
O001545,2,P0072,S0010,2,10163.60,35.52,2
O001546,1,P0086,S0014,1,1934.60,35.64,8
O001546,2,P0089,S0021,3,23482.20,35.75,1
O001547,1,P0003,S0025,2,4263.80,35.87,7
O001547,2,P0006,S0032,1,2614.70,35.98,10
O001548,1,P0020,S0036,3,22104.00,36.10,6
O001549,1,P0037,S0007,1,1901.80,36.33,5
O001550,1,P0054,S0018,2,5022.80,36.56,4
O001551,1,P0071,S0029,3,13505.10,36.79,3
O001552,1,P0088,S0040,1,6903.50,37.02,2
O001553,1,P0005,S0011,2,13893.80,37.25,1
O001554,1,P0022,S0022,3,22096.20,37.48,10
O001555,1,P0039,S0033,1,3115.30,37.71,9
O001556,1,P0056,S0004,2,5579.80,37.94,8
O001557,1,P0073,S0015,3,9501.90,38.17,7
O001558,1,P0090,S0026,1,5790.80,38.40,6
O001558,2,P0093,S0033,3,7830.30,38.51,9
O001559,1,P0007,S0037,2,2276.40,38.63,5
O001559,2,P0010,S0004,1,5739.30,38.74,8
O001560,1,P0024,S0008,3,12143.40,38.86,4
O001560,2,P0027,S0015,2,5983.80,38.97,7
O001561,1,P0041,S0019,1,7477.10,39.09,3
O001561,2,P0044,S0026,3,1102.80,39.20,6
O001562,1,P0058,S0030,2,12397.00,39.32,2
O001563,1,P0075,S0001,3,1091.40,39.55,1
O001564,1,P0092,S0012,1,7371.20,39.78,10
O001565,1,P0009,S0023,2,10781.80,40.01,9
O001566,1,P0026,S0034,3,10192.20,40.24,8
O001567,1,P0043,S0005,1,4308.00,40.47,7
O001568,1,P0060,S0016,2,1418.60,40.70,6
O001569,1,P0077,S0027,3,8612.10,40.93,5
O001570,1,P0094,S0038,1,3935.00,41.16,4
O001571,1,P0011,S0009,2,6896.00,41.39,3
O001572,1,P0028,S0020,3,6904.50,41.62,2
O001572,2,P0031,S0027,2,11944.80,41.73,5
O001573,1,P0045,S0031,1,6027.20,41.85,1
O001573,2,P0048,S0038,3,21865.20,41.96,4
O001573,3,P0051,S0005,2,12374.00,42.07,7
O001574,1,P0062,S0002,2,15434.00,42.08,10
O001574,2,P0065,S0009,1,6707.90,42.19,3
O001575,1,P0079,S0013,3,19341.90,42.31,9
O001575,2,P0082,S0020,2,8413.00,42.42,2
O001576,1,P0096,S0024,1,6005.70,42.54,8
O001577,1,P0013,S0035,2,9406.40,42.77,7
O001578,1,P0030,S0006,3,5087.40,43.00,6
O001579,1,P0047,S0017,1,4235.80,43.23,5
O001580,1,P0064,S0028,2,15352.40,43.46,4
O001581,1,P0081,S0039,3,8928.90,43.69,3
O001582,1,P0098,S0010,1,3524.20,43.92,2
O001582,2,P0001,S0017,3,3771.90,44.03,5
O001583,1,P0015,S0021,2,13822.20,44.15,1
O001584,1,P0032,S0032,3,11761.50,44.38,10
O001585,1,P0049,S0003,1,3640.80,44.61,9
O001586,1,P0066,S0014,2,16612.20,44.84,8
O001586,2,P0069,S0021,1,3199.70,44.95,1
O001587,1,P0083,S0025,3,16525.50,45.07,7
O001587,2,P0086,S0032,2,3869.20,45.18,10
O001588,1,P0100,S0036,1,4801.00,45.30,6
O001588,2,P0003,S0003,3,6395.70,45.41,9
O001589,1,P0017,S0007,2,15120.40,45.53,5
O001589,2,P0020,S0014,1,7368.00,45.64,8
O001590,1,P0034,S0018,3,1225.80,45.76,4
O001591,1,P0051,S0029,1,6187.00,45.99,3
O001591,2,P0054,S0036,3,7534.20,46.10,6
O001592,1,P0068,S0040,2,2462.00,46.22,2
O001593,1,P0085,S0011,3,25107.30,46.45,1
O001594,1,P0002,S0022,1,1185.30,46.68,10
O001595,1,P0019,S0033,2,4275.00,46.91,9
O001596,1,P0036,S0004,3,14234.40,47.14,8
O001597,1,P0053,S0015,1,5412.40,47.37,7
O001598,1,P0070,S0026,2,7195.00,47.60,6
O001599,1,P0087,S0037,3,17090.70,47.83,5
O001600,1,P0004,S0008,1,5646.60,48.06,4
O001600,2,P0007,S0015,3,3414.60,48.17,7
O001600,3,P0010,S0022,2,11478.60,48.28,10
O001601,1,P0021,S0019,2,1735.60,48.29,3
O001601,2,P0024,S0026,1,4047.80,48.40,6
O001602,1,P0038,S0030,3,12468.90,48.52,2
O001602,2,P0041,S0037,2,14954.20,48.63,5
O001603,1,P0055,S0001,1,1635.60,48.75,1
O001603,2,P0058,S0008,3,18595.50,48.86,4
O001604,1,P0072,S0012,2,10163.60,48.98,10
O001604,2,P0075,S0019,1,363.80,49.09,3
O001605,1,P0089,S0023,3,23482.20,49.21,9
O001606,1,P0006,S0034,1,2614.70,49.44,8
O001607,1,P0023,S0005,2,13228.20,49.67,7
O001608,1,P0040,S0016,3,12018.60,49.90,6
O001608,2,P0043,S0023,2,8616.00,50.01,9
O001609,1,P0057,S0027,1,6400.70,50.13,5
O001610,1,P0074,S0038,2,6978.60,50.36,4
O001611,1,P0091,S0009,3,22860.00,50.59,3
O001612,1,P0008,S0020,1,4720.30,50.82,2
O001613,1,P0025,S0031,2,14889.40,51.05,1
O001614,1,P0042,S0002,3,16995.00,51.28,10
O001615,1,P0059,S0013,1,7728.50,51.51,9
O001615,2,P0062,S0020,3,23151.00,51.62,2
O001616,1,P0076,S0024,2,15708.60,51.74,8
O001616,2,P0079,S0031,1,6447.30,51.85,1
O001617,1,P0093,S0035,3,7830.30,51.97,7
O001617,2,P0096,S0002,2,12011.40,52.08,10
O001618,1,P0010,S0006,1,5739.30,52.20,6
O001618,2,P0013,S0013,3,14109.60,52.31,9
O001619,1,P0027,S0017,2,5983.80,52.43,5
O001620,1,P0044,S0028,3,1102.80,52.66,4
O001621,1,P0061,S0039,1,6391.00,52.89,3
O001622,1,P0078,S0010,2,9737.00,53.12,2
O001623,1,P0095,S0021,3,22884.60,53.35,1
O001624,1,P0012,S0032,1,2057.50,53.58,10
O001625,1,P0029,S0003,2,14001.20,53.81,9
O001626,1,P0046,S0014,3,24735.00,54.04,8
O001627,1,P0063,S0025,1,3852.80,54.27,7
O001628,1,P0080,S0036,2,5653.20,54.50,6
O001629,1,P0097,S0007,3,14316.90,54.73,5
O001629,2,P0100,S0014,2,9602.00,54.84,8
O001630,1,P0014,S0018,1,8414.60,54.96,4
O001630,2,P0017,S0025,3,22680.60,55.07,7
O001631,1,P0031,S0029,2,11944.80,55.19,3
O001631,2,P0034,S0036,1,408.60,55.30,6
O001632,1,P0048,S0040,3,21865.20,55.42,2
O001632,2,P0051,S0007,2,12374.00,55.53,5
O001633,1,P0065,S0011,1,6707.90,55.65,1
O001634,1,P0082,S0022,2,8413.00,55.88,10
O001635,1,P0099,S0033,3,8351.10,56.11,9
O001636,1,P0016,S0004,1,7492.40,56.34,8
O001637,1,P0033,S0015,2,1743.60,56.57,7
O001638,1,P0050,S0026,3,17122.80,56.80,6
O001639,1,P0067,S0037,1,7884.60,57.03,5
O001640,1,P0084,S0008,2,4361.60,57.26,4
O001641,1,P0001,S0019,3,3771.90,57.49,3
O001642,1,P0018,S0030,1,6421.70,57.72,2
O001643,1,P0035,S0001,2,1855.00,57.95,1
O001643,2,P0038,S0008,1,4156.30,58.06,4
O001644,1,P0052,S0012,3,16832.40,58.18,10
O001644,2,P0055,S0019,2,3271.20,58.29,3
O001645,1,P0069,S0023,1,3199.70,58.41,9
O001645,2,P0072,S0030,3,15245.40,58.52,2
O001646,1,P0086,S0034,2,3869.20,58.64,8
O001646,2,P0089,S0001,1,7827.40,58.75,1
O001647,1,P0003,S0005,3,6395.70,58.87,7
O001647,2,P0006,S0012,2,5229.40,58.98,10
O001648,1,P0020,S0016,1,7368.00,59.10,6
O001649,1,P0037,S0027,2,3803.60,59.33,5
O001650,1,P0054,S0038,3,7534.20,59.56,4
O001651,1,P0071,S0009,1,4501.70,59.79,3
O001652,1,P0088,S0020,2,13807.00,60.02,2
O001653,1,P0005,S0031,3,20840.70,60.25,1
O001654,1,P0022,S0002,1,7365.40,60.48,10
O001655,1,P0039,S0013,2,6230.60,60.71,9
O001656,1,P0056,S0024,3,8369.70,60.94,8
O001657,1,P0073,S0035,1,3167.30,61.17,7
O001658,1,P0090,S0006,2,11581.60,61.40,6
O001658,2,P0093,S0013,1,2610.10,61.51,9
O001659,1,P0007,S0017,3,3414.60,61.63,5
O001659,2,P0010,S0024,2,11478.60,61.74,8
O001660,1,P0024,S0028,1,4047.80,61.86,4
O001660,2,P0027,S0035,3,8975.70,61.97,7
O001661,1,P0041,S0039,2,14954.20,62.09,3
O001661,2,P0044,S0006,1,367.60,62.20,6
O001662,1,P0058,S0010,3,18595.50,62.32,2
O001663,1,P0075,S0021,1,363.80,62.55,1
O001664,1,P0092,S0032,2,14742.40,62.78,10
O001665,1,P0009,S0003,3,16172.70,63.01,9
O001666,1,P0026,S0014,1,3397.40,63.24,8
O001667,1,P0043,S0025,2,8616.00,63.47,7
O001668,1,P0060,S0036,3,2127.90,63.70,6
O001669,1,P0077,S0007,1,2870.70,63.93,5
O001670,1,P0094,S0018,2,7870.00,64.16,4
O001671,1,P0011,S0029,3,10344.00,64.39,3
O001672,1,P0028,S0040,1,2301.50,64.62,2
O001672,2,P0031,S0007,3,17917.20,64.73,5
O001673,1,P0045,S0011,2,12054.40,64.85,1
O001673,2,P0048,S0018,1,7288.40,64.96,4
O001673,3,P0051,S0025,3,18561.00,65.07,7
O001674,1,P0062,S0022,3,23151.00,65.08,10
O001674,2,P0065,S0029,2,13415.80,65.19,3
O001675,1,P0079,S0033,1,6447.30,65.31,9
O001675,2,P0082,S0040,3,12619.50,65.42,2
O001675,3,P0085,S0007,2,16738.20,65.53,5
O001676,1,P0096,S0004,2,12011.40,65.54,8
O001677,1,P0013,S0015,3,14109.60,65.77,7
O001678,1,P0030,S0026,1,1695.80,66.00,6
O001679,1,P0047,S0037,2,8471.60,66.23,5
O001680,1,P0064,S0008,3,23028.60,66.46,4
O001681,1,P0081,S0019,1,2976.30,66.69,3
O001682,1,P0098,S0030,2,7048.40,66.92,2
O001682,2,P0001,S0037,1,1257.30,67.03,5
O001683,1,P0015,S0001,3,20733.30,67.15,1
O001684,1,P0032,S0012,1,3920.50,67.38,10
O001685,1,P0049,S0023,2,7281.60,67.61,9
O001686,1,P0066,S0034,3,24918.30,67.84,8
O001686,2,P0069,S0001,2,6399.40,67.95,1
O001687,1,P0083,S0005,1,5508.50,68.07,7
O001687,2,P0086,S0012,3,5803.80,68.18,10
O001688,1,P0100,S0016,2,9602.00,68.30,6
O001688,2,P0003,S0023,1,2131.90,68.41,9
O001689,1,P0017,S0027,3,22680.60,68.53,5
O001689,2,P0020,S0034,2,14736.00,68.64,8
O001690,1,P0034,S0038,1,408.60,68.76,4
O001691,1,P0051,S0009,2,12374.00,68.99,3
O001691,2,P0054,S0016,1,2511.40,69.10,6
O001692,1,P0068,S0020,3,3693.00,69.22,2
O001693,1,P0085,S0031,1,8369.10,69.45,1
O001694,1,P0002,S0002,2,2370.60,69.68,10
O001695,1,P0019,S0013,3,6412.50,69.91,9
O001696,1,P0036,S0024,1,4744.80,70.14,8
O001697,1,P0053,S0035,2,10824.80,70.37,7
O001698,1,P0070,S0006,3,10792.50,70.60,6
O001699,1,P0087,S0017,1,5696.90,70.83,5
O001700,1,P0004,S0028,2,11293.20,71.06,4
O001700,2,P0007,S0035,1,1138.20,71.17,7
O001700,3,P0010,S0002,3,17217.90,71.28,10
O001701,1,P0021,S0039,3,2603.40,71.29,3
O001701,2,P0024,S0006,2,8095.60,71.40,6
O001702,1,P0038,S0010,1,4156.30,71.52,2
O001702,2,P0041,S0017,3,22431.30,71.63,5
O001703,1,P0055,S0021,2,3271.20,71.75,1
O001703,2,P0058,S0028,1,6198.50,71.86,4
O001704,1,P0072,S0032,3,15245.40,71.98,10
O001704,2,P0075,S0039,2,727.60,72.09,3
O001705,1,P0089,S0003,1,7827.40,72.21,9
O001706,1,P0006,S0014,2,5229.40,72.44,8
O001707,1,P0023,S0025,3,19842.30,72.67,7
O001708,1,P0040,S0036,1,4006.20,72.90,6
O001709,1,P0057,S0007,2,12801.40,73.13,5
O001710,1,P0074,S0018,3,10467.90,73.36,4
O001711,1,P0091,S0029,1,7620.00,73.59,3
O001712,1,P0008,S0040,2,9440.60,73.82,2
O001713,1,P0025,S0011,3,22334.10,74.05,1
O001714,1,P0042,S0022,1,5665.00,74.28,10
O001715,1,P0059,S0033,2,15457.00,74.51,9
O001715,2,P0062,S0040,1,7717.00,74.62,2
O001716,1,P0076,S0004,3,23562.90,74.74,8
O001716,2,P0079,S0011,2,12894.60,74.85,1
O001717,1,P0093,S0015,1,2610.10,74.97,7
O001717,2,P0096,S0022,3,18017.10,75.08,10
O001718,1,P0010,S0026,2,11478.60,75.20,6
O001718,2,P0013,S0033,1,4703.20,75.31,9
O001719,1,P0027,S0037,3,8975.70,75.43,5
O001720,1,P0044,S0008,1,367.60,75.66,4
O001721,1,P0061,S0019,2,12782.00,75.89,3
O001722,1,P0078,S0030,3,14605.50,76.12,2
O001723,1,P0095,S0001,1,7628.20,76.35,1
O001724,1,P0012,S0012,2,4115.00,76.58,10
O001725,1,P0029,S0023,3,21001.80,76.81,9
O001726,1,P0046,S0034,1,8245.00,77.04,8
O001727,1,P0063,S0005,2,7705.60,77.27,7
O001728,1,P0080,S0016,3,8479.80,77.50,6
O001729,1,P0097,S0027,1,4772.30,77.73,5
O001729,2,P0100,S0034,3,14403.00,77.84,8
O001730,1,P0014,S0038,2,16829.20,77.96,4
O001730,2,P0017,S0005,1,7560.20,78.07,7
O001731,1,P0031,S0009,3,17917.20,78.19,3
O001731,2,P0034,S0016,2,817.20,78.30,6
O001732,1,P0048,S0020,1,7288.40,78.42,2
O001732,2,P0051,S0027,3,18561.00,78.53,5
O001733,1,P0065,S0031,2,13415.80,78.65,1
O001734,1,P0082,S0002,3,12619.50,78.88,10
O001735,1,P0099,S0013,1,2783.70,79.11,9
O001736,1,P0016,S0024,2,14984.80,79.34,8
O001737,1,P0033,S0035,3,2615.40,79.57,7
O001738,1,P0050,S0006,1,5707.60,79.80,6
O001739,1,P0067,S0017,2,15769.20,80.03,5
O001740,1,P0084,S0028,3,6542.40,80.26,4
O001741,1,P0001,S0039,1,1257.30,80.49,3
O001742,1,P0018,S0010,2,12843.40,80.72,2
O001742,2,P0021,S0017,1,867.80,80.83,5
O001743,1,P0035,S0021,3,2782.50,80.95,1
O001743,2,P0038,S0028,2,8312.60,81.06,4
O001744,1,P0052,S0032,1,5610.80,81.18,10
O001744,2,P0055,S0039,3,4906.80,81.29,3
O001745,1,P0069,S0003,2,6399.40,81.41,9
O001745,2,P0072,S0010,1,5081.80,81.52,2
O001746,1,P0086,S0014,3,5803.80,81.64,8
O001746,2,P0089,S0021,2,15654.80,81.75,1
O001747,1,P0003,S0025,1,2131.90,81.87,7
O001747,2,P0006,S0032,3,7844.10,81.98,10
O001748,1,P0020,S0036,2,14736.00,82.10,6
O001749,1,P0037,S0007,3,5705.40,82.33,5
O001750,1,P0054,S0018,1,2511.40,82.56,4
O001751,1,P0071,S0029,2,9003.40,82.79,3
O001752,1,P0088,S0040,3,20710.50,83.02,2
O001753,1,P0005,S0011,1,6946.90,83.25,1
O001754,1,P0022,S0022,2,14730.80,83.48,10
O001755,1,P0039,S0033,3,9345.90,83.71,9
O001756,1,P0056,S0004,1,2789.90,83.94,8
O001757,1,P0073,S0015,2,6334.60,84.17,7
O001758,1,P0090,S0026,3,17372.40,84.40,6
O001758,2,P0093,S0033,2,5220.20,84.51,9
O001759,1,P0007,S0037,1,1138.20,84.63,5
O001759,2,P0010,S0004,3,17217.90,84.74,8
O001760,1,P0024,S0008,2,8095.60,84.86,4
O001760,2,P0027,S0015,1,2991.90,84.97,7
O001761,1,P0041,S0019,3,22431.30,85.09,3
O001761,2,P0044,S0026,2,735.20,85.20,6
O001762,1,P0058,S0030,1,6198.50,85.32,2
O001763,1,P0075,S0001,2,727.60,85.55,1
O001764,1,P0092,S0012,3,22113.60,85.78,10
O001765,1,P0009,S0023,1,5390.90,86.01,9
O001766,1,P0026,S0034,2,6794.80,86.24,8
O001767,1,P0043,S0005,3,12924.00,86.47,7
O001768,1,P0060,S0016,1,709.30,86.70,6
O001769,1,P0077,S0027,2,5741.40,86.93,5
O001770,1,P0094,S0038,3,11805.00,87.16,4
O001771,1,P0011,S0009,1,3448.00,87.39,3
O001772,1,P0028,S0020,2,4603.00,87.62,2
O001772,2,P0031,S0027,1,5972.40,87.73,5
O001773,1,P0045,S0031,3,18081.60,87.85,1
O001773,2,P0048,S0038,2,14576.80,87.96,4
O001773,3,P0051,S0005,1,6187.00,88.07,7
O001774,1,P0062,S0002,1,7717.00,88.08,10
O001774,2,P0065,S0009,3,20123.70,88.19,3
O001775,1,P0079,S0013,2,12894.60,88.31,9
O001775,2,P0082,S0020,1,4206.50,88.42,2
O001776,1,P0096,S0024,3,18017.10,88.54,8
O001777,1,P0013,S0035,1,4703.20,88.77,7
O001778,1,P0030,S0006,2,3391.60,89.00,6
O001779,1,P0047,S0017,3,12707.40,89.23,5
O001780,1,P0064,S0028,1,7676.20,89.46,4
O001781,1,P0081,S0039,2,5952.60,89.69,3
O001782,1,P0098,S0010,3,10572.60,89.92,2
O001782,2,P0001,S0017,2,2514.60,90.03,5
O001783,1,P0015,S0021,1,6911.10,90.15,1
O001784,1,P0032,S0032,2,7841.00,90.38,10
O001785,1,P0049,S0003,3,10922.40,90.61,9
O001786,1,P0066,S0014,1,8306.10,90.84,8
O001786,2,P0069,S0021,3,9599.10,90.95,1
O001787,1,P0083,S0025,2,11017.00,91.07,7
O001787,2,P0086,S0032,1,1934.60,91.18,10
O001788,1,P0100,S0036,3,14403.00,91.30,6
O001788,2,P0003,S0003,2,4263.80,91.41,9
O001789,1,P0017,S0007,1,7560.20,91.53,5
O001789,2,P0020,S0014,3,22104.00,91.64,8
O001790,1,P0034,S0018,2,817.20,91.76,4
O001791,1,P0051,S0029,3,18561.00,91.99,3
O001791,2,P0054,S0036,2,5022.80,92.10,6
O001792,1,P0068,S0040,1,1231.00,92.22,2
O001793,1,P0085,S0011,2,16738.20,92.45,1
O001794,1,P0002,S0022,3,3555.90,92.68,10
O001795,1,P0019,S0033,1,2137.50,92.91,9
O001796,1,P0036,S0004,2,9489.60,93.14,8
O001797,1,P0053,S0015,3,16237.20,93.37,7
O001798,1,P0070,S0026,1,3597.50,93.60,6
O001799,1,P0087,S0037,2,11393.80,93.83,5
O001800,1,P0004,S0008,3,16939.80,94.06,4
O001800,2,P0007,S0015,2,2276.40,94.17,7
O001800,3,P0010,S0022,1,5739.30,94.28,10
O001801,1,P0021,S0019,1,867.80,94.29,3
O001801,2,P0024,S0026,3,12143.40,94.40,6
O001802,1,P0038,S0030,2,8312.60,94.52,2
O001802,2,P0041,S0037,1,7477.10,94.63,5
O001803,1,P0055,S0001,3,4906.80,94.75,1
O001803,2,P0058,S0008,2,12397.00,94.86,4
O001804,1,P0072,S0012,1,5081.80,94.98,10
O001804,2,P0075,S0019,3,1091.40,95.09,3
O001805,1,P0089,S0023,2,15654.80,95.21,9
O001806,1,P0006,S0034,3,7844.10,95.44,8
O001807,1,P0023,S0005,1,6614.10,95.67,7
O001808,1,P0040,S0016,2,8012.40,95.90,6
O001809,1,P0057,S0027,3,19202.10,96.13,5
O001809,2,P0060,S0034,2,1418.60,96.24,8
O001810,1,P0074,S0038,1,3489.30,96.36,4
O001811,1,P0091,S0009,2,15240.00,96.59,3
O001812,1,P0008,S0020,3,14160.90,96.82,2
O001813,1,P0025,S0031,1,7444.70,97.05,1
O001814,1,P0042,S0002,2,11330.00,97.28,10
O001815,1,P0059,S0013,3,23185.50,97.51,9
O001815,2,P0062,S0020,2,15434.00,97.62,2
O001816,1,P0076,S0024,1,7854.30,97.74,8
O001816,2,P0079,S0031,3,19341.90,97.85,1
O001817,1,P0093,S0035,2,5220.20,97.97,7
O001817,2,P0096,S0002,1,6005.70,98.08,10
O001818,1,P0010,S0006,3,17217.90,98.20,6
O001818,2,P0013,S0013,2,9406.40,98.31,9
O001819,1,P0027,S0017,1,2991.90,98.43,5
O001820,1,P0044,S0028,2,735.20,98.66,4
O001821,1,P0061,S0039,3,19173.00,98.89,3
O001822,1,P0078,S0010,1,4868.50,99.12,2
O001823,1,P0095,S0021,2,15256.40,99.35,1
O001824,1,P0012,S0032,3,6172.50,99.58,10
O001825,1,P0029,S0003,1,7000.60,99.81,9
O001826,1,P0046,S0014,2,16490.00,30.03,8
O001827,1,P0063,S0025,3,11558.40,30.26,7
O001828,1,P0080,S0036,1,2826.60,30.49,6
O001829,1,P0097,S0007,2,9544.60,30.72,5
O001829,2,P0100,S0014,1,4801.00,30.83,8
O001830,1,P0014,S0018,3,25243.80,30.95,4
O001830,2,P0017,S0025,2,15120.40,31.06,7
O001831,1,P0031,S0029,1,5972.40,31.18,3
O001831,2,P0034,S0036,3,1225.80,31.29,6
O001832,1,P0048,S0040,2,14576.80,31.41,2
O001832,2,P0051,S0007,1,6187.00,31.52,5
O001833,1,P0065,S0011,3,20123.70,31.64,1
O001834,1,P0082,S0022,1,4206.50,31.87,10
O001835,1,P0099,S0033,2,5567.40,32.10,9
O001836,1,P0016,S0004,3,22477.20,32.33,8
O001837,1,P0033,S0015,1,871.80,32.56,7
O001838,1,P0050,S0026,2,11415.20,32.79,6
O001839,1,P0067,S0037,3,23653.80,33.02,5
O001840,1,P0084,S0008,1,2180.80,33.25,4
O001841,1,P0001,S0019,2,2514.60,33.48,3
O001842,1,P0018,S0030,3,19265.10,33.71,2
O001843,1,P0035,S0001,1,927.50,33.94,1
O001843,2,P0038,S0008,3,12468.90,34.05,4
O001844,1,P0052,S0012,2,11221.60,34.17,10
O001844,2,P0055,S0019,1,1635.60,34.28,3
O001845,1,P0069,S0023,3,9599.10,34.40,9
O001845,2,P0072,S0030,2,10163.60,34.51,2
O001846,1,P0086,S0034,1,1934.60,34.63,8
O001846,2,P0089,S0001,3,23482.20,34.74,1
O001847,1,P0003,S0005,2,4263.80,34.86,7
O001847,2,P0006,S0012,1,2614.70,34.97,10
O001848,1,P0020,S0016,3,22104.00,35.09,6
O001849,1,P0037,S0027,1,1901.80,35.32,5
O001850,1,P0054,S0038,2,5022.80,35.55,4
O001851,1,P0071,S0009,3,13505.10,35.78,3
O001852,1,P0088,S0020,1,6903.50,36.01,2
O001853,1,P0005,S0031,2,13893.80,36.24,1
O001854,1,P0022,S0002,3,22096.20,36.47,10
O001855,1,P0039,S0013,1,3115.30,36.70,9
O001856,1,P0056,S0024,2,5579.80,36.93,8
O001857,1,P0073,S0035,3,9501.90,37.16,7
O001858,1,P0090,S0006,1,5790.80,37.39,6
O001858,2,P0093,S0013,3,7830.30,37.50,9
O001859,1,P0007,S0017,2,2276.40,37.62,5
O001859,2,P0010,S0024,1,5739.30,37.73,8
O001860,1,P0024,S0028,3,12143.40,37.85,4
O001860,2,P0027,S0035,2,5983.80,37.96,7
O001861,1,P0041,S0039,1,7477.10,38.08,3
O001861,2,P0044,S0006,3,1102.80,38.19,6
O001862,1,P0058,S0010,2,12397.00,38.31,2
O001863,1,P0075,S0021,3,1091.40,38.54,1
O001864,1,P0092,S0032,1,7371.20,38.77,10
O001865,1,P0009,S0003,2,10781.80,39.00,9
O001866,1,P0026,S0014,3,10192.20,39.23,8
O001867,1,P0043,S0025,1,4308.00,39.46,7
O001868,1,P0060,S0036,2,1418.60,39.69,6
O001869,1,P0077,S0007,3,8612.10,39.92,5
O001870,1,P0094,S0018,1,3935.00,40.15,4
O001871,1,P0011,S0029,2,6896.00,40.38,3
O001872,1,P0028,S0040,3,6904.50,40.61,2
O001872,2,P0031,S0007,2,11944.80,40.72,5
O001873,1,P0045,S0011,1,6027.20,40.84,1
O001873,2,P0048,S0018,3,21865.20,40.95,4
O001873,3,P0051,S0025,2,12374.00,41.06,7
O001874,1,P0062,S0022,2,15434.00,41.07,10
O001874,2,P0065,S0029,1,6707.90,41.18,3
O001875,1,P0079,S0033,3,19341.90,41.30,9
O001875,2,P0082,S0040,2,8413.00,41.41,2
O001876,1,P0096,S0004,1,6005.70,41.53,8
O001876,2,P0099,S0011,3,8351.10,41.64,1
O001877,1,P0013,S0015,2,9406.40,41.76,7
O001878,1,P0030,S0026,3,5087.40,41.99,6
O001879,1,P0047,S0037,1,4235.80,42.22,5
O001880,1,P0064,S0008,2,15352.40,42.45,4
O001881,1,P0081,S0019,3,8928.90,42.68,3
O001882,1,P0098,S0030,1,3524.20,42.91,2
O001882,2,P0001,S0037,3,3771.90,43.02,5
O001883,1,P0015,S0001,2,13822.20,43.14,1
O001884,1,P0032,S0012,3,11761.50,43.37,10
O001885,1,P0049,S0023,1,3640.80,43.60,9
O001886,1,P0066,S0034,2,16612.20,43.83,8
O001886,2,P0069,S0001,1,3199.70,43.94,1
O001887,1,P0083,S0005,3,16525.50,44.06,7
O001887,2,P0086,S0012,2,3869.20,44.17,10
O001888,1,P0100,S0016,1,4801.00,44.29,6
O001888,2,P0003,S0023,3,6395.70,44.40,9
O001889,1,P0017,S0027,2,15120.40,44.52,5
O001889,2,P0020,S0034,1,7368.00,44.63,8
O001890,1,P0034,S0038,3,1225.80,44.75,4
O001891,1,P0051,S0009,1,6187.00,44.98,3
O001891,2,P0054,S0016,3,7534.20,45.09,6
O001892,1,P0068,S0020,2,2462.00,45.21,2
O001893,1,P0085,S0031,3,25107.30,45.44,1
O001894,1,P0002,S0002,1,1185.30,45.67,10
O001895,1,P0019,S0013,2,4275.00,45.90,9
O001896,1,P0036,S0024,3,14234.40,46.13,8
O001897,1,P0053,S0035,1,5412.40,46.36,7
O001898,1,P0070,S0006,2,7195.00,46.59,6
O001899,1,P0087,S0017,3,17090.70,46.82,5
O001900,1,P0004,S0028,1,5646.60,47.05,4
O001900,2,P0007,S0035,3,3414.60,47.16,7
O001900,3,P0010,S0002,2,11478.60,47.27,10
O001901,1,P0021,S0039,2,1735.60,47.28,3
O001901,2,P0024,S0006,1,4047.80,47.39,6
O001902,1,P0038,S0010,3,12468.90,47.51,2
O001902,2,P0041,S0017,2,14954.20,47.62,5
O001903,1,P0055,S0021,1,1635.60,47.74,1
O001903,2,P0058,S0028,3,18595.50,47.85,4
O001904,1,P0072,S0032,2,10163.60,47.97,10
O001904,2,P0075,S0039,1,363.80,48.08,3
O001905,1,P0089,S0003,3,23482.20,48.20,9
O001906,1,P0006,S0014,1,2614.70,48.43,8
O001907,1,P0023,S0025,2,13228.20,48.66,7
O001908,1,P0040,S0036,3,12018.60,48.89,6
O001909,1,P0057,S0007,1,6400.70,49.12,5
O001910,1,P0074,S0018,2,6978.60,49.35,4
O001911,1,P0091,S0029,3,22860.00,49.58,3
O001912,1,P0008,S0040,1,4720.30,49.81,2
O001913,1,P0025,S0011,2,14889.40,50.04,1
O001914,1,P0042,S0022,3,16995.00,50.27,10
O001915,1,P0059,S0033,1,7728.50,50.50,9
O001915,2,P0062,S0040,3,23151.00,50.61,2
O001916,1,P0076,S0004,2,15708.60,50.73,8
O001916,2,P0079,S0011,1,6447.30,50.84,1
O001917,1,P0093,S0015,3,7830.30,50.96,7
O001917,2,P0096,S0022,2,12011.40,51.07,10
O001918,1,P0010,S0026,1,5739.30,51.19,6
O001918,2,P0013,S0033,3,14109.60,51.30,9
O001919,1,P0027,S0037,2,5983.80,51.42,5
O001920,1,P0044,S0008,3,1102.80,51.65,4
O001921,1,P0061,S0019,1,6391.00,51.88,3
O001922,1,P0078,S0030,2,9737.00,52.11,2
O001923,1,P0095,S0001,3,22884.60,52.34,1
O001924,1,P0012,S0012,1,2057.50,52.57,10
O001925,1,P0029,S0023,2,14001.20,52.80,9
O001926,1,P0046,S0034,3,24735.00,53.03,8
O001927,1,P0063,S0005,1,3852.80,53.26,7
O001928,1,P0080,S0016,2,5653.20,53.49,6
O001929,1,P0097,S0027,3,14316.90,53.72,5
O001929,2,P0100,S0034,2,9602.00,53.83,8
O001930,1,P0014,S0038,1,8414.60,53.95,4
O001930,2,P0017,S0005,3,22680.60,54.06,7
O001931,1,P0031,S0009,2,11944.80,54.18,3
O001931,2,P0034,S0016,1,408.60,54.29,6
O001932,1,P0048,S0020,3,21865.20,54.41,2
O001932,2,P0051,S0027,2,12374.00,54.52,5
O001933,1,P0065,S0031,1,6707.90,54.64,1
O001934,1,P0082,S0002,2,8413.00,54.87,10
O001935,1,P0099,S0013,3,8351.10,55.10,9
O001936,1,P0016,S0024,1,7492.40,55.33,8
O001937,1,P0033,S0035,2,1743.60,55.56,7
O001938,1,P0050,S0006,3,17122.80,55.79,6
O001939,1,P0067,S0017,1,7884.60,56.02,5
O001940,1,P0084,S0028,2,4361.60,56.25,4
O001941,1,P0001,S0039,3,3771.90,56.48,3
O001942,1,P0018,S0010,1,6421.70,56.71,2
O001943,1,P0035,S0021,2,1855.00,56.94,1
O001943,2,P0038,S0028,1,4156.30,57.05,4
O001943,3,P0041,S0035,3,22431.30,57.16,7
O001944,1,P0052,S0032,3,16832.40,57.17,10
O001944,2,P0055,S0039,2,3271.20,57.28,3
O001945,1,P0069,S0003,1,3199.70,57.40,9
O001945,2,P0072,S0010,3,15245.40,57.51,2
O001946,1,P0086,S0014,2,3869.20,57.63,8
O001946,2,P0089,S0021,1,7827.40,57.74,1
O001947,1,P0003,S0025,3,6395.70,57.86,7
O001947,2,P0006,S0032,2,5229.40,57.97,10
O001948,1,P0020,S0036,1,7368.00,58.09,6
O001949,1,P0037,S0007,2,3803.60,58.32,5
O001950,1,P0054,S0018,3,7534.20,58.55,4
O001951,1,P0071,S0029,1,4501.70,58.78,3
O001952,1,P0088,S0040,2,13807.00,59.01,2
O001953,1,P0005,S0011,3,20840.70,59.24,1
O001954,1,P0022,S0022,1,7365.40,59.47,10
O001955,1,P0039,S0033,2,6230.60,59.70,9
O001956,1,P0056,S0004,3,8369.70,59.93,8
O001957,1,P0073,S0015,1,3167.30,60.16,7
O001958,1,P0090,S0026,2,11581.60,60.39,6
O001958,2,P0093,S0033,1,2610.10,60.50,9
O001959,1,P0007,S0037,3,3414.60,60.62,5
O001959,2,P0010,S0004,2,11478.60,60.73,8
O001960,1,P0024,S0008,1,4047.80,60.85,4
O001960,2,P0027,S0015,3,8975.70,60.96,7
O001961,1,P0041,S0019,2,14954.20,61.08,3
O001961,2,P0044,S0026,1,367.60,61.19,6
O001962,1,P0058,S0030,3,18595.50,61.31,2
O001963,1,P0075,S0001,1,363.80,61.54,1
O001964,1,P0092,S0012,2,14742.40,61.77,10
O001965,1,P0009,S0023,3,16172.70,62.00,9
O001966,1,P0026,S0034,1,3397.40,62.23,8
O001967,1,P0043,S0005,2,8616.00,62.46,7
O001968,1,P0060,S0016,3,2127.90,62.69,6
O001969,1,P0077,S0027,1,2870.70,62.92,5
O001970,1,P0094,S0038,2,7870.00,63.15,4
O001971,1,P0011,S0009,3,10344.00,63.38,3
O001972,1,P0028,S0020,1,2301.50,63.61,2
O001972,2,P0031,S0027,3,17917.20,63.72,5
O001973,1,P0045,S0031,2,12054.40,63.84,1
O001973,2,P0048,S0038,1,7288.40,63.95,4
O001973,3,P0051,S0005,3,18561.00,64.06,7
O001974,1,P0062,S0002,3,23151.00,64.07,10
O001974,2,P0065,S0009,2,13415.80,64.18,3
O001975,1,P0079,S0013,1,6447.30,64.30,9
O001975,2,P0082,S0020,3,12619.50,64.41,2
O001976,1,P0096,S0024,2,12011.40,64.53,8
O001977,1,P0013,S0035,3,14109.60,64.76,7
O001978,1,P0030,S0006,1,1695.80,64.99,6
O001979,1,P0047,S0017,2,8471.60,65.22,5
O001980,1,P0064,S0028,3,23028.60,65.45,4
O001981,1,P0081,S0039,1,2976.30,65.68,3
O001982,1,P0098,S0010,2,7048.40,65.91,2
O001982,2,P0001,S0017,1,1257.30,66.02,5
O001983,1,P0015,S0021,3,20733.30,66.14,1
O001984,1,P0032,S0032,1,3920.50,66.37,10
O001985,1,P0049,S0003,2,7281.60,66.60,9
O001986,1,P0066,S0014,3,24918.30,66.83,8
O001986,2,P0069,S0021,2,6399.40,66.94,1
O001987,1,P0083,S0025,1,5508.50,67.06,7
O001987,2,P0086,S0032,3,5803.80,67.17,10
O001988,1,P0100,S0036,2,9602.00,67.29,6
O001988,2,P0003,S0003,1,2131.90,67.40,9
O001989,1,P0017,S0007,3,22680.60,67.52,5
O001989,2,P0020,S0014,2,14736.00,67.63,8
O001990,1,P0034,S0018,1,408.60,67.75,4
O001991,1,P0051,S0029,2,12374.00,67.98,3
O001991,2,P0054,S0036,1,2511.40,68.09,6
O001992,1,P0068,S0040,3,3693.00,68.21,2
O001993,1,P0085,S0011,1,8369.10,68.44,1
O001994,1,P0002,S0022,2,2370.60,68.67,10
O001995,1,P0019,S0033,3,6412.50,68.90,9
O001996,1,P0036,S0004,1,4744.80,69.13,8
O001997,1,P0053,S0015,2,10824.80,69.36,7
O001998,1,P0070,S0026,3,10792.50,69.59,6
O001999,1,P0087,S0037,1,5696.90,69.82,5
O002000,1,P0004,S0008,2,11293.20,70.05,4
O002000,2,P0007,S0015,1,1138.20,70.16,7
O002000,3,P0010,S0022,3,17217.90,70.27,10
O002001,1,P0021,S0019,3,2603.40,70.28,3
O002001,2,P0024,S0026,2,8095.60,70.39,6
O002002,1,P0038,S0030,1,4156.30,70.51,2
O002002,2,P0041,S0037,3,22431.30,70.62,5
O002003,1,P0055,S0001,2,3271.20,70.74,1
O002003,2,P0058,S0008,1,6198.50,70.85,4
O002004,1,P0072,S0012,3,15245.40,70.97,10
O002004,2,P0075,S0019,2,727.60,71.08,3
O002005,1,P0089,S0023,1,7827.40,71.20,9
O002006,1,P0006,S0034,2,5229.40,71.43,8
O002007,1,P0023,S0005,3,19842.30,71.66,7
O002008,1,P0040,S0016,1,4006.20,71.89,6
O002009,1,P0057,S0027,2,12801.40,72.12,5
O002010,1,P0074,S0038,3,10467.90,72.35,4
O002010,2,P0077,S0005,2,5741.40,72.46,7
O002011,1,P0091,S0009,1,7620.00,72.58,3
O002012,1,P0008,S0020,2,9440.60,72.81,2
O002013,1,P0025,S0031,3,22334.10,73.04,1
O002014,1,P0042,S0002,1,5665.00,73.27,10
O002015,1,P0059,S0013,2,15457.00,73.50,9
O002015,2,P0062,S0020,1,7717.00,73.61,2
O002016,1,P0076,S0024,3,23562.90,73.73,8
O002016,2,P0079,S0031,2,12894.60,73.84,1
O002017,1,P0093,S0035,1,2610.10,73.96,7
O002017,2,P0096,S0002,3,18017.10,74.07,10
O002018,1,P0010,S0006,2,11478.60,74.19,6
O002018,2,P0013,S0013,1,4703.20,74.30,9
O002019,1,P0027,S0017,3,8975.70,74.42,5
O002020,1,P0044,S0028,1,367.60,74.65,4
O002021,1,P0061,S0039,2,12782.00,74.88,3
O002022,1,P0078,S0010,3,14605.50,75.11,2
O002023,1,P0095,S0021,1,7628.20,75.34,1
O002024,1,P0012,S0032,2,4115.00,75.57,10
O002025,1,P0029,S0003,3,21001.80,75.80,9
O002026,1,P0046,S0014,1,8245.00,76.03,8
O002027,1,P0063,S0025,2,7705.60,76.26,7
O002028,1,P0080,S0036,3,8479.80,76.49,6
O002029,1,P0097,S0007,1,4772.30,76.72,5
O002029,2,P0100,S0014,3,14403.00,76.83,8
O002030,1,P0014,S0018,2,16829.20,76.95,4
O002030,2,P0017,S0025,1,7560.20,77.06,7
O002031,1,P0031,S0029,3,17917.20,77.18,3
O002031,2,P0034,S0036,2,817.20,77.29,6
O002032,1,P0048,S0040,1,7288.40,77.41,2
O002032,2,P0051,S0007,3,18561.00,77.52,5
O002033,1,P0065,S0011,2,13415.80,77.64,1
O002034,1,P0082,S0022,3,12619.50,77.87,10
O002035,1,P0099,S0033,1,2783.70,78.10,9
O002036,1,P0016,S0004,2,14984.80,78.33,8
O002037,1,P0033,S0015,3,2615.40,78.56,7
O002038,1,P0050,S0026,1,5707.60,78.79,6
O002039,1,P0067,S0037,2,15769.20,79.02,5
O002040,1,P0084,S0008,3,6542.40,79.25,4
O002041,1,P0001,S0019,1,1257.30,79.48,3
O002042,1,P0018,S0030,2,12843.40,79.71,2
O002043,1,P0035,S0001,3,2782.50,79.94,1
O002043,2,P0038,S0008,2,8312.60,80.05,4
O002044,1,P0052,S0012,1,5610.80,80.17,10
O002044,2,P0055,S0019,3,4906.80,80.28,3
O002045,1,P0069,S0023,2,6399.40,80.40,9
O002045,2,P0072,S0030,1,5081.80,80.51,2
O002046,1,P0086,S0034,3,5803.80,80.63,8
O002046,2,P0089,S0001,2,15654.80,80.74,1
O002047,1,P0003,S0005,1,2131.90,80.86,7
O002047,2,P0006,S0012,3,7844.10,80.97,10
O002048,1,P0020,S0016,2,14736.00,81.09,6
O002049,1,P0037,S0027,3,5705.40,81.32,5
O002050,1,P0054,S0038,1,2511.40,81.55,4
O002051,1,P0071,S0009,2,9003.40,81.78,3
O002052,1,P0088,S0020,3,20710.50,82.01,2
O002053,1,P0005,S0031,1,6946.90,82.24,1
O002054,1,P0022,S0002,2,14730.80,82.47,10
O002055,1,P0039,S0013,3,9345.90,82.70,9
O002056,1,P0056,S0024,1,2789.90,82.93,8
O002057,1,P0073,S0035,2,6334.60,83.16,7
O002058,1,P0090,S0006,3,17372.40,83.39,6
O002058,2,P0093,S0013,2,5220.20,83.50,9
O002059,1,P0007,S0017,1,1138.20,83.62,5
O002059,2,P0010,S0024,3,17217.90,83.73,8
O002060,1,P0024,S0028,2,8095.60,83.85,4
O002060,2,P0027,S0035,1,2991.90,83.96,7
O002061,1,P0041,S0039,3,22431.30,84.08,3
O002061,2,P0044,S0006,2,735.20,84.19,6
O002062,1,P0058,S0010,1,6198.50,84.31,2
O002063,1,P0075,S0021,2,727.60,84.54,1
O002064,1,P0092,S0032,3,22113.60,84.77,10
O002065,1,P0009,S0003,1,5390.90,85.00,9
O002066,1,P0026,S0014,2,6794.80,85.23,8
O002067,1,P0043,S0025,3,12924.00,85.46,7
O002068,1,P0060,S0036,1,709.30,85.69,6
O002069,1,P0077,S0007,2,5741.40,85.92,5
O002070,1,P0094,S0018,3,11805.00,86.15,4
O002071,1,P0011,S0029,1,3448.00,86.38,3
O002072,1,P0028,S0040,2,4603.00,86.61,2
O002072,2,P0031,S0007,1,5972.40,86.72,5
O002073,1,P0045,S0011,3,18081.60,86.84,1
O002073,2,P0048,S0018,2,14576.80,86.95,4
O002073,3,P0051,S0025,1,6187.00,87.06,7
O002074,1,P0062,S0022,1,7717.00,87.07,10
O002074,2,P0065,S0029,3,20123.70,87.18,3
O002075,1,P0079,S0033,2,12894.60,87.30,9
O002075,2,P0082,S0040,1,4206.50,87.41,2
O002076,1,P0096,S0004,3,18017.10,87.53,8
O002077,1,P0013,S0015,1,4703.20,87.76,7
O002077,2,P0016,S0022,3,22477.20,87.87,10
O002078,1,P0030,S0026,2,3391.60,87.99,6
O002079,1,P0047,S0037,3,12707.40,88.22,5
O002080,1,P0064,S0008,1,7676.20,88.45,4
O002081,1,P0081,S0019,2,5952.60,88.68,3
O002082,1,P0098,S0030,3,10572.60,88.91,2
O002082,2,P0001,S0037,2,2514.60,89.02,5
O002083,1,P0015,S0001,1,6911.10,89.14,1
O002084,1,P0032,S0012,2,7841.00,89.37,10
O002085,1,P0049,S0023,3,10922.40,89.60,9
O002086,1,P0066,S0034,1,8306.10,89.83,8
O002086,2,P0069,S0001,3,9599.10,89.94,1
O002087,1,P0083,S0005,2,11017.00,90.06,7
O002087,2,P0086,S0012,1,1934.60,90.17,10
O002088,1,P0100,S0016,3,14403.00,90.29,6
O002088,2,P0003,S0023,2,4263.80,90.40,9
O002089,1,P0017,S0027,1,7560.20,90.52,5
O002089,2,P0020,S0034,3,22104.00,90.63,8
O002090,1,P0034,S0038,2,817.20,90.75,4
O002091,1,P0051,S0009,3,18561.00,90.98,3
O002091,2,P0054,S0016,2,5022.80,91.09,6
O002092,1,P0068,S0020,1,1231.00,91.21,2
O002093,1,P0085,S0031,2,16738.20,91.44,1
O002094,1,P0002,S0002,3,3555.90,91.67,10
O002095,1,P0019,S0013,1,2137.50,91.90,9
O002096,1,P0036,S0024,2,9489.60,92.13,8
O002097,1,P0053,S0035,3,16237.20,92.36,7
O002098,1,P0070,S0006,1,3597.50,92.59,6
O002099,1,P0087,S0017,2,11393.80,92.82,5
O002100,1,P0004,S0028,3,16939.80,93.05,4
O002100,2,P0007,S0035,2,2276.40,93.16,7
O002100,3,P0010,S0002,1,5739.30,93.27,10
O002101,1,P0021,S0039,1,867.80,93.28,3
O002101,2,P0024,S0006,3,12143.40,93.39,6
O002102,1,P0038,S0010,2,8312.60,93.51,2
O002102,2,P0041,S0017,1,7477.10,93.62,5
O002103,1,P0055,S0021,3,4906.80,93.74,1
O002103,2,P0058,S0028,2,12397.00,93.85,4
O002104,1,P0072,S0032,1,5081.80,93.97,10
O002104,2,P0075,S0039,3,1091.40,94.08,3
O002105,1,P0089,S0003,2,15654.80,94.20,9
O002106,1,P0006,S0014,3,7844.10,94.43,8
O002107,1,P0023,S0025,1,6614.10,94.66,7
O002108,1,P0040,S0036,2,8012.40,94.89,6
O002109,1,P0057,S0007,3,19202.10,95.12,5
O002110,1,P0074,S0018,1,3489.30,95.35,4
O002111,1,P0091,S0029,2,15240.00,95.58,3
O002112,1,P0008,S0040,3,14160.90,95.81,2
O002113,1,P0025,S0011,1,7444.70,96.04,1
O002114,1,P0042,S0022,2,11330.00,96.27,10
O002115,1,P0059,S0033,3,23185.50,96.50,9
O002115,2,P0062,S0040,2,15434.00,96.61,2
O002116,1,P0076,S0004,1,7854.30,96.73,8
O002116,2,P0079,S0011,3,19341.90,96.84,1
O002117,1,P0093,S0015,2,5220.20,96.96,7
O002117,2,P0096,S0022,1,6005.70,97.07,10
O002118,1,P0010,S0026,3,17217.90,97.19,6
O002118,2,P0013,S0033,2,9406.40,97.30,9
O002119,1,P0027,S0037,1,2991.90,97.42,5
O002120,1,P0044,S0008,2,735.20,97.65,4
O002121,1,P0061,S0019,3,19173.00,97.88,3
O002122,1,P0078,S0030,1,4868.50,98.11,2
O002123,1,P0095,S0001,2,15256.40,98.34,1
O002124,1,P0012,S0012,3,6172.50,98.57,10
O002125,1,P0029,S0023,1,7000.60,98.80,9
O002126,1,P0046,S0034,2,16490.00,99.03,8
O002127,1,P0063,S0005,3,11558.40,99.26,7
O002128,1,P0080,S0016,1,2826.60,99.49,6
O002129,1,P0097,S0027,2,9544.60,99.72,5
O002129,2,P0100,S0034,1,4801.00,99.83,8
O002130,1,P0014,S0038,3,25243.80,99.95,4
O002130,2,P0017,S0005,2,15120.40,30.05,7
O002131,1,P0031,S0009,1,5972.40,30.17,3
O002131,2,P0034,S0016,3,1225.80,30.28,6
O002132,1,P0048,S0020,2,14576.80,30.40,2
O002132,2,P0051,S0027,1,6187.00,30.51,5
O002133,1,P0065,S0031,3,20123.70,30.63,1
O002134,1,P0082,S0002,1,4206.50,30.86,10
O002135,1,P0099,S0013,2,5567.40,31.09,9
O002136,1,P0016,S0024,3,22477.20,31.32,8
O002137,1,P0033,S0035,1,871.80,31.55,7
O002138,1,P0050,S0006,2,11415.20,31.78,6
O002139,1,P0067,S0017,3,23653.80,32.01,5
O002140,1,P0084,S0028,1,2180.80,32.24,4
O002141,1,P0001,S0039,2,2514.60,32.47,3
O002142,1,P0018,S0010,3,19265.10,32.70,2
O002143,1,P0035,S0021,1,927.50,32.93,1
O002143,2,P0038,S0028,3,12468.90,33.04,4
O002144,1,P0052,S0032,2,11221.60,33.16,10
O002144,2,P0055,S0039,1,1635.60,33.27,3
O002144,3,P0058,S0006,3,18595.50,33.38,6
O002145,1,P0069,S0003,3,9599.10,33.39,9
O002145,2,P0072,S0010,2,10163.60,33.50,2
O002146,1,P0086,S0014,1,1934.60,33.62,8
O002146,2,P0089,S0021,3,23482.20,33.73,1
O002147,1,P0003,S0025,2,4263.80,33.85,7
O002147,2,P0006,S0032,1,2614.70,33.96,10
O002148,1,P0020,S0036,3,22104.00,34.08,6
O002149,1,P0037,S0007,1,1901.80,34.31,5
O002150,1,P0054,S0018,2,5022.80,34.54,4
O002151,1,P0071,S0029,3,13505.10,34.77,3
O002152,1,P0088,S0040,1,6903.50,35.00,2
O002153,1,P0005,S0011,2,13893.80,35.23,1
O002154,1,P0022,S0022,3,22096.20,35.46,10
O002155,1,P0039,S0033,1,3115.30,35.69,9
O002156,1,P0056,S0004,2,5579.80,35.92,8
O002157,1,P0073,S0015,3,9501.90,36.15,7
O002158,1,P0090,S0026,1,5790.80,36.38,6
O002158,2,P0093,S0033,3,7830.30,36.49,9
O002159,1,P0007,S0037,2,2276.40,36.61,5
O002159,2,P0010,S0004,1,5739.30,36.72,8
O002160,1,P0024,S0008,3,12143.40,36.84,4
O002160,2,P0027,S0015,2,5983.80,36.95,7
O002161,1,P0041,S0019,1,7477.10,37.07,3
O002161,2,P0044,S0026,3,1102.80,37.18,6
O002162,1,P0058,S0030,2,12397.00,37.30,2
O002163,1,P0075,S0001,3,1091.40,37.53,1
O002164,1,P0092,S0012,1,7371.20,37.76,10
O002165,1,P0009,S0023,2,10781.80,37.99,9
O002166,1,P0026,S0034,3,10192.20,38.22,8
O002167,1,P0043,S0005,1,4308.00,38.45,7
O002168,1,P0060,S0016,2,1418.60,38.68,6
O002169,1,P0077,S0027,3,8612.10,38.91,5
O002170,1,P0094,S0038,1,3935.00,39.14,4
O002171,1,P0011,S0009,2,6896.00,39.37,3
O002172,1,P0028,S0020,3,6904.50,39.60,2
O002172,2,P0031,S0027,2,11944.80,39.71,5
O002173,1,P0045,S0031,1,6027.20,39.83,1
O002173,2,P0048,S0038,3,21865.20,39.94,4
O002173,3,P0051,S0005,2,12374.00,40.05,7
O002174,1,P0062,S0002,2,15434.00,40.06,10
O002174,2,P0065,S0009,1,6707.90,40.17,3
O002175,1,P0079,S0013,3,19341.90,40.29,9
O002175,2,P0082,S0020,2,8413.00,40.40,2
O002176,1,P0096,S0024,1,6005.70,40.52,8
O002177,1,P0013,S0035,2,9406.40,40.75,7
O002178,1,P0030,S0006,3,5087.40,40.98,6
O002179,1,P0047,S0017,1,4235.80,41.21,5
O002180,1,P0064,S0028,2,15352.40,41.44,4
O002181,1,P0081,S0039,3,8928.90,41.67,3
O002182,1,P0098,S0010,1,3524.20,41.90,2
O002182,2,P0001,S0017,3,3771.90,42.01,5
O002183,1,P0015,S0021,2,13822.20,42.13,1
O002184,1,P0032,S0032,3,11761.50,42.36,10
O002185,1,P0049,S0003,1,3640.80,42.59,9
O002186,1,P0066,S0014,2,16612.20,42.82,8
O002186,2,P0069,S0021,1,3199.70,42.93,1
O002187,1,P0083,S0025,3,16525.50,43.05,7
O002187,2,P0086,S0032,2,3869.20,43.16,10
O002188,1,P0100,S0036,1,4801.00,43.28,6
O002188,2,P0003,S0003,3,6395.70,43.39,9
O002189,1,P0017,S0007,2,15120.40,43.51,5
O002189,2,P0020,S0014,1,7368.00,43.62,8
O002190,1,P0034,S0018,3,1225.80,43.74,4
O002191,1,P0051,S0029,1,6187.00,43.97,3
O002191,2,P0054,S0036,3,7534.20,44.08,6
O002192,1,P0068,S0040,2,2462.00,44.20,2
O002193,1,P0085,S0011,3,25107.30,44.43,1
O002194,1,P0002,S0022,1,1185.30,44.66,10
O002195,1,P0019,S0033,2,4275.00,44.89,9
O002196,1,P0036,S0004,3,14234.40,45.12,8
O002197,1,P0053,S0015,1,5412.40,45.35,7
O002198,1,P0070,S0026,2,7195.00,45.58,6
O002199,1,P0087,S0037,3,17090.70,45.81,5
O002200,1,P0004,S0008,1,5646.60,46.04,4
O002200,2,P0007,S0015,3,3414.60,46.15,7
O002200,3,P0010,S0022,2,11478.60,46.26,10
O002201,1,P0021,S0019,2,1735.60,46.27,3
O002201,2,P0024,S0026,1,4047.80,46.38,6
O002202,1,P0038,S0030,3,12468.90,46.50,2
O002202,2,P0041,S0037,2,14954.20,46.61,5
O002203,1,P0055,S0001,1,1635.60,46.73,1
O002203,2,P0058,S0008,3,18595.50,46.84,4
O002204,1,P0072,S0012,2,10163.60,46.96,10
O002204,2,P0075,S0019,1,363.80,47.07,3
O002205,1,P0089,S0023,3,23482.20,47.19,9
O002206,1,P0006,S0034,1,2614.70,47.42,8
O002207,1,P0023,S0005,2,13228.20,47.65,7
O002208,1,P0040,S0016,3,12018.60,47.88,6
O002209,1,P0057,S0027,1,6400.70,48.11,5
O002210,1,P0074,S0038,2,6978.60,48.34,4
O002211,1,P0091,S0009,3,22860.00,48.57,3
O002211,2,P0094,S0016,2,7870.00,48.68,6
O002212,1,P0008,S0020,1,4720.30,48.80,2
O002213,1,P0025,S0031,2,14889.40,49.03,1
O002214,1,P0042,S0002,3,16995.00,49.26,10
O002215,1,P0059,S0013,1,7728.50,49.49,9
O002215,2,P0062,S0020,3,23151.00,49.60,2
O002216,1,P0076,S0024,2,15708.60,49.72,8
O002216,2,P0079,S0031,1,6447.30,49.83,1
O002217,1,P0093,S0035,3,7830.30,49.95,7
O002217,2,P0096,S0002,2,12011.40,50.06,10
O002218,1,P0010,S0006,1,5739.30,50.18,6
O002218,2,P0013,S0013,3,14109.60,50.29,9
O002219,1,P0027,S0017,2,5983.80,50.41,5
O002220,1,P0044,S0028,3,1102.80,50.64,4
O002221,1,P0061,S0039,1,6391.00,50.87,3
O002222,1,P0078,S0010,2,9737.00,51.10,2
O002223,1,P0095,S0021,3,22884.60,51.33,1
O002224,1,P0012,S0032,1,2057.50,51.56,10
O002225,1,P0029,S0003,2,14001.20,51.79,9
O002226,1,P0046,S0014,3,24735.00,52.02,8
O002227,1,P0063,S0025,1,3852.80,52.25,7
O002228,1,P0080,S0036,2,5653.20,52.48,6
O002229,1,P0097,S0007,3,14316.90,52.71,5
O002229,2,P0100,S0014,2,9602.00,52.82,8
O002230,1,P0014,S0018,1,8414.60,52.94,4
O002230,2,P0017,S0025,3,22680.60,53.05,7
O002231,1,P0031,S0029,2,11944.80,53.17,3
O002231,2,P0034,S0036,1,408.60,53.28,6
O002232,1,P0048,S0040,3,21865.20,53.40,2
O002232,2,P0051,S0007,2,12374.00,53.51,5
O002233,1,P0065,S0011,1,6707.90,53.63,1
O002234,1,P0082,S0022,2,8413.00,53.86,10
O002235,1,P0099,S0033,3,8351.10,54.09,9
O002236,1,P0016,S0004,1,7492.40,54.32,8
O002237,1,P0033,S0015,2,1743.60,54.55,7
O002238,1,P0050,S0026,3,17122.80,54.78,6
O002239,1,P0067,S0037,1,7884.60,55.01,5
O002240,1,P0084,S0008,2,4361.60,55.24,4
O002241,1,P0001,S0019,3,3771.90,55.47,3
O002242,1,P0018,S0030,1,6421.70,55.70,2
O002243,1,P0035,S0001,2,1855.00,55.93,1
O002243,2,P0038,S0008,1,4156.30,56.04,4
O002244,1,P0052,S0012,3,16832.40,56.16,10
O002244,2,P0055,S0019,2,3271.20,56.27,3
O002245,1,P0069,S0023,1,3199.70,56.39,9
O002245,2,P0072,S0030,3,15245.40,56.50,2
O002246,1,P0086,S0034,2,3869.20,56.62,8
O002246,2,P0089,S0001,1,7827.40,56.73,1
O002247,1,P0003,S0005,3,6395.70,56.85,7
O002247,2,P0006,S0012,2,5229.40,56.96,10
O002248,1,P0020,S0016,1,7368.00,57.08,6
O002249,1,P0037,S0027,2,3803.60,57.31,5
O002250,1,P0054,S0038,3,7534.20,57.54,4
O002251,1,P0071,S0009,1,4501.70,57.77,3
O002252,1,P0088,S0020,2,13807.00,58.00,2
O002253,1,P0005,S0031,3,20840.70,58.23,1
O002254,1,P0022,S0002,1,7365.40,58.46,10
O002255,1,P0039,S0013,2,6230.60,58.69,9
O002256,1,P0056,S0024,3,8369.70,58.92,8
O002257,1,P0073,S0035,1,3167.30,59.15,7
O002258,1,P0090,S0006,2,11581.60,59.38,6
O002258,2,P0093,S0013,1,2610.10,59.49,9
O002259,1,P0007,S0017,3,3414.60,59.61,5
O002259,2,P0010,S0024,2,11478.60,59.72,8
O002260,1,P0024,S0028,1,4047.80,59.84,4
O002260,2,P0027,S0035,3,8975.70,59.95,7
O002261,1,P0041,S0039,2,14954.20,60.07,3
O002261,2,P0044,S0006,1,367.60,60.18,6
O002262,1,P0058,S0010,3,18595.50,60.30,2
O002263,1,P0075,S0021,1,363.80,60.53,1
O002264,1,P0092,S0032,2,14742.40,60.76,10
O002265,1,P0009,S0003,3,16172.70,60.99,9
O002266,1,P0026,S0014,1,3397.40,61.22,8
O002267,1,P0043,S0025,2,8616.00,61.45,7
O002268,1,P0060,S0036,3,2127.90,61.68,6
O002269,1,P0077,S0007,1,2870.70,61.91,5
O002270,1,P0094,S0018,2,7870.00,62.14,4
O002271,1,P0011,S0029,3,10344.00,62.37,3
O002272,1,P0028,S0040,1,2301.50,62.60,2
O002272,2,P0031,S0007,3,17917.20,62.71,5
O002273,1,P0045,S0011,2,12054.40,62.83,1
O002273,2,P0048,S0018,1,7288.40,62.94,4
O002273,3,P0051,S0025,3,18561.00,63.05,7
O002274,1,P0062,S0022,3,23151.00,63.06,10
O002274,2,P0065,S0029,2,13415.80,63.17,3
O002275,1,P0079,S0033,1,6447.30,63.29,9
O002275,2,P0082,S0040,3,12619.50,63.40,2
O002276,1,P0096,S0004,2,12011.40,63.52,8
O002277,1,P0013,S0015,3,14109.60,63.75,7
O002278,1,P0030,S0026,1,1695.80,63.98,6
O002278,2,P0033,S0033,3,2615.40,64.09,9
O002279,1,P0047,S0037,2,8471.60,64.21,5
O002280,1,P0064,S0008,3,23028.60,64.44,4
O002281,1,P0081,S0019,1,2976.30,64.67,3
O002282,1,P0098,S0030,2,7048.40,64.90,2
O002282,2,P0001,S0037,1,1257.30,65.01,5
O002283,1,P0015,S0001,3,20733.30,65.13,1
O002284,1,P0032,S0012,1,3920.50,65.36,10
O002285,1,P0049,S0023,2,7281.60,65.59,9
O002286,1,P0066,S0034,3,24918.30,65.82,8
O002286,2,P0069,S0001,2,6399.40,65.93,1
O002287,1,P0083,S0005,1,5508.50,66.05,7
O002287,2,P0086,S0012,3,5803.80,66.16,10
O002288,1,P0100,S0016,2,9602.00,66.28,6
O002288,2,P0003,S0023,1,2131.90,66.39,9
O002289,1,P0017,S0027,3,22680.60,66.51,5
O002289,2,P0020,S0034,2,14736.00,66.62,8
O002290,1,P0034,S0038,1,408.60,66.74,4
O002291,1,P0051,S0009,2,12374.00,66.97,3
O002291,2,P0054,S0016,1,2511.40,67.08,6
O002292,1,P0068,S0020,3,3693.00,67.20,2
O002293,1,P0085,S0031,1,8369.10,67.43,1
O002294,1,P0002,S0002,2,2370.60,67.66,10
O002295,1,P0019,S0013,3,6412.50,67.89,9
O002296,1,P0036,S0024,1,4744.80,68.12,8
O002297,1,P0053,S0035,2,10824.80,68.35,7
O002298,1,P0070,S0006,3,10792.50,68.58,6
O002299,1,P0087,S0017,1,5696.90,68.81,5
O002300,1,P0004,S0028,2,11293.20,69.04,4
O002300,2,P0007,S0035,1,1138.20,69.15,7
O002300,3,P0010,S0002,3,17217.90,69.26,10
O002301,1,P0021,S0039,3,2603.40,69.27,3
O002301,2,P0024,S0006,2,8095.60,69.38,6
O002302,1,P0038,S0010,1,4156.30,69.50,2
O002302,2,P0041,S0017,3,22431.30,69.61,5
O002303,1,P0055,S0021,2,3271.20,69.73,1
O002303,2,P0058,S0028,1,6198.50,69.84,4
O002304,1,P0072,S0032,3,15245.40,69.96,10
O002304,2,P0075,S0039,2,727.60,70.07,3
O002305,1,P0089,S0003,1,7827.40,70.19,9
O002306,1,P0006,S0014,2,5229.40,70.42,8
O002307,1,P0023,S0025,3,19842.30,70.65,7
O002308,1,P0040,S0036,1,4006.20,70.88,6
O002309,1,P0057,S0007,2,12801.40,71.11,5
O002310,1,P0074,S0018,3,10467.90,71.34,4
O002311,1,P0091,S0029,1,7620.00,71.57,3
O002312,1,P0008,S0040,2,9440.60,71.80,2
O002313,1,P0025,S0011,3,22334.10,72.03,1
O002314,1,P0042,S0022,1,5665.00,72.26,10
O002315,1,P0059,S0033,2,15457.00,72.49,9
O002315,2,P0062,S0040,1,7717.00,72.60,2
O002316,1,P0076,S0004,3,23562.90,72.72,8
O002316,2,P0079,S0011,2,12894.60,72.83,1
O002317,1,P0093,S0015,1,2610.10,72.95,7
O002317,2,P0096,S0022,3,18017.10,73.06,10
O002318,1,P0010,S0026,2,11478.60,73.18,6
O002318,2,P0013,S0033,1,4703.20,73.29,9
O002319,1,P0027,S0037,3,8975.70,73.41,5
O002320,1,P0044,S0008,1,367.60,73.64,4
O002321,1,P0061,S0019,2,12782.00,73.87,3
O002322,1,P0078,S0030,3,14605.50,74.10,2
O002323,1,P0095,S0001,1,7628.20,74.33,1
O002324,1,P0012,S0012,2,4115.00,74.56,10
O002325,1,P0029,S0023,3,21001.80,74.79,9
O002326,1,P0046,S0034,1,8245.00,75.02,8
O002327,1,P0063,S0005,2,7705.60,75.25,7
O002328,1,P0080,S0016,3,8479.80,75.48,6
O002329,1,P0097,S0027,1,4772.30,75.71,5
O002329,2,P0100,S0034,3,14403.00,75.82,8
O002330,1,P0014,S0038,2,16829.20,75.94,4
O002330,2,P0017,S0005,1,7560.20,76.05,7
O002331,1,P0031,S0009,3,17917.20,76.17,3
O002331,2,P0034,S0016,2,817.20,76.28,6
O002332,1,P0048,S0020,1,7288.40,76.40,2
O002332,2,P0051,S0027,3,18561.00,76.51,5
O002333,1,P0065,S0031,2,13415.80,76.63,1
O002334,1,P0082,S0002,3,12619.50,76.86,10
O002335,1,P0099,S0013,1,2783.70,77.09,9
O002336,1,P0016,S0024,2,14984.80,77.32,8
O002337,1,P0033,S0035,3,2615.40,77.55,7
O002338,1,P0050,S0006,1,5707.60,77.78,6
O002339,1,P0067,S0017,2,15769.20,78.01,5
O002340,1,P0084,S0028,3,6542.40,78.24,4
O002341,1,P0001,S0039,1,1257.30,78.47,3
O002342,1,P0018,S0010,2,12843.40,78.70,2
O002343,1,P0035,S0021,3,2782.50,78.93,1
O002343,2,P0038,S0028,2,8312.60,79.04,4
O002344,1,P0052,S0032,1,5610.80,79.16,10
O002344,2,P0055,S0039,3,4906.80,79.27,3
O002345,1,P0069,S0003,2,6399.40,79.39,9
O002345,2,P0072,S0010,1,5081.80,79.50,2
O002345,3,P0075,S0017,3,1091.40,79.61,5
O002346,1,P0086,S0014,3,5803.80,79.62,8
O002346,2,P0089,S0021,2,15654.80,79.73,1
O002347,1,P0003,S0025,1,2131.90,79.85,7
O002347,2,P0006,S0032,3,7844.10,79.96,10
O002348,1,P0020,S0036,2,14736.00,80.08,6
O002349,1,P0037,S0007,3,5705.40,80.31,5
O002350,1,P0054,S0018,1,2511.40,80.54,4
O002351,1,P0071,S0029,2,9003.40,80.77,3
O002352,1,P0088,S0040,3,20710.50,81.00,2
O002353,1,P0005,S0011,1,6946.90,81.23,1
O002354,1,P0022,S0022,2,14730.80,81.46,10
O002355,1,P0039,S0033,3,9345.90,81.69,9
O002356,1,P0056,S0004,1,2789.90,81.92,8
O002357,1,P0073,S0015,2,6334.60,82.15,7
O002358,1,P0090,S0026,3,17372.40,82.38,6
O002358,2,P0093,S0033,2,5220.20,82.49,9
O002359,1,P0007,S0037,1,1138.20,82.61,5
O002359,2,P0010,S0004,3,17217.90,82.72,8
O002360,1,P0024,S0008,2,8095.60,82.84,4
O002360,2,P0027,S0015,1,2991.90,82.95,7
O002361,1,P0041,S0019,3,22431.30,83.07,3
O002361,2,P0044,S0026,2,735.20,83.18,6
O002362,1,P0058,S0030,1,6198.50,83.30,2
O002363,1,P0075,S0001,2,727.60,83.53,1
O002364,1,P0092,S0012,3,22113.60,83.76,10
O002365,1,P0009,S0023,1,5390.90,83.99,9
O002366,1,P0026,S0034,2,6794.80,84.22,8
O002367,1,P0043,S0005,3,12924.00,84.45,7
O002368,1,P0060,S0016,1,709.30,84.68,6
O002369,1,P0077,S0027,2,5741.40,84.91,5
O002370,1,P0094,S0038,3,11805.00,85.14,4
O002371,1,P0011,S0009,1,3448.00,85.37,3
O002372,1,P0028,S0020,2,4603.00,85.60,2
O002372,2,P0031,S0027,1,5972.40,85.71,5
O002373,1,P0045,S0031,3,18081.60,85.83,1
O002373,2,P0048,S0038,2,14576.80,85.94,4
O002373,3,P0051,S0005,1,6187.00,86.05,7
O002374,1,P0062,S0002,1,7717.00,86.06,10
O002374,2,P0065,S0009,3,20123.70,86.17,3
O002375,1,P0079,S0013,2,12894.60,86.29,9
O002375,2,P0082,S0020,1,4206.50,86.40,2
O002376,1,P0096,S0024,3,18017.10,86.52,8
O002377,1,P0013,S0035,1,4703.20,86.75,7
O002378,1,P0030,S0006,2,3391.60,86.98,6
O002379,1,P0047,S0017,3,12707.40,87.21,5
O002380,1,P0064,S0028,1,7676.20,87.44,4
O002381,1,P0081,S0039,2,5952.60,87.67,3
O002382,1,P0098,S0010,3,10572.60,87.90,2
O002382,2,P0001,S0017,2,2514.60,88.01,5
O002383,1,P0015,S0021,1,6911.10,88.13,1
O002384,1,P0032,S0032,2,7841.00,88.36,10
O002385,1,P0049,S0003,3,10922.40,88.59,9
O002386,1,P0066,S0014,1,8306.10,88.82,8
O002386,2,P0069,S0021,3,9599.10,88.93,1
O002387,1,P0083,S0025,2,11017.00,89.05,7
O002387,2,P0086,S0032,1,1934.60,89.16,10
O002388,1,P0100,S0036,3,14403.00,89.28,6
O002388,2,P0003,S0003,2,4263.80,89.39,9
O002389,1,P0017,S0007,1,7560.20,89.51,5
O002389,2,P0020,S0014,3,22104.00,89.62,8
O002390,1,P0034,S0018,2,817.20,89.74,4
O002391,1,P0051,S0029,3,18561.00,89.97,3
O002391,2,P0054,S0036,2,5022.80,90.08,6
O002392,1,P0068,S0040,1,1231.00,90.20,2
O002393,1,P0085,S0011,2,16738.20,90.43,1
O002394,1,P0002,S0022,3,3555.90,90.66,10
O002395,1,P0019,S0033,1,2137.50,90.89,9
O002396,1,P0036,S0004,2,9489.60,91.12,8
O002397,1,P0053,S0015,3,16237.20,91.35,7
O002398,1,P0070,S0026,1,3597.50,91.58,6
O002399,1,P0087,S0037,2,11393.80,91.81,5
O002400,1,P0004,S0008,3,16939.80,92.04,4
O002400,2,P0007,S0015,2,2276.40,92.15,7
O002400,3,P0010,S0022,1,5739.30,92.26,10
O002401,1,P0021,S0019,1,867.80,92.27,3
O002401,2,P0024,S0026,3,12143.40,92.38,6
O002402,1,P0038,S0030,2,8312.60,92.50,2
O002402,2,P0041,S0037,1,7477.10,92.61,5
O002403,1,P0055,S0001,3,4906.80,92.73,1
O002403,2,P0058,S0008,2,12397.00,92.84,4
O002404,1,P0072,S0012,1,5081.80,92.96,10
O002404,2,P0075,S0019,3,1091.40,93.07,3
O002405,1,P0089,S0023,2,15654.80,93.19,9
O002406,1,P0006,S0034,3,7844.10,93.42,8
O002407,1,P0023,S0005,1,6614.10,93.65,7
O002408,1,P0040,S0016,2,8012.40,93.88,6
O002409,1,P0057,S0027,3,19202.10,94.11,5
O002410,1,P0074,S0038,1,3489.30,94.34,4
O002411,1,P0091,S0009,2,15240.00,94.57,3
O002412,1,P0008,S0020,3,14160.90,94.80,2
O002412,2,P0011,S0027,2,6896.00,94.91,5
O002413,1,P0025,S0031,1,7444.70,95.03,1
O002414,1,P0042,S0002,2,11330.00,95.26,10
O002415,1,P0059,S0013,3,23185.50,95.49,9
O002415,2,P0062,S0020,2,15434.00,95.60,2
O002416,1,P0076,S0024,1,7854.30,95.72,8
O002416,2,P0079,S0031,3,19341.90,95.83,1
O002417,1,P0093,S0035,2,5220.20,95.95,7
O002417,2,P0096,S0002,1,6005.70,96.06,10
O002418,1,P0010,S0006,3,17217.90,96.18,6
O002418,2,P0013,S0013,2,9406.40,96.29,9
O002419,1,P0027,S0017,1,2991.90,96.41,5
O002420,1,P0044,S0028,2,735.20,96.64,4
O002421,1,P0061,S0039,3,19173.00,96.87,3
O002422,1,P0078,S0010,1,4868.50,97.10,2
O002423,1,P0095,S0021,2,15256.40,97.33,1
O002424,1,P0012,S0032,3,6172.50,97.56,10
O002425,1,P0029,S0003,1,7000.60,97.79,9
O002426,1,P0046,S0014,2,16490.00,98.02,8
O002427,1,P0063,S0025,3,11558.40,98.25,7
O002428,1,P0080,S0036,1,2826.60,98.48,6
O002429,1,P0097,S0007,2,9544.60,98.71,5
O002429,2,P0100,S0014,1,4801.00,98.82,8
O002430,1,P0014,S0018,3,25243.80,98.94,4
O002430,2,P0017,S0025,2,15120.40,99.05,7
O002431,1,P0031,S0029,1,5972.40,99.17,3
O002431,2,P0034,S0036,3,1225.80,99.28,6
O002432,1,P0048,S0040,2,14576.80,99.40,2
O002432,2,P0051,S0007,1,6187.00,99.51,5
O002433,1,P0065,S0011,3,20123.70,99.63,1
O002434,1,P0082,S0022,1,4206.50,99.86,10
O002435,1,P0099,S0033,2,5567.40,30.08,9
O002436,1,P0016,S0004,3,22477.20,30.31,8
O002437,1,P0033,S0015,1,871.80,30.54,7
O002438,1,P0050,S0026,2,11415.20,30.77,6
O002439,1,P0067,S0037,3,23653.80,31.00,5
O002440,1,P0084,S0008,1,2180.80,31.23,4
O002441,1,P0001,S0019,2,2514.60,31.46,3
O002442,1,P0018,S0030,3,19265.10,31.69,2
O002443,1,P0035,S0001,1,927.50,31.92,1
O002443,2,P0038,S0008,3,12468.90,32.03,4
O002444,1,P0052,S0012,2,11221.60,32.15,10
O002444,2,P0055,S0019,1,1635.60,32.26,3
O002445,1,P0069,S0023,3,9599.10,32.38,9
O002445,2,P0072,S0030,2,10163.60,32.49,2
O002446,1,P0086,S0034,1,1934.60,32.61,8
O002446,2,P0089,S0001,3,23482.20,32.72,1
O002447,1,P0003,S0005,2,4263.80,32.84,7
O002447,2,P0006,S0012,1,2614.70,32.95,10
O002448,1,P0020,S0016,3,22104.00,33.07,6
O002449,1,P0037,S0027,1,1901.80,33.30,5
O002450,1,P0054,S0038,2,5022.80,33.53,4
O002451,1,P0071,S0009,3,13505.10,33.76,3
O002452,1,P0088,S0020,1,6903.50,33.99,2
O002453,1,P0005,S0031,2,13893.80,34.22,1
O002454,1,P0022,S0002,3,22096.20,34.45,10
O002455,1,P0039,S0013,1,3115.30,34.68,9
O002456,1,P0056,S0024,2,5579.80,34.91,8
O002457,1,P0073,S0035,3,9501.90,35.14,7
O002458,1,P0090,S0006,1,5790.80,35.37,6
O002458,2,P0093,S0013,3,7830.30,35.48,9
O002459,1,P0007,S0017,2,2276.40,35.60,5
O002459,2,P0010,S0024,1,5739.30,35.71,8
O002460,1,P0024,S0028,3,12143.40,35.83,4
O002460,2,P0027,S0035,2,5983.80,35.94,7
O002461,1,P0041,S0039,1,7477.10,36.06,3
O002461,2,P0044,S0006,3,1102.80,36.17,6
O002462,1,P0058,S0010,2,12397.00,36.29,2
O002463,1,P0075,S0021,3,1091.40,36.52,1
O002464,1,P0092,S0032,1,7371.20,36.75,10
O002465,1,P0009,S0003,2,10781.80,36.98,9
O002466,1,P0026,S0014,3,10192.20,37.21,8
O002467,1,P0043,S0025,1,4308.00,37.44,7
O002468,1,P0060,S0036,2,1418.60,37.67,6
O002469,1,P0077,S0007,3,8612.10,37.90,5
O002470,1,P0094,S0018,1,3935.00,38.13,4
O002471,1,P0011,S0029,2,6896.00,38.36,3
O002472,1,P0028,S0040,3,6904.50,38.59,2
O002472,2,P0031,S0007,2,11944.80,38.70,5
O002473,1,P0045,S0011,1,6027.20,38.82,1
O002473,2,P0048,S0018,3,21865.20,38.93,4
O002473,3,P0051,S0025,2,12374.00,39.04,7
O002474,1,P0062,S0022,2,15434.00,39.05,10
O002474,2,P0065,S0029,1,6707.90,39.16,3
O002475,1,P0079,S0033,3,19341.90,39.28,9
O002475,2,P0082,S0040,2,8413.00,39.39,2
O002476,1,P0096,S0004,1,6005.70,39.51,8
O002477,1,P0013,S0015,2,9406.40,39.74,7
O002478,1,P0030,S0026,3,5087.40,39.97,6
O002479,1,P0047,S0037,1,4235.80,40.20,5
O002479,2,P0050,S0004,3,17122.80,40.31,8
O002480,1,P0064,S0008,2,15352.40,40.43,4
O002481,1,P0081,S0019,3,8928.90,40.66,3
O002482,1,P0098,S0030,1,3524.20,40.89,2
O002482,2,P0001,S0037,3,3771.90,41.00,5
O002483,1,P0015,S0001,2,13822.20,41.12,1
O002484,1,P0032,S0012,3,11761.50,41.35,10
O002485,1,P0049,S0023,1,3640.80,41.58,9
O002486,1,P0066,S0034,2,16612.20,41.81,8
O002486,2,P0069,S0001,1,3199.70,41.92,1
O002487,1,P0083,S0005,3,16525.50,42.04,7
O002487,2,P0086,S0012,2,3869.20,42.15,10
O002488,1,P0100,S0016,1,4801.00,42.27,6
O002488,2,P0003,S0023,3,6395.70,42.38,9
O002489,1,P0017,S0027,2,15120.40,42.50,5
O002489,2,P0020,S0034,1,7368.00,42.61,8
O002490,1,P0034,S0038,3,1225.80,42.73,4
O002491,1,P0051,S0009,1,6187.00,42.96,3
O002491,2,P0054,S0016,3,7534.20,43.07,6
O002492,1,P0068,S0020,2,2462.00,43.19,2
O002493,1,P0085,S0031,3,25107.30,43.42,1
O002494,1,P0002,S0002,1,1185.30,43.65,10
O002495,1,P0019,S0013,2,4275.00,43.88,9
O002496,1,P0036,S0024,3,14234.40,44.11,8
O002497,1,P0053,S0035,1,5412.40,44.34,7
O002498,1,P0070,S0006,2,7195.00,44.57,6
O002499,1,P0087,S0017,3,17090.70,44.80,5
O002500,1,P0004,S0028,1,5646.60,45.03,4
O002500,2,P0007,S0035,3,3414.60,45.14,7
O002500,3,P0010,S0002,2,11478.60,45.25,10
O002501,1,P0021,S0039,2,1735.60,45.26,3
O002501,2,P0024,S0006,1,4047.80,45.37,6
O002502,1,P0038,S0010,3,12468.90,45.49,2
O002502,2,P0041,S0017,2,14954.20,45.60,5
O002503,1,P0055,S0021,1,1635.60,45.72,1
O002503,2,P0058,S0028,3,18595.50,45.83,4
O002504,1,P0072,S0032,2,10163.60,45.95,10
O002504,2,P0075,S0039,1,363.80,46.06,3
O002505,1,P0089,S0003,3,23482.20,46.18,9
O002506,1,P0006,S0014,1,2614.70,46.41,8
O002507,1,P0023,S0025,2,13228.20,46.64,7
O002508,1,P0040,S0036,3,12018.60,46.87,6
O002509,1,P0057,S0007,1,6400.70,47.10,5
O002510,1,P0074,S0018,2,6978.60,47.33,4
O002511,1,P0091,S0029,3,22860.00,47.56,3
O002512,1,P0008,S0040,1,4720.30,47.79,2
O002513,1,P0025,S0011,2,14889.40,48.02,1
O002514,1,P0042,S0022,3,16995.00,48.25,10
O002515,1,P0059,S0033,1,7728.50,48.48,9
O002515,2,P0062,S0040,3,23151.00,48.59,2
O002516,1,P0076,S0004,2,15708.60,48.71,8
O002516,2,P0079,S0011,1,6447.30,48.82,1
O002517,1,P0093,S0015,3,7830.30,48.94,7
O002517,2,P0096,S0022,2,12011.40,49.05,10
O002518,1,P0010,S0026,1,5739.30,49.17,6
O002518,2,P0013,S0033,3,14109.60,49.28,9
O002519,1,P0027,S0037,2,5983.80,49.40,5
O002520,1,P0044,S0008,3,1102.80,49.63,4
O002521,1,P0061,S0019,1,6391.00,49.86,3
O002522,1,P0078,S0030,2,9737.00,50.09,2
O002523,1,P0095,S0001,3,22884.60,50.32,1
O002524,1,P0012,S0012,1,2057.50,50.55,10
O002525,1,P0029,S0023,2,14001.20,50.78,9
O002526,1,P0046,S0034,3,24735.00,51.01,8
O002527,1,P0063,S0005,1,3852.80,51.24,7
O002528,1,P0080,S0016,2,5653.20,51.47,6
O002529,1,P0097,S0027,3,14316.90,51.70,5
O002529,2,P0100,S0034,2,9602.00,51.81,8
O002530,1,P0014,S0038,1,8414.60,51.93,4
O002530,2,P0017,S0005,3,22680.60,52.04,7
O002531,1,P0031,S0009,2,11944.80,52.16,3
O002531,2,P0034,S0016,1,408.60,52.27,6
O002532,1,P0048,S0020,3,21865.20,52.39,2
O002532,2,P0051,S0027,2,12374.00,52.50,5
O002533,1,P0065,S0031,1,6707.90,52.62,1
O002534,1,P0082,S0002,2,8413.00,52.85,10
O002535,1,P0099,S0013,3,8351.10,53.08,9
O002536,1,P0016,S0024,1,7492.40,53.31,8
O002537,1,P0033,S0035,2,1743.60,53.54,7
O002538,1,P0050,S0006,3,17122.80,53.77,6
O002539,1,P0067,S0017,1,7884.60,54.00,5
O002540,1,P0084,S0028,2,4361.60,54.23,4
O002541,1,P0001,S0039,3,3771.90,54.46,3
O002542,1,P0018,S0010,1,6421.70,54.69,2
O002543,1,P0035,S0021,2,1855.00,54.92,1
O002543,2,P0038,S0028,1,4156.30,55.03,4
O002544,1,P0052,S0032,3,16832.40,55.15,10
O002544,2,P0055,S0039,2,3271.20,55.26,3
O002545,1,P0069,S0003,1,3199.70,55.38,9
O002545,2,P0072,S0010,3,15245.40,55.49,2
O002546,1,P0086,S0014,2,3869.20,55.61,8
O002546,2,P0089,S0021,1,7827.40,55.72,1
O002546,3,P0092,S0028,3,22113.60,55.83,4
O002547,1,P0003,S0025,3,6395.70,55.84,7
O002547,2,P0006,S0032,2,5229.40,55.95,10
O002548,1,P0020,S0036,1,7368.00,56.07,6
O002549,1,P0037,S0007,2,3803.60,56.30,5
O002550,1,P0054,S0018,3,7534.20,56.53,4
O002551,1,P0071,S0029,1,4501.70,56.76,3
O002552,1,P0088,S0040,2,13807.00,56.99,2
O002553,1,P0005,S0011,3,20840.70,57.22,1
O002554,1,P0022,S0022,1,7365.40,57.45,10
O002555,1,P0039,S0033,2,6230.60,57.68,9
O002556,1,P0056,S0004,3,8369.70,57.91,8
O002557,1,P0073,S0015,1,3167.30,58.14,7
O002558,1,P0090,S0026,2,11581.60,58.37,6
O002558,2,P0093,S0033,1,2610.10,58.48,9
O002559,1,P0007,S0037,3,3414.60,58.60,5
O002559,2,P0010,S0004,2,11478.60,58.71,8
O002560,1,P0024,S0008,1,4047.80,58.83,4
O002560,2,P0027,S0015,3,8975.70,58.94,7
O002561,1,P0041,S0019,2,14954.20,59.06,3
O002561,2,P0044,S0026,1,367.60,59.17,6
O002562,1,P0058,S0030,3,18595.50,59.29,2
O002563,1,P0075,S0001,1,363.80,59.52,1
O002564,1,P0092,S0012,2,14742.40,59.75,10
O002565,1,P0009,S0023,3,16172.70,59.98,9
O002566,1,P0026,S0034,1,3397.40,60.21,8
O002567,1,P0043,S0005,2,8616.00,60.44,7
O002568,1,P0060,S0016,3,2127.90,60.67,6
O002569,1,P0077,S0027,1,2870.70,60.90,5
O002570,1,P0094,S0038,2,7870.00,61.13,4
O002571,1,P0011,S0009,3,10344.00,61.36,3
O002572,1,P0028,S0020,1,2301.50,61.59,2
O002572,2,P0031,S0027,3,17917.20,61.70,5
O002573,1,P0045,S0031,2,12054.40,61.82,1
O002573,2,P0048,S0038,1,7288.40,61.93,4
O002573,3,P0051,S0005,3,18561.00,62.04,7
O002574,1,P0062,S0002,3,23151.00,62.05,10
O002574,2,P0065,S0009,2,13415.80,62.16,3
O002575,1,P0079,S0013,1,6447.30,62.28,9
O002575,2,P0082,S0020,3,12619.50,62.39,2
O002576,1,P0096,S0024,2,12011.40,62.51,8
O002577,1,P0013,S0035,3,14109.60,62.74,7
O002578,1,P0030,S0006,1,1695.80,62.97,6
O002579,1,P0047,S0017,2,8471.60,63.20,5
O002580,1,P0064,S0028,3,23028.60,63.43,4
O002581,1,P0081,S0039,1,2976.30,63.66,3
O002582,1,P0098,S0010,2,7048.40,63.89,2
O002582,2,P0001,S0017,1,1257.30,64.00,5
O002583,1,P0015,S0021,3,20733.30,64.12,1
O002584,1,P0032,S0032,1,3920.50,64.35,10
O002585,1,P0049,S0003,2,7281.60,64.58,9
O002586,1,P0066,S0014,3,24918.30,64.81,8
O002586,2,P0069,S0021,2,6399.40,64.92,1
O002587,1,P0083,S0025,1,5508.50,65.04,7
O002587,2,P0086,S0032,3,5803.80,65.15,10
O002588,1,P0100,S0036,2,9602.00,65.27,6
O002588,2,P0003,S0003,1,2131.90,65.38,9
O002589,1,P0017,S0007,3,22680.60,65.50,5
O002589,2,P0020,S0014,2,14736.00,65.61,8
O002590,1,P0034,S0018,1,408.60,65.73,4
O002591,1,P0051,S0029,2,12374.00,65.96,3
O002591,2,P0054,S0036,1,2511.40,66.07,6
O002592,1,P0068,S0040,3,3693.00,66.19,2
O002593,1,P0085,S0011,1,8369.10,66.42,1
O002594,1,P0002,S0022,2,2370.60,66.65,10
O002595,1,P0019,S0033,3,6412.50,66.88,9
O002596,1,P0036,S0004,1,4744.80,67.11,8
O002597,1,P0053,S0015,2,10824.80,67.34,7
O002598,1,P0070,S0026,3,10792.50,67.57,6
O002599,1,P0087,S0037,1,5696.90,67.80,5
O002600,1,P0004,S0008,2,11293.20,68.03,4
O002600,2,P0007,S0015,1,1138.20,68.14,7
O002600,3,P0010,S0022,3,17217.90,68.25,10
O002601,1,P0021,S0019,3,2603.40,68.26,3
O002601,2,P0024,S0026,2,8095.60,68.37,6
O002602,1,P0038,S0030,1,4156.30,68.49,2
O002602,2,P0041,S0037,3,22431.30,68.60,5
O002603,1,P0055,S0001,2,3271.20,68.72,1
O002603,2,P0058,S0008,1,6198.50,68.83,4
O002604,1,P0072,S0012,3,15245.40,68.95,10
O002604,2,P0075,S0019,2,727.60,69.06,3
O002605,1,P0089,S0023,1,7827.40,69.18,9
O002606,1,P0006,S0034,2,5229.40,69.41,8
O002607,1,P0023,S0005,3,19842.30,69.64,7
O002608,1,P0040,S0016,1,4006.20,69.87,6
O002609,1,P0057,S0027,2,12801.40,70.10,5
O002610,1,P0074,S0038,3,10467.90,70.33,4
O002611,1,P0091,S0009,1,7620.00,70.56,3
O002612,1,P0008,S0020,2,9440.60,70.79,2
O002613,1,P0025,S0031,3,22334.10,71.02,1
O002613,2,P0028,S0038,2,4603.00,71.13,4
O002614,1,P0042,S0002,1,5665.00,71.25,10
O002615,1,P0059,S0013,2,15457.00,71.48,9
O002615,2,P0062,S0020,1,7717.00,71.59,2
O002616,1,P0076,S0024,3,23562.90,71.71,8
O002616,2,P0079,S0031,2,12894.60,71.82,1
O002617,1,P0093,S0035,1,2610.10,71.94,7
O002617,2,P0096,S0002,3,18017.10,72.05,10
O002618,1,P0010,S0006,2,11478.60,72.17,6
O002618,2,P0013,S0013,1,4703.20,72.28,9
O002619,1,P0027,S0017,3,8975.70,72.40,5
O002620,1,P0044,S0028,1,367.60,72.63,4
O002621,1,P0061,S0039,2,12782.00,72.86,3
O002622,1,P0078,S0010,3,14605.50,73.09,2
O002623,1,P0095,S0021,1,7628.20,73.32,1
O002624,1,P0012,S0032,2,4115.00,73.55,10
O002625,1,P0029,S0003,3,21001.80,73.78,9
O002626,1,P0046,S0014,1,8245.00,74.01,8
O002627,1,P0063,S0025,2,7705.60,74.24,7
O002628,1,P0080,S0036,3,8479.80,74.47,6
O002629,1,P0097,S0007,1,4772.30,74.70,5
O002629,2,P0100,S0014,3,14403.00,74.81,8
O002630,1,P0014,S0018,2,16829.20,74.93,4
O002630,2,P0017,S0025,1,7560.20,75.04,7
O002631,1,P0031,S0029,3,17917.20,75.16,3
O002631,2,P0034,S0036,2,817.20,75.27,6
O002632,1,P0048,S0040,1,7288.40,75.39,2
O002632,2,P0051,S0007,3,18561.00,75.50,5
O002633,1,P0065,S0011,2,13415.80,75.62,1
O002634,1,P0082,S0022,3,12619.50,75.85,10
O002635,1,P0099,S0033,1,2783.70,76.08,9
O002636,1,P0016,S0004,2,14984.80,76.31,8
O002637,1,P0033,S0015,3,2615.40,76.54,7
O002638,1,P0050,S0026,1,5707.60,76.77,6
O002639,1,P0067,S0037,2,15769.20,77.00,5
O002640,1,P0084,S0008,3,6542.40,77.23,4
O002641,1,P0001,S0019,1,1257.30,77.46,3
O002642,1,P0018,S0030,2,12843.40,77.69,2
O002643,1,P0035,S0001,3,2782.50,77.92,1
O002643,2,P0038,S0008,2,8312.60,78.03,4
O002644,1,P0052,S0012,1,5610.80,78.15,10
O002644,2,P0055,S0019,3,4906.80,78.26,3
O002645,1,P0069,S0023,2,6399.40,78.38,9
O002645,2,P0072,S0030,1,5081.80,78.49,2
O002646,1,P0086,S0034,3,5803.80,78.61,8
O002646,2,P0089,S0001,2,15654.80,78.72,1
O002647,1,P0003,S0005,1,2131.90,78.84,7
O002647,2,P0006,S0012,3,7844.10,78.95,10
O002648,1,P0020,S0016,2,14736.00,79.07,6
O002649,1,P0037,S0027,3,5705.40,79.30,5
O002650,1,P0054,S0038,1,2511.40,79.53,4
O002651,1,P0071,S0009,2,9003.40,79.76,3
O002652,1,P0088,S0020,3,20710.50,79.99,2
O002653,1,P0005,S0031,1,6946.90,80.22,1
O002654,1,P0022,S0002,2,14730.80,80.45,10
O002655,1,P0039,S0013,3,9345.90,80.68,9
O002656,1,P0056,S0024,1,2789.90,80.91,8
O002657,1,P0073,S0035,2,6334.60,81.14,7
O002658,1,P0090,S0006,3,17372.40,81.37,6
O002658,2,P0093,S0013,2,5220.20,81.48,9
O002659,1,P0007,S0017,1,1138.20,81.60,5
O002659,2,P0010,S0024,3,17217.90,81.71,8
O002660,1,P0024,S0028,2,8095.60,81.83,4
O002660,2,P0027,S0035,1,2991.90,81.94,7
O002661,1,P0041,S0039,3,22431.30,82.06,3
O002661,2,P0044,S0006,2,735.20,82.17,6
O002662,1,P0058,S0010,1,6198.50,82.29,2
O002663,1,P0075,S0021,2,727.60,82.52,1
O002664,1,P0092,S0032,3,22113.60,82.75,10
O002665,1,P0009,S0003,1,5390.90,82.98,9
O002666,1,P0026,S0014,2,6794.80,83.21,8
O002667,1,P0043,S0025,3,12924.00,83.44,7
O002668,1,P0060,S0036,1,709.30,83.67,6
O002669,1,P0077,S0007,2,5741.40,83.90,5
O002670,1,P0094,S0018,3,11805.00,84.13,4
O002671,1,P0011,S0029,1,3448.00,84.36,3
O002672,1,P0028,S0040,2,4603.00,84.59,2
O002672,2,P0031,S0007,1,5972.40,84.70,5
O002673,1,P0045,S0011,3,18081.60,84.82,1
O002673,2,P0048,S0018,2,14576.80,84.93,4
O002673,3,P0051,S0025,1,6187.00,85.04,7
O002674,1,P0062,S0022,1,7717.00,85.05,10
O002674,2,P0065,S0029,3,20123.70,85.16,3
O002675,1,P0079,S0033,2,12894.60,85.28,9
O002675,2,P0082,S0040,1,4206.50,85.39,2
O002676,1,P0096,S0004,3,18017.10,85.51,8
O002677,1,P0013,S0015,1,4703.20,85.74,7
O002678,1,P0030,S0026,2,3391.60,85.97,6
O002679,1,P0047,S0037,3,12707.40,86.20,5
O002680,1,P0064,S0008,1,7676.20,86.43,4
O002680,2,P0067,S0015,3,23653.80,86.54,7
O002681,1,P0081,S0019,2,5952.60,86.66,3
O002682,1,P0098,S0030,3,10572.60,86.89,2
O002682,2,P0001,S0037,2,2514.60,87.00,5
O002683,1,P0015,S0001,1,6911.10,87.12,1
O002684,1,P0032,S0012,2,7841.00,87.35,10
O002685,1,P0049,S0023,3,10922.40,87.58,9
O002686,1,P0066,S0034,1,8306.10,87.81,8
O002686,2,P0069,S0001,3,9599.10,87.92,1
O002687,1,P0083,S0005,2,11017.00,88.04,7
O002687,2,P0086,S0012,1,1934.60,88.15,10
O002688,1,P0100,S0016,3,14403.00,88.27,6
O002688,2,P0003,S0023,2,4263.80,88.38,9
O002689,1,P0017,S0027,1,7560.20,88.50,5
O002689,2,P0020,S0034,3,22104.00,88.61,8
O002690,1,P0034,S0038,2,817.20,88.73,4
O002691,1,P0051,S0009,3,18561.00,88.96,3
O002691,2,P0054,S0016,2,5022.80,89.07,6
O002692,1,P0068,S0020,1,1231.00,89.19,2
O002693,1,P0085,S0031,2,16738.20,89.42,1
O002694,1,P0002,S0002,3,3555.90,89.65,10
O002695,1,P0019,S0013,1,2137.50,89.88,9
O002696,1,P0036,S0024,2,9489.60,90.11,8
O002697,1,P0053,S0035,3,16237.20,90.34,7
O002698,1,P0070,S0006,1,3597.50,90.57,6
O002699,1,P0087,S0017,2,11393.80,90.80,5
O002700,1,P0004,S0028,3,16939.80,91.03,4
O002700,2,P0007,S0035,2,2276.40,91.14,7
O002700,3,P0010,S0002,1,5739.30,91.25,10
O002701,1,P0021,S0039,1,867.80,91.26,3
O002701,2,P0024,S0006,3,12143.40,91.37,6
O002702,1,P0038,S0010,2,8312.60,91.49,2
O002702,2,P0041,S0017,1,7477.10,91.60,5
O002703,1,P0055,S0021,3,4906.80,91.72,1
O002703,2,P0058,S0028,2,12397.00,91.83,4
O002704,1,P0072,S0032,1,5081.80,91.95,10
O002704,2,P0075,S0039,3,1091.40,92.06,3
O002705,1,P0089,S0003,2,15654.80,92.18,9
O002706,1,P0006,S0014,3,7844.10,92.41,8
O002707,1,P0023,S0025,1,6614.10,92.64,7
O002708,1,P0040,S0036,2,8012.40,92.87,6
O002709,1,P0057,S0007,3,19202.10,93.10,5
O002710,1,P0074,S0018,1,3489.30,93.33,4
O002711,1,P0091,S0029,2,15240.00,93.56,3
O002712,1,P0008,S0040,3,14160.90,93.79,2
O002713,1,P0025,S0011,1,7444.70,94.02,1
O002714,1,P0042,S0022,2,11330.00,94.25,10
O002715,1,P0059,S0033,3,23185.50,94.48,9
O002715,2,P0062,S0040,2,15434.00,94.59,2
O002716,1,P0076,S0004,1,7854.30,94.71,8
O002716,2,P0079,S0011,3,19341.90,94.82,1
O002717,1,P0093,S0015,2,5220.20,94.94,7
O002717,2,P0096,S0022,1,6005.70,95.05,10
O002718,1,P0010,S0026,3,17217.90,95.17,6
O002718,2,P0013,S0033,2,9406.40,95.28,9
O002719,1,P0027,S0037,1,2991.90,95.40,5
O002720,1,P0044,S0008,2,735.20,95.63,4
O002721,1,P0061,S0019,3,19173.00,95.86,3
O002722,1,P0078,S0030,1,4868.50,96.09,2
O002723,1,P0095,S0001,2,15256.40,96.32,1
O002724,1,P0012,S0012,3,6172.50,96.55,10
O002725,1,P0029,S0023,1,7000.60,96.78,9
O002726,1,P0046,S0034,2,16490.00,97.01,8
O002727,1,P0063,S0005,3,11558.40,97.24,7
O002728,1,P0080,S0016,1,2826.60,97.47,6
O002729,1,P0097,S0027,2,9544.60,97.70,5
O002729,2,P0100,S0034,1,4801.00,97.81,8
O002730,1,P0014,S0038,3,25243.80,97.93,4
O002730,2,P0017,S0005,2,15120.40,98.04,7
O002731,1,P0031,S0009,1,5972.40,98.16,3
O002731,2,P0034,S0016,3,1225.80,98.27,6
O002732,1,P0048,S0020,2,14576.80,98.39,2
O002732,2,P0051,S0027,1,6187.00,98.50,5
O002733,1,P0065,S0031,3,20123.70,98.62,1
O002734,1,P0082,S0002,1,4206.50,98.85,10
O002735,1,P0099,S0013,2,5567.40,99.08,9
O002736,1,P0016,S0024,3,22477.20,99.31,8
O002737,1,P0033,S0035,1,871.80,99.54,7
O002738,1,P0050,S0006,2,11415.20,99.77,6
O002739,1,P0067,S0017,3,23653.80,100.00,5
O002740,1,P0084,S0028,1,2180.80,30.22,4
O002741,1,P0001,S0039,2,2514.60,30.45,3
O002742,1,P0018,S0010,3,19265.10,30.68,2
O002743,1,P0035,S0021,1,927.50,30.91,1
O002743,2,P0038,S0028,3,12468.90,31.02,4
O002744,1,P0052,S0032,2,11221.60,31.14,10
O002744,2,P0055,S0039,1,1635.60,31.25,3
O002745,1,P0069,S0003,3,9599.10,31.37,9
O002745,2,P0072,S0010,2,10163.60,31.48,2
O002746,1,P0086,S0014,1,1934.60,31.60,8
O002746,2,P0089,S0021,3,23482.20,31.71,1
O002747,1,P0003,S0025,2,4263.80,31.83,7
O002747,2,P0006,S0032,1,2614.70,31.94,10
O002747,3,P0009,S0039,3,16172.70,32.05,3
O002748,1,P0020,S0036,3,22104.00,32.06,6
O002749,1,P0037,S0007,1,1901.80,32.29,5
O002750,1,P0054,S0018,2,5022.80,32.52,4
O002751,1,P0071,S0029,3,13505.10,32.75,3
O002752,1,P0088,S0040,1,6903.50,32.98,2
O002753,1,P0005,S0011,2,13893.80,33.21,1
O002754,1,P0022,S0022,3,22096.20,33.44,10
O002755,1,P0039,S0033,1,3115.30,33.67,9
O002756,1,P0056,S0004,2,5579.80,33.90,8
O002757,1,P0073,S0015,3,9501.90,34.13,7
O002758,1,P0090,S0026,1,5790.80,34.36,6
O002758,2,P0093,S0033,3,7830.30,34.47,9
O002759,1,P0007,S0037,2,2276.40,34.59,5
O002759,2,P0010,S0004,1,5739.30,34.70,8
O002760,1,P0024,S0008,3,12143.40,34.82,4
O002760,2,P0027,S0015,2,5983.80,34.93,7
O002761,1,P0041,S0019,1,7477.10,35.05,3
O002761,2,P0044,S0026,3,1102.80,35.16,6
O002762,1,P0058,S0030,2,12397.00,35.28,2
O002763,1,P0075,S0001,3,1091.40,35.51,1
O002764,1,P0092,S0012,1,7371.20,35.74,10
O002765,1,P0009,S0023,2,10781.80,35.97,9
O002766,1,P0026,S0034,3,10192.20,36.20,8
O002767,1,P0043,S0005,1,4308.00,36.43,7
O002768,1,P0060,S0016,2,1418.60,36.66,6
O002769,1,P0077,S0027,3,8612.10,36.89,5
O002770,1,P0094,S0038,1,3935.00,37.12,4
O002771,1,P0011,S0009,2,6896.00,37.35,3
O002772,1,P0028,S0020,3,6904.50,37.58,2
O002772,2,P0031,S0027,2,11944.80,37.69,5
O002773,1,P0045,S0031,1,6027.20,37.81,1
O002773,2,P0048,S0038,3,21865.20,37.92,4
O002773,3,P0051,S0005,2,12374.00,38.03,7
O002774,1,P0062,S0002,2,15434.00,38.04,10
O002774,2,P0065,S0009,1,6707.90,38.15,3
O002775,1,P0079,S0013,3,19341.90,38.27,9
O002775,2,P0082,S0020,2,8413.00,38.38,2
O002776,1,P0096,S0024,1,6005.70,38.50,8
O002777,1,P0013,S0035,2,9406.40,38.73,7
O002778,1,P0030,S0006,3,5087.40,38.96,6
O002779,1,P0047,S0017,1,4235.80,39.19,5
O002780,1,P0064,S0028,2,15352.40,39.42,4
O002781,1,P0081,S0039,3,8928.90,39.65,3
O002782,1,P0098,S0010,1,3524.20,39.88,2
O002782,2,P0001,S0017,3,3771.90,39.99,5
O002783,1,P0015,S0021,2,13822.20,40.11,1
O002784,1,P0032,S0032,3,11761.50,40.34,10
O002785,1,P0049,S0003,1,3640.80,40.57,9
O002786,1,P0066,S0014,2,16612.20,40.80,8
O002786,2,P0069,S0021,1,3199.70,40.91,1
O002787,1,P0083,S0025,3,16525.50,41.03,7
O002787,2,P0086,S0032,2,3869.20,41.14,10
O002788,1,P0100,S0036,1,4801.00,41.26,6
O002788,2,P0003,S0003,3,6395.70,41.37,9
O002789,1,P0017,S0007,2,15120.40,41.49,5
O002789,2,P0020,S0014,1,7368.00,41.60,8
O002790,1,P0034,S0018,3,1225.80,41.72,4
O002791,1,P0051,S0029,1,6187.00,41.95,3
O002791,2,P0054,S0036,3,7534.20,42.06,6
O002792,1,P0068,S0040,2,2462.00,42.18,2
O002793,1,P0085,S0011,3,25107.30,42.41,1
O002794,1,P0002,S0022,1,1185.30,42.64,10
O002795,1,P0019,S0033,2,4275.00,42.87,9
O002796,1,P0036,S0004,3,14234.40,43.10,8
O002797,1,P0053,S0015,1,5412.40,43.33,7
O002798,1,P0070,S0026,2,7195.00,43.56,6
O002799,1,P0087,S0037,3,17090.70,43.79,5
O002800,1,P0004,S0008,1,5646.60,44.02,4
O002800,2,P0007,S0015,3,3414.60,44.13,7
O002800,3,P0010,S0022,2,11478.60,44.24,10
O002801,1,P0021,S0019,2,1735.60,44.25,3
O002801,2,P0024,S0026,1,4047.80,44.36,6
O002802,1,P0038,S0030,3,12468.90,44.48,2
O002802,2,P0041,S0037,2,14954.20,44.59,5
O002803,1,P0055,S0001,1,1635.60,44.71,1
O002803,2,P0058,S0008,3,18595.50,44.82,4
O002804,1,P0072,S0012,2,10163.60,44.94,10
O002804,2,P0075,S0019,1,363.80,45.05,3
O002805,1,P0089,S0023,3,23482.20,45.17,9
O002806,1,P0006,S0034,1,2614.70,45.40,8
O002807,1,P0023,S0005,2,13228.20,45.63,7
O002808,1,P0040,S0016,3,12018.60,45.86,6
O002809,1,P0057,S0027,1,6400.70,46.09,5
O002810,1,P0074,S0038,2,6978.60,46.32,4
O002811,1,P0091,S0009,3,22860.00,46.55,3
O002812,1,P0008,S0020,1,4720.30,46.78,2
O002813,1,P0025,S0031,2,14889.40,47.01,1
O002814,1,P0042,S0002,3,16995.00,47.24,10
O002814,2,P0045,S0009,2,12054.40,47.35,3
O002815,1,P0059,S0013,1,7728.50,47.47,9
O002815,2,P0062,S0020,3,23151.00,47.58,2
O002816,1,P0076,S0024,2,15708.60,47.70,8
O002816,2,P0079,S0031,1,6447.30,47.81,1
O002817,1,P0093,S0035,3,7830.30,47.93,7
O002817,2,P0096,S0002,2,12011.40,48.04,10
O002818,1,P0010,S0006,1,5739.30,48.16,6
O002818,2,P0013,S0013,3,14109.60,48.27,9
O002819,1,P0027,S0017,2,5983.80,48.39,5
O002820,1,P0044,S0028,3,1102.80,48.62,4
O002821,1,P0061,S0039,1,6391.00,48.85,3
O002822,1,P0078,S0010,2,9737.00,49.08,2
O002823,1,P0095,S0021,3,22884.60,49.31,1
O002824,1,P0012,S0032,1,2057.50,49.54,10
O002825,1,P0029,S0003,2,14001.20,49.77,9
O002826,1,P0046,S0014,3,24735.00,50.00,8
O002827,1,P0063,S0025,1,3852.80,50.23,7
O002828,1,P0080,S0036,2,5653.20,50.46,6
O002829,1,P0097,S0007,3,14316.90,50.69,5
O002829,2,P0100,S0014,2,9602.00,50.80,8
O002830,1,P0014,S0018,1,8414.60,50.92,4
O002830,2,P0017,S0025,3,22680.60,51.03,7
O002831,1,P0031,S0029,2,11944.80,51.15,3
O002831,2,P0034,S0036,1,408.60,51.26,6
O002832,1,P0048,S0040,3,21865.20,51.38,2
O002832,2,P0051,S0007,2,12374.00,51.49,5
O002833,1,P0065,S0011,1,6707.90,51.61,1
O002834,1,P0082,S0022,2,8413.00,51.84,10
O002835,1,P0099,S0033,3,8351.10,52.07,9
O002836,1,P0016,S0004,1,7492.40,52.30,8
O002837,1,P0033,S0015,2,1743.60,52.53,7
O002838,1,P0050,S0026,3,17122.80,52.76,6
O002839,1,P0067,S0037,1,7884.60,52.99,5
O002840,1,P0084,S0008,2,4361.60,53.22,4
O002841,1,P0001,S0019,3,3771.90,53.45,3
O002842,1,P0018,S0030,1,6421.70,53.68,2
O002843,1,P0035,S0001,2,1855.00,53.91,1
O002843,2,P0038,S0008,1,4156.30,54.02,4
O002844,1,P0052,S0012,3,16832.40,54.14,10
O002844,2,P0055,S0019,2,3271.20,54.25,3
O002845,1,P0069,S0023,1,3199.70,54.37,9
O002845,2,P0072,S0030,3,15245.40,54.48,2
O002846,1,P0086,S0034,2,3869.20,54.60,8
O002846,2,P0089,S0001,1,7827.40,54.71,1
O002847,1,P0003,S0005,3,6395.70,54.83,7
O002847,2,P0006,S0012,2,5229.40,54.94,10
O002848,1,P0020,S0016,1,7368.00,55.06,6
O002849,1,P0037,S0027,2,3803.60,55.29,5
O002850,1,P0054,S0038,3,7534.20,55.52,4
O002851,1,P0071,S0009,1,4501.70,55.75,3
O002852,1,P0088,S0020,2,13807.00,55.98,2
O002853,1,P0005,S0031,3,20840.70,56.21,1
O002854,1,P0022,S0002,1,7365.40,56.44,10
O002855,1,P0039,S0013,2,6230.60,56.67,9
O002856,1,P0056,S0024,3,8369.70,56.90,8
O002857,1,P0073,S0035,1,3167.30,57.13,7
O002858,1,P0090,S0006,2,11581.60,57.36,6
O002858,2,P0093,S0013,1,2610.10,57.47,9
O002859,1,P0007,S0017,3,3414.60,57.59,5
O002859,2,P0010,S0024,2,11478.60,57.70,8
O002860,1,P0024,S0028,1,4047.80,57.82,4
O002860,2,P0027,S0035,3,8975.70,57.93,7
O002861,1,P0041,S0039,2,14954.20,58.05,3
O002861,2,P0044,S0006,1,367.60,58.16,6
O002862,1,P0058,S0010,3,18595.50,58.28,2
O002863,1,P0075,S0021,1,363.80,58.51,1
O002864,1,P0092,S0032,2,14742.40,58.74,10
O002865,1,P0009,S0003,3,16172.70,58.97,9
O002866,1,P0026,S0014,1,3397.40,59.20,8
O002867,1,P0043,S0025,2,8616.00,59.43,7
O002868,1,P0060,S0036,3,2127.90,59.66,6
O002869,1,P0077,S0007,1,2870.70,59.89,5
O002870,1,P0094,S0018,2,7870.00,60.12,4
O002871,1,P0011,S0029,3,10344.00,60.35,3
O002872,1,P0028,S0040,1,2301.50,60.58,2
O002872,2,P0031,S0007,3,17917.20,60.69,5
O002873,1,P0045,S0011,2,12054.40,60.81,1
O002873,2,P0048,S0018,1,7288.40,60.92,4
O002873,3,P0051,S0025,3,18561.00,61.03,7
O002874,1,P0062,S0022,3,23151.00,61.04,10
O002874,2,P0065,S0029,2,13415.80,61.15,3
O002875,1,P0079,S0033,1,6447.30,61.27,9
O002875,2,P0082,S0040,3,12619.50,61.38,2
O002876,1,P0096,S0004,2,12011.40,61.50,8
O002877,1,P0013,S0015,3,14109.60,61.73,7
O002878,1,P0030,S0026,1,1695.80,61.96,6
O002879,1,P0047,S0037,2,8471.60,62.19,5
O002880,1,P0064,S0008,3,23028.60,62.42,4
O002881,1,P0081,S0019,1,2976.30,62.65,3
O002881,2,P0084,S0026,3,6542.40,62.76,6
O002882,1,P0098,S0030,2,7048.40,62.88,2
O002882,2,P0001,S0037,1,1257.30,62.99,5
O002883,1,P0015,S0001,3,20733.30,63.11,1
O002884,1,P0032,S0012,1,3920.50,63.34,10
O002885,1,P0049,S0023,2,7281.60,63.57,9
O002886,1,P0066,S0034,3,24918.30,63.80,8
O002886,2,P0069,S0001,2,6399.40,63.91,1
O002887,1,P0083,S0005,1,5508.50,64.03,7
O002887,2,P0086,S0012,3,5803.80,64.14,10
O002888,1,P0100,S0016,2,9602.00,64.26,6
O002888,2,P0003,S0023,1,2131.90,64.37,9
O002889,1,P0017,S0027,3,22680.60,64.49,5
O002889,2,P0020,S0034,2,14736.00,64.60,8
O002890,1,P0034,S0038,1,408.60,64.72,4
O002891,1,P0051,S0009,2,12374.00,64.95,3
O002891,2,P0054,S0016,1,2511.40,65.06,6
O002892,1,P0068,S0020,3,3693.00,65.18,2
O002893,1,P0085,S0031,1,8369.10,65.41,1
O002894,1,P0002,S0002,2,2370.60,65.64,10
O002895,1,P0019,S0013,3,6412.50,65.87,9
O002896,1,P0036,S0024,1,4744.80,66.10,8
O002897,1,P0053,S0035,2,10824.80,66.33,7
O002898,1,P0070,S0006,3,10792.50,66.56,6
O002899,1,P0087,S0017,1,5696.90,66.79,5
O002900,1,P0004,S0028,2,11293.20,67.02,4
O002900,2,P0007,S0035,1,1138.20,67.13,7
O002900,3,P0010,S0002,3,17217.90,67.24,10
O002901,1,P0021,S0039,3,2603.40,67.25,3
O002901,2,P0024,S0006,2,8095.60,67.36,6
O002902,1,P0038,S0010,1,4156.30,67.48,2
O002902,2,P0041,S0017,3,22431.30,67.59,5
O002903,1,P0055,S0021,2,3271.20,67.71,1
O002903,2,P0058,S0028,1,6198.50,67.82,4
O002904,1,P0072,S0032,3,15245.40,67.94,10
O002904,2,P0075,S0039,2,727.60,68.05,3
O002905,1,P0089,S0003,1,7827.40,68.17,9
O002906,1,P0006,S0014,2,5229.40,68.40,8
O002907,1,P0023,S0025,3,19842.30,68.63,7
O002908,1,P0040,S0036,1,4006.20,68.86,6
O002909,1,P0057,S0007,2,12801.40,69.09,5
O002910,1,P0074,S0018,3,10467.90,69.32,4
O002911,1,P0091,S0029,1,7620.00,69.55,3
O002912,1,P0008,S0040,2,9440.60,69.78,2
O002913,1,P0025,S0011,3,22334.10,70.01,1
O002914,1,P0042,S0022,1,5665.00,70.24,10
O002915,1,P0059,S0033,2,15457.00,70.47,9
O002915,2,P0062,S0040,1,7717.00,70.58,2
O002916,1,P0076,S0004,3,23562.90,70.70,8
O002916,2,P0079,S0011,2,12894.60,70.81,1
O002917,1,P0093,S0015,1,2610.10,70.93,7
O002917,2,P0096,S0022,3,18017.10,71.04,10
O002918,1,P0010,S0026,2,11478.60,71.16,6
O002918,2,P0013,S0033,1,4703.20,71.27,9
O002919,1,P0027,S0037,3,8975.70,71.39,5
O002920,1,P0044,S0008,1,367.60,71.62,4
O002921,1,P0061,S0019,2,12782.00,71.85,3
O002922,1,P0078,S0030,3,14605.50,72.08,2
O002923,1,P0095,S0001,1,7628.20,72.31,1
O002924,1,P0012,S0012,2,4115.00,72.54,10
O002925,1,P0029,S0023,3,21001.80,72.77,9
O002926,1,P0046,S0034,1,8245.00,73.00,8
O002927,1,P0063,S0005,2,7705.60,73.23,7
O002928,1,P0080,S0016,3,8479.80,73.46,6
O002929,1,P0097,S0027,1,4772.30,73.69,5
O002929,2,P0100,S0034,3,14403.00,73.80,8
O002930,1,P0014,S0038,2,16829.20,73.92,4
O002930,2,P0017,S0005,1,7560.20,74.03,7
O002931,1,P0031,S0009,3,17917.20,74.15,3
O002931,2,P0034,S0016,2,817.20,74.26,6
O002932,1,P0048,S0020,1,7288.40,74.38,2
O002932,2,P0051,S0027,3,18561.00,74.49,5
O002933,1,P0065,S0031,2,13415.80,74.61,1
O002934,1,P0082,S0002,3,12619.50,74.84,10
O002935,1,P0099,S0013,1,2783.70,75.07,9
O002936,1,P0016,S0024,2,14984.80,75.30,8
O002937,1,P0033,S0035,3,2615.40,75.53,7
O002938,1,P0050,S0006,1,5707.60,75.76,6
O002939,1,P0067,S0017,2,15769.20,75.99,5
O002940,1,P0084,S0028,3,6542.40,76.22,4
O002941,1,P0001,S0039,1,1257.30,76.45,3
O002942,1,P0018,S0010,2,12843.40,76.68,2
O002943,1,P0035,S0021,3,2782.50,76.91,1
O002943,2,P0038,S0028,2,8312.60,77.02,4
O002944,1,P0052,S0032,1,5610.80,77.14,10
O002944,2,P0055,S0039,3,4906.80,77.25,3
O002945,1,P0069,S0003,2,6399.40,77.37,9
O002945,2,P0072,S0010,1,5081.80,77.48,2
O002946,1,P0086,S0014,3,5803.80,77.60,8
O002946,2,P0089,S0021,2,15654.80,77.71,1
O002947,1,P0003,S0025,1,2131.90,77.83,7
O002947,2,P0006,S0032,3,7844.10,77.94,10
O002948,1,P0020,S0036,2,14736.00,78.06,6
O002948,2,P0023,S0003,1,6614.10,78.17,9
O002949,1,P0037,S0007,3,5705.40,78.29,5
O002950,1,P0054,S0018,1,2511.40,78.52,4
O002951,1,P0071,S0029,2,9003.40,78.75,3
O002952,1,P0088,S0040,3,20710.50,78.98,2
O002953,1,P0005,S0011,1,6946.90,79.21,1
O002954,1,P0022,S0022,2,14730.80,79.44,10
O002955,1,P0039,S0033,3,9345.90,79.67,9
O002956,1,P0056,S0004,1,2789.90,79.90,8
O002957,1,P0073,S0015,2,6334.60,80.13,7
O002958,1,P0090,S0026,3,17372.40,80.36,6
O002958,2,P0093,S0033,2,5220.20,80.47,9
O002959,1,P0007,S0037,1,1138.20,80.59,5
O002959,2,P0010,S0004,3,17217.90,80.70,8
O002960,1,P0024,S0008,2,8095.60,80.82,4
O002960,2,P0027,S0015,1,2991.90,80.93,7
O002961,1,P0041,S0019,3,22431.30,81.05,3
O002961,2,P0044,S0026,2,735.20,81.16,6
O002962,1,P0058,S0030,1,6198.50,81.28,2
O002963,1,P0075,S0001,2,727.60,81.51,1
O002964,1,P0092,S0012,3,22113.60,81.74,10
O002965,1,P0009,S0023,1,5390.90,81.97,9
O002966,1,P0026,S0034,2,6794.80,82.20,8
O002967,1,P0043,S0005,3,12924.00,82.43,7
O002968,1,P0060,S0016,1,709.30,82.66,6
O002969,1,P0077,S0027,2,5741.40,82.89,5
O002970,1,P0094,S0038,3,11805.00,83.12,4
O002971,1,P0011,S0009,1,3448.00,83.35,3
O002972,1,P0028,S0020,2,4603.00,83.58,2
O002972,2,P0031,S0027,1,5972.40,83.69,5
O002973,1,P0045,S0031,3,18081.60,83.81,1
O002973,2,P0048,S0038,2,14576.80,83.92,4
O002973,3,P0051,S0005,1,6187.00,84.03,7
O002974,1,P0062,S0002,1,7717.00,84.04,10
O002974,2,P0065,S0009,3,20123.70,84.15,3
O002975,1,P0079,S0013,2,12894.60,84.27,9
O002975,2,P0082,S0020,1,4206.50,84.38,2
O002976,1,P0096,S0024,3,18017.10,84.50,8
O002977,1,P0013,S0035,1,4703.20,84.73,7
O002978,1,P0030,S0006,2,3391.60,84.96,6
O002979,1,P0047,S0017,3,12707.40,85.19,5
O002980,1,P0064,S0028,1,7676.20,85.42,4
O002981,1,P0081,S0039,2,5952.60,85.65,3
O002982,1,P0098,S0010,3,10572.60,85.88,2
O002982,2,P0001,S0017,2,2514.60,85.99,5
O002983,1,P0015,S0021,1,6911.10,86.11,1
O002984,1,P0032,S0032,2,7841.00,86.34,10
O002985,1,P0049,S0003,3,10922.40,86.57,9
O002986,1,P0066,S0014,1,8306.10,86.80,8
O002986,2,P0069,S0021,3,9599.10,86.91,1
O002987,1,P0083,S0025,2,11017.00,87.03,7
O002987,2,P0086,S0032,1,1934.60,87.14,10
O002988,1,P0100,S0036,3,14403.00,87.26,6
O002988,2,P0003,S0003,2,4263.80,87.37,9
O002989,1,P0017,S0007,1,7560.20,87.49,5
O002989,2,P0020,S0014,3,22104.00,87.60,8
O002990,1,P0034,S0018,2,817.20,87.72,4
O002991,1,P0051,S0029,3,18561.00,87.95,3
O002991,2,P0054,S0036,2,5022.80,88.06,6
O002992,1,P0068,S0040,1,1231.00,88.18,2
O002993,1,P0085,S0011,2,16738.20,88.41,1
O002994,1,P0002,S0022,3,3555.90,88.64,10
O002995,1,P0019,S0033,1,2137.50,88.87,9
O002996,1,P0036,S0004,2,9489.60,89.10,8
O002997,1,P0053,S0015,3,16237.20,89.33,7
O002998,1,P0070,S0026,1,3597.50,89.56,6
O002999,1,P0087,S0037,2,11393.80,89.79,5
O003000,1,P0004,S0008,3,16939.80,90.02,4
O003000,2,P0007,S0015,2,2276.40,90.13,7
O003000,3,P0010,S0022,1,5739.30,90.24,10
O003001,1,P0021,S0019,1,867.80,90.25,3
O003001,2,P0024,S0026,3,12143.40,90.36,6
O003002,1,P0038,S0030,2,8312.60,90.48,2
O003002,2,P0041,S0037,1,7477.10,90.59,5
O003003,1,P0055,S0001,3,4906.80,90.71,1
O003003,2,P0058,S0008,2,12397.00,90.82,4
O003004,1,P0072,S0012,1,5081.80,90.94,10
O003004,2,P0075,S0019,3,1091.40,91.05,3
O003005,1,P0089,S0023,2,15654.80,91.17,9
O003006,1,P0006,S0034,3,7844.10,91.40,8
O003007,1,P0023,S0005,1,6614.10,91.63,7
O003008,1,P0040,S0016,2,8012.40,91.86,6
O003009,1,P0057,S0027,3,19202.10,92.09,5
O003010,1,P0074,S0038,1,3489.30,92.32,4
O003011,1,P0091,S0009,2,15240.00,92.55,3
O003012,1,P0008,S0020,3,14160.90,92.78,2
O003013,1,P0025,S0031,1,7444.70,93.01,1
O003014,1,P0042,S0002,2,11330.00,93.24,10
O003015,1,P0059,S0013,3,23185.50,93.47,9
O003015,2,P0062,S0020,2,15434.00,93.58,2
O003015,3,P0065,S0027,1,6707.90,93.69,5
O003016,1,P0076,S0024,1,7854.30,93.70,8
O003016,2,P0079,S0031,3,19341.90,93.81,1
O003017,1,P0093,S0035,2,5220.20,93.93,7
O003017,2,P0096,S0002,1,6005.70,94.04,10
O003018,1,P0010,S0006,3,17217.90,94.16,6
O003018,2,P0013,S0013,2,9406.40,94.27,9
O003019,1,P0027,S0017,1,2991.90,94.39,5
O003020,1,P0044,S0028,2,735.20,94.62,4
O003021,1,P0061,S0039,3,19173.00,94.85,3
O003022,1,P0078,S0010,1,4868.50,95.08,2
O003023,1,P0095,S0021,2,15256.40,95.31,1
O003024,1,P0012,S0032,3,6172.50,95.54,10
O003025,1,P0029,S0003,1,7000.60,95.77,9
O003026,1,P0046,S0014,2,16490.00,96.00,8
O003027,1,P0063,S0025,3,11558.40,96.23,7
O003028,1,P0080,S0036,1,2826.60,96.46,6
O003029,1,P0097,S0007,2,9544.60,96.69,5
O003029,2,P0100,S0014,1,4801.00,96.80,8
O003030,1,P0014,S0018,3,25243.80,96.92,4
O003030,2,P0017,S0025,2,15120.40,97.03,7
O003031,1,P0031,S0029,1,5972.40,97.15,3
O003031,2,P0034,S0036,3,1225.80,97.26,6
O003032,1,P0048,S0040,2,14576.80,97.38,2
O003032,2,P0051,S0007,1,6187.00,97.49,5
O003033,1,P0065,S0011,3,20123.70,97.61,1
O003034,1,P0082,S0022,1,4206.50,97.84,10
O003035,1,P0099,S0033,2,5567.40,98.07,9
O003036,1,P0016,S0004,3,22477.20,98.30,8
O003037,1,P0033,S0015,1,871.80,98.53,7
O003038,1,P0050,S0026,2,11415.20,98.76,6
O003039,1,P0067,S0037,3,23653.80,98.99,5
O003040,1,P0084,S0008,1,2180.80,99.22,4
O003041,1,P0001,S0019,2,2514.60,99.45,3
O003042,1,P0018,S0030,3,19265.10,99.68,2
O003043,1,P0035,S0001,1,927.50,99.91,1
O003043,2,P0038,S0008,3,12468.90,30.01,4
O003044,1,P0052,S0012,2,11221.60,30.13,10
O003044,2,P0055,S0019,1,1635.60,30.24,3
O003045,1,P0069,S0023,3,9599.10,30.36,9
O003045,2,P0072,S0030,2,10163.60,30.47,2
O003046,1,P0086,S0034,1,1934.60,30.59,8
O003046,2,P0089,S0001,3,23482.20,30.70,1
O003047,1,P0003,S0005,2,4263.80,30.82,7
O003047,2,P0006,S0012,1,2614.70,30.93,10
O003048,1,P0020,S0016,3,22104.00,31.05,6
O003049,1,P0037,S0027,1,1901.80,31.28,5
O003050,1,P0054,S0038,2,5022.80,31.51,4
O003051,1,P0071,S0009,3,13505.10,31.74,3
O003052,1,P0088,S0020,1,6903.50,31.97,2
O003053,1,P0005,S0031,2,13893.80,32.20,1
O003054,1,P0022,S0002,3,22096.20,32.43,10
O003055,1,P0039,S0013,1,3115.30,32.66,9
O003056,1,P0056,S0024,2,5579.80,32.89,8
O003057,1,P0073,S0035,3,9501.90,33.12,7
O003058,1,P0090,S0006,1,5790.80,33.35,6
O003058,2,P0093,S0013,3,7830.30,33.46,9
O003059,1,P0007,S0017,2,2276.40,33.58,5
O003059,2,P0010,S0024,1,5739.30,33.69,8
O003060,1,P0024,S0028,3,12143.40,33.81,4
O003060,2,P0027,S0035,2,5983.80,33.92,7
O003061,1,P0041,S0039,1,7477.10,34.04,3
O003061,2,P0044,S0006,3,1102.80,34.15,6
O003062,1,P0058,S0010,2,12397.00,34.27,2
O003063,1,P0075,S0021,3,1091.40,34.50,1
O003064,1,P0092,S0032,1,7371.20,34.73,10
O003065,1,P0009,S0003,2,10781.80,34.96,9
O003066,1,P0026,S0014,3,10192.20,35.19,8
O003067,1,P0043,S0025,1,4308.00,35.42,7
O003068,1,P0060,S0036,2,1418.60,35.65,6
O003069,1,P0077,S0007,3,8612.10,35.88,5
O003070,1,P0094,S0018,1,3935.00,36.11,4
O003071,1,P0011,S0029,2,6896.00,36.34,3
O003072,1,P0028,S0040,3,6904.50,36.57,2
O003072,2,P0031,S0007,2,11944.80,36.68,5
O003073,1,P0045,S0011,1,6027.20,36.80,1
O003073,2,P0048,S0018,3,21865.20,36.91,4
O003073,3,P0051,S0025,2,12374.00,37.02,7
O003074,1,P0062,S0022,2,15434.00,37.03,10
O003074,2,P0065,S0029,1,6707.90,37.14,3
O003075,1,P0079,S0033,3,19341.90,37.26,9
O003075,2,P0082,S0040,2,8413.00,37.37,2
O003076,1,P0096,S0004,1,6005.70,37.49,8
O003077,1,P0013,S0015,2,9406.40,37.72,7
O003078,1,P0030,S0026,3,5087.40,37.95,6
O003079,1,P0047,S0037,1,4235.80,38.18,5
O003080,1,P0064,S0008,2,15352.40,38.41,4
O003081,1,P0081,S0019,3,8928.90,38.64,3
O003082,1,P0098,S0030,1,3524.20,38.87,2
O003082,2,P0001,S0037,3,3771.90,38.98,5
O003082,3,P0004,S0004,2,11293.20,39.09,8
O003083,1,P0015,S0001,2,13822.20,39.10,1
O003084,1,P0032,S0012,3,11761.50,39.33,10
O003085,1,P0049,S0023,1,3640.80,39.56,9
O003086,1,P0066,S0034,2,16612.20,39.79,8
O003086,2,P0069,S0001,1,3199.70,39.90,1
O003087,1,P0083,S0005,3,16525.50,40.02,7
O003087,2,P0086,S0012,2,3869.20,40.13,10
O003088,1,P0100,S0016,1,4801.00,40.25,6
O003088,2,P0003,S0023,3,6395.70,40.36,9
O003089,1,P0017,S0027,2,15120.40,40.48,5
O003089,2,P0020,S0034,1,7368.00,40.59,8
O003090,1,P0034,S0038,3,1225.80,40.71,4
O003091,1,P0051,S0009,1,6187.00,40.94,3
O003091,2,P0054,S0016,3,7534.20,41.05,6
O003092,1,P0068,S0020,2,2462.00,41.17,2
O003093,1,P0085,S0031,3,25107.30,41.40,1
O003094,1,P0002,S0002,1,1185.30,41.63,10
O003095,1,P0019,S0013,2,4275.00,41.86,9
O003096,1,P0036,S0024,3,14234.40,42.09,8
O003097,1,P0053,S0035,1,5412.40,42.32,7
O003098,1,P0070,S0006,2,7195.00,42.55,6
O003099,1,P0087,S0017,3,17090.70,42.78,5
O003100,1,P0004,S0028,1,5646.60,43.01,4
O003100,2,P0007,S0035,3,3414.60,43.12,7
O003100,3,P0010,S0002,2,11478.60,43.23,10
O003101,1,P0021,S0039,2,1735.60,43.24,3
O003101,2,P0024,S0006,1,4047.80,43.35,6
O003102,1,P0038,S0010,3,12468.90,43.47,2
O003102,2,P0041,S0017,2,14954.20,43.58,5
O003103,1,P0055,S0021,1,1635.60,43.70,1
O003103,2,P0058,S0028,3,18595.50,43.81,4
O003104,1,P0072,S0032,2,10163.60,43.93,10
O003104,2,P0075,S0039,1,363.80,44.04,3
O003105,1,P0089,S0003,3,23482.20,44.16,9
O003106,1,P0006,S0014,1,2614.70,44.39,8
O003107,1,P0023,S0025,2,13228.20,44.62,7
O003108,1,P0040,S0036,3,12018.60,44.85,6
O003109,1,P0057,S0007,1,6400.70,45.08,5
O003110,1,P0074,S0018,2,6978.60,45.31,4
O003111,1,P0091,S0029,3,22860.00,45.54,3
O003112,1,P0008,S0040,1,4720.30,45.77,2
O003113,1,P0025,S0011,2,14889.40,46.00,1
O003114,1,P0042,S0022,3,16995.00,46.23,10
O003115,1,P0059,S0033,1,7728.50,46.46,9
O003115,2,P0062,S0040,3,23151.00,46.57,2
O003116,1,P0076,S0004,2,15708.60,46.69,8
O003116,2,P0079,S0011,1,6447.30,46.80,1
O003117,1,P0093,S0015,3,7830.30,46.92,7
O003117,2,P0096,S0022,2,12011.40,47.03,10
O003118,1,P0010,S0026,1,5739.30,47.15,6
O003118,2,P0013,S0033,3,14109.60,47.26,9
O003119,1,P0027,S0037,2,5983.80,47.38,5
O003120,1,P0044,S0008,3,1102.80,47.61,4
O003121,1,P0061,S0019,1,6391.00,47.84,3
O003122,1,P0078,S0030,2,9737.00,48.07,2
O003123,1,P0095,S0001,3,22884.60,48.30,1
O003124,1,P0012,S0012,1,2057.50,48.53,10
O003125,1,P0029,S0023,2,14001.20,48.76,9
O003126,1,P0046,S0034,3,24735.00,48.99,8
O003127,1,P0063,S0005,1,3852.80,49.22,7
O003128,1,P0080,S0016,2,5653.20,49.45,6
O003129,1,P0097,S0027,3,14316.90,49.68,5
O003129,2,P0100,S0034,2,9602.00,49.79,8
O003130,1,P0014,S0038,1,8414.60,49.91,4
O003130,2,P0017,S0005,3,22680.60,50.02,7
O003131,1,P0031,S0009,2,11944.80,50.14,3
O003131,2,P0034,S0016,1,408.60,50.25,6
O003132,1,P0048,S0020,3,21865.20,50.37,2
O003132,2,P0051,S0027,2,12374.00,50.48,5
O003133,1,P0065,S0031,1,6707.90,50.60,1
O003134,1,P0082,S0002,2,8413.00,50.83,10
O003135,1,P0099,S0013,3,8351.10,51.06,9
O003136,1,P0016,S0024,1,7492.40,51.29,8
O003137,1,P0033,S0035,2,1743.60,51.52,7
O003138,1,P0050,S0006,3,17122.80,51.75,6
O003139,1,P0067,S0017,1,7884.60,51.98,5
O003140,1,P0084,S0028,2,4361.60,52.21,4
O003141,1,P0001,S0039,3,3771.90,52.44,3
O003142,1,P0018,S0010,1,6421.70,52.67,2
O003143,1,P0035,S0021,2,1855.00,52.90,1
O003143,2,P0038,S0028,1,4156.30,53.01,4
O003144,1,P0052,S0032,3,16832.40,53.13,10
O003144,2,P0055,S0039,2,3271.20,53.24,3
O003145,1,P0069,S0003,1,3199.70,53.36,9
O003145,2,P0072,S0010,3,15245.40,53.47,2
O003146,1,P0086,S0014,2,3869.20,53.59,8
O003146,2,P0089,S0021,1,7827.40,53.70,1
O003147,1,P0003,S0025,3,6395.70,53.82,7
O003147,2,P0006,S0032,2,5229.40,53.93,10
O003148,1,P0020,S0036,1,7368.00,54.05,6
O003149,1,P0037,S0007,2,3803.60,54.28,5
O003149,2,P0040,S0014,1,4006.20,54.39,8
O003150,1,P0054,S0018,3,7534.20,54.51,4
O003151,1,P0071,S0029,1,4501.70,54.74,3
O003152,1,P0088,S0040,2,13807.00,54.97,2
O003153,1,P0005,S0011,3,20840.70,55.20,1
O003154,1,P0022,S0022,1,7365.40,55.43,10
O003155,1,P0039,S0033,2,6230.60,55.66,9
O003156,1,P0056,S0004,3,8369.70,55.89,8
O003157,1,P0073,S0015,1,3167.30,56.12,7
O003158,1,P0090,S0026,2,11581.60,56.35,6
O003158,2,P0093,S0033,1,2610.10,56.46,9
O003159,1,P0007,S0037,3,3414.60,56.58,5
O003159,2,P0010,S0004,2,11478.60,56.69,8
O003160,1,P0024,S0008,1,4047.80,56.81,4
O003160,2,P0027,S0015,3,8975.70,56.92,7
O003161,1,P0041,S0019,2,14954.20,57.04,3
O003161,2,P0044,S0026,1,367.60,57.15,6
O003162,1,P0058,S0030,3,18595.50,57.27,2
O003163,1,P0075,S0001,1,363.80,57.50,1
O003164,1,P0092,S0012,2,14742.40,57.73,10
O003165,1,P0009,S0023,3,16172.70,57.96,9
O003166,1,P0026,S0034,1,3397.40,58.19,8
O003167,1,P0043,S0005,2,8616.00,58.42,7
O003168,1,P0060,S0016,3,2127.90,58.65,6
O003169,1,P0077,S0027,1,2870.70,58.88,5
O003170,1,P0094,S0038,2,7870.00,59.11,4
O003171,1,P0011,S0009,3,10344.00,59.34,3
O003172,1,P0028,S0020,1,2301.50,59.57,2
O003172,2,P0031,S0027,3,17917.20,59.68,5
O003173,1,P0045,S0031,2,12054.40,59.80,1
O003173,2,P0048,S0038,1,7288.40,59.91,4
O003173,3,P0051,S0005,3,18561.00,60.02,7
O003174,1,P0062,S0002,3,23151.00,60.03,10
O003174,2,P0065,S0009,2,13415.80,60.14,3
O003175,1,P0079,S0013,1,6447.30,60.26,9
O003175,2,P0082,S0020,3,12619.50,60.37,2
O003176,1,P0096,S0024,2,12011.40,60.49,8
O003177,1,P0013,S0035,3,14109.60,60.72,7
O003178,1,P0030,S0006,1,1695.80,60.95,6
O003179,1,P0047,S0017,2,8471.60,61.18,5
O003180,1,P0064,S0028,3,23028.60,61.41,4
O003181,1,P0081,S0039,1,2976.30,61.64,3
O003182,1,P0098,S0010,2,7048.40,61.87,2
O003182,2,P0001,S0017,1,1257.30,61.98,5
O003183,1,P0015,S0021,3,20733.30,62.10,1
O003184,1,P0032,S0032,1,3920.50,62.33,10
O003185,1,P0049,S0003,2,7281.60,62.56,9
O003186,1,P0066,S0014,3,24918.30,62.79,8
O003186,2,P0069,S0021,2,6399.40,62.90,1
O003187,1,P0083,S0025,1,5508.50,63.02,7
O003187,2,P0086,S0032,3,5803.80,63.13,10
O003188,1,P0100,S0036,2,9602.00,63.25,6
O003188,2,P0003,S0003,1,2131.90,63.36,9
O003189,1,P0017,S0007,3,22680.60,63.48,5
O003189,2,P0020,S0014,2,14736.00,63.59,8
O003190,1,P0034,S0018,1,408.60,63.71,4
O003191,1,P0051,S0029,2,12374.00,63.94,3
O003191,2,P0054,S0036,1,2511.40,64.05,6
O003192,1,P0068,S0040,3,3693.00,64.17,2
O003193,1,P0085,S0011,1,8369.10,64.40,1
O003194,1,P0002,S0022,2,2370.60,64.63,10
O003195,1,P0019,S0033,3,6412.50,64.86,9
O003196,1,P0036,S0004,1,4744.80,65.09,8
O003197,1,P0053,S0015,2,10824.80,65.32,7
O003198,1,P0070,S0026,3,10792.50,65.55,6
O003199,1,P0087,S0037,1,5696.90,65.78,5
O003200,1,P0004,S0008,2,11293.20,66.01,4
O003200,2,P0007,S0015,1,1138.20,66.12,7
O003200,3,P0010,S0022,3,17217.90,66.23,10
O003201,1,P0021,S0019,3,2603.40,66.24,3
O003201,2,P0024,S0026,2,8095.60,66.35,6
O003202,1,P0038,S0030,1,4156.30,66.47,2
O003202,2,P0041,S0037,3,22431.30,66.58,5
O003203,1,P0055,S0001,2,3271.20,66.70,1
O003203,2,P0058,S0008,1,6198.50,66.81,4
O003204,1,P0072,S0012,3,15245.40,66.93,10
O003204,2,P0075,S0019,2,727.60,67.04,3
O003205,1,P0089,S0023,1,7827.40,67.16,9
O003206,1,P0006,S0034,2,5229.40,67.39,8
O003207,1,P0023,S0005,3,19842.30,67.62,7
O003208,1,P0040,S0016,1,4006.20,67.85,6
O003209,1,P0057,S0027,2,12801.40,68.08,5
O003210,1,P0074,S0038,3,10467.90,68.31,4
O003211,1,P0091,S0009,1,7620.00,68.54,3
O003212,1,P0008,S0020,2,9440.60,68.77,2
O003213,1,P0025,S0031,3,22334.10,69.00,1
O003214,1,P0042,S0002,1,5665.00,69.23,10
O003215,1,P0059,S0013,2,15457.00,69.46,9
O003215,2,P0062,S0020,1,7717.00,69.57,2
O003216,1,P0076,S0024,3,23562.90,69.69,8
O003216,2,P0079,S0031,2,12894.60,69.80,1
O003216,3,P0082,S0038,1,4206.50,69.91,4
O003217,1,P0093,S0035,1,2610.10,69.92,7
O003217,2,P0096,S0002,3,18017.10,70.03,10
O003218,1,P0010,S0006,2,11478.60,70.15,6
O003218,2,P0013,S0013,1,4703.20,70.26,9
O003219,1,P0027,S0017,3,8975.70,70.38,5
O003220,1,P0044,S0028,1,367.60,70.61,4
O003221,1,P0061,S0039,2,12782.00,70.84,3
O003222,1,P0078,S0010,3,14605.50,71.07,2
O003223,1,P0095,S0021,1,7628.20,71.30,1
O003224,1,P0012,S0032,2,4115.00,71.53,10
O003225,1,P0029,S0003,3,21001.80,71.76,9
O003226,1,P0046,S0014,1,8245.00,71.99,8
O003227,1,P0063,S0025,2,7705.60,72.22,7
O003228,1,P0080,S0036,3,8479.80,72.45,6
O003229,1,P0097,S0007,1,4772.30,72.68,5
O003229,2,P0100,S0014,3,14403.00,72.79,8
O003230,1,P0014,S0018,2,16829.20,72.91,4
O003230,2,P0017,S0025,1,7560.20,73.02,7
O003231,1,P0031,S0029,3,17917.20,73.14,3
O003231,2,P0034,S0036,2,817.20,73.25,6
O003232,1,P0048,S0040,1,7288.40,73.37,2
O003232,2,P0051,S0007,3,18561.00,73.48,5
O003233,1,P0065,S0011,2,13415.80,73.60,1
O003234,1,P0082,S0022,3,12619.50,73.83,10
O003235,1,P0099,S0033,1,2783.70,74.06,9
O003236,1,P0016,S0004,2,14984.80,74.29,8
O003237,1,P0033,S0015,3,2615.40,74.52,7
O003238,1,P0050,S0026,1,5707.60,74.75,6
O003239,1,P0067,S0037,2,15769.20,74.98,5
O003240,1,P0084,S0008,3,6542.40,75.21,4
O003241,1,P0001,S0019,1,1257.30,75.44,3
O003242,1,P0018,S0030,2,12843.40,75.67,2
O003243,1,P0035,S0001,3,2782.50,75.90,1
O003243,2,P0038,S0008,2,8312.60,76.01,4
O003244,1,P0052,S0012,1,5610.80,76.13,10
O003244,2,P0055,S0019,3,4906.80,76.24,3
O003245,1,P0069,S0023,2,6399.40,76.36,9
O003245,2,P0072,S0030,1,5081.80,76.47,2
O003246,1,P0086,S0034,3,5803.80,76.59,8
O003246,2,P0089,S0001,2,15654.80,76.70,1
O003247,1,P0003,S0005,1,2131.90,76.82,7
O003247,2,P0006,S0012,3,7844.10,76.93,10
O003248,1,P0020,S0016,2,14736.00,77.05,6
O003249,1,P0037,S0027,3,5705.40,77.28,5
O003250,1,P0054,S0038,1,2511.40,77.51,4
O003251,1,P0071,S0009,2,9003.40,77.74,3
O003252,1,P0088,S0020,3,20710.50,77.97,2
O003253,1,P0005,S0031,1,6946.90,78.20,1
O003254,1,P0022,S0002,2,14730.80,78.43,10
O003255,1,P0039,S0013,3,9345.90,78.66,9
O003256,1,P0056,S0024,1,2789.90,78.89,8
O003257,1,P0073,S0035,2,6334.60,79.12,7
O003258,1,P0090,S0006,3,17372.40,79.35,6
O003258,2,P0093,S0013,2,5220.20,79.46,9
O003259,1,P0007,S0017,1,1138.20,79.58,5
O003259,2,P0010,S0024,3,17217.90,79.69,8
O003260,1,P0024,S0028,2,8095.60,79.81,4
O003260,2,P0027,S0035,1,2991.90,79.92,7
O003261,1,P0041,S0039,3,22431.30,80.04,3
O003261,2,P0044,S0006,2,735.20,80.15,6
O003262,1,P0058,S0010,1,6198.50,80.27,2
O003263,1,P0075,S0021,2,727.60,80.50,1
O003264,1,P0092,S0032,3,22113.60,80.73,10
O003265,1,P0009,S0003,1,5390.90,80.96,9
O003266,1,P0026,S0014,2,6794.80,81.19,8
O003267,1,P0043,S0025,3,12924.00,81.42,7
O003268,1,P0060,S0036,1,709.30,81.65,6
O003269,1,P0077,S0007,2,5741.40,81.88,5
O003270,1,P0094,S0018,3,11805.00,82.11,4
O003271,1,P0011,S0029,1,3448.00,82.34,3
O003272,1,P0028,S0040,2,4603.00,82.57,2
O003272,2,P0031,S0007,1,5972.40,82.68,5
O003273,1,P0045,S0011,3,18081.60,82.80,1
O003273,2,P0048,S0018,2,14576.80,82.91,4
O003273,3,P0051,S0025,1,6187.00,83.02,7
O003274,1,P0062,S0022,1,7717.00,83.03,10
O003274,2,P0065,S0029,3,20123.70,83.14,3
O003275,1,P0079,S0033,2,12894.60,83.26,9
O003275,2,P0082,S0040,1,4206.50,83.37,2
O003276,1,P0096,S0004,3,18017.10,83.49,8
O003277,1,P0013,S0015,1,4703.20,83.72,7
O003278,1,P0030,S0026,2,3391.60,83.95,6
O003279,1,P0047,S0037,3,12707.40,84.18,5
O003280,1,P0064,S0008,1,7676.20,84.41,4
O003281,1,P0081,S0019,2,5952.60,84.64,3
O003282,1,P0098,S0030,3,10572.60,84.87,2
O003282,2,P0001,S0037,2,2514.60,84.98,5
O003283,1,P0015,S0001,1,6911.10,85.10,1
O003283,2,P0018,S0008,3,19265.10,85.21,4
O003284,1,P0032,S0012,2,7841.00,85.33,10
O003285,1,P0049,S0023,3,10922.40,85.56,9
O003286,1,P0066,S0034,1,8306.10,85.79,8
O003286,2,P0069,S0001,3,9599.10,85.90,1
O003287,1,P0083,S0005,2,11017.00,86.02,7
O003287,2,P0086,S0012,1,1934.60,86.13,10
O003288,1,P0100,S0016,3,14403.00,86.25,6
O003288,2,P0003,S0023,2,4263.80,86.36,9
O003289,1,P0017,S0027,1,7560.20,86.48,5
O003289,2,P0020,S0034,3,22104.00,86.59,8
O003290,1,P0034,S0038,2,817.20,86.71,4
O003291,1,P0051,S0009,3,18561.00,86.94,3
O003291,2,P0054,S0016,2,5022.80,87.05,6
O003292,1,P0068,S0020,1,1231.00,87.17,2
O003293,1,P0085,S0031,2,16738.20,87.40,1
O003294,1,P0002,S0002,3,3555.90,87.63,10
O003295,1,P0019,S0013,1,2137.50,87.86,9
O003296,1,P0036,S0024,2,9489.60,88.09,8
O003297,1,P0053,S0035,3,16237.20,88.32,7
O003298,1,P0070,S0006,1,3597.50,88.55,6
O003299,1,P0087,S0017,2,11393.80,88.78,5
O003300,1,P0004,S0028,3,16939.80,89.01,4
O003300,2,P0007,S0035,2,2276.40,89.12,7
O003300,3,P0010,S0002,1,5739.30,89.23,10
O003301,1,P0021,S0039,1,867.80,89.24,3
O003301,2,P0024,S0006,3,12143.40,89.35,6
O003302,1,P0038,S0010,2,8312.60,89.47,2
O003302,2,P0041,S0017,1,7477.10,89.58,5
O003303,1,P0055,S0021,3,4906.80,89.70,1
O003303,2,P0058,S0028,2,12397.00,89.81,4
O003304,1,P0072,S0032,1,5081.80,89.93,10
O003304,2,P0075,S0039,3,1091.40,90.04,3
O003305,1,P0089,S0003,2,15654.80,90.16,9
O003306,1,P0006,S0014,3,7844.10,90.39,8
O003307,1,P0023,S0025,1,6614.10,90.62,7
O003308,1,P0040,S0036,2,8012.40,90.85,6
O003309,1,P0057,S0007,3,19202.10,91.08,5
O003310,1,P0074,S0018,1,3489.30,91.31,4
O003311,1,P0091,S0029,2,15240.00,91.54,3
O003312,1,P0008,S0040,3,14160.90,91.77,2
O003313,1,P0025,S0011,1,7444.70,92.00,1
O003314,1,P0042,S0022,2,11330.00,92.23,10
O003315,1,P0059,S0033,3,23185.50,92.46,9
O003315,2,P0062,S0040,2,15434.00,92.57,2
O003316,1,P0076,S0004,1,7854.30,92.69,8
O003316,2,P0079,S0011,3,19341.90,92.80,1
O003317,1,P0093,S0015,2,5220.20,92.92,7
O003317,2,P0096,S0022,1,6005.70,93.03,10
O003318,1,P0010,S0026,3,17217.90,93.15,6
O003318,2,P0013,S0033,2,9406.40,93.26,9
O003319,1,P0027,S0037,1,2991.90,93.38,5
O003320,1,P0044,S0008,2,735.20,93.61,4
O003321,1,P0061,S0019,3,19173.00,93.84,3
O003322,1,P0078,S0030,1,4868.50,94.07,2
O003323,1,P0095,S0001,2,15256.40,94.30,1
O003324,1,P0012,S0012,3,6172.50,94.53,10
O003325,1,P0029,S0023,1,7000.60,94.76,9
O003326,1,P0046,S0034,2,16490.00,94.99,8
O003327,1,P0063,S0005,3,11558.40,95.22,7
O003328,1,P0080,S0016,1,2826.60,95.45,6
O003329,1,P0097,S0027,2,9544.60,95.68,5
O003329,2,P0100,S0034,1,4801.00,95.79,8
O003330,1,P0014,S0038,3,25243.80,95.91,4
O003330,2,P0017,S0005,2,15120.40,96.02,7
O003331,1,P0031,S0009,1,5972.40,96.14,3
O003331,2,P0034,S0016,3,1225.80,96.25,6
O003332,1,P0048,S0020,2,14576.80,96.37,2
O003332,2,P0051,S0027,1,6187.00,96.48,5
O003333,1,P0065,S0031,3,20123.70,96.60,1
O003334,1,P0082,S0002,1,4206.50,96.83,10
O003335,1,P0099,S0013,2,5567.40,97.06,9
O003336,1,P0016,S0024,3,22477.20,97.29,8
O003337,1,P0033,S0035,1,871.80,97.52,7
O003338,1,P0050,S0006,2,11415.20,97.75,6
O003339,1,P0067,S0017,3,23653.80,97.98,5
O003340,1,P0084,S0028,1,2180.80,98.21,4
O003341,1,P0001,S0039,2,2514.60,98.44,3
O003342,1,P0018,S0010,3,19265.10,98.67,2
O003343,1,P0035,S0021,1,927.50,98.90,1
O003343,2,P0038,S0028,3,12468.90,99.01,4
O003344,1,P0052,S0032,2,11221.60,99.13,10
O003344,2,P0055,S0039,1,1635.60,99.24,3
O003345,1,P0069,S0003,3,9599.10,99.36,9
O003345,2,P0072,S0010,2,10163.60,99.47,2
O003346,1,P0086,S0014,1,1934.60,99.59,8
O003346,2,P0089,S0021,3,23482.20,99.70,1
O003347,1,P0003,S0025,2,4263.80,99.82,7
O003347,2,P0006,S0032,1,2614.70,99.93,10
O003348,1,P0020,S0036,3,22104.00,30.04,6
O003349,1,P0037,S0007,1,1901.80,30.27,5
O003350,1,P0054,S0018,2,5022.80,30.50,4
O003350,2,P0057,S0025,1,6400.70,30.61,7
O003351,1,P0071,S0029,3,13505.10,30.73,3
O003352,1,P0088,S0040,1,6903.50,30.96,2
O003353,1,P0005,S0011,2,13893.80,31.19,1
O003354,1,P0022,S0022,3,22096.20,31.42,10
O003355,1,P0039,S0033,1,3115.30,31.65,9
O003356,1,P0056,S0004,2,5579.80,31.88,8
O003357,1,P0073,S0015,3,9501.90,32.11,7
O003358,1,P0090,S0026,1,5790.80,32.34,6
O003358,2,P0093,S0033,3,7830.30,32.45,9
O003359,1,P0007,S0037,2,2276.40,32.57,5
O003359,2,P0010,S0004,1,5739.30,32.68,8
O003360,1,P0024,S0008,3,12143.40,32.80,4
O003360,2,P0027,S0015,2,5983.80,32.91,7
O003361,1,P0041,S0019,1,7477.10,33.03,3
O003361,2,P0044,S0026,3,1102.80,33.14,6
O003362,1,P0058,S0030,2,12397.00,33.26,2
O003363,1,P0075,S0001,3,1091.40,33.49,1
O003364,1,P0092,S0012,1,7371.20,33.72,10
O003365,1,P0009,S0023,2,10781.80,33.95,9
O003366,1,P0026,S0034,3,10192.20,34.18,8
O003367,1,P0043,S0005,1,4308.00,34.41,7
O003368,1,P0060,S0016,2,1418.60,34.64,6
O003369,1,P0077,S0027,3,8612.10,34.87,5
O003370,1,P0094,S0038,1,3935.00,35.10,4
O003371,1,P0011,S0009,2,6896.00,35.33,3
O003372,1,P0028,S0020,3,6904.50,35.56,2
O003372,2,P0031,S0027,2,11944.80,35.67,5
O003373,1,P0045,S0031,1,6027.20,35.79,1
O003373,2,P0048,S0038,3,21865.20,35.90,4
O003373,3,P0051,S0005,2,12374.00,36.01,7
O003374,1,P0062,S0002,2,15434.00,36.02,10
O003374,2,P0065,S0009,1,6707.90,36.13,3
O003375,1,P0079,S0013,3,19341.90,36.25,9
O003375,2,P0082,S0020,2,8413.00,36.36,2
O003376,1,P0096,S0024,1,6005.70,36.48,8
O003377,1,P0013,S0035,2,9406.40,36.71,7
O003378,1,P0030,S0006,3,5087.40,36.94,6
O003379,1,P0047,S0017,1,4235.80,37.17,5
O003380,1,P0064,S0028,2,15352.40,37.40,4
O003381,1,P0081,S0039,3,8928.90,37.63,3
O003382,1,P0098,S0010,1,3524.20,37.86,2
O003382,2,P0001,S0017,3,3771.90,37.97,5
O003383,1,P0015,S0021,2,13822.20,38.09,1
O003384,1,P0032,S0032,3,11761.50,38.32,10
O003385,1,P0049,S0003,1,3640.80,38.55,9
O003386,1,P0066,S0014,2,16612.20,38.78,8
O003386,2,P0069,S0021,1,3199.70,38.89,1
O003387,1,P0083,S0025,3,16525.50,39.01,7
O003387,2,P0086,S0032,2,3869.20,39.12,10
O003388,1,P0100,S0036,1,4801.00,39.24,6
O003388,2,P0003,S0003,3,6395.70,39.35,9
O003389,1,P0017,S0007,2,15120.40,39.47,5
O003389,2,P0020,S0014,1,7368.00,39.58,8
O003390,1,P0034,S0018,3,1225.80,39.70,4
O003391,1,P0051,S0029,1,6187.00,39.93,3
O003391,2,P0054,S0036,3,7534.20,40.04,6
O003392,1,P0068,S0040,2,2462.00,40.16,2
O003393,1,P0085,S0011,3,25107.30,40.39,1
O003394,1,P0002,S0022,1,1185.30,40.62,10
O003395,1,P0019,S0033,2,4275.00,40.85,9
O003396,1,P0036,S0004,3,14234.40,41.08,8
O003397,1,P0053,S0015,1,5412.40,41.31,7
O003398,1,P0070,S0026,2,7195.00,41.54,6
O003399,1,P0087,S0037,3,17090.70,41.77,5
O003400,1,P0004,S0008,1,5646.60,42.00,4
O003400,2,P0007,S0015,3,3414.60,42.11,7
O003400,3,P0010,S0022,2,11478.60,42.22,10
O003401,1,P0021,S0019,2,1735.60,42.23,3
O003401,2,P0024,S0026,1,4047.80,42.34,6
O003402,1,P0038,S0030,3,12468.90,42.46,2
O003402,2,P0041,S0037,2,14954.20,42.57,5
O003403,1,P0055,S0001,1,1635.60,42.69,1
O003403,2,P0058,S0008,3,18595.50,42.80,4
O003404,1,P0072,S0012,2,10163.60,42.92,10
O003404,2,P0075,S0019,1,363.80,43.03,3
O003405,1,P0089,S0023,3,23482.20,43.15,9
O003406,1,P0006,S0034,1,2614.70,43.38,8
O003407,1,P0023,S0005,2,13228.20,43.61,7
O003408,1,P0040,S0016,3,12018.60,43.84,6
O003409,1,P0057,S0027,1,6400.70,44.07,5
O003410,1,P0074,S0038,2,6978.60,44.30,4
O003411,1,P0091,S0009,3,22860.00,44.53,3
O003412,1,P0008,S0020,1,4720.30,44.76,2
O003413,1,P0025,S0031,2,14889.40,44.99,1
O003414,1,P0042,S0002,3,16995.00,45.22,10
O003415,1,P0059,S0013,1,7728.50,45.45,9
O003415,2,P0062,S0020,3,23151.00,45.56,2
O003416,1,P0076,S0024,2,15708.60,45.68,8
O003416,2,P0079,S0031,1,6447.30,45.79,1
O003417,1,P0093,S0035,3,7830.30,45.91,7
O003417,2,P0096,S0002,2,12011.40,46.02,10
O003417,3,P0099,S0009,1,2783.70,46.13,3
O003418,1,P0010,S0006,1,5739.30,46.14,6
O003418,2,P0013,S0013,3,14109.60,46.25,9
O003419,1,P0027,S0017,2,5983.80,46.37,5
O003420,1,P0044,S0028,3,1102.80,46.60,4
O003421,1,P0061,S0039,1,6391.00,46.83,3
O003422,1,P0078,S0010,2,9737.00,47.06,2
O003423,1,P0095,S0021,3,22884.60,47.29,1
O003424,1,P0012,S0032,1,2057.50,47.52,10
O003425,1,P0029,S0003,2,14001.20,47.75,9
O003426,1,P0046,S0014,3,24735.00,47.98,8
O003427,1,P0063,S0025,1,3852.80,48.21,7
O003428,1,P0080,S0036,2,5653.20,48.44,6
O003429,1,P0097,S0007,3,14316.90,48.67,5
O003429,2,P0100,S0014,2,9602.00,48.78,8
O003430,1,P0014,S0018,1,8414.60,48.90,4
O003430,2,P0017,S0025,3,22680.60,49.01,7
O003431,1,P0031,S0029,2,11944.80,49.13,3
O003431,2,P0034,S0036,1,408.60,49.24,6
O003432,1,P0048,S0040,3,21865.20,49.36,2
O003432,2,P0051,S0007,2,12374.00,49.47,5
O003433,1,P0065,S0011,1,6707.90,49.59,1
O003434,1,P0082,S0022,2,8413.00,49.82,10
O003435,1,P0099,S0033,3,8351.10,50.05,9
O003436,1,P0016,S0004,1,7492.40,50.28,8
O003437,1,P0033,S0015,2,1743.60,50.51,7
O003438,1,P0050,S0026,3,17122.80,50.74,6
O003439,1,P0067,S0037,1,7884.60,50.97,5
O003440,1,P0084,S0008,2,4361.60,51.20,4
O003441,1,P0001,S0019,3,3771.90,51.43,3
O003442,1,P0018,S0030,1,6421.70,51.66,2
O003443,1,P0035,S0001,2,1855.00,51.89,1
O003443,2,P0038,S0008,1,4156.30,52.00,4
O003444,1,P0052,S0012,3,16832.40,52.12,10
O003444,2,P0055,S0019,2,3271.20,52.23,3
O003445,1,P0069,S0023,1,3199.70,52.35,9
O003445,2,P0072,S0030,3,15245.40,52.46,2
O003446,1,P0086,S0034,2,3869.20,52.58,8
O003446,2,P0089,S0001,1,7827.40,52.69,1
O003447,1,P0003,S0005,3,6395.70,52.81,7
O003447,2,P0006,S0012,2,5229.40,52.92,10
O003448,1,P0020,S0016,1,7368.00,53.04,6
O003449,1,P0037,S0027,2,3803.60,53.27,5
O003450,1,P0054,S0038,3,7534.20,53.50,4
O003451,1,P0071,S0009,1,4501.70,53.73,3
O003452,1,P0088,S0020,2,13807.00,53.96,2
O003453,1,P0005,S0031,3,20840.70,54.19,1
O003454,1,P0022,S0002,1,7365.40,54.42,10
O003455,1,P0039,S0013,2,6230.60,54.65,9
O003456,1,P0056,S0024,3,8369.70,54.88,8
O003457,1,P0073,S0035,1,3167.30,55.11,7
O003458,1,P0090,S0006,2,11581.60,55.34,6
O003458,2,P0093,S0013,1,2610.10,55.45,9
O003459,1,P0007,S0017,3,3414.60,55.57,5
O003459,2,P0010,S0024,2,11478.60,55.68,8
O003460,1,P0024,S0028,1,4047.80,55.80,4
O003460,2,P0027,S0035,3,8975.70,55.91,7
O003461,1,P0041,S0039,2,14954.20,56.03,3
O003461,2,P0044,S0006,1,367.60,56.14,6
O003462,1,P0058,S0010,3,18595.50,56.26,2
O003463,1,P0075,S0021,1,363.80,56.49,1
O003464,1,P0092,S0032,2,14742.40,56.72,10
O003465,1,P0009,S0003,3,16172.70,56.95,9
O003466,1,P0026,S0014,1,3397.40,57.18,8
O003467,1,P0043,S0025,2,8616.00,57.41,7
O003468,1,P0060,S0036,3,2127.90,57.64,6
O003469,1,P0077,S0007,1,2870.70,57.87,5
O003470,1,P0094,S0018,2,7870.00,58.10,4
O003471,1,P0011,S0029,3,10344.00,58.33,3
O003472,1,P0028,S0040,1,2301.50,58.56,2
O003472,2,P0031,S0007,3,17917.20,58.67,5
O003473,1,P0045,S0011,2,12054.40,58.79,1
O003473,2,P0048,S0018,1,7288.40,58.90,4
O003473,3,P0051,S0025,3,18561.00,59.01,7
O003474,1,P0062,S0022,3,23151.00,59.02,10
O003474,2,P0065,S0029,2,13415.80,59.13,3
O003475,1,P0079,S0033,1,6447.30,59.25,9
O003475,2,P0082,S0040,3,12619.50,59.36,2
O003476,1,P0096,S0004,2,12011.40,59.48,8
O003477,1,P0013,S0015,3,14109.60,59.71,7
O003478,1,P0030,S0026,1,1695.80,59.94,6
O003479,1,P0047,S0037,2,8471.60,60.17,5
O003480,1,P0064,S0008,3,23028.60,60.40,4
O003481,1,P0081,S0019,1,2976.30,60.63,3
O003482,1,P0098,S0030,2,7048.40,60.86,2
O003482,2,P0001,S0037,1,1257.30,60.97,5
O003483,1,P0015,S0001,3,20733.30,61.09,1
O003484,1,P0032,S0012,1,3920.50,61.32,10
O003484,2,P0035,S0019,3,2782.50,61.43,3
O003485,1,P0049,S0023,2,7281.60,61.55,9
O003486,1,P0066,S0034,3,24918.30,61.78,8
O003486,2,P0069,S0001,2,6399.40,61.89,1
O003487,1,P0083,S0005,1,5508.50,62.01,7
O003487,2,P0086,S0012,3,5803.80,62.12,10
O003488,1,P0100,S0016,2,9602.00,62.24,6
O003488,2,P0003,S0023,1,2131.90,62.35,9
O003489,1,P0017,S0027,3,22680.60,62.47,5
O003489,2,P0020,S0034,2,14736.00,62.58,8
O003490,1,P0034,S0038,1,408.60,62.70,4
O003491,1,P0051,S0009,2,12374.00,62.93,3
O003491,2,P0054,S0016,1,2511.40,63.04,6
O003492,1,P0068,S0020,3,3693.00,63.16,2
O003493,1,P0085,S0031,1,8369.10,63.39,1
O003494,1,P0002,S0002,2,2370.60,63.62,10
O003495,1,P0019,S0013,3,6412.50,63.85,9
O003496,1,P0036,S0024,1,4744.80,64.08,8
O003497,1,P0053,S0035,2,10824.80,64.31,7
O003498,1,P0070,S0006,3,10792.50,64.54,6
O003499,1,P0087,S0017,1,5696.90,64.77,5
O003500,1,P0004,S0028,2,11293.20,65.00,4
O003500,2,P0007,S0035,1,1138.20,65.11,7
O003500,3,P0010,S0002,3,17217.90,65.22,10
O003501,1,P0021,S0039,3,2603.40,65.23,3
O003501,2,P0024,S0006,2,8095.60,65.34,6
O003502,1,P0038,S0010,1,4156.30,65.46,2
O003502,2,P0041,S0017,3,22431.30,65.57,5
O003503,1,P0055,S0021,2,3271.20,65.69,1
O003503,2,P0058,S0028,1,6198.50,65.80,4
O003504,1,P0072,S0032,3,15245.40,65.92,10
O003504,2,P0075,S0039,2,727.60,66.03,3
O003505,1,P0089,S0003,1,7827.40,66.15,9
O003506,1,P0006,S0014,2,5229.40,66.38,8
O003507,1,P0023,S0025,3,19842.30,66.61,7
O003508,1,P0040,S0036,1,4006.20,66.84,6
O003509,1,P0057,S0007,2,12801.40,67.07,5
O003510,1,P0074,S0018,3,10467.90,67.30,4
O003511,1,P0091,S0029,1,7620.00,67.53,3
O003512,1,P0008,S0040,2,9440.60,67.76,2
O003513,1,P0025,S0011,3,22334.10,67.99,1
O003514,1,P0042,S0022,1,5665.00,68.22,10
O003515,1,P0059,S0033,2,15457.00,68.45,9
O003515,2,P0062,S0040,1,7717.00,68.56,2
O003516,1,P0076,S0004,3,23562.90,68.68,8
O003516,2,P0079,S0011,2,12894.60,68.79,1
O003517,1,P0093,S0015,1,2610.10,68.91,7
O003517,2,P0096,S0022,3,18017.10,69.02,10
O003518,1,P0010,S0026,2,11478.60,69.14,6
O003518,2,P0013,S0033,1,4703.20,69.25,9
O003519,1,P0027,S0037,3,8975.70,69.37,5
O003520,1,P0044,S0008,1,367.60,69.60,4
O003521,1,P0061,S0019,2,12782.00,69.83,3
O003522,1,P0078,S0030,3,14605.50,70.06,2
O003523,1,P0095,S0001,1,7628.20,70.29,1
O003524,1,P0012,S0012,2,4115.00,70.52,10
O003525,1,P0029,S0023,3,21001.80,70.75,9
O003526,1,P0046,S0034,1,8245.00,70.98,8
O003527,1,P0063,S0005,2,7705.60,71.21,7
O003528,1,P0080,S0016,3,8479.80,71.44,6
O003529,1,P0097,S0027,1,4772.30,71.67,5
O003529,2,P0100,S0034,3,14403.00,71.78,8
O003530,1,P0014,S0038,2,16829.20,71.90,4
O003530,2,P0017,S0005,1,7560.20,72.01,7
O003531,1,P0031,S0009,3,17917.20,72.13,3
O003531,2,P0034,S0016,2,817.20,72.24,6
O003532,1,P0048,S0020,1,7288.40,72.36,2
O003532,2,P0051,S0027,3,18561.00,72.47,5
O003533,1,P0065,S0031,2,13415.80,72.59,1
O003534,1,P0082,S0002,3,12619.50,72.82,10
O003535,1,P0099,S0013,1,2783.70,73.05,9
O003536,1,P0016,S0024,2,14984.80,73.28,8
O003537,1,P0033,S0035,3,2615.40,73.51,7
O003538,1,P0050,S0006,1,5707.60,73.74,6
O003539,1,P0067,S0017,2,15769.20,73.97,5
O003540,1,P0084,S0028,3,6542.40,74.20,4
O003541,1,P0001,S0039,1,1257.30,74.43,3
O003542,1,P0018,S0010,2,12843.40,74.66,2
O003543,1,P0035,S0021,3,2782.50,74.89,1
O003543,2,P0038,S0028,2,8312.60,75.00,4
O003544,1,P0052,S0032,1,5610.80,75.12,10
O003544,2,P0055,S0039,3,4906.80,75.23,3
O003545,1,P0069,S0003,2,6399.40,75.35,9
O003545,2,P0072,S0010,1,5081.80,75.46,2
O003546,1,P0086,S0014,3,5803.80,75.58,8
O003546,2,P0089,S0021,2,15654.80,75.69,1
O003547,1,P0003,S0025,1,2131.90,75.81,7
O003547,2,P0006,S0032,3,7844.10,75.92,10
O003548,1,P0020,S0036,2,14736.00,76.04,6
O003549,1,P0037,S0007,3,5705.40,76.27,5
O003550,1,P0054,S0018,1,2511.40,76.50,4
O003551,1,P0071,S0029,2,9003.40,76.73,3
O003551,2,P0074,S0036,1,3489.30,76.84,6
O003552,1,P0088,S0040,3,20710.50,76.96,2
O003553,1,P0005,S0011,1,6946.90,77.19,1
O003554,1,P0022,S0022,2,14730.80,77.42,10
O003555,1,P0039,S0033,3,9345.90,77.65,9
O003556,1,P0056,S0004,1,2789.90,77.88,8
O003557,1,P0073,S0015,2,6334.60,78.11,7
O003558,1,P0090,S0026,3,17372.40,78.34,6
O003558,2,P0093,S0033,2,5220.20,78.45,9
O003559,1,P0007,S0037,1,1138.20,78.57,5
O003559,2,P0010,S0004,3,17217.90,78.68,8
O003560,1,P0024,S0008,2,8095.60,78.80,4
O003560,2,P0027,S0015,1,2991.90,78.91,7
O003561,1,P0041,S0019,3,22431.30,79.03,3
O003561,2,P0044,S0026,2,735.20,79.14,6
O003562,1,P0058,S0030,1,6198.50,79.26,2
O003563,1,P0075,S0001,2,727.60,79.49,1
O003564,1,P0092,S0012,3,22113.60,79.72,10
O003565,1,P0009,S0023,1,5390.90,79.95,9
O003566,1,P0026,S0034,2,6794.80,80.18,8
O003567,1,P0043,S0005,3,12924.00,80.41,7
O003568,1,P0060,S0016,1,709.30,80.64,6
O003569,1,P0077,S0027,2,5741.40,80.87,5
O003570,1,P0094,S0038,3,11805.00,81.10,4
O003571,1,P0011,S0009,1,3448.00,81.33,3
O003572,1,P0028,S0020,2,4603.00,81.56,2
O003572,2,P0031,S0027,1,5972.40,81.67,5
O003573,1,P0045,S0031,3,18081.60,81.79,1
O003573,2,P0048,S0038,2,14576.80,81.90,4
O003573,3,P0051,S0005,1,6187.00,82.01,7
O003574,1,P0062,S0002,1,7717.00,82.02,10
O003574,2,P0065,S0009,3,20123.70,82.13,3
O003575,1,P0079,S0013,2,12894.60,82.25,9
O003575,2,P0082,S0020,1,4206.50,82.36,2
O003576,1,P0096,S0024,3,18017.10,82.48,8
O003577,1,P0013,S0035,1,4703.20,82.71,7
O003578,1,P0030,S0006,2,3391.60,82.94,6
O003579,1,P0047,S0017,3,12707.40,83.17,5
O003580,1,P0064,S0028,1,7676.20,83.40,4
O003581,1,P0081,S0039,2,5952.60,83.63,3
O003582,1,P0098,S0010,3,10572.60,83.86,2
O003582,2,P0001,S0017,2,2514.60,83.97,5
O003583,1,P0015,S0021,1,6911.10,84.09,1
O003584,1,P0032,S0032,2,7841.00,84.32,10
O003585,1,P0049,S0003,3,10922.40,84.55,9
O003586,1,P0066,S0014,1,8306.10,84.78,8
O003586,2,P0069,S0021,3,9599.10,84.89,1
O003587,1,P0083,S0025,2,11017.00,85.01,7
O003587,2,P0086,S0032,1,1934.60,85.12,10
O003588,1,P0100,S0036,3,14403.00,85.24,6
O003588,2,P0003,S0003,2,4263.80,85.35,9
O003589,1,P0017,S0007,1,7560.20,85.47,5
O003589,2,P0020,S0014,3,22104.00,85.58,8
O003590,1,P0034,S0018,2,817.20,85.70,4
O003591,1,P0051,S0029,3,18561.00,85.93,3
O003591,2,P0054,S0036,2,5022.80,86.04,6
O003592,1,P0068,S0040,1,1231.00,86.16,2
O003593,1,P0085,S0011,2,16738.20,86.39,1
O003594,1,P0002,S0022,3,3555.90,86.62,10
O003595,1,P0019,S0033,1,2137.50,86.85,9
O003596,1,P0036,S0004,2,9489.60,87.08,8
O003597,1,P0053,S0015,3,16237.20,87.31,7
O003598,1,P0070,S0026,1,3597.50,87.54,6
O003599,1,P0087,S0037,2,11393.80,87.77,5
O003600,1,P0004,S0008,3,16939.80,88.00,4
O003600,2,P0007,S0015,2,2276.40,88.11,7
O003600,3,P0010,S0022,1,5739.30,88.22,10
O003601,1,P0021,S0019,1,867.80,88.23,3
O003601,2,P0024,S0026,3,12143.40,88.34,6
O003602,1,P0038,S0030,2,8312.60,88.46,2
O003602,2,P0041,S0037,1,7477.10,88.57,5
O003603,1,P0055,S0001,3,4906.80,88.69,1
O003603,2,P0058,S0008,2,12397.00,88.80,4
O003604,1,P0072,S0012,1,5081.80,88.92,10
O003604,2,P0075,S0019,3,1091.40,89.03,3
O003605,1,P0089,S0023,2,15654.80,89.15,9
O003606,1,P0006,S0034,3,7844.10,89.38,8
O003607,1,P0023,S0005,1,6614.10,89.61,7
O003608,1,P0040,S0016,2,8012.40,89.84,6
O003609,1,P0057,S0027,3,19202.10,90.07,5
O003610,1,P0074,S0038,1,3489.30,90.30,4
O003611,1,P0091,S0009,2,15240.00,90.53,3
O003612,1,P0008,S0020,3,14160.90,90.76,2
O003613,1,P0025,S0031,1,7444.70,90.99,1
O003614,1,P0042,S0002,2,11330.00,91.22,10
O003615,1,P0059,S0013,3,23185.50,91.45,9
O003615,2,P0062,S0020,2,15434.00,91.56,2
O003616,1,P0076,S0024,1,7854.30,91.68,8
O003616,2,P0079,S0031,3,19341.90,91.79,1
O003617,1,P0093,S0035,2,5220.20,91.91,7
O003617,2,P0096,S0002,1,6005.70,92.02,10
O003618,1,P0010,S0006,3,17217.90,92.14,6
O003618,2,P0013,S0013,2,9406.40,92.25,9
O003618,3,P0016,S0020,1,7492.40,92.36,2
O003619,1,P0027,S0017,1,2991.90,92.37,5
O003620,1,P0044,S0028,2,735.20,92.60,4
O003621,1,P0061,S0039,3,19173.00,92.83,3
O003622,1,P0078,S0010,1,4868.50,93.06,2
O003623,1,P0095,S0021,2,15256.40,93.29,1
O003624,1,P0012,S0032,3,6172.50,93.52,10
O003625,1,P0029,S0003,1,7000.60,93.75,9
O003626,1,P0046,S0014,2,16490.00,93.98,8
O003627,1,P0063,S0025,3,11558.40,94.21,7
O003628,1,P0080,S0036,1,2826.60,94.44,6
O003629,1,P0097,S0007,2,9544.60,94.67,5
O003629,2,P0100,S0014,1,4801.00,94.78,8
O003630,1,P0014,S0018,3,25243.80,94.90,4
O003630,2,P0017,S0025,2,15120.40,95.01,7
O003631,1,P0031,S0029,1,5972.40,95.13,3
O003631,2,P0034,S0036,3,1225.80,95.24,6
O003632,1,P0048,S0040,2,14576.80,95.36,2
O003632,2,P0051,S0007,1,6187.00,95.47,5
O003633,1,P0065,S0011,3,20123.70,95.59,1
O003634,1,P0082,S0022,1,4206.50,95.82,10
O003635,1,P0099,S0033,2,5567.40,96.05,9
O003636,1,P0016,S0004,3,22477.20,96.28,8
O003637,1,P0033,S0015,1,871.80,96.51,7
O003638,1,P0050,S0026,2,11415.20,96.74,6
O003639,1,P0067,S0037,3,23653.80,96.97,5
O003640,1,P0084,S0008,1,2180.80,97.20,4
O003641,1,P0001,S0019,2,2514.60,97.43,3
O003642,1,P0018,S0030,3,19265.10,97.66,2
O003643,1,P0035,S0001,1,927.50,97.89,1
O003643,2,P0038,S0008,3,12468.90,98.00,4
O003644,1,P0052,S0012,2,11221.60,98.12,10
O003644,2,P0055,S0019,1,1635.60,98.23,3
O003645,1,P0069,S0023,3,9599.10,98.35,9
O003645,2,P0072,S0030,2,10163.60,98.46,2
O003646,1,P0086,S0034,1,1934.60,98.58,8
O003646,2,P0089,S0001,3,23482.20,98.69,1
O003647,1,P0003,S0005,2,4263.80,98.81,7
O003647,2,P0006,S0012,1,2614.70,98.92,10
O003648,1,P0020,S0016,3,22104.00,99.04,6
O003649,1,P0037,S0027,1,1901.80,99.27,5
O003650,1,P0054,S0038,2,5022.80,99.50,4
O003651,1,P0071,S0009,3,13505.10,99.73,3
O003652,1,P0088,S0020,1,6903.50,99.96,2
O003653,1,P0005,S0031,2,13893.80,30.18,1
O003654,1,P0022,S0002,3,22096.20,30.41,10
O003655,1,P0039,S0013,1,3115.30,30.64,9
O003656,1,P0056,S0024,2,5579.80,30.87,8
O003657,1,P0073,S0035,3,9501.90,31.10,7
O003658,1,P0090,S0006,1,5790.80,31.33,6
O003658,2,P0093,S0013,3,7830.30,31.44,9
O003659,1,P0007,S0017,2,2276.40,31.56,5
O003659,2,P0010,S0024,1,5739.30,31.67,8
O003660,1,P0024,S0028,3,12143.40,31.79,4
O003660,2,P0027,S0035,2,5983.80,31.90,7
O003661,1,P0041,S0039,1,7477.10,32.02,3
O003661,2,P0044,S0006,3,1102.80,32.13,6
O003662,1,P0058,S0010,2,12397.00,32.25,2
O003663,1,P0075,S0021,3,1091.40,32.48,1
O003664,1,P0092,S0032,1,7371.20,32.71,10
O003665,1,P0009,S0003,2,10781.80,32.94,9
O003666,1,P0026,S0014,3,10192.20,33.17,8
O003667,1,P0043,S0025,1,4308.00,33.40,7
O003668,1,P0060,S0036,2,1418.60,33.63,6
O003669,1,P0077,S0007,3,8612.10,33.86,5
O003670,1,P0094,S0018,1,3935.00,34.09,4
O003671,1,P0011,S0029,2,6896.00,34.32,3
O003672,1,P0028,S0040,3,6904.50,34.55,2
O003672,2,P0031,S0007,2,11944.80,34.66,5
O003673,1,P0045,S0011,1,6027.20,34.78,1
O003673,2,P0048,S0018,3,21865.20,34.89,4
O003673,3,P0051,S0025,2,12374.00,35.00,7
O003674,1,P0062,S0022,2,15434.00,35.01,10
O003674,2,P0065,S0029,1,6707.90,35.12,3
O003675,1,P0079,S0033,3,19341.90,35.24,9
O003675,2,P0082,S0040,2,8413.00,35.35,2
O003676,1,P0096,S0004,1,6005.70,35.47,8
O003677,1,P0013,S0015,2,9406.40,35.70,7
O003678,1,P0030,S0026,3,5087.40,35.93,6
O003679,1,P0047,S0037,1,4235.80,36.16,5
O003680,1,P0064,S0008,2,15352.40,36.39,4
O003681,1,P0081,S0019,3,8928.90,36.62,3
O003682,1,P0098,S0030,1,3524.20,36.85,2
O003682,2,P0001,S0037,3,3771.90,36.96,5
O003683,1,P0015,S0001,2,13822.20,37.08,1
O003684,1,P0032,S0012,3,11761.50,37.31,10
O003685,1,P0049,S0023,1,3640.80,37.54,9
O003685,2,P0052,S0030,3,16832.40,37.65,2
O003686,1,P0066,S0034,2,16612.20,37.77,8
O003686,2,P0069,S0001,1,3199.70,37.88,1
O003687,1,P0083,S0005,3,16525.50,38.00,7
O003687,2,P0086,S0012,2,3869.20,38.11,10
O003688,1,P0100,S0016,1,4801.00,38.23,6
O003688,2,P0003,S0023,3,6395.70,38.34,9
O003689,1,P0017,S0027,2,15120.40,38.46,5
O003689,2,P0020,S0034,1,7368.00,38.57,8
O003690,1,P0034,S0038,3,1225.80,38.69,4
O003691,1,P0051,S0009,1,6187.00,38.92,3
O003691,2,P0054,S0016,3,7534.20,39.03,6
O003692,1,P0068,S0020,2,2462.00,39.15,2
O003693,1,P0085,S0031,3,25107.30,39.38,1
O003694,1,P0002,S0002,1,1185.30,39.61,10
O003695,1,P0019,S0013,2,4275.00,39.84,9
O003696,1,P0036,S0024,3,14234.40,40.07,8
O003697,1,P0053,S0035,1,5412.40,40.30,7
O003698,1,P0070,S0006,2,7195.00,40.53,6
O003699,1,P0087,S0017,3,17090.70,40.76,5
O003700,1,P0004,S0028,1,5646.60,40.99,4
O003700,2,P0007,S0035,3,3414.60,41.10,7
O003700,3,P0010,S0002,2,11478.60,41.21,10
O003701,1,P0021,S0039,2,1735.60,41.22,3
O003701,2,P0024,S0006,1,4047.80,41.33,6
O003702,1,P0038,S0010,3,12468.90,41.45,2
O003702,2,P0041,S0017,2,14954.20,41.56,5
O003703,1,P0055,S0021,1,1635.60,41.68,1
O003703,2,P0058,S0028,3,18595.50,41.79,4
O003704,1,P0072,S0032,2,10163.60,41.91,10
O003704,2,P0075,S0039,1,363.80,42.02,3
O003705,1,P0089,S0003,3,23482.20,42.14,9
O003706,1,P0006,S0014,1,2614.70,42.37,8
O003707,1,P0023,S0025,2,13228.20,42.60,7
O003708,1,P0040,S0036,3,12018.60,42.83,6
O003709,1,P0057,S0007,1,6400.70,43.06,5
O003710,1,P0074,S0018,2,6978.60,43.29,4
O003711,1,P0091,S0029,3,22860.00,43.52,3
O003712,1,P0008,S0040,1,4720.30,43.75,2
O003713,1,P0025,S0011,2,14889.40,43.98,1
O003714,1,P0042,S0022,3,16995.00,44.21,10
O003715,1,P0059,S0033,1,7728.50,44.44,9
O003715,2,P0062,S0040,3,23151.00,44.55,2
O003716,1,P0076,S0004,2,15708.60,44.67,8
O003716,2,P0079,S0011,1,6447.30,44.78,1
O003717,1,P0093,S0015,3,7830.30,44.90,7
O003717,2,P0096,S0022,2,12011.40,45.01,10
O003718,1,P0010,S0026,1,5739.30,45.13,6
O003718,2,P0013,S0033,3,14109.60,45.24,9
O003719,1,P0027,S0037,2,5983.80,45.36,5
O003720,1,P0044,S0008,3,1102.80,45.59,4
O003721,1,P0061,S0019,1,6391.00,45.82,3
O003722,1,P0078,S0030,2,9737.00,46.05,2
O003723,1,P0095,S0001,3,22884.60,46.28,1
O003724,1,P0012,S0012,1,2057.50,46.51,10
O003725,1,P0029,S0023,2,14001.20,46.74,9
O003726,1,P0046,S0034,3,24735.00,46.97,8
O003727,1,P0063,S0005,1,3852.80,47.20,7
O003728,1,P0080,S0016,2,5653.20,47.43,6
O003729,1,P0097,S0027,3,14316.90,47.66,5
O003729,2,P0100,S0034,2,9602.00,47.77,8
O003730,1,P0014,S0038,1,8414.60,47.89,4
O003730,2,P0017,S0005,3,22680.60,48.00,7
O003731,1,P0031,S0009,2,11944.80,48.12,3
O003731,2,P0034,S0016,1,408.60,48.23,6
O003732,1,P0048,S0020,3,21865.20,48.35,2
O003732,2,P0051,S0027,2,12374.00,48.46,5
O003733,1,P0065,S0031,1,6707.90,48.58,1
O003734,1,P0082,S0002,2,8413.00,48.81,10
O003735,1,P0099,S0013,3,8351.10,49.04,9
O003736,1,P0016,S0024,1,7492.40,49.27,8
O003737,1,P0033,S0035,2,1743.60,49.50,7
O003738,1,P0050,S0006,3,17122.80,49.73,6
O003739,1,P0067,S0017,1,7884.60,49.96,5
O003740,1,P0084,S0028,2,4361.60,50.19,4
O003741,1,P0001,S0039,3,3771.90,50.42,3
O003742,1,P0018,S0010,1,6421.70,50.65,2
O003743,1,P0035,S0021,2,1855.00,50.88,1
O003743,2,P0038,S0028,1,4156.30,50.99,4
O003744,1,P0052,S0032,3,16832.40,51.11,10
O003744,2,P0055,S0039,2,3271.20,51.22,3
O003745,1,P0069,S0003,1,3199.70,51.34,9
O003745,2,P0072,S0010,3,15245.40,51.45,2
O003746,1,P0086,S0014,2,3869.20,51.57,8
O003746,2,P0089,S0021,1,7827.40,51.68,1
O003747,1,P0003,S0025,3,6395.70,51.80,7
O003747,2,P0006,S0032,2,5229.40,51.91,10
O003748,1,P0020,S0036,1,7368.00,52.03,6
O003749,1,P0037,S0007,2,3803.60,52.26,5
O003750,1,P0054,S0018,3,7534.20,52.49,4
O003751,1,P0071,S0029,1,4501.70,52.72,3
O003752,1,P0088,S0040,2,13807.00,52.95,2
O003752,2,P0091,S0007,1,7620.00,53.06,5
O003753,1,P0005,S0011,3,20840.70,53.18,1
O003754,1,P0022,S0022,1,7365.40,53.41,10
O003755,1,P0039,S0033,2,6230.60,53.64,9
O003756,1,P0056,S0004,3,8369.70,53.87,8
O003757,1,P0073,S0015,1,3167.30,54.10,7
O003758,1,P0090,S0026,2,11581.60,54.33,6
O003758,2,P0093,S0033,1,2610.10,54.44,9
O003759,1,P0007,S0037,3,3414.60,54.56,5
O003759,2,P0010,S0004,2,11478.60,54.67,8
O003760,1,P0024,S0008,1,4047.80,54.79,4
O003760,2,P0027,S0015,3,8975.70,54.90,7
O003761,1,P0041,S0019,2,14954.20,55.02,3
O003761,2,P0044,S0026,1,367.60,55.13,6
O003762,1,P0058,S0030,3,18595.50,55.25,2
O003763,1,P0075,S0001,1,363.80,55.48,1
O003764,1,P0092,S0012,2,14742.40,55.71,10
O003765,1,P0009,S0023,3,16172.70,55.94,9
O003766,1,P0026,S0034,1,3397.40,56.17,8
O003767,1,P0043,S0005,2,8616.00,56.40,7
O003768,1,P0060,S0016,3,2127.90,56.63,6
O003769,1,P0077,S0027,1,2870.70,56.86,5
O003770,1,P0094,S0038,2,7870.00,57.09,4
O003771,1,P0011,S0009,3,10344.00,57.32,3
O003772,1,P0028,S0020,1,2301.50,57.55,2
O003772,2,P0031,S0027,3,17917.20,57.66,5
O003773,1,P0045,S0031,2,12054.40,57.78,1
O003773,2,P0048,S0038,1,7288.40,57.89,4
O003773,3,P0051,S0005,3,18561.00,58.00,7
O003774,1,P0062,S0002,3,23151.00,58.01,10
O003774,2,P0065,S0009,2,13415.80,58.12,3
O003775,1,P0079,S0013,1,6447.30,58.24,9
O003775,2,P0082,S0020,3,12619.50,58.35,2
O003776,1,P0096,S0024,2,12011.40,58.47,8
O003777,1,P0013,S0035,3,14109.60,58.70,7
O003778,1,P0030,S0006,1,1695.80,58.93,6
O003779,1,P0047,S0017,2,8471.60,59.16,5
O003780,1,P0064,S0028,3,23028.60,59.39,4
O003781,1,P0081,S0039,1,2976.30,59.62,3
O003782,1,P0098,S0010,2,7048.40,59.85,2
O003782,2,P0001,S0017,1,1257.30,59.96,5
O003783,1,P0015,S0021,3,20733.30,60.08,1
O003784,1,P0032,S0032,1,3920.50,60.31,10
O003785,1,P0049,S0003,2,7281.60,60.54,9
O003786,1,P0066,S0014,3,24918.30,60.77,8
O003786,2,P0069,S0021,2,6399.40,60.88,1
O003787,1,P0083,S0025,1,5508.50,61.00,7
O003787,2,P0086,S0032,3,5803.80,61.11,10
O003788,1,P0100,S0036,2,9602.00,61.23,6
O003788,2,P0003,S0003,1,2131.90,61.34,9
O003789,1,P0017,S0007,3,22680.60,61.46,5
O003789,2,P0020,S0014,2,14736.00,61.57,8
O003790,1,P0034,S0018,1,408.60,61.69,4
O003791,1,P0051,S0029,2,12374.00,61.92,3
O003791,2,P0054,S0036,1,2511.40,62.03,6
O003792,1,P0068,S0040,3,3693.00,62.15,2
O003793,1,P0085,S0011,1,8369.10,62.38,1
O003794,1,P0002,S0022,2,2370.60,62.61,10
O003795,1,P0019,S0033,3,6412.50,62.84,9
O003796,1,P0036,S0004,1,4744.80,63.07,8
O003797,1,P0053,S0015,2,10824.80,63.30,7
O003798,1,P0070,S0026,3,10792.50,63.53,6
O003799,1,P0087,S0037,1,5696.90,63.76,5
O003800,1,P0004,S0008,2,11293.20,63.99,4
O003800,2,P0007,S0015,1,1138.20,64.10,7
O003800,3,P0010,S0022,3,17217.90,64.21,10
O003801,1,P0021,S0019,3,2603.40,64.22,3
O003801,2,P0024,S0026,2,8095.60,64.33,6
O003802,1,P0038,S0030,1,4156.30,64.45,2
O003802,2,P0041,S0037,3,22431.30,64.56,5
O003803,1,P0055,S0001,2,3271.20,64.68,1
O003803,2,P0058,S0008,1,6198.50,64.79,4
O003804,1,P0072,S0012,3,15245.40,64.91,10
O003804,2,P0075,S0019,2,727.60,65.02,3
O003805,1,P0089,S0023,1,7827.40,65.14,9
O003806,1,P0006,S0034,2,5229.40,65.37,8
O003807,1,P0023,S0005,3,19842.30,65.60,7
O003808,1,P0040,S0016,1,4006.20,65.83,6
O003809,1,P0057,S0027,2,12801.40,66.06,5
O003810,1,P0074,S0038,3,10467.90,66.29,4
O003811,1,P0091,S0009,1,7620.00,66.52,3
O003812,1,P0008,S0020,2,9440.60,66.75,2
O003813,1,P0025,S0031,3,22334.10,66.98,1
O003814,1,P0042,S0002,1,5665.00,67.21,10
O003815,1,P0059,S0013,2,15457.00,67.44,9
O003815,2,P0062,S0020,1,7717.00,67.55,2
O003816,1,P0076,S0024,3,23562.90,67.67,8
O003816,2,P0079,S0031,2,12894.60,67.78,1
O003817,1,P0093,S0035,1,2610.10,67.90,7
O003817,2,P0096,S0002,3,18017.10,68.01,10
O003818,1,P0010,S0006,2,11478.60,68.13,6
O003818,2,P0013,S0013,1,4703.20,68.24,9
O003819,1,P0027,S0017,3,8975.70,68.36,5
O003819,2,P0030,S0024,2,3391.60,68.47,8
O003820,1,P0044,S0028,1,367.60,68.59,4
O003821,1,P0061,S0039,2,12782.00,68.82,3
O003822,1,P0078,S0010,3,14605.50,69.05,2
O003823,1,P0095,S0021,1,7628.20,69.28,1
O003824,1,P0012,S0032,2,4115.00,69.51,10
O003825,1,P0029,S0003,3,21001.80,69.74,9
O003826,1,P0046,S0014,1,8245.00,69.97,8
O003827,1,P0063,S0025,2,7705.60,70.20,7
O003828,1,P0080,S0036,3,8479.80,70.43,6
O003829,1,P0097,S0007,1,4772.30,70.66,5
O003829,2,P0100,S0014,3,14403.00,70.77,8
O003830,1,P0014,S0018,2,16829.20,70.89,4
O003830,2,P0017,S0025,1,7560.20,71.00,7
O003831,1,P0031,S0029,3,17917.20,71.12,3
O003831,2,P0034,S0036,2,817.20,71.23,6
O003832,1,P0048,S0040,1,7288.40,71.35,2
O003832,2,P0051,S0007,3,18561.00,71.46,5
O003833,1,P0065,S0011,2,13415.80,71.58,1
O003834,1,P0082,S0022,3,12619.50,71.81,10
O003835,1,P0099,S0033,1,2783.70,72.04,9
O003836,1,P0016,S0004,2,14984.80,72.27,8
O003837,1,P0033,S0015,3,2615.40,72.50,7
O003838,1,P0050,S0026,1,5707.60,72.73,6
O003839,1,P0067,S0037,2,15769.20,72.96,5
O003840,1,P0084,S0008,3,6542.40,73.19,4
O003841,1,P0001,S0019,1,1257.30,73.42,3
O003842,1,P0018,S0030,2,12843.40,73.65,2
O003843,1,P0035,S0001,3,2782.50,73.88,1
O003843,2,P0038,S0008,2,8312.60,73.99,4
O003844,1,P0052,S0012,1,5610.80,74.11,10
O003844,2,P0055,S0019,3,4906.80,74.22,3
O003845,1,P0069,S0023,2,6399.40,74.34,9
O003845,2,P0072,S0030,1,5081.80,74.45,2
O003846,1,P0086,S0034,3,5803.80,74.57,8
O003846,2,P0089,S0001,2,15654.80,74.68,1
O003847,1,P0003,S0005,1,2131.90,74.80,7
O003847,2,P0006,S0012,3,7844.10,74.91,10
O003848,1,P0020,S0016,2,14736.00,75.03,6
O003849,1,P0037,S0027,3,5705.40,75.26,5
O003850,1,P0054,S0038,1,2511.40,75.49,4
O003851,1,P0071,S0009,2,9003.40,75.72,3
O003852,1,P0088,S0020,3,20710.50,75.95,2
O003853,1,P0005,S0031,1,6946.90,76.18,1
O003854,1,P0022,S0002,2,14730.80,76.41,10
O003855,1,P0039,S0013,3,9345.90,76.64,9
O003856,1,P0056,S0024,1,2789.90,76.87,8
O003857,1,P0073,S0035,2,6334.60,77.10,7
O003858,1,P0090,S0006,3,17372.40,77.33,6
O003858,2,P0093,S0013,2,5220.20,77.44,9
O003859,1,P0007,S0017,1,1138.20,77.56,5
O003859,2,P0010,S0024,3,17217.90,77.67,8
O003860,1,P0024,S0028,2,8095.60,77.79,4
O003860,2,P0027,S0035,1,2991.90,77.90,7
O003861,1,P0041,S0039,3,22431.30,78.02,3
O003861,2,P0044,S0006,2,735.20,78.13,6
O003862,1,P0058,S0010,1,6198.50,78.25,2
O003863,1,P0075,S0021,2,727.60,78.48,1
O003864,1,P0092,S0032,3,22113.60,78.71,10
O003865,1,P0009,S0003,1,5390.90,78.94,9
O003866,1,P0026,S0014,2,6794.80,79.17,8
O003867,1,P0043,S0025,3,12924.00,79.40,7
O003868,1,P0060,S0036,1,709.30,79.63,6
O003869,1,P0077,S0007,2,5741.40,79.86,5
O003870,1,P0094,S0018,3,11805.00,80.09,4
O003871,1,P0011,S0029,1,3448.00,80.32,3
O003872,1,P0028,S0040,2,4603.00,80.55,2
O003872,2,P0031,S0007,1,5972.40,80.66,5
O003873,1,P0045,S0011,3,18081.60,80.78,1
O003873,2,P0048,S0018,2,14576.80,80.89,4
O003873,3,P0051,S0025,1,6187.00,81.00,7
O003874,1,P0062,S0022,1,7717.00,81.01,10
O003874,2,P0065,S0029,3,20123.70,81.12,3
O003875,1,P0079,S0033,2,12894.60,81.24,9
O003875,2,P0082,S0040,1,4206.50,81.35,2
O003876,1,P0096,S0004,3,18017.10,81.47,8
O003877,1,P0013,S0015,1,4703.20,81.70,7
O003878,1,P0030,S0026,2,3391.60,81.93,6
O003879,1,P0047,S0037,3,12707.40,82.16,5
O003880,1,P0064,S0008,1,7676.20,82.39,4
O003881,1,P0081,S0019,2,5952.60,82.62,3
O003882,1,P0098,S0030,3,10572.60,82.85,2
O003882,2,P0001,S0037,2,2514.60,82.96,5
O003883,1,P0015,S0001,1,6911.10,83.08,1
O003884,1,P0032,S0012,2,7841.00,83.31,10
O003885,1,P0049,S0023,3,10922.40,83.54,9
O003886,1,P0066,S0034,1,8306.10,83.77,8
O003886,2,P0069,S0001,3,9599.10,83.88,1
O003886,3,P0072,S0008,2,10163.60,83.99,4
O003887,1,P0083,S0005,2,11017.00,84.00,7
O003887,2,P0086,S0012,1,1934.60,84.11,10
O003888,1,P0100,S0016,3,14403.00,84.23,6
O003888,2,P0003,S0023,2,4263.80,84.34,9
O003889,1,P0017,S0027,1,7560.20,84.46,5
O003889,2,P0020,S0034,3,22104.00,84.57,8
O003890,1,P0034,S0038,2,817.20,84.69,4
O003891,1,P0051,S0009,3,18561.00,84.92,3
O003891,2,P0054,S0016,2,5022.80,85.03,6
O003892,1,P0068,S0020,1,1231.00,85.15,2
O003893,1,P0085,S0031,2,16738.20,85.38,1
O003894,1,P0002,S0002,3,3555.90,85.61,10
O003895,1,P0019,S0013,1,2137.50,85.84,9
O003896,1,P0036,S0024,2,9489.60,86.07,8
O003897,1,P0053,S0035,3,16237.20,86.30,7
O003898,1,P0070,S0006,1,3597.50,86.53,6
O003899,1,P0087,S0017,2,11393.80,86.76,5
O003900,1,P0004,S0028,3,16939.80,86.99,4
O003900,2,P0007,S0035,2,2276.40,87.10,7
O003900,3,P0010,S0002,1,5739.30,87.21,10
O003901,1,P0021,S0039,1,867.80,87.22,3
O003901,2,P0024,S0006,3,12143.40,87.33,6
O003902,1,P0038,S0010,2,8312.60,87.45,2
O003902,2,P0041,S0017,1,7477.10,87.56,5
O003903,1,P0055,S0021,3,4906.80,87.68,1
O003903,2,P0058,S0028,2,12397.00,87.79,4
O003904,1,P0072,S0032,1,5081.80,87.91,10
O003904,2,P0075,S0039,3,1091.40,88.02,3
O003905,1,P0089,S0003,2,15654.80,88.14,9
O003906,1,P0006,S0014,3,7844.10,88.37,8
O003907,1,P0023,S0025,1,6614.10,88.60,7
O003908,1,P0040,S0036,2,8012.40,88.83,6
O003909,1,P0057,S0007,3,19202.10,89.06,5
O003910,1,P0074,S0018,1,3489.30,89.29,4
O003911,1,P0091,S0029,2,15240.00,89.52,3
O003912,1,P0008,S0040,3,14160.90,89.75,2
O003913,1,P0025,S0011,1,7444.70,89.98,1
O003914,1,P0042,S0022,2,11330.00,90.21,10
O003915,1,P0059,S0033,3,23185.50,90.44,9
O003915,2,P0062,S0040,2,15434.00,90.55,2
O003916,1,P0076,S0004,1,7854.30,90.67,8
O003916,2,P0079,S0011,3,19341.90,90.78,1
O003917,1,P0093,S0015,2,5220.20,90.90,7
O003917,2,P0096,S0022,1,6005.70,91.01,10
O003918,1,P0010,S0026,3,17217.90,91.13,6
O003918,2,P0013,S0033,2,9406.40,91.24,9
O003919,1,P0027,S0037,1,2991.90,91.36,5
O003920,1,P0044,S0008,2,735.20,91.59,4
O003921,1,P0061,S0019,3,19173.00,91.82,3
O003922,1,P0078,S0030,1,4868.50,92.05,2
O003923,1,P0095,S0001,2,15256.40,92.28,1
O003924,1,P0012,S0012,3,6172.50,92.51,10
O003925,1,P0029,S0023,1,7000.60,92.74,9
O003926,1,P0046,S0034,2,16490.00,92.97,8
O003927,1,P0063,S0005,3,11558.40,93.20,7
O003928,1,P0080,S0016,1,2826.60,93.43,6
O003929,1,P0097,S0027,2,9544.60,93.66,5
O003929,2,P0100,S0034,1,4801.00,93.77,8
O003930,1,P0014,S0038,3,25243.80,93.89,4
O003930,2,P0017,S0005,2,15120.40,94.00,7
O003931,1,P0031,S0009,1,5972.40,94.12,3
O003931,2,P0034,S0016,3,1225.80,94.23,6
O003932,1,P0048,S0020,2,14576.80,94.35,2
O003932,2,P0051,S0027,1,6187.00,94.46,5
O003933,1,P0065,S0031,3,20123.70,94.58,1
O003934,1,P0082,S0002,1,4206.50,94.81,10
O003935,1,P0099,S0013,2,5567.40,95.04,9
O003936,1,P0016,S0024,3,22477.20,95.27,8
O003937,1,P0033,S0035,1,871.80,95.50,7
O003938,1,P0050,S0006,2,11415.20,95.73,6
O003939,1,P0067,S0017,3,23653.80,95.96,5
O003940,1,P0084,S0028,1,2180.80,96.19,4
O003941,1,P0001,S0039,2,2514.60,96.42,3
O003942,1,P0018,S0010,3,19265.10,96.65,2
O003943,1,P0035,S0021,1,927.50,96.88,1
O003943,2,P0038,S0028,3,12468.90,96.99,4
O003944,1,P0052,S0032,2,11221.60,97.11,10
O003944,2,P0055,S0039,1,1635.60,97.22,3
O003945,1,P0069,S0003,3,9599.10,97.34,9
O003945,2,P0072,S0010,2,10163.60,97.45,2
O003946,1,P0086,S0014,1,1934.60,97.57,8
O003946,2,P0089,S0021,3,23482.20,97.68,1
O003947,1,P0003,S0025,2,4263.80,97.80,7
O003947,2,P0006,S0032,1,2614.70,97.91,10
O003948,1,P0020,S0036,3,22104.00,98.03,6
O003949,1,P0037,S0007,1,1901.80,98.26,5
O003950,1,P0054,S0018,2,5022.80,98.49,4
O003951,1,P0071,S0029,3,13505.10,98.72,3
O003952,1,P0088,S0040,1,6903.50,98.95,2
O003953,1,P0005,S0011,2,13893.80,99.18,1
O003953,2,P0008,S0018,1,4720.30,99.29,4
O003954,1,P0022,S0022,3,22096.20,99.41,10
O003955,1,P0039,S0033,1,3115.30,99.64,9
O003956,1,P0056,S0004,2,5579.80,99.87,8
O003957,1,P0073,S0015,3,9501.90,30.09,7
O003958,1,P0090,S0026,1,5790.80,30.32,6
O003958,2,P0093,S0033,3,7830.30,30.43,9
O003959,1,P0007,S0037,2,2276.40,30.55,5
O003959,2,P0010,S0004,1,5739.30,30.66,8
O003960,1,P0024,S0008,3,12143.40,30.78,4
O003960,2,P0027,S0015,2,5983.80,30.89,7
O003961,1,P0041,S0019,1,7477.10,31.01,3
O003961,2,P0044,S0026,3,1102.80,31.12,6
O003962,1,P0058,S0030,2,12397.00,31.24,2
O003963,1,P0075,S0001,3,1091.40,31.47,1
O003964,1,P0092,S0012,1,7371.20,31.70,10
O003965,1,P0009,S0023,2,10781.80,31.93,9
O003966,1,P0026,S0034,3,10192.20,32.16,8
O003967,1,P0043,S0005,1,4308.00,32.39,7
O003968,1,P0060,S0016,2,1418.60,32.62,6
O003969,1,P0077,S0027,3,8612.10,32.85,5
O003970,1,P0094,S0038,1,3935.00,33.08,4
O003971,1,P0011,S0009,2,6896.00,33.31,3
O003972,1,P0028,S0020,3,6904.50,33.54,2
O003972,2,P0031,S0027,2,11944.80,33.65,5
O003973,1,P0045,S0031,1,6027.20,33.77,1
O003973,2,P0048,S0038,3,21865.20,33.88,4
O003973,3,P0051,S0005,2,12374.00,33.99,7
O003974,1,P0062,S0002,2,15434.00,34.00,10
O003974,2,P0065,S0009,1,6707.90,34.11,3
O003975,1,P0079,S0013,3,19341.90,34.23,9
O003975,2,P0082,S0020,2,8413.00,34.34,2
O003976,1,P0096,S0024,1,6005.70,34.46,8
O003977,1,P0013,S0035,2,9406.40,34.69,7
O003978,1,P0030,S0006,3,5087.40,34.92,6
O003979,1,P0047,S0017,1,4235.80,35.15,5
O003980,1,P0064,S0028,2,15352.40,35.38,4
O003981,1,P0081,S0039,3,8928.90,35.61,3
O003982,1,P0098,S0010,1,3524.20,35.84,2
O003982,2,P0001,S0017,3,3771.90,35.95,5
O003983,1,P0015,S0021,2,13822.20,36.07,1
O003984,1,P0032,S0032,3,11761.50,36.30,10
O003985,1,P0049,S0003,1,3640.80,36.53,9
O003986,1,P0066,S0014,2,16612.20,36.76,8
O003986,2,P0069,S0021,1,3199.70,36.87,1
O003987,1,P0083,S0025,3,16525.50,36.99,7
O003987,2,P0086,S0032,2,3869.20,37.10,10
O003988,1,P0100,S0036,1,4801.00,37.22,6
O003988,2,P0003,S0003,3,6395.70,37.33,9
O003989,1,P0017,S0007,2,15120.40,37.45,5
O003989,2,P0020,S0014,1,7368.00,37.56,8
O003990,1,P0034,S0018,3,1225.80,37.68,4
O003991,1,P0051,S0029,1,6187.00,37.91,3
O003991,2,P0054,S0036,3,7534.20,38.02,6
O003992,1,P0068,S0040,2,2462.00,38.14,2
O003993,1,P0085,S0011,3,25107.30,38.37,1
O003994,1,P0002,S0022,1,1185.30,38.60,10
O003995,1,P0019,S0033,2,4275.00,38.83,9
O003996,1,P0036,S0004,3,14234.40,39.06,8
O003997,1,P0053,S0015,1,5412.40,39.29,7
O003998,1,P0070,S0026,2,7195.00,39.52,6
O003999,1,P0087,S0037,3,17090.70,39.75,5
O004000,1,P0004,S0008,1,5646.60,39.98,4
O004000,2,P0007,S0015,3,3414.60,40.09,7
O004000,3,P0010,S0022,2,11478.60,40.20,10
O004001,1,P0021,S0019,2,1735.60,40.21,3
O004001,2,P0024,S0026,1,4047.80,40.32,6
O004002,1,P0038,S0030,3,12468.90,40.44,2
O004002,2,P0041,S0037,2,14954.20,40.55,5
O004003,1,P0055,S0001,1,1635.60,40.67,1
O004003,2,P0058,S0008,3,18595.50,40.78,4
O004004,1,P0072,S0012,2,10163.60,40.90,10
O004004,2,P0075,S0019,1,363.80,41.01,3
O004005,1,P0089,S0023,3,23482.20,41.13,9
O004006,1,P0006,S0034,1,2614.70,41.36,8
O004007,1,P0023,S0005,2,13228.20,41.59,7
O004008,1,P0040,S0016,3,12018.60,41.82,6
O004009,1,P0057,S0027,1,6400.70,42.05,5
O004010,1,P0074,S0038,2,6978.60,42.28,4
O004011,1,P0091,S0009,3,22860.00,42.51,3
O004012,1,P0008,S0020,1,4720.30,42.74,2
O004013,1,P0025,S0031,2,14889.40,42.97,1
O004014,1,P0042,S0002,3,16995.00,43.20,10
O004015,1,P0059,S0013,1,7728.50,43.43,9
O004015,2,P0062,S0020,3,23151.00,43.54,2
O004016,1,P0076,S0024,2,15708.60,43.66,8
O004016,2,P0079,S0031,1,6447.30,43.77,1
O004017,1,P0093,S0035,3,7830.30,43.89,7
O004017,2,P0096,S0002,2,12011.40,44.00,10
O004018,1,P0010,S0006,1,5739.30,44.12,6
O004018,2,P0013,S0013,3,14109.60,44.23,9
O004019,1,P0027,S0017,2,5983.80,44.35,5
O004020,1,P0044,S0028,3,1102.80,44.58,4
O004020,2,P0047,S0035,2,8471.60,44.69,7
O004021,1,P0061,S0039,1,6391.00,44.81,3
O004022,1,P0078,S0010,2,9737.00,45.04,2
O004023,1,P0095,S0021,3,22884.60,45.27,1
O004024,1,P0012,S0032,1,2057.50,45.50,10
O004025,1,P0029,S0003,2,14001.20,45.73,9
O004026,1,P0046,S0014,3,24735.00,45.96,8
O004027,1,P0063,S0025,1,3852.80,46.19,7
O004028,1,P0080,S0036,2,5653.20,46.42,6
O004029,1,P0097,S0007,3,14316.90,46.65,5
O004029,2,P0100,S0014,2,9602.00,46.76,8
O004030,1,P0014,S0018,1,8414.60,46.88,4
O004030,2,P0017,S0025,3,22680.60,46.99,7
O004031,1,P0031,S0029,2,11944.80,47.11,3
O004031,2,P0034,S0036,1,408.60,47.22,6
O004032,1,P0048,S0040,3,21865.20,47.34,2
O004032,2,P0051,S0007,2,12374.00,47.45,5
O004033,1,P0065,S0011,1,6707.90,47.57,1
O004034,1,P0082,S0022,2,8413.00,47.80,10
O004035,1,P0099,S0033,3,8351.10,48.03,9
O004036,1,P0016,S0004,1,7492.40,48.26,8
O004037,1,P0033,S0015,2,1743.60,48.49,7
O004038,1,P0050,S0026,3,17122.80,48.72,6
O004039,1,P0067,S0037,1,7884.60,48.95,5
O004040,1,P0084,S0008,2,4361.60,49.18,4
O004041,1,P0001,S0019,3,3771.90,49.41,3
O004042,1,P0018,S0030,1,6421.70,49.64,2
O004043,1,P0035,S0001,2,1855.00,49.87,1
O004043,2,P0038,S0008,1,4156.30,49.98,4
O004044,1,P0052,S0012,3,16832.40,50.10,10
O004044,2,P0055,S0019,2,3271.20,50.21,3
O004045,1,P0069,S0023,1,3199.70,50.33,9
O004045,2,P0072,S0030,3,15245.40,50.44,2
O004046,1,P0086,S0034,2,3869.20,50.56,8
O004046,2,P0089,S0001,1,7827.40,50.67,1
O004047,1,P0003,S0005,3,6395.70,50.79,7
O004047,2,P0006,S0012,2,5229.40,50.90,10
O004048,1,P0020,S0016,1,7368.00,51.02,6
O004049,1,P0037,S0027,2,3803.60,51.25,5
O004050,1,P0054,S0038,3,7534.20,51.48,4
O004051,1,P0071,S0009,1,4501.70,51.71,3
O004052,1,P0088,S0020,2,13807.00,51.94,2
O004053,1,P0005,S0031,3,20840.70,52.17,1
O004054,1,P0022,S0002,1,7365.40,52.40,10
O004055,1,P0039,S0013,2,6230.60,52.63,9
O004056,1,P0056,S0024,3,8369.70,52.86,8
O004057,1,P0073,S0035,1,3167.30,53.09,7
O004058,1,P0090,S0006,2,11581.60,53.32,6
O004058,2,P0093,S0013,1,2610.10,53.43,9
O004059,1,P0007,S0017,3,3414.60,53.55,5
O004059,2,P0010,S0024,2,11478.60,53.66,8
O004060,1,P0024,S0028,1,4047.80,53.78,4
O004060,2,P0027,S0035,3,8975.70,53.89,7
O004061,1,P0041,S0039,2,14954.20,54.01,3
O004061,2,P0044,S0006,1,367.60,54.12,6
O004062,1,P0058,S0010,3,18595.50,54.24,2
O004063,1,P0075,S0021,1,363.80,54.47,1
O004064,1,P0092,S0032,2,14742.40,54.70,10
O004065,1,P0009,S0003,3,16172.70,54.93,9
O004066,1,P0026,S0014,1,3397.40,55.16,8
O004067,1,P0043,S0025,2,8616.00,55.39,7
O004068,1,P0060,S0036,3,2127.90,55.62,6
O004069,1,P0077,S0007,1,2870.70,55.85,5
O004070,1,P0094,S0018,2,7870.00,56.08,4
O004071,1,P0011,S0029,3,10344.00,56.31,3
O004072,1,P0028,S0040,1,2301.50,56.54,2
O004072,2,P0031,S0007,3,17917.20,56.65,5
O004073,1,P0045,S0011,2,12054.40,56.77,1
O004073,2,P0048,S0018,1,7288.40,56.88,4
O004073,3,P0051,S0025,3,18561.00,56.99,7
O004074,1,P0062,S0022,3,23151.00,57.00,10
O004074,2,P0065,S0029,2,13415.80,57.11,3
O004075,1,P0079,S0033,1,6447.30,57.23,9
O004075,2,P0082,S0040,3,12619.50,57.34,2
O004076,1,P0096,S0004,2,12011.40,57.46,8
O004077,1,P0013,S0015,3,14109.60,57.69,7
O004078,1,P0030,S0026,1,1695.80,57.92,6
O004079,1,P0047,S0037,2,8471.60,58.15,5
O004080,1,P0064,S0008,3,23028.60,58.38,4
O004081,1,P0081,S0019,1,2976.30,58.61,3
O004082,1,P0098,S0030,2,7048.40,58.84,2
O004082,2,P0001,S0037,1,1257.30,58.95,5
O004083,1,P0015,S0001,3,20733.30,59.07,1
O004084,1,P0032,S0012,1,3920.50,59.30,10
O004085,1,P0049,S0023,2,7281.60,59.53,9
O004086,1,P0066,S0034,3,24918.30,59.76,8
O004086,2,P0069,S0001,2,6399.40,59.87,1
O004087,1,P0083,S0005,1,5508.50,59.99,7
O004087,2,P0086,S0012,3,5803.80,60.10,10
O004087,3,P0089,S0019,2,15654.80,60.21,3
O004088,1,P0100,S0016,2,9602.00,60.22,6
O004088,2,P0003,S0023,1,2131.90,60.33,9
O004089,1,P0017,S0027,3,22680.60,60.45,5
O004089,2,P0020,S0034,2,14736.00,60.56,8
O004090,1,P0034,S0038,1,408.60,60.68,4
O004091,1,P0051,S0009,2,12374.00,60.91,3
O004091,2,P0054,S0016,1,2511.40,61.02,6
O004092,1,P0068,S0020,3,3693.00,61.14,2
O004093,1,P0085,S0031,1,8369.10,61.37,1
O004094,1,P0002,S0002,2,2370.60,61.60,10
O004095,1,P0019,S0013,3,6412.50,61.83,9
O004096,1,P0036,S0024,1,4744.80,62.06,8
O004097,1,P0053,S0035,2,10824.80,62.29,7
O004098,1,P0070,S0006,3,10792.50,62.52,6
O004099,1,P0087,S0017,1,5696.90,62.75,5
O004100,1,P0004,S0028,2,11293.20,62.98,4
O004100,2,P0007,S0035,1,1138.20,63.09,7
O004100,3,P0010,S0002,3,17217.90,63.20,10
O004101,1,P0021,S0039,3,2603.40,63.21,3
O004101,2,P0024,S0006,2,8095.60,63.32,6
O004102,1,P0038,S0010,1,4156.30,63.44,2
O004102,2,P0041,S0017,3,22431.30,63.55,5
O004103,1,P0055,S0021,2,3271.20,63.67,1
O004103,2,P0058,S0028,1,6198.50,63.78,4
O004104,1,P0072,S0032,3,15245.40,63.90,10
O004104,2,P0075,S0039,2,727.60,64.01,3
O004105,1,P0089,S0003,1,7827.40,64.13,9
O004106,1,P0006,S0014,2,5229.40,64.36,8
O004107,1,P0023,S0025,3,19842.30,64.59,7
O004108,1,P0040,S0036,1,4006.20,64.82,6
O004109,1,P0057,S0007,2,12801.40,65.05,5
O004110,1,P0074,S0018,3,10467.90,65.28,4
O004111,1,P0091,S0029,1,7620.00,65.51,3
O004112,1,P0008,S0040,2,9440.60,65.74,2
O004113,1,P0025,S0011,3,22334.10,65.97,1
O004114,1,P0042,S0022,1,5665.00,66.20,10
O004115,1,P0059,S0033,2,15457.00,66.43,9
O004115,2,P0062,S0040,1,7717.00,66.54,2
O004116,1,P0076,S0004,3,23562.90,66.66,8
O004116,2,P0079,S0011,2,12894.60,66.77,1
O004117,1,P0093,S0015,1,2610.10,66.89,7
O004117,2,P0096,S0022,3,18017.10,67.00,10
O004118,1,P0010,S0026,2,11478.60,67.12,6
O004118,2,P0013,S0033,1,4703.20,67.23,9
O004119,1,P0027,S0037,3,8975.70,67.35,5
O004120,1,P0044,S0008,1,367.60,67.58,4
O004121,1,P0061,S0019,2,12782.00,67.81,3
O004122,1,P0078,S0030,3,14605.50,68.04,2
O004123,1,P0095,S0001,1,7628.20,68.27,1
O004124,1,P0012,S0012,2,4115.00,68.50,10
O004125,1,P0029,S0023,3,21001.80,68.73,9
O004126,1,P0046,S0034,1,8245.00,68.96,8
O004127,1,P0063,S0005,2,7705.60,69.19,7
O004128,1,P0080,S0016,3,8479.80,69.42,6
O004129,1,P0097,S0027,1,4772.30,69.65,5
O004129,2,P0100,S0034,3,14403.00,69.76,8
O004130,1,P0014,S0038,2,16829.20,69.88,4
O004130,2,P0017,S0005,1,7560.20,69.99,7
O004131,1,P0031,S0009,3,17917.20,70.11,3
O004131,2,P0034,S0016,2,817.20,70.22,6
O004132,1,P0048,S0020,1,7288.40,70.34,2
O004132,2,P0051,S0027,3,18561.00,70.45,5
O004133,1,P0065,S0031,2,13415.80,70.57,1
O004134,1,P0082,S0002,3,12619.50,70.80,10
O004135,1,P0099,S0013,1,2783.70,71.03,9
O004136,1,P0016,S0024,2,14984.80,71.26,8
O004137,1,P0033,S0035,3,2615.40,71.49,7
O004138,1,P0050,S0006,1,5707.60,71.72,6
O004139,1,P0067,S0017,2,15769.20,71.95,5
O004140,1,P0084,S0028,3,6542.40,72.18,4
O004141,1,P0001,S0039,1,1257.30,72.41,3
O004142,1,P0018,S0010,2,12843.40,72.64,2
O004143,1,P0035,S0021,3,2782.50,72.87,1
O004143,2,P0038,S0028,2,8312.60,72.98,4
O004144,1,P0052,S0032,1,5610.80,73.10,10
O004144,2,P0055,S0039,3,4906.80,73.21,3
O004145,1,P0069,S0003,2,6399.40,73.33,9
O004145,2,P0072,S0010,1,5081.80,73.44,2
O004146,1,P0086,S0014,3,5803.80,73.56,8
O004146,2,P0089,S0021,2,15654.80,73.67,1
O004147,1,P0003,S0025,1,2131.90,73.79,7
O004147,2,P0006,S0032,3,7844.10,73.90,10
O004148,1,P0020,S0036,2,14736.00,74.02,6
O004149,1,P0037,S0007,3,5705.40,74.25,5
O004150,1,P0054,S0018,1,2511.40,74.48,4
O004151,1,P0071,S0029,2,9003.40,74.71,3
O004152,1,P0088,S0040,3,20710.50,74.94,2
O004153,1,P0005,S0011,1,6946.90,75.17,1
O004154,1,P0022,S0022,2,14730.80,75.40,10
O004154,2,P0025,S0029,1,7444.70,75.51,3
O004155,1,P0039,S0033,3,9345.90,75.63,9
O004156,1,P0056,S0004,1,2789.90,75.86,8
O004157,1,P0073,S0015,2,6334.60,76.09,7
O004158,1,P0090,S0026,3,17372.40,76.32,6
O004158,2,P0093,S0033,2,5220.20,76.43,9
O004159,1,P0007,S0037,1,1138.20,76.55,5
O004159,2,P0010,S0004,3,17217.90,76.66,8
O004160,1,P0024,S0008,2,8095.60,76.78,4
O004160,2,P0027,S0015,1,2991.90,76.89,7
O004161,1,P0041,S0019,3,22431.30,77.01,3
O004161,2,P0044,S0026,2,735.20,77.12,6
O004162,1,P0058,S0030,1,6198.50,77.24,2
O004163,1,P0075,S0001,2,727.60,77.47,1
O004164,1,P0092,S0012,3,22113.60,77.70,10
O004165,1,P0009,S0023,1,5390.90,77.93,9
O004166,1,P0026,S0034,2,6794.80,78.16,8
O004167,1,P0043,S0005,3,12924.00,78.39,7
O004168,1,P0060,S0016,1,709.30,78.62,6
O004169,1,P0077,S0027,2,5741.40,78.85,5
O004170,1,P0094,S0038,3,11805.00,79.08,4
O004171,1,P0011,S0009,1,3448.00,79.31,3
O004172,1,P0028,S0020,2,4603.00,79.54,2
O004172,2,P0031,S0027,1,5972.40,79.65,5
O004173,1,P0045,S0031,3,18081.60,79.77,1
O004173,2,P0048,S0038,2,14576.80,79.88,4
O004173,3,P0051,S0005,1,6187.00,79.99,7
O004174,1,P0062,S0002,1,7717.00,80.00,10
O004174,2,P0065,S0009,3,20123.70,80.11,3
O004175,1,P0079,S0013,2,12894.60,80.23,9
O004175,2,P0082,S0020,1,4206.50,80.34,2
O004176,1,P0096,S0024,3,18017.10,80.46,8
O004177,1,P0013,S0035,1,4703.20,80.69,7
O004178,1,P0030,S0006,2,3391.60,80.92,6
O004179,1,P0047,S0017,3,12707.40,81.15,5
O004180,1,P0064,S0028,1,7676.20,81.38,4
O004181,1,P0081,S0039,2,5952.60,81.61,3
O004182,1,P0098,S0010,3,10572.60,81.84,2
O004182,2,P0001,S0017,2,2514.60,81.95,5
O004183,1,P0015,S0021,1,6911.10,82.07,1
O004184,1,P0032,S0032,2,7841.00,82.30,10
O004185,1,P0049,S0003,3,10922.40,82.53,9
O004186,1,P0066,S0014,1,8306.10,82.76,8
O004186,2,P0069,S0021,3,9599.10,82.87,1
O004187,1,P0083,S0025,2,11017.00,82.99,7
O004187,2,P0086,S0032,1,1934.60,83.10,10
O004188,1,P0100,S0036,3,14403.00,83.22,6
O004188,2,P0003,S0003,2,4263.80,83.33,9
O004189,1,P0017,S0007,1,7560.20,83.45,5
O004189,2,P0020,S0014,3,22104.00,83.56,8
O004190,1,P0034,S0018,2,817.20,83.68,4
O004191,1,P0051,S0029,3,18561.00,83.91,3
O004191,2,P0054,S0036,2,5022.80,84.02,6
O004192,1,P0068,S0040,1,1231.00,84.14,2
O004193,1,P0085,S0011,2,16738.20,84.37,1
O004194,1,P0002,S0022,3,3555.90,84.60,10
O004195,1,P0019,S0033,1,2137.50,84.83,9
O004196,1,P0036,S0004,2,9489.60,85.06,8
O004197,1,P0053,S0015,3,16237.20,85.29,7
O004198,1,P0070,S0026,1,3597.50,85.52,6
O004199,1,P0087,S0037,2,11393.80,85.75,5
O004200,1,P0004,S0008,3,16939.80,85.98,4
O004200,2,P0007,S0015,2,2276.40,86.09,7
O004200,3,P0010,S0022,1,5739.30,86.20,10
O004201,1,P0021,S0019,1,867.80,86.21,3
O004201,2,P0024,S0026,3,12143.40,86.32,6
O004202,1,P0038,S0030,2,8312.60,86.44,2
O004202,2,P0041,S0037,1,7477.10,86.55,5
O004203,1,P0055,S0001,3,4906.80,86.67,1
O004203,2,P0058,S0008,2,12397.00,86.78,4
O004204,1,P0072,S0012,1,5081.80,86.90,10
O004204,2,P0075,S0019,3,1091.40,87.01,3
O004205,1,P0089,S0023,2,15654.80,87.13,9
O004206,1,P0006,S0034,3,7844.10,87.36,8
O004207,1,P0023,S0005,1,6614.10,87.59,7
O004208,1,P0040,S0016,2,8012.40,87.82,6
O004209,1,P0057,S0027,3,19202.10,88.05,5
O004210,1,P0074,S0038,1,3489.30,88.28,4
O004211,1,P0091,S0009,2,15240.00,88.51,3
O004212,1,P0008,S0020,3,14160.90,88.74,2
O004213,1,P0025,S0031,1,7444.70,88.97,1
O004214,1,P0042,S0002,2,11330.00,89.20,10
O004215,1,P0059,S0013,3,23185.50,89.43,9
O004215,2,P0062,S0020,2,15434.00,89.54,2
O004216,1,P0076,S0024,1,7854.30,89.66,8
O004216,2,P0079,S0031,3,19341.90,89.77,1
O004217,1,P0093,S0035,2,5220.20,89.89,7
O004217,2,P0096,S0002,1,6005.70,90.00,10
O004218,1,P0010,S0006,3,17217.90,90.12,6
O004218,2,P0013,S0013,2,9406.40,90.23,9
O004219,1,P0027,S0017,1,2991.90,90.35,5
O004220,1,P0044,S0028,2,735.20,90.58,4
O004221,1,P0061,S0039,3,19173.00,90.81,3
O004221,2,P0064,S0006,2,15352.40,90.92,6
O004222,1,P0078,S0010,1,4868.50,91.04,2
O004223,1,P0095,S0021,2,15256.40,91.27,1
O004224,1,P0012,S0032,3,6172.50,91.50,10
O004225,1,P0029,S0003,1,7000.60,91.73,9
O004226,1,P0046,S0014,2,16490.00,91.96,8
O004227,1,P0063,S0025,3,11558.40,92.19,7
O004228,1,P0080,S0036,1,2826.60,92.42,6
O004229,1,P0097,S0007,2,9544.60,92.65,5
O004229,2,P0100,S0014,1,4801.00,92.76,8
O004230,1,P0014,S0018,3,25243.80,92.88,4
O004230,2,P0017,S0025,2,15120.40,92.99,7
O004231,1,P0031,S0029,1,5972.40,93.11,3
O004231,2,P0034,S0036,3,1225.80,93.22,6
O004232,1,P0048,S0040,2,14576.80,93.34,2
O004232,2,P0051,S0007,1,6187.00,93.45,5
O004233,1,P0065,S0011,3,20123.70,93.57,1
O004234,1,P0082,S0022,1,4206.50,93.80,10
O004235,1,P0099,S0033,2,5567.40,94.03,9
O004236,1,P0016,S0004,3,22477.20,94.26,8
O004237,1,P0033,S0015,1,871.80,94.49,7
O004238,1,P0050,S0026,2,11415.20,94.72,6
O004239,1,P0067,S0037,3,23653.80,94.95,5
O004240,1,P0084,S0008,1,2180.80,95.18,4
O004241,1,P0001,S0019,2,2514.60,95.41,3
O004242,1,P0018,S0030,3,19265.10,95.64,2
O004243,1,P0035,S0001,1,927.50,95.87,1
O004243,2,P0038,S0008,3,12468.90,95.98,4
O004244,1,P0052,S0012,2,11221.60,96.10,10
O004244,2,P0055,S0019,1,1635.60,96.21,3
O004245,1,P0069,S0023,3,9599.10,96.33,9
O004245,2,P0072,S0030,2,10163.60,96.44,2
O004246,1,P0086,S0034,1,1934.60,96.56,8
O004246,2,P0089,S0001,3,23482.20,96.67,1
O004247,1,P0003,S0005,2,4263.80,96.79,7
O004247,2,P0006,S0012,1,2614.70,96.90,10
O004248,1,P0020,S0016,3,22104.00,97.02,6
O004249,1,P0037,S0027,1,1901.80,97.25,5
O004250,1,P0054,S0038,2,5022.80,97.48,4
O004251,1,P0071,S0009,3,13505.10,97.71,3
O004252,1,P0088,S0020,1,6903.50,97.94,2
O004253,1,P0005,S0031,2,13893.80,98.17,1
O004254,1,P0022,S0002,3,22096.20,98.40,10
O004255,1,P0039,S0013,1,3115.30,98.63,9
O004256,1,P0056,S0024,2,5579.80,98.86,8
O004257,1,P0073,S0035,3,9501.90,99.09,7
O004258,1,P0090,S0006,1,5790.80,99.32,6
O004258,2,P0093,S0013,3,7830.30,99.43,9
O004259,1,P0007,S0017,2,2276.40,99.55,5
O004259,2,P0010,S0024,1,5739.30,99.66,8
O004260,1,P0024,S0028,3,12143.40,99.78,4
O004260,2,P0027,S0035,2,5983.80,99.89,7
O004261,1,P0041,S0039,1,7477.10,30.00,3
O004261,2,P0044,S0006,3,1102.80,30.11,6
O004262,1,P0058,S0010,2,12397.00,30.23,2
O004263,1,P0075,S0021,3,1091.40,30.46,1
O004264,1,P0092,S0032,1,7371.20,30.69,10
O004265,1,P0009,S0003,2,10781.80,30.92,9
O004266,1,P0026,S0014,3,10192.20,31.15,8
O004267,1,P0043,S0025,1,4308.00,31.38,7
O004268,1,P0060,S0036,2,1418.60,31.61,6
O004269,1,P0077,S0007,3,8612.10,31.84,5
O004270,1,P0094,S0018,1,3935.00,32.07,4
O004271,1,P0011,S0029,2,6896.00,32.30,3
O004272,1,P0028,S0040,3,6904.50,32.53,2
O004272,2,P0031,S0007,2,11944.80,32.64,5
O004273,1,P0045,S0011,1,6027.20,32.76,1
O004273,2,P0048,S0018,3,21865.20,32.87,4
O004273,3,P0051,S0025,2,12374.00,32.98,7
O004274,1,P0062,S0022,2,15434.00,32.99,10
O004274,2,P0065,S0029,1,6707.90,33.10,3
O004275,1,P0079,S0033,3,19341.90,33.22,9
O004275,2,P0082,S0040,2,8413.00,33.33,2
O004276,1,P0096,S0004,1,6005.70,33.45,8
O004277,1,P0013,S0015,2,9406.40,33.68,7
O004278,1,P0030,S0026,3,5087.40,33.91,6
O004279,1,P0047,S0037,1,4235.80,34.14,5
O004280,1,P0064,S0008,2,15352.40,34.37,4
O004281,1,P0081,S0019,3,8928.90,34.60,3
O004282,1,P0098,S0030,1,3524.20,34.83,2
O004282,2,P0001,S0037,3,3771.90,34.94,5
O004283,1,P0015,S0001,2,13822.20,35.06,1
O004284,1,P0032,S0012,3,11761.50,35.29,10
O004285,1,P0049,S0023,1,3640.80,35.52,9
O004286,1,P0066,S0034,2,16612.20,35.75,8
O004286,2,P0069,S0001,1,3199.70,35.86,1
O004287,1,P0083,S0005,3,16525.50,35.98,7
O004287,2,P0086,S0012,2,3869.20,36.09,10
O004288,1,P0100,S0016,1,4801.00,36.21,6
O004288,2,P0003,S0023,3,6395.70,36.32,9
O004288,3,P0006,S0030,2,5229.40,36.43,2
O004289,1,P0017,S0027,2,15120.40,36.44,5
O004289,2,P0020,S0034,1,7368.00,36.55,8
O004290,1,P0034,S0038,3,1225.80,36.67,4
O004291,1,P0051,S0009,1,6187.00,36.90,3
O004291,2,P0054,S0016,3,7534.20,37.01,6
O004292,1,P0068,S0020,2,2462.00,37.13,2
O004293,1,P0085,S0031,3,25107.30,37.36,1
O004294,1,P0002,S0002,1,1185.30,37.59,10
O004295,1,P0019,S0013,2,4275.00,37.82,9
O004296,1,P0036,S0024,3,14234.40,38.05,8
O004297,1,P0053,S0035,1,5412.40,38.28,7
O004298,1,P0070,S0006,2,7195.00,38.51,6
O004299,1,P0087,S0017,3,17090.70,38.74,5
O004300,1,P0004,S0028,1,5646.60,38.97,4
O004300,2,P0007,S0035,3,3414.60,39.08,7
O004300,3,P0010,S0002,2,11478.60,39.19,10
O004301,1,P0021,S0039,2,1735.60,39.20,3
O004301,2,P0024,S0006,1,4047.80,39.31,6
O004302,1,P0038,S0010,3,12468.90,39.43,2
O004302,2,P0041,S0017,2,14954.20,39.54,5
O004303,1,P0055,S0021,1,1635.60,39.66,1
O004303,2,P0058,S0028,3,18595.50,39.77,4
O004304,1,P0072,S0032,2,10163.60,39.89,10
O004304,2,P0075,S0039,1,363.80,40.00,3
O004305,1,P0089,S0003,3,23482.20,40.12,9
O004306,1,P0006,S0014,1,2614.70,40.35,8
O004307,1,P0023,S0025,2,13228.20,40.58,7
O004308,1,P0040,S0036,3,12018.60,40.81,6
O004309,1,P0057,S0007,1,6400.70,41.04,5
O004310,1,P0074,S0018,2,6978.60,41.27,4
O004311,1,P0091,S0029,3,22860.00,41.50,3
O004312,1,P0008,S0040,1,4720.30,41.73,2
O004313,1,P0025,S0011,2,14889.40,41.96,1
O004314,1,P0042,S0022,3,16995.00,42.19,10
O004315,1,P0059,S0033,1,7728.50,42.42,9
O004315,2,P0062,S0040,3,23151.00,42.53,2
O004316,1,P0076,S0004,2,15708.60,42.65,8
O004316,2,P0079,S0011,1,6447.30,42.76,1
O004317,1,P0093,S0015,3,7830.30,42.88,7
O004317,2,P0096,S0022,2,12011.40,42.99,10
O004318,1,P0010,S0026,1,5739.30,43.11,6
O004318,2,P0013,S0033,3,14109.60,43.22,9
O004319,1,P0027,S0037,2,5983.80,43.34,5
O004320,1,P0044,S0008,3,1102.80,43.57,4
O004321,1,P0061,S0019,1,6391.00,43.80,3
O004322,1,P0078,S0030,2,9737.00,44.03,2
O004323,1,P0095,S0001,3,22884.60,44.26,1
O004324,1,P0012,S0012,1,2057.50,44.49,10
O004325,1,P0029,S0023,2,14001.20,44.72,9
O004326,1,P0046,S0034,3,24735.00,44.95,8
O004327,1,P0063,S0005,1,3852.80,45.18,7
O004328,1,P0080,S0016,2,5653.20,45.41,6
O004329,1,P0097,S0027,3,14316.90,45.64,5
O004329,2,P0100,S0034,2,9602.00,45.75,8
O004330,1,P0014,S0038,1,8414.60,45.87,4
O004330,2,P0017,S0005,3,22680.60,45.98,7
O004331,1,P0031,S0009,2,11944.80,46.10,3
O004331,2,P0034,S0016,1,408.60,46.21,6
O004332,1,P0048,S0020,3,21865.20,46.33,2
O004332,2,P0051,S0027,2,12374.00,46.44,5
O004333,1,P0065,S0031,1,6707.90,46.56,1
O004334,1,P0082,S0002,2,8413.00,46.79,10
O004335,1,P0099,S0013,3,8351.10,47.02,9
O004336,1,P0016,S0024,1,7492.40,47.25,8
O004337,1,P0033,S0035,2,1743.60,47.48,7
O004338,1,P0050,S0006,3,17122.80,47.71,6
O004339,1,P0067,S0017,1,7884.60,47.94,5
O004340,1,P0084,S0028,2,4361.60,48.17,4
O004341,1,P0001,S0039,3,3771.90,48.40,3
O004342,1,P0018,S0010,1,6421.70,48.63,2
O004343,1,P0035,S0021,2,1855.00,48.86,1
O004343,2,P0038,S0028,1,4156.30,48.97,4
O004344,1,P0052,S0032,3,16832.40,49.09,10
O004344,2,P0055,S0039,2,3271.20,49.20,3
O004345,1,P0069,S0003,1,3199.70,49.32,9
O004345,2,P0072,S0010,3,15245.40,49.43,2
O004346,1,P0086,S0014,2,3869.20,49.55,8
O004346,2,P0089,S0021,1,7827.40,49.66,1
O004347,1,P0003,S0025,3,6395.70,49.78,7
O004347,2,P0006,S0032,2,5229.40,49.89,10
O004348,1,P0020,S0036,1,7368.00,50.01,6
O004349,1,P0037,S0007,2,3803.60,50.24,5
O004350,1,P0054,S0018,3,7534.20,50.47,4
O004351,1,P0071,S0029,1,4501.70,50.70,3
O004352,1,P0088,S0040,2,13807.00,50.93,2
O004353,1,P0005,S0011,3,20840.70,51.16,1
O004354,1,P0022,S0022,1,7365.40,51.39,10
O004355,1,P0039,S0033,2,6230.60,51.62,9
O004355,2,P0042,S0040,1,5665.00,51.73,2
O004356,1,P0056,S0004,3,8369.70,51.85,8
O004357,1,P0073,S0015,1,3167.30,52.08,7
O004358,1,P0090,S0026,2,11581.60,52.31,6
O004358,2,P0093,S0033,1,2610.10,52.42,9
O004359,1,P0007,S0037,3,3414.60,52.54,5
O004359,2,P0010,S0004,2,11478.60,52.65,8
O004360,1,P0024,S0008,1,4047.80,52.77,4
O004360,2,P0027,S0015,3,8975.70,52.88,7
O004361,1,P0041,S0019,2,14954.20,53.00,3
O004361,2,P0044,S0026,1,367.60,53.11,6
O004362,1,P0058,S0030,3,18595.50,53.23,2
O004363,1,P0075,S0001,1,363.80,53.46,1
O004364,1,P0092,S0012,2,14742.40,53.69,10
O004365,1,P0009,S0023,3,16172.70,53.92,9
O004366,1,P0026,S0034,1,3397.40,54.15,8
O004367,1,P0043,S0005,2,8616.00,54.38,7
O004368,1,P0060,S0016,3,2127.90,54.61,6
O004369,1,P0077,S0027,1,2870.70,54.84,5
O004370,1,P0094,S0038,2,7870.00,55.07,4
O004371,1,P0011,S0009,3,10344.00,55.30,3
O004372,1,P0028,S0020,1,2301.50,55.53,2
O004372,2,P0031,S0027,3,17917.20,55.64,5
O004373,1,P0045,S0031,2,12054.40,55.76,1
O004373,2,P0048,S0038,1,7288.40,55.87,4
O004373,3,P0051,S0005,3,18561.00,55.98,7
O004374,1,P0062,S0002,3,23151.00,55.99,10
O004374,2,P0065,S0009,2,13415.80,56.10,3
O004375,1,P0079,S0013,1,6447.30,56.22,9
O004375,2,P0082,S0020,3,12619.50,56.33,2
O004376,1,P0096,S0024,2,12011.40,56.45,8
O004377,1,P0013,S0035,3,14109.60,56.68,7
O004378,1,P0030,S0006,1,1695.80,56.91,6
O004379,1,P0047,S0017,2,8471.60,57.14,5
O004380,1,P0064,S0028,3,23028.60,57.37,4
O004381,1,P0081,S0039,1,2976.30,57.60,3
O004382,1,P0098,S0010,2,7048.40,57.83,2
O004382,2,P0001,S0017,1,1257.30,57.94,5
O004383,1,P0015,S0021,3,20733.30,58.06,1
O004384,1,P0032,S0032,1,3920.50,58.29,10
O004385,1,P0049,S0003,2,7281.60,58.52,9
O004386,1,P0066,S0014,3,24918.30,58.75,8
O004386,2,P0069,S0021,2,6399.40,58.86,1
O004387,1,P0083,S0025,1,5508.50,58.98,7
O004387,2,P0086,S0032,3,5803.80,59.09,10
O004388,1,P0100,S0036,2,9602.00,59.21,6
O004388,2,P0003,S0003,1,2131.90,59.32,9
O004389,1,P0017,S0007,3,22680.60,59.44,5
O004389,2,P0020,S0014,2,14736.00,59.55,8
O004390,1,P0034,S0018,1,408.60,59.67,4
O004391,1,P0051,S0029,2,12374.00,59.90,3
O004391,2,P0054,S0036,1,2511.40,60.01,6
O004392,1,P0068,S0040,3,3693.00,60.13,2
O004393,1,P0085,S0011,1,8369.10,60.36,1
O004394,1,P0002,S0022,2,2370.60,60.59,10
O004395,1,P0019,S0033,3,6412.50,60.82,9
O004396,1,P0036,S0004,1,4744.80,61.05,8
O004397,1,P0053,S0015,2,10824.80,61.28,7
O004398,1,P0070,S0026,3,10792.50,61.51,6
O004399,1,P0087,S0037,1,5696.90,61.74,5
O004400,1,P0004,S0008,2,11293.20,61.97,4
O004400,2,P0007,S0015,1,1138.20,62.08,7
O004400,3,P0010,S0022,3,17217.90,62.19,10
O004401,1,P0021,S0019,3,2603.40,62.20,3
O004401,2,P0024,S0026,2,8095.60,62.31,6
O004402,1,P0038,S0030,1,4156.30,62.43,2
O004402,2,P0041,S0037,3,22431.30,62.54,5
O004403,1,P0055,S0001,2,3271.20,62.66,1
O004403,2,P0058,S0008,1,6198.50,62.77,4
O004404,1,P0072,S0012,3,15245.40,62.89,10
O004404,2,P0075,S0019,2,727.60,63.00,3
O004405,1,P0089,S0023,1,7827.40,63.12,9
O004406,1,P0006,S0034,2,5229.40,63.35,8
O004407,1,P0023,S0005,3,19842.30,63.58,7
O004408,1,P0040,S0016,1,4006.20,63.81,6
O004409,1,P0057,S0027,2,12801.40,64.04,5
O004410,1,P0074,S0038,3,10467.90,64.27,4
O004411,1,P0091,S0009,1,7620.00,64.50,3
O004412,1,P0008,S0020,2,9440.60,64.73,2
O004413,1,P0025,S0031,3,22334.10,64.96,1
O004414,1,P0042,S0002,1,5665.00,65.19,10
O004415,1,P0059,S0013,2,15457.00,65.42,9
O004415,2,P0062,S0020,1,7717.00,65.53,2
O004416,1,P0076,S0024,3,23562.90,65.65,8
O004416,2,P0079,S0031,2,12894.60,65.76,1
O004417,1,P0093,S0035,1,2610.10,65.88,7
O004417,2,P0096,S0002,3,18017.10,65.99,10
O004418,1,P0010,S0006,2,11478.60,66.11,6
O004418,2,P0013,S0013,1,4703.20,66.22,9
O004419,1,P0027,S0017,3,8975.70,66.34,5
O004420,1,P0044,S0028,1,367.60,66.57,4
O004421,1,P0061,S0039,2,12782.00,66.80,3
O004422,1,P0078,S0010,3,14605.50,67.03,2
O004422,2,P0081,S0017,2,5952.60,67.14,5
O004423,1,P0095,S0021,1,7628.20,67.26,1
O004424,1,P0012,S0032,2,4115.00,67.49,10
O004425,1,P0029,S0003,3,21001.80,67.72,9
O004426,1,P0046,S0014,1,8245.00,67.95,8
O004427,1,P0063,S0025,2,7705.60,68.18,7
O004428,1,P0080,S0036,3,8479.80,68.41,6
O004429,1,P0097,S0007,1,4772.30,68.64,5
O004429,2,P0100,S0014,3,14403.00,68.75,8
O004430,1,P0014,S0018,2,16829.20,68.87,4
O004430,2,P0017,S0025,1,7560.20,68.98,7
O004431,1,P0031,S0029,3,17917.20,69.10,3
O004431,2,P0034,S0036,2,817.20,69.21,6
O004432,1,P0048,S0040,1,7288.40,69.33,2
O004432,2,P0051,S0007,3,18561.00,69.44,5
O004433,1,P0065,S0011,2,13415.80,69.56,1
O004434,1,P0082,S0022,3,12619.50,69.79,10
O004435,1,P0099,S0033,1,2783.70,70.02,9
O004436,1,P0016,S0004,2,14984.80,70.25,8
O004437,1,P0033,S0015,3,2615.40,70.48,7
O004438,1,P0050,S0026,1,5707.60,70.71,6
O004439,1,P0067,S0037,2,15769.20,70.94,5
O004440,1,P0084,S0008,3,6542.40,71.17,4
O004441,1,P0001,S0019,1,1257.30,71.40,3
O004442,1,P0018,S0030,2,12843.40,71.63,2
O004443,1,P0035,S0001,3,2782.50,71.86,1
O004443,2,P0038,S0008,2,8312.60,71.97,4
O004444,1,P0052,S0012,1,5610.80,72.09,10
O004444,2,P0055,S0019,3,4906.80,72.20,3
O004445,1,P0069,S0023,2,6399.40,72.32,9
O004445,2,P0072,S0030,1,5081.80,72.43,2
O004446,1,P0086,S0034,3,5803.80,72.55,8
O004446,2,P0089,S0001,2,15654.80,72.66,1
O004447,1,P0003,S0005,1,2131.90,72.78,7
O004447,2,P0006,S0012,3,7844.10,72.89,10
O004448,1,P0020,S0016,2,14736.00,73.01,6
O004449,1,P0037,S0027,3,5705.40,73.24,5
O004450,1,P0054,S0038,1,2511.40,73.47,4
O004451,1,P0071,S0009,2,9003.40,73.70,3
O004452,1,P0088,S0020,3,20710.50,73.93,2
O004453,1,P0005,S0031,1,6946.90,74.16,1
O004454,1,P0022,S0002,2,14730.80,74.39,10
O004455,1,P0039,S0013,3,9345.90,74.62,9
O004456,1,P0056,S0024,1,2789.90,74.85,8
O004457,1,P0073,S0035,2,6334.60,75.08,7
O004458,1,P0090,S0006,3,17372.40,75.31,6
O004458,2,P0093,S0013,2,5220.20,75.42,9
O004459,1,P0007,S0017,1,1138.20,75.54,5
O004459,2,P0010,S0024,3,17217.90,75.65,8
O004460,1,P0024,S0028,2,8095.60,75.77,4
O004460,2,P0027,S0035,1,2991.90,75.88,7
O004461,1,P0041,S0039,3,22431.30,76.00,3
O004461,2,P0044,S0006,2,735.20,76.11,6
O004462,1,P0058,S0010,1,6198.50,76.23,2
O004463,1,P0075,S0021,2,727.60,76.46,1
O004464,1,P0092,S0032,3,22113.60,76.69,10
O004465,1,P0009,S0003,1,5390.90,76.92,9
O004466,1,P0026,S0014,2,6794.80,77.15,8
O004467,1,P0043,S0025,3,12924.00,77.38,7
O004468,1,P0060,S0036,1,709.30,77.61,6
O004469,1,P0077,S0007,2,5741.40,77.84,5
O004470,1,P0094,S0018,3,11805.00,78.07,4
O004471,1,P0011,S0029,1,3448.00,78.30,3
O004472,1,P0028,S0040,2,4603.00,78.53,2
O004472,2,P0031,S0007,1,5972.40,78.64,5
O004473,1,P0045,S0011,3,18081.60,78.76,1
O004473,2,P0048,S0018,2,14576.80,78.87,4
O004473,3,P0051,S0025,1,6187.00,78.98,7
O004474,1,P0062,S0022,1,7717.00,78.99,10
O004474,2,P0065,S0029,3,20123.70,79.10,3
O004475,1,P0079,S0033,2,12894.60,79.22,9
O004475,2,P0082,S0040,1,4206.50,79.33,2
O004476,1,P0096,S0004,3,18017.10,79.45,8
O004477,1,P0013,S0015,1,4703.20,79.68,7
O004478,1,P0030,S0026,2,3391.60,79.91,6
O004479,1,P0047,S0037,3,12707.40,80.14,5
O004480,1,P0064,S0008,1,7676.20,80.37,4
O004481,1,P0081,S0019,2,5952.60,80.60,3
O004482,1,P0098,S0030,3,10572.60,80.83,2
O004482,2,P0001,S0037,2,2514.60,80.94,5
O004483,1,P0015,S0001,1,6911.10,81.06,1
O004484,1,P0032,S0012,2,7841.00,81.29,10
O004485,1,P0049,S0023,3,10922.40,81.52,9
O004486,1,P0066,S0034,1,8306.10,81.75,8
O004486,2,P0069,S0001,3,9599.10,81.86,1
O004487,1,P0083,S0005,2,11017.00,81.98,7
O004487,2,P0086,S0012,1,1934.60,82.09,10
O004488,1,P0100,S0016,3,14403.00,82.21,6
O004488,2,P0003,S0023,2,4263.80,82.32,9
O004489,1,P0017,S0027,1,7560.20,82.44,5
O004489,2,P0020,S0034,3,22104.00,82.55,8
O004489,3,P0023,S0001,2,13228.20,82.66,1
O004490,1,P0034,S0038,2,817.20,82.67,4
O004491,1,P0051,S0009,3,18561.00,82.90,3
O004491,2,P0054,S0016,2,5022.80,83.01,6
O004492,1,P0068,S0020,1,1231.00,83.13,2
O004493,1,P0085,S0031,2,16738.20,83.36,1
O004494,1,P0002,S0002,3,3555.90,83.59,10
O004495,1,P0019,S0013,1,2137.50,83.82,9
O004496,1,P0036,S0024,2,9489.60,84.05,8
O004497,1,P0053,S0035,3,16237.20,84.28,7
O004498,1,P0070,S0006,1,3597.50,84.51,6
O004499,1,P0087,S0017,2,11393.80,84.74,5
O004500,1,P0004,S0028,3,16939.80,84.97,4
O004500,2,P0007,S0035,2,2276.40,85.08,7
O004500,3,P0010,S0002,1,5739.30,85.19,10
O004501,1,P0021,S0039,1,867.80,85.20,3
O004501,2,P0024,S0006,3,12143.40,85.31,6
O004502,1,P0038,S0010,2,8312.60,85.43,2
O004502,2,P0041,S0017,1,7477.10,85.54,5
O004503,1,P0055,S0021,3,4906.80,85.66,1
O004503,2,P0058,S0028,2,12397.00,85.77,4
O004504,1,P0072,S0032,1,5081.80,85.89,10
O004504,2,P0075,S0039,3,1091.40,86.00,3
O004505,1,P0089,S0003,2,15654.80,86.12,9
O004506,1,P0006,S0014,3,7844.10,86.35,8
O004507,1,P0023,S0025,1,6614.10,86.58,7
O004508,1,P0040,S0036,2,8012.40,86.81,6
O004509,1,P0057,S0007,3,19202.10,87.04,5
O004510,1,P0074,S0018,1,3489.30,87.27,4
O004511,1,P0091,S0029,2,15240.00,87.50,3
O004512,1,P0008,S0040,3,14160.90,87.73,2
O004513,1,P0025,S0011,1,7444.70,87.96,1
O004514,1,P0042,S0022,2,11330.00,88.19,10
O004515,1,P0059,S0033,3,23185.50,88.42,9
O004515,2,P0062,S0040,2,15434.00,88.53,2
O004516,1,P0076,S0004,1,7854.30,88.65,8
O004516,2,P0079,S0011,3,19341.90,88.76,1
O004517,1,P0093,S0015,2,5220.20,88.88,7
O004517,2,P0096,S0022,1,6005.70,88.99,10
O004518,1,P0010,S0026,3,17217.90,89.11,6
O004518,2,P0013,S0033,2,9406.40,89.22,9
O004519,1,P0027,S0037,1,2991.90,89.34,5
O004520,1,P0044,S0008,2,735.20,89.57,4
O004521,1,P0061,S0019,3,19173.00,89.80,3
O004522,1,P0078,S0030,1,4868.50,90.03,2
O004523,1,P0095,S0001,2,15256.40,90.26,1
O004524,1,P0012,S0012,3,6172.50,90.49,10
O004525,1,P0029,S0023,1,7000.60,90.72,9
O004526,1,P0046,S0034,2,16490.00,90.95,8
O004527,1,P0063,S0005,3,11558.40,91.18,7
O004528,1,P0080,S0016,1,2826.60,91.41,6
O004529,1,P0097,S0027,2,9544.60,91.64,5
O004529,2,P0100,S0034,1,4801.00,91.75,8
O004530,1,P0014,S0038,3,25243.80,91.87,4
O004530,2,P0017,S0005,2,15120.40,91.98,7
O004531,1,P0031,S0009,1,5972.40,92.10,3
O004531,2,P0034,S0016,3,1225.80,92.21,6
O004532,1,P0048,S0020,2,14576.80,92.33,2
O004532,2,P0051,S0027,1,6187.00,92.44,5
O004533,1,P0065,S0031,3,20123.70,92.56,1
O004534,1,P0082,S0002,1,4206.50,92.79,10
O004535,1,P0099,S0013,2,5567.40,93.02,9
O004536,1,P0016,S0024,3,22477.20,93.25,8
O004537,1,P0033,S0035,1,871.80,93.48,7
O004538,1,P0050,S0006,2,11415.20,93.71,6
O004539,1,P0067,S0017,3,23653.80,93.94,5
O004540,1,P0084,S0028,1,2180.80,94.17,4
O004541,1,P0001,S0039,2,2514.60,94.40,3
O004542,1,P0018,S0010,3,19265.10,94.63,2
O004543,1,P0035,S0021,1,927.50,94.86,1
O004543,2,P0038,S0028,3,12468.90,94.97,4
O004544,1,P0052,S0032,2,11221.60,95.09,10
O004544,2,P0055,S0039,1,1635.60,95.20,3
O004545,1,P0069,S0003,3,9599.10,95.32,9
O004545,2,P0072,S0010,2,10163.60,95.43,2
O004546,1,P0086,S0014,1,1934.60,95.55,8
O004546,2,P0089,S0021,3,23482.20,95.66,1
O004547,1,P0003,S0025,2,4263.80,95.78,7
O004547,2,P0006,S0032,1,2614.70,95.89,10
O004548,1,P0020,S0036,3,22104.00,96.01,6
O004549,1,P0037,S0007,1,1901.80,96.24,5
O004550,1,P0054,S0018,2,5022.80,96.47,4
O004551,1,P0071,S0029,3,13505.10,96.70,3
O004552,1,P0088,S0040,1,6903.50,96.93,2
O004553,1,P0005,S0011,2,13893.80,97.16,1
O004554,1,P0022,S0022,3,22096.20,97.39,10
O004555,1,P0039,S0033,1,3115.30,97.62,9
O004556,1,P0056,S0004,2,5579.80,97.85,8
O004556,2,P0059,S0011,1,7728.50,97.96,1
O004557,1,P0073,S0015,3,9501.90,98.08,7
O004558,1,P0090,S0026,1,5790.80,98.31,6
O004558,2,P0093,S0033,3,7830.30,98.42,9
O004559,1,P0007,S0037,2,2276.40,98.54,5
O004559,2,P0010,S0004,1,5739.30,98.65,8
O004560,1,P0024,S0008,3,12143.40,98.77,4
O004560,2,P0027,S0015,2,5983.80,98.88,7
O004561,1,P0041,S0019,1,7477.10,99.00,3
O004561,2,P0044,S0026,3,1102.80,99.11,6
O004562,1,P0058,S0030,2,12397.00,99.23,2
O004563,1,P0075,S0001,3,1091.40,99.46,1
O004564,1,P0092,S0012,1,7371.20,99.69,10
O004565,1,P0009,S0023,2,10781.80,99.92,9
O004566,1,P0026,S0034,3,10192.20,30.14,8
O004567,1,P0043,S0005,1,4308.00,30.37,7
O004568,1,P0060,S0016,2,1418.60,30.60,6
O004569,1,P0077,S0027,3,8612.10,30.83,5
O004570,1,P0094,S0038,1,3935.00,31.06,4
O004571,1,P0011,S0009,2,6896.00,31.29,3
O004572,1,P0028,S0020,3,6904.50,31.52,2
O004572,2,P0031,S0027,2,11944.80,31.63,5
O004573,1,P0045,S0031,1,6027.20,31.75,1
O004573,2,P0048,S0038,3,21865.20,31.86,4
O004573,3,P0051,S0005,2,12374.00,31.97,7
O004574,1,P0062,S0002,2,15434.00,31.98,10
O004574,2,P0065,S0009,1,6707.90,32.09,3
O004575,1,P0079,S0013,3,19341.90,32.21,9
O004575,2,P0082,S0020,2,8413.00,32.32,2
O004576,1,P0096,S0024,1,6005.70,32.44,8
O004577,1,P0013,S0035,2,9406.40,32.67,7
O004578,1,P0030,S0006,3,5087.40,32.90,6
O004579,1,P0047,S0017,1,4235.80,33.13,5
O004580,1,P0064,S0028,2,15352.40,33.36,4
O004581,1,P0081,S0039,3,8928.90,33.59,3
O004582,1,P0098,S0010,1,3524.20,33.82,2
O004582,2,P0001,S0017,3,3771.90,33.93,5
O004583,1,P0015,S0021,2,13822.20,34.05,1
O004584,1,P0032,S0032,3,11761.50,34.28,10
O004585,1,P0049,S0003,1,3640.80,34.51,9
O004586,1,P0066,S0014,2,16612.20,34.74,8
O004586,2,P0069,S0021,1,3199.70,34.85,1
O004587,1,P0083,S0025,3,16525.50,34.97,7
O004587,2,P0086,S0032,2,3869.20,35.08,10
O004588,1,P0100,S0036,1,4801.00,35.20,6
O004588,2,P0003,S0003,3,6395.70,35.31,9
O004589,1,P0017,S0007,2,15120.40,35.43,5
O004589,2,P0020,S0014,1,7368.00,35.54,8
O004590,1,P0034,S0018,3,1225.80,35.66,4
O004591,1,P0051,S0029,1,6187.00,35.89,3
O004591,2,P0054,S0036,3,7534.20,36.00,6
O004592,1,P0068,S0040,2,2462.00,36.12,2
O004593,1,P0085,S0011,3,25107.30,36.35,1
O004594,1,P0002,S0022,1,1185.30,36.58,10
O004595,1,P0019,S0033,2,4275.00,36.81,9
O004596,1,P0036,S0004,3,14234.40,37.04,8
O004597,1,P0053,S0015,1,5412.40,37.27,7
O004598,1,P0070,S0026,2,7195.00,37.50,6
O004599,1,P0087,S0037,3,17090.70,37.73,5
O004600,1,P0004,S0008,1,5646.60,37.96,4
O004600,2,P0007,S0015,3,3414.60,38.07,7
O004600,3,P0010,S0022,2,11478.60,38.18,10
O004601,1,P0021,S0019,2,1735.60,38.19,3
O004601,2,P0024,S0026,1,4047.80,38.30,6
O004602,1,P0038,S0030,3,12468.90,38.42,2
O004602,2,P0041,S0037,2,14954.20,38.53,5
O004603,1,P0055,S0001,1,1635.60,38.65,1
O004603,2,P0058,S0008,3,18595.50,38.76,4
O004604,1,P0072,S0012,2,10163.60,38.88,10
O004604,2,P0075,S0019,1,363.80,38.99,3
O004605,1,P0089,S0023,3,23482.20,39.11,9
O004606,1,P0006,S0034,1,2614.70,39.34,8
O004607,1,P0023,S0005,2,13228.20,39.57,7
O004608,1,P0040,S0016,3,12018.60,39.80,6
O004609,1,P0057,S0027,1,6400.70,40.03,5
O004610,1,P0074,S0038,2,6978.60,40.26,4
O004611,1,P0091,S0009,3,22860.00,40.49,3
O004612,1,P0008,S0020,1,4720.30,40.72,2
O004613,1,P0025,S0031,2,14889.40,40.95,1
O004614,1,P0042,S0002,3,16995.00,41.18,10
O004615,1,P0059,S0013,1,7728.50,41.41,9
O004615,2,P0062,S0020,3,23151.00,41.52,2
O004616,1,P0076,S0024,2,15708.60,41.64,8
O004616,2,P0079,S0031,1,6447.30,41.75,1
O004617,1,P0093,S0035,3,7830.30,41.87,7
O004617,2,P0096,S0002,2,12011.40,41.98,10
O004618,1,P0010,S0006,1,5739.30,42.10,6
O004618,2,P0013,S0013,3,14109.60,42.21,9
O004619,1,P0027,S0017,2,5983.80,42.33,5
O004620,1,P0044,S0028,3,1102.80,42.56,4
O004621,1,P0061,S0039,1,6391.00,42.79,3
O004622,1,P0078,S0010,2,9737.00,43.02,2
O004623,1,P0095,S0021,3,22884.60,43.25,1
O004623,2,P0098,S0028,2,7048.40,43.36,4
O004624,1,P0012,S0032,1,2057.50,43.48,10
O004625,1,P0029,S0003,2,14001.20,43.71,9
O004626,1,P0046,S0014,3,24735.00,43.94,8
O004627,1,P0063,S0025,1,3852.80,44.17,7
O004628,1,P0080,S0036,2,5653.20,44.40,6
O004629,1,P0097,S0007,3,14316.90,44.63,5
O004629,2,P0100,S0014,2,9602.00,44.74,8
O004630,1,P0014,S0018,1,8414.60,44.86,4
O004630,2,P0017,S0025,3,22680.60,44.97,7
O004631,1,P0031,S0029,2,11944.80,45.09,3
O004631,2,P0034,S0036,1,408.60,45.20,6
O004632,1,P0048,S0040,3,21865.20,45.32,2
O004632,2,P0051,S0007,2,12374.00,45.43,5
O004633,1,P0065,S0011,1,6707.90,45.55,1
O004634,1,P0082,S0022,2,8413.00,45.78,10
O004635,1,P0099,S0033,3,8351.10,46.01,9
O004636,1,P0016,S0004,1,7492.40,46.24,8
O004637,1,P0033,S0015,2,1743.60,46.47,7
O004638,1,P0050,S0026,3,17122.80,46.70,6
O004639,1,P0067,S0037,1,7884.60,46.93,5
O004640,1,P0084,S0008,2,4361.60,47.16,4
O004641,1,P0001,S0019,3,3771.90,47.39,3
O004642,1,P0018,S0030,1,6421.70,47.62,2
O004643,1,P0035,S0001,2,1855.00,47.85,1
O004643,2,P0038,S0008,1,4156.30,47.96,4
O004644,1,P0052,S0012,3,16832.40,48.08,10
O004644,2,P0055,S0019,2,3271.20,48.19,3
O004645,1,P0069,S0023,1,3199.70,48.31,9
O004645,2,P0072,S0030,3,15245.40,48.42,2
O004646,1,P0086,S0034,2,3869.20,48.54,8
O004646,2,P0089,S0001,1,7827.40,48.65,1
O004647,1,P0003,S0005,3,6395.70,48.77,7
O004647,2,P0006,S0012,2,5229.40,48.88,10
O004648,1,P0020,S0016,1,7368.00,49.00,6
O004649,1,P0037,S0027,2,3803.60,49.23,5
O004650,1,P0054,S0038,3,7534.20,49.46,4
O004651,1,P0071,S0009,1,4501.70,49.69,3
O004652,1,P0088,S0020,2,13807.00,49.92,2
O004653,1,P0005,S0031,3,20840.70,50.15,1
O004654,1,P0022,S0002,1,7365.40,50.38,10
O004655,1,P0039,S0013,2,6230.60,50.61,9
O004656,1,P0056,S0024,3,8369.70,50.84,8
O004657,1,P0073,S0035,1,3167.30,51.07,7
O004658,1,P0090,S0006,2,11581.60,51.30,6
O004658,2,P0093,S0013,1,2610.10,51.41,9
O004659,1,P0007,S0017,3,3414.60,51.53,5
O004659,2,P0010,S0024,2,11478.60,51.64,8
O004660,1,P0024,S0028,1,4047.80,51.76,4
O004660,2,P0027,S0035,3,8975.70,51.87,7
O004661,1,P0041,S0039,2,14954.20,51.99,3
O004661,2,P0044,S0006,1,367.60,52.10,6
O004662,1,P0058,S0010,3,18595.50,52.22,2
O004663,1,P0075,S0021,1,363.80,52.45,1
O004664,1,P0092,S0032,2,14742.40,52.68,10
O004665,1,P0009,S0003,3,16172.70,52.91,9
O004666,1,P0026,S0014,1,3397.40,53.14,8
O004667,1,P0043,S0025,2,8616.00,53.37,7
O004668,1,P0060,S0036,3,2127.90,53.60,6
O004669,1,P0077,S0007,1,2870.70,53.83,5
O004670,1,P0094,S0018,2,7870.00,54.06,4
O004671,1,P0011,S0029,3,10344.00,54.29,3
O004672,1,P0028,S0040,1,2301.50,54.52,2
O004672,2,P0031,S0007,3,17917.20,54.63,5
O004673,1,P0045,S0011,2,12054.40,54.75,1
O004673,2,P0048,S0018,1,7288.40,54.86,4
O004673,3,P0051,S0025,3,18561.00,54.97,7
O004674,1,P0062,S0022,3,23151.00,54.98,10
O004674,2,P0065,S0029,2,13415.80,55.09,3
O004675,1,P0079,S0033,1,6447.30,55.21,9
O004675,2,P0082,S0040,3,12619.50,55.32,2
O004676,1,P0096,S0004,2,12011.40,55.44,8
O004677,1,P0013,S0015,3,14109.60,55.67,7
O004678,1,P0030,S0026,1,1695.80,55.90,6
O004679,1,P0047,S0037,2,8471.60,56.13,5
O004680,1,P0064,S0008,3,23028.60,56.36,4
O004681,1,P0081,S0019,1,2976.30,56.59,3
O004682,1,P0098,S0030,2,7048.40,56.82,2
O004682,2,P0001,S0037,1,1257.30,56.93,5
O004683,1,P0015,S0001,3,20733.30,57.05,1
O004684,1,P0032,S0012,1,3920.50,57.28,10
O004685,1,P0049,S0023,2,7281.60,57.51,9
O004686,1,P0066,S0034,3,24918.30,57.74,8
O004686,2,P0069,S0001,2,6399.40,57.85,1
O004687,1,P0083,S0005,1,5508.50,57.97,7
O004687,2,P0086,S0012,3,5803.80,58.08,10
O004688,1,P0100,S0016,2,9602.00,58.20,6
O004688,2,P0003,S0023,1,2131.90,58.31,9
O004689,1,P0017,S0027,3,22680.60,58.43,5
O004689,2,P0020,S0034,2,14736.00,58.54,8
O004690,1,P0034,S0038,1,408.60,58.66,4
O004690,2,P0037,S0005,3,5705.40,58.77,7
O004691,1,P0051,S0009,2,12374.00,58.89,3
O004691,2,P0054,S0016,1,2511.40,59.00,6
O004692,1,P0068,S0020,3,3693.00,59.12,2
O004693,1,P0085,S0031,1,8369.10,59.35,1
O004694,1,P0002,S0002,2,2370.60,59.58,10
O004695,1,P0019,S0013,3,6412.50,59.81,9
O004696,1,P0036,S0024,1,4744.80,60.04,8
O004697,1,P0053,S0035,2,10824.80,60.27,7
O004698,1,P0070,S0006,3,10792.50,60.50,6
O004699,1,P0087,S0017,1,5696.90,60.73,5
O004700,1,P0004,S0028,2,11293.20,60.96,4
O004700,2,P0007,S0035,1,1138.20,61.07,7
O004700,3,P0010,S0002,3,17217.90,61.18,10
O004701,1,P0021,S0039,3,2603.40,61.19,3
O004701,2,P0024,S0006,2,8095.60,61.30,6
O004702,1,P0038,S0010,1,4156.30,61.42,2
O004702,2,P0041,S0017,3,22431.30,61.53,5
O004703,1,P0055,S0021,2,3271.20,61.65,1
O004703,2,P0058,S0028,1,6198.50,61.76,4
O004704,1,P0072,S0032,3,15245.40,61.88,10
O004704,2,P0075,S0039,2,727.60,61.99,3
O004705,1,P0089,S0003,1,7827.40,62.11,9
O004706,1,P0006,S0014,2,5229.40,62.34,8
O004707,1,P0023,S0025,3,19842.30,62.57,7
O004708,1,P0040,S0036,1,4006.20,62.80,6
O004709,1,P0057,S0007,2,12801.40,63.03,5
O004710,1,P0074,S0018,3,10467.90,63.26,4
O004711,1,P0091,S0029,1,7620.00,63.49,3
O004712,1,P0008,S0040,2,9440.60,63.72,2
O004713,1,P0025,S0011,3,22334.10,63.95,1
O004714,1,P0042,S0022,1,5665.00,64.18,10
O004715,1,P0059,S0033,2,15457.00,64.41,9
O004715,2,P0062,S0040,1,7717.00,64.52,2
O004716,1,P0076,S0004,3,23562.90,64.64,8
O004716,2,P0079,S0011,2,12894.60,64.75,1
O004717,1,P0093,S0015,1,2610.10,64.87,7
O004717,2,P0096,S0022,3,18017.10,64.98,10
O004718,1,P0010,S0026,2,11478.60,65.10,6
O004718,2,P0013,S0033,1,4703.20,65.21,9
O004719,1,P0027,S0037,3,8975.70,65.33,5
O004720,1,P0044,S0008,1,367.60,65.56,4
O004721,1,P0061,S0019,2,12782.00,65.79,3
O004722,1,P0078,S0030,3,14605.50,66.02,2
O004723,1,P0095,S0001,1,7628.20,66.25,1
O004724,1,P0012,S0012,2,4115.00,66.48,10
O004725,1,P0029,S0023,3,21001.80,66.71,9
O004726,1,P0046,S0034,1,8245.00,66.94,8
O004727,1,P0063,S0005,2,7705.60,67.17,7
O004728,1,P0080,S0016,3,8479.80,67.40,6
O004729,1,P0097,S0027,1,4772.30,67.63,5
O004729,2,P0100,S0034,3,14403.00,67.74,8
O004730,1,P0014,S0038,2,16829.20,67.86,4
O004730,2,P0017,S0005,1,7560.20,67.97,7
O004731,1,P0031,S0009,3,17917.20,68.09,3
O004731,2,P0034,S0016,2,817.20,68.20,6
O004732,1,P0048,S0020,1,7288.40,68.32,2
O004732,2,P0051,S0027,3,18561.00,68.43,5
O004733,1,P0065,S0031,2,13415.80,68.55,1
O004734,1,P0082,S0002,3,12619.50,68.78,10
O004735,1,P0099,S0013,1,2783.70,69.01,9
O004736,1,P0016,S0024,2,14984.80,69.24,8
O004737,1,P0033,S0035,3,2615.40,69.47,7
O004738,1,P0050,S0006,1,5707.60,69.70,6
O004739,1,P0067,S0017,2,15769.20,69.93,5
O004740,1,P0084,S0028,3,6542.40,70.16,4
O004741,1,P0001,S0039,1,1257.30,70.39,3
O004742,1,P0018,S0010,2,12843.40,70.62,2
O004743,1,P0035,S0021,3,2782.50,70.85,1
O004743,2,P0038,S0028,2,8312.60,70.96,4
O004744,1,P0052,S0032,1,5610.80,71.08,10
O004744,2,P0055,S0039,3,4906.80,71.19,3
O004745,1,P0069,S0003,2,6399.40,71.31,9
O004745,2,P0072,S0010,1,5081.80,71.42,2
O004746,1,P0086,S0014,3,5803.80,71.54,8
O004746,2,P0089,S0021,2,15654.80,71.65,1
O004747,1,P0003,S0025,1,2131.90,71.77,7
O004747,2,P0006,S0032,3,7844.10,71.88,10
O004748,1,P0020,S0036,2,14736.00,72.00,6
O004749,1,P0037,S0007,3,5705.40,72.23,5
O004750,1,P0054,S0018,1,2511.40,72.46,4
O004751,1,P0071,S0029,2,9003.40,72.69,3
O004752,1,P0088,S0040,3,20710.50,72.92,2
O004753,1,P0005,S0011,1,6946.90,73.15,1
O004754,1,P0022,S0022,2,14730.80,73.38,10
O004755,1,P0039,S0033,3,9345.90,73.61,9
O004756,1,P0056,S0004,1,2789.90,73.84,8
O004757,1,P0073,S0015,2,6334.60,74.07,7
O004757,2,P0076,S0022,1,7854.30,74.18,10
O004758,1,P0090,S0026,3,17372.40,74.30,6
O004758,2,P0093,S0033,2,5220.20,74.41,9
O004759,1,P0007,S0037,1,1138.20,74.53,5
O004759,2,P0010,S0004,3,17217.90,74.64,8
O004760,1,P0024,S0008,2,8095.60,74.76,4
O004760,2,P0027,S0015,1,2991.90,74.87,7
O004761,1,P0041,S0019,3,22431.30,74.99,3
O004761,2,P0044,S0026,2,735.20,75.10,6
O004762,1,P0058,S0030,1,6198.50,75.22,2
O004763,1,P0075,S0001,2,727.60,75.45,1
O004764,1,P0092,S0012,3,22113.60,75.68,10
O004765,1,P0009,S0023,1,5390.90,75.91,9
O004766,1,P0026,S0034,2,6794.80,76.14,8
O004767,1,P0043,S0005,3,12924.00,76.37,7
O004768,1,P0060,S0016,1,709.30,76.60,6
O004769,1,P0077,S0027,2,5741.40,76.83,5
O004770,1,P0094,S0038,3,11805.00,77.06,4
O004771,1,P0011,S0009,1,3448.00,77.29,3
O004772,1,P0028,S0020,2,4603.00,77.52,2
O004772,2,P0031,S0027,1,5972.40,77.63,5
O004773,1,P0045,S0031,3,18081.60,77.75,1
O004773,2,P0048,S0038,2,14576.80,77.86,4
O004773,3,P0051,S0005,1,6187.00,77.97,7
O004774,1,P0062,S0002,1,7717.00,77.98,10
O004774,2,P0065,S0009,3,20123.70,78.09,3
O004775,1,P0079,S0013,2,12894.60,78.21,9
O004775,2,P0082,S0020,1,4206.50,78.32,2
O004776,1,P0096,S0024,3,18017.10,78.44,8
O004777,1,P0013,S0035,1,4703.20,78.67,7
O004778,1,P0030,S0006,2,3391.60,78.90,6
O004779,1,P0047,S0017,3,12707.40,79.13,5
O004780,1,P0064,S0028,1,7676.20,79.36,4
O004781,1,P0081,S0039,2,5952.60,79.59,3
O004782,1,P0098,S0010,3,10572.60,79.82,2
O004782,2,P0001,S0017,2,2514.60,79.93,5
O004783,1,P0015,S0021,1,6911.10,80.05,1
O004784,1,P0032,S0032,2,7841.00,80.28,10
O004785,1,P0049,S0003,3,10922.40,80.51,9
O004786,1,P0066,S0014,1,8306.10,80.74,8
O004786,2,P0069,S0021,3,9599.10,80.85,1
O004787,1,P0083,S0025,2,11017.00,80.97,7
O004787,2,P0086,S0032,1,1934.60,81.08,10
O004788,1,P0100,S0036,3,14403.00,81.20,6
O004788,2,P0003,S0003,2,4263.80,81.31,9
O004789,1,P0017,S0007,1,7560.20,81.43,5
O004789,2,P0020,S0014,3,22104.00,81.54,8
O004790,1,P0034,S0018,2,817.20,81.66,4
O004791,1,P0051,S0029,3,18561.00,81.89,3
O004791,2,P0054,S0036,2,5022.80,82.00,6
O004792,1,P0068,S0040,1,1231.00,82.12,2
O004793,1,P0085,S0011,2,16738.20,82.35,1
O004794,1,P0002,S0022,3,3555.90,82.58,10
O004795,1,P0019,S0033,1,2137.50,82.81,9
O004796,1,P0036,S0004,2,9489.60,83.04,8
O004797,1,P0053,S0015,3,16237.20,83.27,7
O004798,1,P0070,S0026,1,3597.50,83.50,6
O004799,1,P0087,S0037,2,11393.80,83.73,5
O004800,1,P0004,S0008,3,16939.80,83.96,4
O004800,2,P0007,S0015,2,2276.40,84.07,7
O004800,3,P0010,S0022,1,5739.30,84.18,10
O004801,1,P0021,S0019,1,867.80,84.19,3
O004801,2,P0024,S0026,3,12143.40,84.30,6
O004802,1,P0038,S0030,2,8312.60,84.42,2
O004802,2,P0041,S0037,1,7477.10,84.53,5
O004803,1,P0055,S0001,3,4906.80,84.65,1
O004803,2,P0058,S0008,2,12397.00,84.76,4
O004804,1,P0072,S0012,1,5081.80,84.88,10
O004804,2,P0075,S0019,3,1091.40,84.99,3
O004805,1,P0089,S0023,2,15654.80,85.11,9
O004806,1,P0006,S0034,3,7844.10,85.34,8
O004807,1,P0023,S0005,1,6614.10,85.57,7
O004808,1,P0040,S0016,2,8012.40,85.80,6
O004809,1,P0057,S0027,3,19202.10,86.03,5
O004810,1,P0074,S0038,1,3489.30,86.26,4
O004811,1,P0091,S0009,2,15240.00,86.49,3
O004812,1,P0008,S0020,3,14160.90,86.72,2
O004813,1,P0025,S0031,1,7444.70,86.95,1
O004814,1,P0042,S0002,2,11330.00,87.18,10
O004815,1,P0059,S0013,3,23185.50,87.41,9
O004815,2,P0062,S0020,2,15434.00,87.52,2
O004816,1,P0076,S0024,1,7854.30,87.64,8
O004816,2,P0079,S0031,3,19341.90,87.75,1
O004817,1,P0093,S0035,2,5220.20,87.87,7
O004817,2,P0096,S0002,1,6005.70,87.98,10
O004818,1,P0010,S0006,3,17217.90,88.10,6
O004818,2,P0013,S0013,2,9406.40,88.21,9
O004819,1,P0027,S0017,1,2991.90,88.33,5
O004820,1,P0044,S0028,2,735.20,88.56,4
O004821,1,P0061,S0039,3,19173.00,88.79,3
O004822,1,P0078,S0010,1,4868.50,89.02,2
O004823,1,P0095,S0021,2,15256.40,89.25,1
O004824,1,P0012,S0032,3,6172.50,89.48,10
O004824,2,P0015,S0039,2,13822.20,89.59,3
O004825,1,P0029,S0003,1,7000.60,89.71,9
O004826,1,P0046,S0014,2,16490.00,89.94,8
O004827,1,P0063,S0025,3,11558.40,90.17,7
O004828,1,P0080,S0036,1,2826.60,90.40,6
O004829,1,P0097,S0007,2,9544.60,90.63,5
O004829,2,P0100,S0014,1,4801.00,90.74,8
O004830,1,P0014,S0018,3,25243.80,90.86,4
O004830,2,P0017,S0025,2,15120.40,90.97,7
O004831,1,P0031,S0029,1,5972.40,91.09,3
O004831,2,P0034,S0036,3,1225.80,91.20,6
O004832,1,P0048,S0040,2,14576.80,91.32,2
O004832,2,P0051,S0007,1,6187.00,91.43,5
O004833,1,P0065,S0011,3,20123.70,91.55,1
O004834,1,P0082,S0022,1,4206.50,91.78,10
O004835,1,P0099,S0033,2,5567.40,92.01,9
O004836,1,P0016,S0004,3,22477.20,92.24,8
O004837,1,P0033,S0015,1,871.80,92.47,7
O004838,1,P0050,S0026,2,11415.20,92.70,6
O004839,1,P0067,S0037,3,23653.80,92.93,5
O004840,1,P0084,S0008,1,2180.80,93.16,4
O004841,1,P0001,S0019,2,2514.60,93.39,3
O004842,1,P0018,S0030,3,19265.10,93.62,2
O004843,1,P0035,S0001,1,927.50,93.85,1
O004843,2,P0038,S0008,3,12468.90,93.96,4
O004844,1,P0052,S0012,2,11221.60,94.08,10
O004844,2,P0055,S0019,1,1635.60,94.19,3
O004845,1,P0069,S0023,3,9599.10,94.31,9
O004845,2,P0072,S0030,2,10163.60,94.42,2
O004846,1,P0086,S0034,1,1934.60,94.54,8
O004846,2,P0089,S0001,3,23482.20,94.65,1
O004847,1,P0003,S0005,2,4263.80,94.77,7
O004847,2,P0006,S0012,1,2614.70,94.88,10
O004848,1,P0020,S0016,3,22104.00,95.00,6
O004849,1,P0037,S0027,1,1901.80,95.23,5
O004850,1,P0054,S0038,2,5022.80,95.46,4
O004851,1,P0071,S0009,3,13505.10,95.69,3
O004852,1,P0088,S0020,1,6903.50,95.92,2
O004853,1,P0005,S0031,2,13893.80,96.15,1
O004854,1,P0022,S0002,3,22096.20,96.38,10
O004855,1,P0039,S0013,1,3115.30,96.61,9
O004856,1,P0056,S0024,2,5579.80,96.84,8
O004857,1,P0073,S0035,3,9501.90,97.07,7
O004858,1,P0090,S0006,1,5790.80,97.30,6
O004858,2,P0093,S0013,3,7830.30,97.41,9
O004859,1,P0007,S0017,2,2276.40,97.53,5
O004859,2,P0010,S0024,1,5739.30,97.64,8
O004860,1,P0024,S0028,3,12143.40,97.76,4
O004860,2,P0027,S0035,2,5983.80,97.87,7
O004861,1,P0041,S0039,1,7477.10,97.99,3
O004861,2,P0044,S0006,3,1102.80,98.10,6
O004862,1,P0058,S0010,2,12397.00,98.22,2
O004863,1,P0075,S0021,3,1091.40,98.45,1
O004864,1,P0092,S0032,1,7371.20,98.68,10
O004865,1,P0009,S0003,2,10781.80,98.91,9
O004866,1,P0026,S0014,3,10192.20,99.14,8
O004867,1,P0043,S0025,1,4308.00,99.37,7
O004868,1,P0060,S0036,2,1418.60,99.60,6
O004869,1,P0077,S0007,3,8612.10,99.83,5
O004870,1,P0094,S0018,1,3935.00,30.05,4
O004871,1,P0011,S0029,2,6896.00,30.28,3
O004872,1,P0028,S0040,3,6904.50,30.51,2
O004872,2,P0031,S0007,2,11944.80,30.62,5
O004873,1,P0045,S0011,1,6027.20,30.74,1
O004873,2,P0048,S0018,3,21865.20,30.85,4
O004873,3,P0051,S0025,2,12374.00,30.96,7
O004874,1,P0062,S0022,2,15434.00,30.97,10
O004874,2,P0065,S0029,1,6707.90,31.08,3
O004875,1,P0079,S0033,3,19341.90,31.20,9
O004875,2,P0082,S0040,2,8413.00,31.31,2
O004876,1,P0096,S0004,1,6005.70,31.43,8
O004877,1,P0013,S0015,2,9406.40,31.66,7
O004878,1,P0030,S0026,3,5087.40,31.89,6
O004879,1,P0047,S0037,1,4235.80,32.12,5
O004880,1,P0064,S0008,2,15352.40,32.35,4
O004881,1,P0081,S0019,3,8928.90,32.58,3
O004882,1,P0098,S0030,1,3524.20,32.81,2
O004882,2,P0001,S0037,3,3771.90,32.92,5
O004883,1,P0015,S0001,2,13822.20,33.04,1
O004884,1,P0032,S0012,3,11761.50,33.27,10
O004885,1,P0049,S0023,1,3640.80,33.50,9
O004886,1,P0066,S0034,2,16612.20,33.73,8
O004886,2,P0069,S0001,1,3199.70,33.84,1
O004887,1,P0083,S0005,3,16525.50,33.96,7
O004887,2,P0086,S0012,2,3869.20,34.07,10
O004888,1,P0100,S0016,1,4801.00,34.19,6
O004888,2,P0003,S0023,3,6395.70,34.30,9
O004889,1,P0017,S0027,2,15120.40,34.42,5
O004889,2,P0020,S0034,1,7368.00,34.53,8
O004890,1,P0034,S0038,3,1225.80,34.65,4
O004891,1,P0051,S0009,1,6187.00,34.88,3
O004891,2,P0054,S0016,3,7534.20,34.99,6
O004891,3,P0057,S0023,2,12801.40,35.10,9
O004892,1,P0068,S0020,2,2462.00,35.11,2
O004893,1,P0085,S0031,3,25107.30,35.34,1
O004894,1,P0002,S0002,1,1185.30,35.57,10
O004895,1,P0019,S0013,2,4275.00,35.80,9
O004896,1,P0036,S0024,3,14234.40,36.03,8
O004897,1,P0053,S0035,1,5412.40,36.26,7
O004898,1,P0070,S0006,2,7195.00,36.49,6
O004899,1,P0087,S0017,3,17090.70,36.72,5
O004900,1,P0004,S0028,1,5646.60,36.95,4
O004900,2,P0007,S0035,3,3414.60,37.06,7
O004900,3,P0010,S0002,2,11478.60,37.17,10
O004901,1,P0021,S0039,2,1735.60,37.18,3
O004901,2,P0024,S0006,1,4047.80,37.29,6
O004902,1,P0038,S0010,3,12468.90,37.41,2
O004902,2,P0041,S0017,2,14954.20,37.52,5
O004903,1,P0055,S0021,1,1635.60,37.64,1
O004903,2,P0058,S0028,3,18595.50,37.75,4
O004904,1,P0072,S0032,2,10163.60,37.87,10
O004904,2,P0075,S0039,1,363.80,37.98,3
O004905,1,P0089,S0003,3,23482.20,38.10,9
O004906,1,P0006,S0014,1,2614.70,38.33,8
O004907,1,P0023,S0025,2,13228.20,38.56,7
O004908,1,P0040,S0036,3,12018.60,38.79,6
O004909,1,P0057,S0007,1,6400.70,39.02,5
O004910,1,P0074,S0018,2,6978.60,39.25,4
O004911,1,P0091,S0029,3,22860.00,39.48,3
O004912,1,P0008,S0040,1,4720.30,39.71,2
O004913,1,P0025,S0011,2,14889.40,39.94,1
O004914,1,P0042,S0022,3,16995.00,40.17,10
O004915,1,P0059,S0033,1,7728.50,40.40,9
O004915,2,P0062,S0040,3,23151.00,40.51,2
O004916,1,P0076,S0004,2,15708.60,40.63,8
O004916,2,P0079,S0011,1,6447.30,40.74,1
O004917,1,P0093,S0015,3,7830.30,40.86,7
O004917,2,P0096,S0022,2,12011.40,40.97,10
O004918,1,P0010,S0026,1,5739.30,41.09,6
O004918,2,P0013,S0033,3,14109.60,41.20,9
O004919,1,P0027,S0037,2,5983.80,41.32,5
O004920,1,P0044,S0008,3,1102.80,41.55,4
O004921,1,P0061,S0019,1,6391.00,41.78,3
O004922,1,P0078,S0030,2,9737.00,42.01,2
O004923,1,P0095,S0001,3,22884.60,42.24,1
O004924,1,P0012,S0012,1,2057.50,42.47,10
O004925,1,P0029,S0023,2,14001.20,42.70,9
O004926,1,P0046,S0034,3,24735.00,42.93,8
O004927,1,P0063,S0005,1,3852.80,43.16,7
O004928,1,P0080,S0016,2,5653.20,43.39,6
O004929,1,P0097,S0027,3,14316.90,43.62,5
O004929,2,P0100,S0034,2,9602.00,43.73,8
O004930,1,P0014,S0038,1,8414.60,43.85,4
O004930,2,P0017,S0005,3,22680.60,43.96,7
O004931,1,P0031,S0009,2,11944.80,44.08,3
O004931,2,P0034,S0016,1,408.60,44.19,6
O004932,1,P0048,S0020,3,21865.20,44.31,2
O004932,2,P0051,S0027,2,12374.00,44.42,5
O004933,1,P0065,S0031,1,6707.90,44.54,1
O004934,1,P0082,S0002,2,8413.00,44.77,10
O004935,1,P0099,S0013,3,8351.10,45.00,9
O004936,1,P0016,S0024,1,7492.40,45.23,8
O004937,1,P0033,S0035,2,1743.60,45.46,7
O004938,1,P0050,S0006,3,17122.80,45.69,6
O004939,1,P0067,S0017,1,7884.60,45.92,5
O004940,1,P0084,S0028,2,4361.60,46.15,4
O004941,1,P0001,S0039,3,3771.90,46.38,3
O004942,1,P0018,S0010,1,6421.70,46.61,2
O004943,1,P0035,S0021,2,1855.00,46.84,1
O004943,2,P0038,S0028,1,4156.30,46.95,4
O004944,1,P0052,S0032,3,16832.40,47.07,10
O004944,2,P0055,S0039,2,3271.20,47.18,3
O004945,1,P0069,S0003,1,3199.70,47.30,9
O004945,2,P0072,S0010,3,15245.40,47.41,2
O004946,1,P0086,S0014,2,3869.20,47.53,8
O004946,2,P0089,S0021,1,7827.40,47.64,1
O004947,1,P0003,S0025,3,6395.70,47.76,7
O004947,2,P0006,S0032,2,5229.40,47.87,10
O004948,1,P0020,S0036,1,7368.00,47.99,6
O004949,1,P0037,S0007,2,3803.60,48.22,5
O004950,1,P0054,S0018,3,7534.20,48.45,4
O004951,1,P0071,S0029,1,4501.70,48.68,3
O004952,1,P0088,S0040,2,13807.00,48.91,2
O004953,1,P0005,S0011,3,20840.70,49.14,1
O004954,1,P0022,S0022,1,7365.40,49.37,10
O004955,1,P0039,S0033,2,6230.60,49.60,9
O004956,1,P0056,S0004,3,8369.70,49.83,8
O004957,1,P0073,S0015,1,3167.30,50.06,7
O004958,1,P0090,S0026,2,11581.60,50.29,6
O004958,2,P0093,S0033,1,2610.10,50.40,9
O004958,3,P0096,S0040,3,18017.10,50.51,2
O004959,1,P0007,S0037,3,3414.60,50.52,5
O004959,2,P0010,S0004,2,11478.60,50.63,8
O004960,1,P0024,S0008,1,4047.80,50.75,4
O004960,2,P0027,S0015,3,8975.70,50.86,7
O004961,1,P0041,S0019,2,14954.20,50.98,3
O004961,2,P0044,S0026,1,367.60,51.09,6
O004962,1,P0058,S0030,3,18595.50,51.21,2
O004963,1,P0075,S0001,1,363.80,51.44,1
O004964,1,P0092,S0012,2,14742.40,51.67,10
O004965,1,P0009,S0023,3,16172.70,51.90,9
O004966,1,P0026,S0034,1,3397.40,52.13,8
O004967,1,P0043,S0005,2,8616.00,52.36,7
O004968,1,P0060,S0016,3,2127.90,52.59,6
O004969,1,P0077,S0027,1,2870.70,52.82,5
O004970,1,P0094,S0038,2,7870.00,53.05,4
O004971,1,P0011,S0009,3,10344.00,53.28,3
O004972,1,P0028,S0020,1,2301.50,53.51,2
O004972,2,P0031,S0027,3,17917.20,53.62,5
O004973,1,P0045,S0031,2,12054.40,53.74,1
O004973,2,P0048,S0038,1,7288.40,53.85,4
O004973,3,P0051,S0005,3,18561.00,53.96,7
O004974,1,P0062,S0002,3,23151.00,53.97,10
O004974,2,P0065,S0009,2,13415.80,54.08,3
O004975,1,P0079,S0013,1,6447.30,54.20,9
O004975,2,P0082,S0020,3,12619.50,54.31,2
O004976,1,P0096,S0024,2,12011.40,54.43,8
O004977,1,P0013,S0035,3,14109.60,54.66,7
O004978,1,P0030,S0006,1,1695.80,54.89,6
O004979,1,P0047,S0017,2,8471.60,55.12,5
O004980,1,P0064,S0028,3,23028.60,55.35,4
O004981,1,P0081,S0039,1,2976.30,55.58,3
O004982,1,P0098,S0010,2,7048.40,55.81,2
O004982,2,P0001,S0017,1,1257.30,55.92,5
O004983,1,P0015,S0021,3,20733.30,56.04,1
O004984,1,P0032,S0032,1,3920.50,56.27,10
O004985,1,P0049,S0003,2,7281.60,56.50,9
O004986,1,P0066,S0014,3,24918.30,56.73,8
O004986,2,P0069,S0021,2,6399.40,56.84,1
O004987,1,P0083,S0025,1,5508.50,56.96,7
O004987,2,P0086,S0032,3,5803.80,57.07,10
O004988,1,P0100,S0036,2,9602.00,57.19,6
O004988,2,P0003,S0003,1,2131.90,57.30,9
O004989,1,P0017,S0007,3,22680.60,57.42,5
O004989,2,P0020,S0014,2,14736.00,57.53,8
O004990,1,P0034,S0018,1,408.60,57.65,4
O004991,1,P0051,S0029,2,12374.00,57.88,3
O004991,2,P0054,S0036,1,2511.40,57.99,6
O004992,1,P0068,S0040,3,3693.00,58.11,2
O004993,1,P0085,S0011,1,8369.10,58.34,1
O004994,1,P0002,S0022,2,2370.60,58.57,10
O004995,1,P0019,S0033,3,6412.50,58.80,9
O004996,1,P0036,S0004,1,4744.80,59.03,8
O004997,1,P0053,S0015,2,10824.80,59.26,7
O004998,1,P0070,S0026,3,10792.50,59.49,6
O004999,1,P0087,S0037,1,5696.90,59.72,5
O005000,1,P0004,S0008,2,11293.20,59.95,4
O005000,2,P0007,S0015,1,1138.20,60.06,7
O005000,3,P0010,S0022,3,17217.90,60.17,10
