order_id,payment_sequential,payment_type,payment_installments,payment_value_bdt
O000001,1,bkash,6,1637.31
O000002,1,bkash,5,1774.62
O000003,1,bkash,4,1911.93
O000004,1,nagad,3,2048.24
O000005,1,cash_on_delivery,1,2185.55
O000006,1,cash_on_delivery,1,2322.86
O000007,1,credit_card,6,2459.17
O000008,1,bkash,5,2596.48
O000009,1,bkash,4,2733.79
O000010,1,bkash,3,2870.10
O000011,1,nagad,2,3007.41
O000012,1,nagad,1,3144.72
O000013,1,cash_on_delivery,1,3281.03
O000014,1,cash_on_delivery,1,3418.34
O000015,1,bank_transfer,4,3555.65
O000016,1,bkash,3,3692.96
O000017,1,bkash,2,3829.27
O000018,1,bkash,1,3966.58
O000019,1,nagad,6,4103.89
O000020,1,nagad,5,4240.20
O000021,1,cash_on_delivery,1,4377.51
O000022,1,credit_card,3,4514.82
O000023,1,bank_transfer,2,4651.13
O000024,1,bkash,1,4788.44
O000025,1,bkash,6,4925.75
O000026,1,bkash,5,5062.06
O000027,1,nagad,4,5199.37
O000028,1,nagad,3,5336.68
O000029,1,cash_on_delivery,1,5473.99
O000030,1,credit_card,1,5610.30
O000031,1,bkash,6,5747.61
O000032,1,bkash,5,5884.92
O000033,1,bkash,4,6021.23
O000034,1,nagad,3,6158.54
O000035,1,nagad,2,6295.85
O000036,1,cash_on_delivery,1,6432.16
O000037,1,cash_on_delivery,1,6569.47
O000038,1,credit_card,5,6706.78
O000039,1,bkash,4,6843.09
O000040,1,bkash,3,6980.40
O000041,1,bkash,2,7117.71
O000042,1,nagad,1,7254.02
O000043,1,nagad,6,7391.33
O000044,1,cash_on_delivery,1,7528.64
O000045,1,credit_card,4,7665.95
O000046,1,bank_transfer,3,7802.26
O000047,1,bkash,2,7939.57
O000048,1,bkash,1,8076.88
O000049,1,bkash,6,8213.19
O000050,1,nagad,5,8350.50
O000051,1,nagad,4,8487.81
O000052,1,cash_on_delivery,1,8624.12
O000053,1,credit_card,2,8761.43
O000054,1,bkash,1,8898.74
O000055,1,bkash,6,9035.05
O000056,1,bkash,5,9172.36
O000057,1,nagad,4,9309.67
O000058,1,nagad,3,9446.98
O000059,1,cash_on_delivery,1,1583.29
O000060,1,cash_on_delivery,1,1720.60
O000061,1,credit_card,6,1857.91
O000062,1,bkash,5,1994.22
O000063,1,bkash,4,2131.53
O000064,1,bkash,3,2268.84
O000065,1,nagad,2,2405.15
O000066,1,nagad,1,2542.46
O000067,1,cash_on_delivery,1,2679.77
O000068,1,cash_on_delivery,1,2816.08
O000069,1,bank_transfer,4,2953.39
O000070,1,bkash,3,3090.70
O000071,1,bkash,2,3227.01
O000072,1,bkash,1,3364.32
O000073,1,nagad,6,3501.63
O000074,1,nagad,5,3638.94
O000075,1,cash_on_delivery,1,3775.25
O000076,1,credit_card,3,3912.56
O000077,1,bkash,2,4049.87
O000078,1,bkash,1,4186.18
O000079,1,bkash,6,4323.49
O000080,1,nagad,5,4460.80
O000081,1,nagad,4,4597.11
O000082,1,cash_on_delivery,1,4734.42
O000083,1,cash_on_delivery,1,4871.73
O000084,1,credit_card,1,5008.04
O000085,1,bkash,6,5145.35
O000086,1,bkash,5,5282.66
O000087,1,bkash,4,5419.97
O000088,1,nagad,3,5556.28
O000089,1,nagad,2,5693.59
O000090,1,cash_on_delivery,1,5830.90
O000091,1,cash_on_delivery,1,5967.21
O000092,1,bank_transfer,5,6104.52
O000093,1,bkash,4,6241.83
O000094,1,bkash,3,6378.14
O000095,1,bkash,2,6515.45
O000096,1,nagad,1,6652.76
O000097,1,nagad,6,6789.07
O000098,1,cash_on_delivery,1,6926.38
O000099,1,credit_card,4,7063.69
O000100,1,bkash,3,7200.00
O000101,1,bkash,2,7337.31
O000102,1,bkash,1,7474.62
O000103,1,bkash,6,7611.93
O000104,1,nagad,5,7748.24
O000105,1,cash_on_delivery,1,7885.55
O000106,1,cash_on_delivery,1,8022.86
O000107,1,credit_card,2,8159.17
O000108,1,bkash,1,8296.48
O000109,1,bkash,6,8433.79
O000110,1,bkash,5,8570.10
O000111,1,nagad,4,8707.41
O000112,1,nagad,3,8844.72
O000113,1,cash_on_delivery,1,8981.03
O000114,1,cash_on_delivery,1,9118.34
O000115,1,bank_transfer,6,9255.65
O000116,1,bkash,5,9392.96
O000117,1,bkash,4,1529.27
O000118,1,bkash,3,1666.58
O000119,1,nagad,2,1803.89
O000120,1,nagad,1,1940.20
O000121,1,cash_on_delivery,1,2077.51
O000122,1,credit_card,5,2214.82
O000123,1,bank_transfer,4,2351.13
O000124,1,bkash,3,2488.44
O000125,1,bkash,2,2625.75
O000126,1,bkash,1,2762.06
O000127,1,nagad,6,2899.37
O000128,1,nagad,5,3036.68
O000129,1,cash_on_delivery,1,3173.99
O000130,1,credit_card,3,3310.30
O000131,1,bkash,2,3447.61
O000132,1,bkash,1,3584.92
O000133,1,bkash,6,3721.23
O000134,1,nagad,5,3858.54
O000135,1,nagad,4,3995.85
O000136,1,cash_on_delivery,1,4132.16
O000137,1,cash_on_delivery,1,4269.47
O000138,1,credit_card,1,4406.78
O000139,1,bkash,6,4543.09
O000140,1,bkash,5,4680.40
O000141,1,bkash,4,4817.71
O000142,1,nagad,3,4954.02
O000143,1,nagad,2,5091.33
O000144,1,cash_on_delivery,1,5228.64
O000145,1,credit_card,6,5365.95
O000146,1,bank_transfer,5,5502.26
O000147,1,bkash,4,5639.57
O000148,1,bkash,3,5776.88
O000149,1,bkash,2,5913.19
O000150,1,nagad,1,6050.50
O000151,1,nagad,6,6187.81
O000152,1,cash_on_delivery,1,6324.12
O000153,1,credit_card,4,6461.43
O000154,1,bkash,3,6598.74
O000155,1,bkash,2,6735.05
O000156,1,bkash,1,6872.36
O000157,1,nagad,6,7009.67
O000158,1,nagad,5,7146.98
O000159,1,cash_on_delivery,1,7283.29
O000160,1,cash_on_delivery,1,7420.60
O000161,1,credit_card,2,7557.91
O000162,1,bkash,1,7694.22
O000163,1,bkash,6,7831.53
O000164,1,bkash,5,7968.84
O000165,1,nagad,4,8105.15
O000166,1,nagad,3,8242.46
O000167,1,cash_on_delivery,1,8379.77
O000168,1,cash_on_delivery,1,8516.08
O000169,1,bank_transfer,6,8653.39
O000170,1,bkash,5,8790.70
O000171,1,bkash,4,8927.01
O000172,1,bkash,3,9064.32
O000173,1,nagad,2,9201.63
O000174,1,nagad,1,9338.94
O000175,1,cash_on_delivery,1,9475.25
O000176,1,credit_card,5,1612.56
O000177,1,bkash,4,1749.87
O000178,1,bkash,3,1886.18
O000179,1,bkash,2,2023.49
O000180,1,nagad,1,2160.80
O000181,1,nagad,6,2297.11
O000182,1,cash_on_delivery,1,2434.42
O000183,1,cash_on_delivery,1,2571.73
O000184,1,credit_card,3,2708.04
O000185,1,bkash,2,2845.35
O000186,1,bkash,1,2982.66
O000187,1,bkash,6,3119.97
O000188,1,nagad,5,3256.28
O000189,1,nagad,4,3393.59
O000190,1,cash_on_delivery,1,3530.90
O000191,1,cash_on_delivery,1,3667.21
O000192,1,bank_transfer,1,3804.52
O000193,1,bkash,6,3941.83
O000194,1,bkash,5,4078.14
O000195,1,bkash,4,4215.45
O000196,1,nagad,3,4352.76
O000197,1,nagad,2,4489.07
O000198,1,cash_on_delivery,1,4626.38
O000199,1,credit_card,6,4763.69
O000200,1,bkash,5,4900.00
O000201,1,bkash,4,5037.31
O000202,1,bkash,3,5174.62
O000203,1,bkash,2,5311.93
O000204,1,nagad,1,5448.24
O000205,1,cash_on_delivery,1,5585.55
O000206,1,cash_on_delivery,1,5722.86
O000207,1,credit_card,4,5859.17
O000208,1,bkash,3,5996.48
O000209,1,bkash,2,6133.79
O000210,1,bkash,1,6270.10
O000211,1,nagad,6,6407.41
O000212,1,nagad,5,6544.72
O000213,1,cash_on_delivery,1,6681.03
O000214,1,cash_on_delivery,1,6818.34
O000215,1,bank_transfer,2,6955.65
O000216,1,bkash,1,7092.96
O000217,1,bkash,6,7229.27
O000218,1,bkash,5,7366.58
O000219,1,nagad,4,7503.89
O000220,1,nagad,3,7640.20
O000221,1,cash_on_delivery,1,7777.51
O000222,1,credit_card,1,7914.82
O000223,1,bank_transfer,6,8051.13
O000224,1,bkash,5,8188.44
O000225,1,bkash,4,8325.75
O000226,1,bkash,3,8462.06
O000227,1,nagad,2,8599.37
O000228,1,nagad,1,8736.68
O000229,1,cash_on_delivery,1,8873.99
O000230,1,credit_card,5,9010.30
O000231,1,bkash,4,9147.61
O000232,1,bkash,3,9284.92
O000233,1,bkash,2,9421.23
O000234,1,nagad,1,1558.54
O000235,1,nagad,6,1695.85
O000236,1,cash_on_delivery,1,1832.16
O000237,1,cash_on_delivery,1,1969.47
O000238,1,credit_card,3,2106.78
O000239,1,bkash,2,2243.09
O000240,1,bkash,1,2380.40
O000241,1,bkash,6,2517.71
O000242,1,nagad,5,2654.02
O000243,1,nagad,4,2791.33
O000244,1,cash_on_delivery,1,2928.64
O000245,1,credit_card,2,3065.95
O000246,1,bank_transfer,1,3202.26
O000247,1,bkash,6,3339.57
O000248,1,bkash,5,3476.88
O000249,1,bkash,4,3613.19
O000250,1,nagad,3,3750.50
O000251,1,nagad,2,3887.81
O000252,1,cash_on_delivery,1,4024.12
O000253,1,credit_card,6,4161.43
O000254,1,bkash,5,4298.74
O000255,1,bkash,4,4435.05
O000256,1,bkash,3,4572.36
O000257,1,nagad,2,4709.67
O000258,1,nagad,1,4846.98
O000259,1,cash_on_delivery,1,4983.29
O000260,1,cash_on_delivery,1,5120.60
O000261,1,credit_card,4,5257.91
O000262,1,bkash,3,5394.22
O000263,1,bkash,2,5531.53
O000264,1,bkash,1,5668.84
O000265,1,nagad,6,5805.15
O000266,1,nagad,5,5942.46
O000267,1,cash_on_delivery,1,6079.77
O000268,1,cash_on_delivery,1,6216.08
O000269,1,bank_transfer,2,6353.39
O000270,1,bkash,1,6490.70
O000271,1,bkash,6,6627.01
O000272,1,bkash,5,6764.32
O000273,1,nagad,4,6901.63
O000274,1,nagad,3,7038.94
O000275,1,cash_on_delivery,1,7175.25
O000276,1,credit_card,1,7312.56
O000277,1,bkash,6,7449.87
O000278,1,bkash,5,7586.18
O000279,1,bkash,4,7723.49
O000280,1,nagad,3,7860.80
O000281,1,nagad,2,7997.11
O000282,1,cash_on_delivery,1,8134.42
O000283,1,cash_on_delivery,1,8271.73
O000284,1,credit_card,5,8408.04
O000285,1,bkash,4,8545.35
O000286,1,bkash,3,8682.66
O000287,1,bkash,2,8819.97
O000288,1,nagad,1,8956.28
O000289,1,nagad,6,9093.59
O000290,1,cash_on_delivery,1,9230.90
O000291,1,cash_on_delivery,1,9367.21
O000292,1,bank_transfer,3,1504.52
O000293,1,bkash,2,1641.83
O000294,1,bkash,1,1778.14
O000295,1,bkash,6,1915.45
O000296,1,nagad,5,2052.76
O000297,1,nagad,4,2189.07
O000298,1,cash_on_delivery,1,2326.38
O000299,1,credit_card,2,2463.69
O000300,1,bkash,1,2600.00
O000301,1,bkash,6,2737.31
O000302,1,bkash,5,2874.62
O000303,1,bkash,4,3011.93
O000304,1,nagad,3,3148.24
O000305,1,cash_on_delivery,1,3285.55
O000306,1,cash_on_delivery,1,3422.86
O000307,1,credit_card,6,3559.17
O000308,1,bkash,5,3696.48
O000309,1,bkash,4,3833.79
O000310,1,bkash,3,3970.10
O000311,1,nagad,2,4107.41
O000312,1,nagad,1,4244.72
O000313,1,cash_on_delivery,1,4381.03
O000314,1,cash_on_delivery,1,4518.34
O000315,1,bank_transfer,4,4655.65
O000316,1,bkash,3,4792.96
O000317,1,bkash,2,4929.27
O000318,1,bkash,1,5066.58
O000319,1,nagad,6,5203.89
O000320,1,nagad,5,5340.20
O000321,1,cash_on_delivery,1,5477.51
O000322,1,credit_card,3,5614.82
O000323,1,bank_transfer,2,5751.13
O000324,1,bkash,1,5888.44
O000325,1,bkash,6,6025.75
O000326,1,bkash,5,6162.06
O000327,1,nagad,4,6299.37
O000328,1,nagad,3,6436.68
O000329,1,cash_on_delivery,1,6573.99
O000330,1,credit_card,1,6710.30
O000331,1,bkash,6,6847.61
O000332,1,bkash,5,6984.92
O000333,1,bkash,4,7121.23
O000334,1,nagad,3,7258.54
O000335,1,nagad,2,7395.85
O000336,1,cash_on_delivery,1,7532.16
O000337,1,cash_on_delivery,1,7669.47
O000338,1,credit_card,5,7806.78
O000339,1,bkash,4,7943.09
O000340,1,bkash,3,8080.40
O000341,1,bkash,2,8217.71
O000342,1,nagad,1,8354.02
O000343,1,nagad,6,8491.33
O000344,1,cash_on_delivery,1,8628.64
O000345,1,credit_card,4,8765.95
O000346,1,bank_transfer,3,8902.26
O000347,1,bkash,2,9039.57
O000348,1,bkash,1,9176.88
O000349,1,bkash,6,9313.19
O000350,1,nagad,5,9450.50
O000351,1,nagad,4,1587.81
O000352,1,cash_on_delivery,1,1724.12
O000353,1,credit_card,2,1861.43
O000354,1,bkash,1,1998.74
O000355,1,bkash,6,2135.05
O000356,1,bkash,5,2272.36
O000357,1,nagad,4,2409.67
O000358,1,nagad,3,2546.98
O000359,1,cash_on_delivery,1,2683.29
O000360,1,cash_on_delivery,1,2820.60
O000361,1,credit_card,6,2957.91
O000362,1,bkash,5,3094.22
O000363,1,bkash,4,3231.53
O000364,1,bkash,3,3368.84
O000365,1,nagad,2,3505.15
O000366,1,nagad,1,3642.46
O000367,1,cash_on_delivery,1,3779.77
O000368,1,cash_on_delivery,1,3916.08
O000369,1,bank_transfer,4,4053.39
O000370,1,bkash,3,4190.70
O000371,1,bkash,2,4327.01
O000372,1,bkash,1,4464.32
O000373,1,nagad,6,4601.63
O000374,1,nagad,5,4738.94
O000375,1,cash_on_delivery,1,4875.25
O000376,1,credit_card,3,5012.56
O000377,1,bkash,2,5149.87
O000378,1,bkash,1,5286.18
O000379,1,bkash,6,5423.49
O000380,1,nagad,5,5560.80
O000381,1,nagad,4,5697.11
O000382,1,cash_on_delivery,1,5834.42
O000383,1,cash_on_delivery,1,5971.73
O000384,1,credit_card,1,6108.04
O000385,1,bkash,6,6245.35
O000386,1,bkash,5,6382.66
O000387,1,bkash,4,6519.97
O000388,1,nagad,3,6656.28
O000389,1,nagad,2,6793.59
O000390,1,cash_on_delivery,1,6930.90
O000391,1,cash_on_delivery,1,7067.21
O000392,1,bank_transfer,5,7204.52
O000393,1,bkash,4,7341.83
O000394,1,bkash,3,7478.14
O000395,1,bkash,2,7615.45
O000396,1,nagad,1,7752.76
O000397,1,nagad,6,7889.07
O000398,1,cash_on_delivery,1,8026.38
O000399,1,credit_card,4,8163.69
O000400,1,bkash,3,8300.00
O000401,1,bkash,2,8437.31
O000402,1,bkash,1,8574.62
O000403,1,bkash,6,8711.93
O000404,1,nagad,5,8848.24
O000405,1,cash_on_delivery,1,8985.55
O000406,1,cash_on_delivery,1,9122.86
O000407,1,credit_card,2,9259.17
O000408,1,bkash,1,9396.48
O000409,1,bkash,6,1533.79
O000410,1,bkash,5,1670.10
O000411,1,nagad,4,1807.41
O000412,1,nagad,3,1944.72
O000413,1,cash_on_delivery,1,2081.03
O000414,1,cash_on_delivery,1,2218.34
O000415,1,bank_transfer,6,2355.65
O000416,1,bkash,5,2492.96
O000417,1,bkash,4,2629.27
O000418,1,bkash,3,2766.58
O000419,1,nagad,2,2903.89
O000420,1,nagad,1,3040.20
O000421,1,cash_on_delivery,1,3177.51
O000422,1,credit_card,5,3314.82
O000423,1,bank_transfer,4,3451.13
O000424,1,bkash,3,3588.44
O000425,1,bkash,2,3725.75
O000426,1,bkash,1,3862.06
O000427,1,nagad,6,3999.37
O000428,1,nagad,5,4136.68
O000429,1,cash_on_delivery,1,4273.99
O000430,1,credit_card,3,4410.30
O000431,1,bkash,2,4547.61
O000432,1,bkash,1,4684.92
O000433,1,bkash,6,4821.23
O000434,1,nagad,5,4958.54
O000435,1,nagad,4,5095.85
O000436,1,cash_on_delivery,1,5232.16
O000437,1,cash_on_delivery,1,5369.47
O000438,1,credit_card,1,5506.78
O000439,1,bkash,6,5643.09
O000440,1,bkash,5,5780.40
O000441,1,bkash,4,5917.71
O000442,1,nagad,3,6054.02
O000443,1,nagad,2,6191.33
O000444,1,cash_on_delivery,1,6328.64
O000445,1,credit_card,6,6465.95
O000446,1,bank_transfer,5,6602.26
O000447,1,bkash,4,6739.57
O000448,1,bkash,3,6876.88
O000449,1,bkash,2,7013.19
O000450,1,nagad,1,7150.50
O000451,1,nagad,6,7287.81
O000452,1,cash_on_delivery,1,7424.12
O000453,1,credit_card,4,7561.43
O000454,1,bkash,3,7698.74
O000455,1,bkash,2,7835.05
O000456,1,bkash,1,7972.36
O000457,1,nagad,6,8109.67
O000458,1,nagad,5,8246.98
O000459,1,cash_on_delivery,1,8383.29
O000460,1,cash_on_delivery,1,8520.60
O000461,1,credit_card,2,8657.91
O000462,1,bkash,1,8794.22
O000463,1,bkash,6,8931.53
O000464,1,bkash,5,9068.84
O000465,1,nagad,4,9205.15
O000466,1,nagad,3,9342.46
O000467,1,cash_on_delivery,1,9479.77
O000468,1,cash_on_delivery,1,1616.08
O000469,1,bank_transfer,6,1753.39
O000470,1,bkash,5,1890.70
O000471,1,bkash,4,2027.01
O000472,1,bkash,3,2164.32
O000473,1,nagad,2,2301.63
O000474,1,nagad,1,2438.94
O000475,1,cash_on_delivery,1,2575.25
O000476,1,credit_card,5,2712.56
O000477,1,bkash,4,2849.87
O000478,1,bkash,3,2986.18
O000479,1,bkash,2,3123.49
O000480,1,nagad,1,3260.80
O000481,1,nagad,6,3397.11
O000482,1,cash_on_delivery,1,3534.42
O000483,1,cash_on_delivery,1,3671.73
O000484,1,credit_card,3,3808.04
O000485,1,bkash,2,3945.35
O000486,1,bkash,1,4082.66
O000487,1,bkash,6,4219.97
O000488,1,nagad,5,4356.28
O000489,1,nagad,4,4493.59
O000490,1,cash_on_delivery,1,4630.90
O000491,1,cash_on_delivery,1,4767.21
O000492,1,bank_transfer,1,4904.52
O000493,1,bkash,6,5041.83
O000494,1,bkash,5,5178.14
O000495,1,bkash,4,5315.45
O000496,1,nagad,3,5452.76
O000497,1,nagad,2,5589.07
O000498,1,cash_on_delivery,1,5726.38
O000499,1,credit_card,6,5863.69
O000500,1,bkash,5,6000.00
O000501,1,bkash,4,6137.31
O000502,1,bkash,3,6274.62
O000503,1,bkash,2,6411.93
O000504,1,nagad,1,6548.24
O000505,1,cash_on_delivery,1,6685.55
O000506,1,cash_on_delivery,1,6822.86
O000507,1,credit_card,4,6959.17
O000508,1,bkash,3,7096.48
O000509,1,bkash,2,7233.79
O000510,1,bkash,1,7370.10
O000511,1,nagad,6,7507.41
O000512,1,nagad,5,7644.72
O000513,1,cash_on_delivery,1,7781.03
O000514,1,cash_on_delivery,1,7918.34
O000515,1,bank_transfer,2,8055.65
O000516,1,bkash,1,8192.96
O000517,1,bkash,6,8329.27
O000518,1,bkash,5,8466.58
O000519,1,nagad,4,8603.89
O000520,1,nagad,3,8740.20
O000521,1,cash_on_delivery,1,8877.51
O000522,1,credit_card,1,9014.82
O000523,1,bank_transfer,6,9151.13
O000524,1,bkash,5,9288.44
O000525,1,bkash,4,9425.75
O000526,1,bkash,3,1562.06
O000527,1,nagad,2,1699.37
O000528,1,nagad,1,1836.68
O000529,1,cash_on_delivery,1,1973.99
O000530,1,credit_card,5,2110.30
O000531,1,bkash,4,2247.61
O000532,1,bkash,3,2384.92
O000533,1,bkash,2,2521.23
O000534,1,nagad,1,2658.54
O000535,1,nagad,6,2795.85
O000536,1,cash_on_delivery,1,2932.16
O000537,1,cash_on_delivery,1,3069.47
O000538,1,credit_card,3,3206.78
O000539,1,bkash,2,3343.09
O000540,1,bkash,1,3480.40
O000541,1,bkash,6,3617.71
O000542,1,nagad,5,3754.02
O000543,1,nagad,4,3891.33
O000544,1,cash_on_delivery,1,4028.64
O000545,1,credit_card,2,4165.95
O000546,1,bank_transfer,1,4302.26
O000547,1,bkash,6,4439.57
O000548,1,bkash,5,4576.88
O000549,1,bkash,4,4713.19
O000550,1,nagad,3,4850.50
O000551,1,nagad,2,4987.81
O000552,1,cash_on_delivery,1,5124.12
O000553,1,credit_card,6,5261.43
O000554,1,bkash,5,5398.74
O000555,1,bkash,4,5535.05
O000556,1,bkash,3,5672.36
O000557,1,nagad,2,5809.67
O000558,1,nagad,1,5946.98
O000559,1,cash_on_delivery,1,6083.29
O000560,1,cash_on_delivery,1,6220.60
O000561,1,credit_card,4,6357.91
O000562,1,bkash,3,6494.22
O000563,1,bkash,2,6631.53
O000564,1,bkash,1,6768.84
O000565,1,nagad,6,6905.15
O000566,1,nagad,5,7042.46
O000567,1,cash_on_delivery,1,7179.77
O000568,1,cash_on_delivery,1,7316.08
O000569,1,bank_transfer,2,7453.39
O000570,1,bkash,1,7590.70
O000571,1,bkash,6,7727.01
O000572,1,bkash,5,7864.32
O000573,1,nagad,4,8001.63
O000574,1,nagad,3,8138.94
O000575,1,cash_on_delivery,1,8275.25
O000576,1,credit_card,1,8412.56
O000577,1,bkash,6,8549.87
O000578,1,bkash,5,8686.18
O000579,1,bkash,4,8823.49
O000580,1,nagad,3,8960.80
O000581,1,nagad,2,9097.11
O000582,1,cash_on_delivery,1,9234.42
O000583,1,cash_on_delivery,1,9371.73
O000584,1,credit_card,5,1508.04
O000585,1,bkash,4,1645.35
O000586,1,bkash,3,1782.66
O000587,1,bkash,2,1919.97
O000588,1,nagad,1,2056.28
O000589,1,nagad,6,2193.59
O000590,1,cash_on_delivery,1,2330.90
O000591,1,cash_on_delivery,1,2467.21
O000592,1,bank_transfer,3,2604.52
O000593,1,bkash,2,2741.83
O000594,1,bkash,1,2878.14
O000595,1,bkash,6,3015.45
O000596,1,nagad,5,3152.76
O000597,1,nagad,4,3289.07
O000598,1,cash_on_delivery,1,3426.38
O000599,1,credit_card,2,3563.69
O000600,1,bkash,1,3700.00
O000601,1,bkash,6,3837.31
O000602,1,bkash,5,3974.62
O000603,1,bkash,4,4111.93
O000604,1,nagad,3,4248.24
O000605,1,cash_on_delivery,1,4385.55
O000606,1,cash_on_delivery,1,4522.86
O000607,1,credit_card,6,4659.17
O000608,1,bkash,5,4796.48
O000609,1,bkash,4,4933.79
O000610,1,bkash,3,5070.10
O000611,1,nagad,2,5207.41
O000612,1,nagad,1,5344.72
O000613,1,cash_on_delivery,1,5481.03
O000614,1,cash_on_delivery,1,5618.34
O000615,1,bank_transfer,4,5755.65
O000616,1,bkash,3,5892.96
O000617,1,bkash,2,6029.27
O000618,1,bkash,1,6166.58
O000619,1,nagad,6,6303.89
O000620,1,nagad,5,6440.20
O000621,1,cash_on_delivery,1,6577.51
O000622,1,credit_card,3,6714.82
O000623,1,bank_transfer,2,6851.13
O000624,1,bkash,1,6988.44
O000625,1,bkash,6,7125.75
O000626,1,bkash,5,7262.06
O000627,1,nagad,4,7399.37
O000628,1,nagad,3,7536.68
O000629,1,cash_on_delivery,1,7673.99
O000630,1,credit_card,1,7810.30
O000631,1,bkash,6,7947.61
O000632,1,bkash,5,8084.92
O000633,1,bkash,4,8221.23
O000634,1,nagad,3,8358.54
O000635,1,nagad,2,8495.85
O000636,1,cash_on_delivery,1,8632.16
O000637,1,cash_on_delivery,1,8769.47
O000638,1,credit_card,5,8906.78
O000639,1,bkash,4,9043.09
O000640,1,bkash,3,9180.40
O000641,1,bkash,2,9317.71
O000642,1,nagad,1,9454.02
O000643,1,nagad,6,1591.33
O000644,1,cash_on_delivery,1,1728.64
O000645,1,credit_card,4,1865.95
O000646,1,bank_transfer,3,2002.26
O000647,1,bkash,2,2139.57
O000648,1,bkash,1,2276.88
O000649,1,bkash,6,2413.19
O000650,1,nagad,5,2550.50
O000651,1,nagad,4,2687.81
O000652,1,cash_on_delivery,1,2824.12
O000653,1,credit_card,2,2961.43
O000654,1,bkash,1,3098.74
O000655,1,bkash,6,3235.05
O000656,1,bkash,5,3372.36
O000657,1,nagad,4,3509.67
O000658,1,nagad,3,3646.98
O000659,1,cash_on_delivery,1,3783.29
O000660,1,cash_on_delivery,1,3920.60
O000661,1,credit_card,6,4057.91
O000662,1,bkash,5,4194.22
O000663,1,bkash,4,4331.53
O000664,1,bkash,3,4468.84
O000665,1,nagad,2,4605.15
O000666,1,nagad,1,4742.46
O000667,1,cash_on_delivery,1,4879.77
O000668,1,cash_on_delivery,1,5016.08
O000669,1,bank_transfer,4,5153.39
O000670,1,bkash,3,5290.70
O000671,1,bkash,2,5427.01
O000672,1,bkash,1,5564.32
O000673,1,nagad,6,5701.63
O000674,1,nagad,5,5838.94
O000675,1,cash_on_delivery,1,5975.25
O000676,1,credit_card,3,6112.56
O000677,1,bkash,2,6249.87
O000678,1,bkash,1,6386.18
O000679,1,bkash,6,6523.49
O000680,1,nagad,5,6660.80
O000681,1,nagad,4,6797.11
O000682,1,cash_on_delivery,1,6934.42
O000683,1,cash_on_delivery,1,7071.73
O000684,1,credit_card,1,7208.04
O000685,1,bkash,6,7345.35
O000686,1,bkash,5,7482.66
O000687,1,bkash,4,7619.97
O000688,1,nagad,3,7756.28
O000689,1,nagad,2,7893.59
O000690,1,cash_on_delivery,1,8030.90
O000691,1,cash_on_delivery,1,8167.21
O000692,1,bank_transfer,5,8304.52
O000693,1,bkash,4,8441.83
O000694,1,bkash,3,8578.14
O000695,1,bkash,2,8715.45
O000696,1,nagad,1,8852.76
O000697,1,nagad,6,8989.07
O000698,1,cash_on_delivery,1,9126.38
O000699,1,credit_card,4,9263.69
O000700,1,bkash,3,9400.00
O000701,1,bkash,2,1537.31
O000702,1,bkash,1,1674.62
O000703,1,bkash,6,1811.93
O000704,1,nagad,5,1948.24
O000705,1,cash_on_delivery,1,2085.55
O000706,1,cash_on_delivery,1,2222.86
O000707,1,credit_card,2,2359.17
O000708,1,bkash,1,2496.48
O000709,1,bkash,6,2633.79
O000710,1,bkash,5,2770.10
O000711,1,nagad,4,2907.41
O000712,1,nagad,3,3044.72
O000713,1,cash_on_delivery,1,3181.03
O000714,1,cash_on_delivery,1,3318.34
O000715,1,bank_transfer,6,3455.65
O000716,1,bkash,5,3592.96
O000717,1,bkash,4,3729.27
O000718,1,bkash,3,3866.58
O000719,1,nagad,2,4003.89
O000720,1,nagad,1,4140.20
O000721,1,cash_on_delivery,1,4277.51
O000722,1,credit_card,5,4414.82
O000723,1,bank_transfer,4,4551.13
O000724,1,bkash,3,4688.44
O000725,1,bkash,2,4825.75
O000726,1,bkash,1,4962.06
O000727,1,nagad,6,5099.37
O000728,1,nagad,5,5236.68
O000729,1,cash_on_delivery,1,5373.99
O000730,1,credit_card,3,5510.30
O000731,1,bkash,2,5647.61
O000732,1,bkash,1,5784.92
O000733,1,bkash,6,5921.23
O000734,1,nagad,5,6058.54
O000735,1,nagad,4,6195.85
O000736,1,cash_on_delivery,1,6332.16
O000737,1,cash_on_delivery,1,6469.47
O000738,1,credit_card,1,6606.78
O000739,1,bkash,6,6743.09
O000740,1,bkash,5,6880.40
O000741,1,bkash,4,7017.71
O000742,1,nagad,3,7154.02
O000743,1,nagad,2,7291.33
O000744,1,cash_on_delivery,1,7428.64
O000745,1,credit_card,6,7565.95
O000746,1,bank_transfer,5,7702.26
O000747,1,bkash,4,7839.57
O000748,1,bkash,3,7976.88
O000749,1,bkash,2,8113.19
O000750,1,nagad,1,8250.50
O000751,1,nagad,6,8387.81
O000752,1,cash_on_delivery,1,8524.12
O000753,1,credit_card,4,8661.43
O000754,1,bkash,3,8798.74
O000755,1,bkash,2,8935.05
O000756,1,bkash,1,9072.36
O000757,1,nagad,6,9209.67
O000758,1,nagad,5,9346.98
O000759,1,cash_on_delivery,1,9483.29
O000760,1,cash_on_delivery,1,1620.60
O000761,1,credit_card,2,1757.91
O000762,1,bkash,1,1894.22
O000763,1,bkash,6,2031.53
O000764,1,bkash,5,2168.84
O000765,1,nagad,4,2305.15
O000766,1,nagad,3,2442.46
O000767,1,cash_on_delivery,1,2579.77
O000768,1,cash_on_delivery,1,2716.08
O000769,1,bank_transfer,6,2853.39
O000770,1,bkash,5,2990.70
O000771,1,bkash,4,3127.01
O000772,1,bkash,3,3264.32
O000773,1,nagad,2,3401.63
O000774,1,nagad,1,3538.94
O000775,1,cash_on_delivery,1,3675.25
O000776,1,credit_card,5,3812.56
O000777,1,bkash,4,3949.87
O000778,1,bkash,3,4086.18
O000779,1,bkash,2,4223.49
O000780,1,nagad,1,4360.80
O000781,1,nagad,6,4497.11
O000782,1,cash_on_delivery,1,4634.42
O000783,1,cash_on_delivery,1,4771.73
O000784,1,credit_card,3,4908.04
O000785,1,bkash,2,5045.35
O000786,1,bkash,1,5182.66
O000787,1,bkash,6,5319.97
O000788,1,nagad,5,5456.28
O000789,1,nagad,4,5593.59
O000790,1,cash_on_delivery,1,5730.90
O000791,1,cash_on_delivery,1,5867.21
O000792,1,bank_transfer,1,6004.52
O000793,1,bkash,6,6141.83
O000794,1,bkash,5,6278.14
O000795,1,bkash,4,6415.45
O000796,1,nagad,3,6552.76
O000797,1,nagad,2,6689.07
O000798,1,cash_on_delivery,1,6826.38
O000799,1,credit_card,6,6963.69
O000800,1,bkash,5,7100.00
O000801,1,bkash,4,7237.31
O000802,1,bkash,3,7374.62
O000803,1,bkash,2,7511.93
O000804,1,nagad,1,7648.24
O000805,1,cash_on_delivery,1,7785.55
O000806,1,cash_on_delivery,1,7922.86
O000807,1,credit_card,4,8059.17
O000808,1,bkash,3,8196.48
O000809,1,bkash,2,8333.79
O000810,1,bkash,1,8470.10
O000811,1,nagad,6,8607.41
O000812,1,nagad,5,8744.72
O000813,1,cash_on_delivery,1,8881.03
O000814,1,cash_on_delivery,1,9018.34
O000815,1,bank_transfer,2,9155.65
O000816,1,bkash,1,9292.96
O000817,1,bkash,6,9429.27
O000818,1,bkash,5,1566.58
O000819,1,nagad,4,1703.89
O000820,1,nagad,3,1840.20
O000821,1,cash_on_delivery,1,1977.51
O000822,1,credit_card,1,2114.82
O000823,1,bank_transfer,6,2251.13
O000824,1,bkash,5,2388.44
O000825,1,bkash,4,2525.75
O000826,1,bkash,3,2662.06
O000827,1,nagad,2,2799.37
O000828,1,nagad,1,2936.68
O000829,1,cash_on_delivery,1,3073.99
O000830,1,credit_card,5,3210.30
O000831,1,bkash,4,3347.61
O000832,1,bkash,3,3484.92
O000833,1,bkash,2,3621.23
O000834,1,nagad,1,3758.54
O000835,1,nagad,6,3895.85
O000836,1,cash_on_delivery,1,4032.16
O000837,1,cash_on_delivery,1,4169.47
O000838,1,credit_card,3,4306.78
O000839,1,bkash,2,4443.09
O000840,1,bkash,1,4580.40
O000841,1,bkash,6,4717.71
O000842,1,nagad,5,4854.02
O000843,1,nagad,4,4991.33
O000844,1,cash_on_delivery,1,5128.64
O000845,1,credit_card,2,5265.95
O000846,1,bank_transfer,1,5402.26
O000847,1,bkash,6,5539.57
O000848,1,bkash,5,5676.88
O000849,1,bkash,4,5813.19
O000850,1,nagad,3,5950.50
O000851,1,nagad,2,6087.81
O000852,1,cash_on_delivery,1,6224.12
O000853,1,credit_card,6,6361.43
O000854,1,bkash,5,6498.74
O000855,1,bkash,4,6635.05
O000856,1,bkash,3,6772.36
O000857,1,nagad,2,6909.67
O000858,1,nagad,1,7046.98
O000859,1,cash_on_delivery,1,7183.29
O000860,1,cash_on_delivery,1,7320.60
O000861,1,credit_card,4,7457.91
O000862,1,bkash,3,7594.22
O000863,1,bkash,2,7731.53
O000864,1,bkash,1,7868.84
O000865,1,nagad,6,8005.15
O000866,1,nagad,5,8142.46
O000867,1,cash_on_delivery,1,8279.77
O000868,1,cash_on_delivery,1,8416.08
O000869,1,bank_transfer,2,8553.39
O000870,1,bkash,1,8690.70
O000871,1,bkash,6,8827.01
O000872,1,bkash,5,8964.32
O000873,1,nagad,4,9101.63
O000874,1,nagad,3,9238.94
O000875,1,cash_on_delivery,1,9375.25
O000876,1,credit_card,1,1512.56
O000877,1,bkash,6,1649.87
O000878,1,bkash,5,1786.18
O000879,1,bkash,4,1923.49
O000880,1,nagad,3,2060.80
O000881,1,nagad,2,2197.11
O000882,1,cash_on_delivery,1,2334.42
O000883,1,cash_on_delivery,1,2471.73
O000884,1,credit_card,5,2608.04
O000885,1,bkash,4,2745.35
O000886,1,bkash,3,2882.66
O000887,1,bkash,2,3019.97
O000888,1,nagad,1,3156.28
O000889,1,nagad,6,3293.59
O000890,1,cash_on_delivery,1,3430.90
O000891,1,cash_on_delivery,1,3567.21
O000892,1,bank_transfer,3,3704.52
O000893,1,bkash,2,3841.83
O000894,1,bkash,1,3978.14
O000895,1,bkash,6,4115.45
O000896,1,nagad,5,4252.76
O000897,1,nagad,4,4389.07
O000898,1,cash_on_delivery,1,4526.38
O000899,1,credit_card,2,4663.69
O000900,1,bkash,1,4800.00
O000901,1,bkash,6,4937.31
O000902,1,bkash,5,5074.62
O000903,1,bkash,4,5211.93
O000904,1,nagad,3,5348.24
O000905,1,cash_on_delivery,1,5485.55
O000906,1,cash_on_delivery,1,5622.86
O000907,1,credit_card,6,5759.17
O000908,1,bkash,5,5896.48
O000909,1,bkash,4,6033.79
O000910,1,bkash,3,6170.10
O000911,1,nagad,2,6307.41
O000912,1,nagad,1,6444.72
O000913,1,cash_on_delivery,1,6581.03
O000914,1,cash_on_delivery,1,6718.34
O000915,1,bank_transfer,4,6855.65
O000916,1,bkash,3,6992.96
O000917,1,bkash,2,7129.27
O000918,1,bkash,1,7266.58
O000919,1,nagad,6,7403.89
O000920,1,nagad,5,7540.20
O000921,1,cash_on_delivery,1,7677.51
O000922,1,credit_card,3,7814.82
O000923,1,bank_transfer,2,7951.13
O000924,1,bkash,1,8088.44
O000925,1,bkash,6,8225.75
O000926,1,bkash,5,8362.06
O000927,1,nagad,4,8499.37
O000928,1,nagad,3,8636.68
O000929,1,cash_on_delivery,1,8773.99
O000930,1,credit_card,1,8910.30
O000931,1,bkash,6,9047.61
O000932,1,bkash,5,9184.92
O000933,1,bkash,4,9321.23
O000934,1,nagad,3,9458.54
O000935,1,nagad,2,1595.85
O000936,1,cash_on_delivery,1,1732.16
O000937,1,cash_on_delivery,1,1869.47
O000938,1,credit_card,5,2006.78
O000939,1,bkash,4,2143.09
O000940,1,bkash,3,2280.40
O000941,1,bkash,2,2417.71
O000942,1,nagad,1,2554.02
O000943,1,nagad,6,2691.33
O000944,1,cash_on_delivery,1,2828.64
O000945,1,credit_card,4,2965.95
O000946,1,bank_transfer,3,3102.26
O000947,1,bkash,2,3239.57
O000948,1,bkash,1,3376.88
O000949,1,bkash,6,3513.19
O000950,1,nagad,5,3650.50
O000951,1,nagad,4,3787.81
O000952,1,cash_on_delivery,1,3924.12
O000953,1,credit_card,2,4061.43
O000954,1,bkash,1,4198.74
O000955,1,bkash,6,4335.05
O000956,1,bkash,5,4472.36
O000957,1,nagad,4,4609.67
O000958,1,nagad,3,4746.98
O000959,1,cash_on_delivery,1,4883.29
O000960,1,cash_on_delivery,1,5020.60
O000961,1,credit_card,6,5157.91
O000962,1,bkash,5,5294.22
O000963,1,bkash,4,5431.53
O000964,1,bkash,3,5568.84
O000965,1,nagad,2,5705.15
O000966,1,nagad,1,5842.46
O000967,1,cash_on_delivery,1,5979.77
O000968,1,cash_on_delivery,1,6116.08
O000969,1,bank_transfer,4,6253.39
O000970,1,bkash,3,6390.70
O000971,1,bkash,2,6527.01
O000972,1,bkash,1,6664.32
O000973,1,nagad,6,6801.63
O000974,1,nagad,5,6938.94
O000975,1,cash_on_delivery,1,7075.25
O000976,1,credit_card,3,7212.56
O000977,1,bkash,2,7349.87
O000978,1,bkash,1,7486.18
O000979,1,bkash,6,7623.49
O000980,1,nagad,5,7760.80
O000981,1,nagad,4,7897.11
O000982,1,cash_on_delivery,1,8034.42
O000983,1,cash_on_delivery,1,8171.73
O000984,1,credit_card,1,8308.04
O000985,1,bkash,6,8445.35
O000986,1,bkash,5,8582.66
O000987,1,bkash,4,8719.97
O000988,1,nagad,3,8856.28
O000989,1,nagad,2,8993.59
O000990,1,cash_on_delivery,1,9130.90
O000991,1,cash_on_delivery,1,9267.21
O000992,1,bank_transfer,5,9404.52
O000993,1,bkash,4,1541.83
O000994,1,bkash,3,1678.14
O000995,1,bkash,2,1815.45
O000996,1,nagad,1,1952.76
O000997,1,nagad,6,2089.07
O000998,1,cash_on_delivery,1,2226.38
O000999,1,credit_card,4,2363.69
O001000,1,bkash,3,2500.00
O001001,1,bkash,2,2637.31
O001002,1,bkash,1,2774.62
O001003,1,bkash,6,2911.93
O001004,1,nagad,5,3048.24
O001005,1,cash_on_delivery,1,3185.55
O001006,1,cash_on_delivery,1,3322.86
O001007,1,credit_card,2,3459.17
O001008,1,bkash,1,3596.48
O001009,1,bkash,6,3733.79
O001010,1,bkash,5,3870.10
O001011,1,nagad,4,4007.41
O001012,1,nagad,3,4144.72
O001013,1,cash_on_delivery,1,4281.03
O001014,1,cash_on_delivery,1,4418.34
O001015,1,bank_transfer,6,4555.65
O001016,1,bkash,5,4692.96
O001017,1,bkash,4,4829.27
O001018,1,bkash,3,4966.58
O001019,1,nagad,2,5103.89
O001020,1,nagad,1,5240.20
O001021,1,cash_on_delivery,1,5377.51
O001022,1,credit_card,5,5514.82
O001023,1,bank_transfer,4,5651.13
O001024,1,bkash,3,5788.44
O001025,1,bkash,2,5925.75
O001026,1,bkash,1,6062.06
O001027,1,nagad,6,6199.37
O001028,1,nagad,5,6336.68
O001029,1,cash_on_delivery,1,6473.99
O001030,1,credit_card,3,6610.30
O001031,1,bkash,2,6747.61
O001032,1,bkash,1,6884.92
O001033,1,bkash,6,7021.23
O001034,1,nagad,5,7158.54
O001035,1,nagad,4,7295.85
O001036,1,cash_on_delivery,1,7432.16
O001037,1,cash_on_delivery,1,7569.47
O001038,1,credit_card,1,7706.78
O001039,1,bkash,6,7843.09
O001040,1,bkash,5,7980.40
O001041,1,bkash,4,8117.71
O001042,1,nagad,3,8254.02
O001043,1,nagad,2,8391.33
O001044,1,cash_on_delivery,1,8528.64
O001045,1,credit_card,6,8665.95
O001046,1,bank_transfer,5,8802.26
O001047,1,bkash,4,8939.57
O001048,1,bkash,3,9076.88
O001049,1,bkash,2,9213.19
O001050,1,nagad,1,9350.50
O001051,1,nagad,6,9487.81
O001052,1,cash_on_delivery,1,1624.12
O001053,1,credit_card,4,1761.43
O001054,1,bkash,3,1898.74
O001055,1,bkash,2,2035.05
O001056,1,bkash,1,2172.36
O001057,1,nagad,6,2309.67
O001058,1,nagad,5,2446.98
O001059,1,cash_on_delivery,1,2583.29
O001060,1,cash_on_delivery,1,2720.60
O001061,1,credit_card,2,2857.91
O001062,1,bkash,1,2994.22
O001063,1,bkash,6,3131.53
O001064,1,bkash,5,3268.84
O001065,1,nagad,4,3405.15
O001066,1,nagad,3,3542.46
O001067,1,cash_on_delivery,1,3679.77
O001068,1,cash_on_delivery,1,3816.08
O001069,1,bank_transfer,6,3953.39
O001070,1,bkash,5,4090.70
O001071,1,bkash,4,4227.01
O001072,1,bkash,3,4364.32
O001073,1,nagad,2,4501.63
O001074,1,nagad,1,4638.94
O001075,1,cash_on_delivery,1,4775.25
O001076,1,credit_card,5,4912.56
O001077,1,bkash,4,5049.87
O001078,1,bkash,3,5186.18
O001079,1,bkash,2,5323.49
O001080,1,nagad,1,5460.80
O001081,1,nagad,6,5597.11
O001082,1,cash_on_delivery,1,5734.42
O001083,1,cash_on_delivery,1,5871.73
O001084,1,credit_card,3,6008.04
O001085,1,bkash,2,6145.35
O001086,1,bkash,1,6282.66
O001087,1,bkash,6,6419.97
O001088,1,nagad,5,6556.28
O001089,1,nagad,4,6693.59
O001090,1,cash_on_delivery,1,6830.90
O001091,1,cash_on_delivery,1,6967.21
O001092,1,bank_transfer,1,7104.52
O001093,1,bkash,6,7241.83
O001094,1,bkash,5,7378.14
O001095,1,bkash,4,7515.45
O001096,1,nagad,3,7652.76
O001097,1,nagad,2,7789.07
O001098,1,cash_on_delivery,1,7926.38
O001099,1,credit_card,6,8063.69
O001100,1,bkash,5,8200.00
O001101,1,bkash,4,8337.31
O001102,1,bkash,3,8474.62
O001103,1,bkash,2,8611.93
O001104,1,nagad,1,8748.24
O001105,1,cash_on_delivery,1,8885.55
O001106,1,cash_on_delivery,1,9022.86
O001107,1,credit_card,4,9159.17
O001108,1,bkash,3,9296.48
O001109,1,bkash,2,9433.79
O001110,1,bkash,1,1570.10
O001111,1,nagad,6,1707.41
O001112,1,nagad,5,1844.72
O001113,1,cash_on_delivery,1,1981.03
O001114,1,cash_on_delivery,1,2118.34
O001115,1,bank_transfer,2,2255.65
O001116,1,bkash,1,2392.96
O001117,1,bkash,6,2529.27
O001118,1,bkash,5,2666.58
O001119,1,nagad,4,2803.89
O001120,1,nagad,3,2940.20
O001121,1,cash_on_delivery,1,3077.51
O001122,1,credit_card,1,3214.82
O001123,1,bank_transfer,6,3351.13
O001124,1,bkash,5,3488.44
O001125,1,bkash,4,3625.75
O001126,1,bkash,3,3762.06
O001127,1,nagad,2,3899.37
O001128,1,nagad,1,4036.68
O001129,1,cash_on_delivery,1,4173.99
O001130,1,credit_card,5,4310.30
O001131,1,bkash,4,4447.61
O001132,1,bkash,3,4584.92
O001133,1,bkash,2,4721.23
O001134,1,nagad,1,4858.54
O001135,1,nagad,6,4995.85
O001136,1,cash_on_delivery,1,5132.16
O001137,1,cash_on_delivery,1,5269.47
O001138,1,credit_card,3,5406.78
O001139,1,bkash,2,5543.09
O001140,1,bkash,1,5680.40
O001141,1,bkash,6,5817.71
O001142,1,nagad,5,5954.02
O001143,1,nagad,4,6091.33
O001144,1,cash_on_delivery,1,6228.64
O001145,1,credit_card,2,6365.95
O001146,1,bank_transfer,1,6502.26
O001147,1,bkash,6,6639.57
O001148,1,bkash,5,6776.88
O001149,1,bkash,4,6913.19
O001150,1,nagad,3,7050.50
O001151,1,nagad,2,7187.81
O001152,1,cash_on_delivery,1,7324.12
O001153,1,credit_card,6,7461.43
O001154,1,bkash,5,7598.74
O001155,1,bkash,4,7735.05
O001156,1,bkash,3,7872.36
O001157,1,nagad,2,8009.67
O001158,1,nagad,1,8146.98
O001159,1,cash_on_delivery,1,8283.29
O001160,1,cash_on_delivery,1,8420.60
O001161,1,credit_card,4,8557.91
O001162,1,bkash,3,8694.22
O001163,1,bkash,2,8831.53
O001164,1,bkash,1,8968.84
O001165,1,nagad,6,9105.15
O001166,1,nagad,5,9242.46
O001167,1,cash_on_delivery,1,9379.77
O001168,1,cash_on_delivery,1,1516.08
O001169,1,bank_transfer,2,1653.39
O001170,1,bkash,1,1790.70
O001171,1,bkash,6,1927.01
O001172,1,bkash,5,2064.32
O001173,1,nagad,4,2201.63
O001174,1,nagad,3,2338.94
O001175,1,cash_on_delivery,1,2475.25
O001176,1,credit_card,1,2612.56
O001177,1,bkash,6,2749.87
O001178,1,bkash,5,2886.18
O001179,1,bkash,4,3023.49
O001180,1,nagad,3,3160.80
O001181,1,nagad,2,3297.11
O001182,1,cash_on_delivery,1,3434.42
O001183,1,cash_on_delivery,1,3571.73
O001184,1,credit_card,5,3708.04
O001185,1,bkash,4,3845.35
O001186,1,bkash,3,3982.66
O001187,1,bkash,2,4119.97
O001188,1,nagad,1,4256.28
O001189,1,nagad,6,4393.59
O001190,1,cash_on_delivery,1,4530.90
O001191,1,cash_on_delivery,1,4667.21
O001192,1,bank_transfer,3,4804.52
O001193,1,bkash,2,4941.83
O001194,1,bkash,1,5078.14
O001195,1,bkash,6,5215.45
O001196,1,nagad,5,5352.76
O001197,1,nagad,4,5489.07
O001198,1,cash_on_delivery,1,5626.38
O001199,1,credit_card,2,5763.69
O001200,1,bkash,1,5900.00
O001201,1,bkash,6,6037.31
O001202,1,bkash,5,6174.62
O001203,1,bkash,4,6311.93
O001204,1,nagad,3,6448.24
O001205,1,cash_on_delivery,1,6585.55
O001206,1,cash_on_delivery,1,6722.86
O001207,1,credit_card,6,6859.17
O001208,1,bkash,5,6996.48
O001209,1,bkash,4,7133.79
O001210,1,bkash,3,7270.10
O001211,1,nagad,2,7407.41
O001212,1,nagad,1,7544.72
O001213,1,cash_on_delivery,1,7681.03
O001214,1,cash_on_delivery,1,7818.34
O001215,1,bank_transfer,4,7955.65
O001216,1,bkash,3,8092.96
O001217,1,bkash,2,8229.27
O001218,1,bkash,1,8366.58
O001219,1,nagad,6,8503.89
O001220,1,nagad,5,8640.20
O001221,1,cash_on_delivery,1,8777.51
O001222,1,credit_card,3,8914.82
O001223,1,bank_transfer,2,9051.13
O001224,1,bkash,1,9188.44
O001225,1,bkash,6,9325.75
O001226,1,bkash,5,9462.06
O001227,1,nagad,4,1599.37
O001228,1,nagad,3,1736.68
O001229,1,cash_on_delivery,1,1873.99
O001230,1,credit_card,1,2010.30
O001231,1,bkash,6,2147.61
O001232,1,bkash,5,2284.92
O001233,1,bkash,4,2421.23
O001234,1,nagad,3,2558.54
O001235,1,nagad,2,2695.85
O001236,1,cash_on_delivery,1,2832.16
O001237,1,cash_on_delivery,1,2969.47
O001238,1,credit_card,5,3106.78
O001239,1,bkash,4,3243.09
O001240,1,bkash,3,3380.40
O001241,1,bkash,2,3517.71
O001242,1,nagad,1,3654.02
O001243,1,nagad,6,3791.33
O001244,1,cash_on_delivery,1,3928.64
O001245,1,credit_card,4,4065.95
O001246,1,bank_transfer,3,4202.26
O001247,1,bkash,2,4339.57
O001248,1,bkash,1,4476.88
O001249,1,bkash,6,4613.19
O001250,1,nagad,5,4750.50
O001251,1,nagad,4,4887.81
O001252,1,cash_on_delivery,1,5024.12
O001253,1,credit_card,2,5161.43
O001254,1,bkash,1,5298.74
O001255,1,bkash,6,5435.05
O001256,1,bkash,5,5572.36
O001257,1,nagad,4,5709.67
O001258,1,nagad,3,5846.98
O001259,1,cash_on_delivery,1,5983.29
O001260,1,cash_on_delivery,1,6120.60
O001261,1,credit_card,6,6257.91
O001262,1,bkash,5,6394.22
O001263,1,bkash,4,6531.53
O001264,1,bkash,3,6668.84
O001265,1,nagad,2,6805.15
O001266,1,nagad,1,6942.46
O001267,1,cash_on_delivery,1,7079.77
O001268,1,cash_on_delivery,1,7216.08
O001269,1,bank_transfer,4,7353.39
O001270,1,bkash,3,7490.70
O001271,1,bkash,2,7627.01
O001272,1,bkash,1,7764.32
O001273,1,nagad,6,7901.63
O001274,1,nagad,5,8038.94
O001275,1,cash_on_delivery,1,8175.25
O001276,1,credit_card,3,8312.56
O001277,1,bkash,2,8449.87
O001278,1,bkash,1,8586.18
O001279,1,bkash,6,8723.49
O001280,1,nagad,5,8860.80
O001281,1,nagad,4,8997.11
O001282,1,cash_on_delivery,1,9134.42
O001283,1,cash_on_delivery,1,9271.73
O001284,1,credit_card,1,9408.04
O001285,1,bkash,6,1545.35
O001286,1,bkash,5,1682.66
O001287,1,bkash,4,1819.97
O001288,1,nagad,3,1956.28
O001289,1,nagad,2,2093.59
O001290,1,cash_on_delivery,1,2230.90
O001291,1,cash_on_delivery,1,2367.21
O001292,1,bank_transfer,5,2504.52
O001293,1,bkash,4,2641.83
O001294,1,bkash,3,2778.14
O001295,1,bkash,2,2915.45
O001296,1,nagad,1,3052.76
O001297,1,nagad,6,3189.07
O001298,1,cash_on_delivery,1,3326.38
O001299,1,credit_card,4,3463.69
O001300,1,bkash,3,3600.00
O001301,1,bkash,2,3737.31
O001302,1,bkash,1,3874.62
O001303,1,bkash,6,4011.93
O001304,1,nagad,5,4148.24
O001305,1,cash_on_delivery,1,4285.55
O001306,1,cash_on_delivery,1,4422.86
O001307,1,credit_card,2,4559.17
O001308,1,bkash,1,4696.48
O001309,1,bkash,6,4833.79
O001310,1,bkash,5,4970.10
O001311,1,nagad,4,5107.41
O001312,1,nagad,3,5244.72
O001313,1,cash_on_delivery,1,5381.03
O001314,1,cash_on_delivery,1,5518.34
O001315,1,bank_transfer,6,5655.65
O001316,1,bkash,5,5792.96
O001317,1,bkash,4,5929.27
O001318,1,bkash,3,6066.58
O001319,1,nagad,2,6203.89
O001320,1,nagad,1,6340.20
O001321,1,cash_on_delivery,1,6477.51
O001322,1,credit_card,5,6614.82
O001323,1,bank_transfer,4,6751.13
O001324,1,bkash,3,6888.44
O001325,1,bkash,2,7025.75
O001326,1,bkash,1,7162.06
O001327,1,nagad,6,7299.37
O001328,1,nagad,5,7436.68
O001329,1,cash_on_delivery,1,7573.99
O001330,1,credit_card,3,7710.30
O001331,1,bkash,2,7847.61
O001332,1,bkash,1,7984.92
O001333,1,bkash,6,8121.23
O001334,1,nagad,5,8258.54
O001335,1,nagad,4,8395.85
O001336,1,cash_on_delivery,1,8532.16
O001337,1,cash_on_delivery,1,8669.47
O001338,1,credit_card,1,8806.78
O001339,1,bkash,6,8943.09
O001340,1,bkash,5,9080.40
O001341,1,bkash,4,9217.71
O001342,1,nagad,3,9354.02
O001343,1,nagad,2,9491.33
O001344,1,cash_on_delivery,1,1628.64
O001345,1,credit_card,6,1765.95
O001346,1,bank_transfer,5,1902.26
O001347,1,bkash,4,2039.57
O001348,1,bkash,3,2176.88
O001349,1,bkash,2,2313.19
O001350,1,nagad,1,2450.50
O001351,1,nagad,6,2587.81
O001352,1,cash_on_delivery,1,2724.12
O001353,1,credit_card,4,2861.43
O001354,1,bkash,3,2998.74
O001355,1,bkash,2,3135.05
O001356,1,bkash,1,3272.36
O001357,1,nagad,6,3409.67
O001358,1,nagad,5,3546.98
O001359,1,cash_on_delivery,1,3683.29
O001360,1,cash_on_delivery,1,3820.60
O001361,1,credit_card,2,3957.91
O001362,1,bkash,1,4094.22
O001363,1,bkash,6,4231.53
O001364,1,bkash,5,4368.84
O001365,1,nagad,4,4505.15
O001366,1,nagad,3,4642.46
O001367,1,cash_on_delivery,1,4779.77
O001368,1,cash_on_delivery,1,4916.08
O001369,1,bank_transfer,6,5053.39
O001370,1,bkash,5,5190.70
O001371,1,bkash,4,5327.01
O001372,1,bkash,3,5464.32
O001373,1,nagad,2,5601.63
O001374,1,nagad,1,5738.94
O001375,1,cash_on_delivery,1,5875.25
O001376,1,credit_card,5,6012.56
O001377,1,bkash,4,6149.87
O001378,1,bkash,3,6286.18
O001379,1,bkash,2,6423.49
O001380,1,nagad,1,6560.80
O001381,1,nagad,6,6697.11
O001382,1,cash_on_delivery,1,6834.42
O001383,1,cash_on_delivery,1,6971.73
O001384,1,credit_card,3,7108.04
O001385,1,bkash,2,7245.35
O001386,1,bkash,1,7382.66
O001387,1,bkash,6,7519.97
O001388,1,nagad,5,7656.28
O001389,1,nagad,4,7793.59
O001390,1,cash_on_delivery,1,7930.90
O001391,1,cash_on_delivery,1,8067.21
O001392,1,bank_transfer,1,8204.52
O001393,1,bkash,6,8341.83
O001394,1,bkash,5,8478.14
O001395,1,bkash,4,8615.45
O001396,1,nagad,3,8752.76
O001397,1,nagad,2,8889.07
O001398,1,cash_on_delivery,1,9026.38
O001399,1,credit_card,6,9163.69
O001400,1,bkash,5,9300.00
O001401,1,bkash,4,9437.31
O001402,1,bkash,3,1574.62
O001403,1,bkash,2,1711.93
O001404,1,nagad,1,1848.24
O001405,1,cash_on_delivery,1,1985.55
O001406,1,cash_on_delivery,1,2122.86
O001407,1,credit_card,4,2259.17
O001408,1,bkash,3,2396.48
O001409,1,bkash,2,2533.79
O001410,1,bkash,1,2670.10
O001411,1,nagad,6,2807.41
O001412,1,nagad,5,2944.72
O001413,1,cash_on_delivery,1,3081.03
O001414,1,cash_on_delivery,1,3218.34
O001415,1,bank_transfer,2,3355.65
O001416,1,bkash,1,3492.96
O001417,1,bkash,6,3629.27
O001418,1,bkash,5,3766.58
O001419,1,nagad,4,3903.89
O001420,1,nagad,3,4040.20
O001421,1,cash_on_delivery,1,4177.51
O001422,1,credit_card,1,4314.82
O001423,1,bank_transfer,6,4451.13
O001424,1,bkash,5,4588.44
O001425,1,bkash,4,4725.75
O001426,1,bkash,3,4862.06
O001427,1,nagad,2,4999.37
O001428,1,nagad,1,5136.68
O001429,1,cash_on_delivery,1,5273.99
O001430,1,credit_card,5,5410.30
O001431,1,bkash,4,5547.61
O001432,1,bkash,3,5684.92
O001433,1,bkash,2,5821.23
O001434,1,nagad,1,5958.54
O001435,1,nagad,6,6095.85
O001436,1,cash_on_delivery,1,6232.16
O001437,1,cash_on_delivery,1,6369.47
O001438,1,credit_card,3,6506.78
O001439,1,bkash,2,6643.09
O001440,1,bkash,1,6780.40
O001441,1,bkash,6,6917.71
O001442,1,nagad,5,7054.02
O001443,1,nagad,4,7191.33
O001444,1,cash_on_delivery,1,7328.64
O001445,1,credit_card,2,7465.95
O001446,1,bank_transfer,1,7602.26
O001447,1,bkash,6,7739.57
O001448,1,bkash,5,7876.88
O001449,1,bkash,4,8013.19
O001450,1,nagad,3,8150.50
O001451,1,nagad,2,8287.81
O001452,1,cash_on_delivery,1,8424.12
O001453,1,credit_card,6,8561.43
O001454,1,bkash,5,8698.74
O001455,1,bkash,4,8835.05
O001456,1,bkash,3,8972.36
O001457,1,nagad,2,9109.67
O001458,1,nagad,1,9246.98
O001459,1,cash_on_delivery,1,9383.29
O001460,1,cash_on_delivery,1,1520.60
O001461,1,credit_card,4,1657.91
O001462,1,bkash,3,1794.22
O001463,1,bkash,2,1931.53
O001464,1,bkash,1,2068.84
O001465,1,nagad,6,2205.15
O001466,1,nagad,5,2342.46
O001467,1,cash_on_delivery,1,2479.77
O001468,1,cash_on_delivery,1,2616.08
O001469,1,bank_transfer,2,2753.39
O001470,1,bkash,1,2890.70
O001471,1,bkash,6,3027.01
O001472,1,bkash,5,3164.32
O001473,1,nagad,4,3301.63
O001474,1,nagad,3,3438.94
O001475,1,cash_on_delivery,1,3575.25
O001476,1,credit_card,1,3712.56
O001477,1,bkash,6,3849.87
O001478,1,bkash,5,3986.18
O001479,1,bkash,4,4123.49
O001480,1,nagad,3,4260.80
O001481,1,nagad,2,4397.11
O001482,1,cash_on_delivery,1,4534.42
O001483,1,cash_on_delivery,1,4671.73
O001484,1,credit_card,5,4808.04
O001485,1,bkash,4,4945.35
O001486,1,bkash,3,5082.66
O001487,1,bkash,2,5219.97
O001488,1,nagad,1,5356.28
O001489,1,nagad,6,5493.59
O001490,1,cash_on_delivery,1,5630.90
O001491,1,cash_on_delivery,1,5767.21
O001492,1,bank_transfer,3,5904.52
O001493,1,bkash,2,6041.83
O001494,1,bkash,1,6178.14
O001495,1,bkash,6,6315.45
O001496,1,nagad,5,6452.76
O001497,1,nagad,4,6589.07
O001498,1,cash_on_delivery,1,6726.38
O001499,1,credit_card,2,6863.69
O001500,1,bkash,1,7000.00
O001501,1,bkash,6,7137.31
O001502,1,bkash,5,7274.62
O001503,1,bkash,4,7411.93
O001504,1,nagad,3,7548.24
O001505,1,cash_on_delivery,1,7685.55
O001506,1,cash_on_delivery,1,7822.86
O001507,1,credit_card,6,7959.17
O001508,1,bkash,5,8096.48
O001509,1,bkash,4,8233.79
O001510,1,bkash,3,8370.10
O001511,1,nagad,2,8507.41
O001512,1,nagad,1,8644.72
O001513,1,cash_on_delivery,1,8781.03
O001514,1,cash_on_delivery,1,8918.34
O001515,1,bank_transfer,4,9055.65
O001516,1,bkash,3,9192.96
O001517,1,bkash,2,9329.27
O001518,1,bkash,1,9466.58
O001519,1,nagad,6,1603.89
O001520,1,nagad,5,1740.20
O001521,1,cash_on_delivery,1,1877.51
O001522,1,credit_card,3,2014.82
O001523,1,bank_transfer,2,2151.13
O001524,1,bkash,1,2288.44
O001525,1,bkash,6,2425.75
O001526,1,bkash,5,2562.06
O001527,1,nagad,4,2699.37
O001528,1,nagad,3,2836.68
O001529,1,cash_on_delivery,1,2973.99
O001530,1,credit_card,1,3110.30
O001531,1,bkash,6,3247.61
O001532,1,bkash,5,3384.92
O001533,1,bkash,4,3521.23
O001534,1,nagad,3,3658.54
O001535,1,nagad,2,3795.85
O001536,1,cash_on_delivery,1,3932.16
O001537,1,cash_on_delivery,1,4069.47
O001538,1,credit_card,5,4206.78
O001539,1,bkash,4,4343.09
O001540,1,bkash,3,4480.40
O001541,1,bkash,2,4617.71
O001542,1,nagad,1,4754.02
O001543,1,nagad,6,4891.33
O001544,1,cash_on_delivery,1,5028.64
O001545,1,credit_card,4,5165.95
O001546,1,bank_transfer,3,5302.26
O001547,1,bkash,2,5439.57
O001548,1,bkash,1,5576.88
O001549,1,bkash,6,5713.19
O001550,1,nagad,5,5850.50
O001551,1,nagad,4,5987.81
O001552,1,cash_on_delivery,1,6124.12
O001553,1,credit_card,2,6261.43
O001554,1,bkash,1,6398.74
O001555,1,bkash,6,6535.05
O001556,1,bkash,5,6672.36
O001557,1,nagad,4,6809.67
O001558,1,nagad,3,6946.98
O001559,1,cash_on_delivery,1,7083.29
O001560,1,cash_on_delivery,1,7220.60
O001561,1,credit_card,6,7357.91
O001562,1,bkash,5,7494.22
O001563,1,bkash,4,7631.53
O001564,1,bkash,3,7768.84
O001565,1,nagad,2,7905.15
O001566,1,nagad,1,8042.46
O001567,1,cash_on_delivery,1,8179.77
O001568,1,cash_on_delivery,1,8316.08
O001569,1,bank_transfer,4,8453.39
O001570,1,bkash,3,8590.70
O001571,1,bkash,2,8727.01
O001572,1,bkash,1,8864.32
O001573,1,nagad,6,9001.63
O001574,1,nagad,5,9138.94
O001575,1,cash_on_delivery,1,9275.25
O001576,1,credit_card,3,9412.56
O001577,1,bkash,2,1549.87
O001578,1,bkash,1,1686.18
O001579,1,bkash,6,1823.49
O001580,1,nagad,5,1960.80
O001581,1,nagad,4,2097.11
O001582,1,cash_on_delivery,1,2234.42
O001583,1,cash_on_delivery,1,2371.73
O001584,1,credit_card,1,2508.04
O001585,1,bkash,6,2645.35
O001586,1,bkash,5,2782.66
O001587,1,bkash,4,2919.97
O001588,1,nagad,3,3056.28
O001589,1,nagad,2,3193.59
O001590,1,cash_on_delivery,1,3330.90
O001591,1,cash_on_delivery,1,3467.21
O001592,1,bank_transfer,5,3604.52
O001593,1,bkash,4,3741.83
O001594,1,bkash,3,3878.14
O001595,1,bkash,2,4015.45
O001596,1,nagad,1,4152.76
O001597,1,nagad,6,4289.07
O001598,1,cash_on_delivery,1,4426.38
O001599,1,credit_card,4,4563.69
O001600,1,bkash,3,4700.00
O001601,1,bkash,2,4837.31
O001602,1,bkash,1,4974.62
O001603,1,bkash,6,5111.93
O001604,1,nagad,5,5248.24
O001605,1,cash_on_delivery,1,5385.55
O001606,1,cash_on_delivery,1,5522.86
O001607,1,credit_card,2,5659.17
O001608,1,bkash,1,5796.48
O001609,1,bkash,6,5933.79
O001610,1,bkash,5,6070.10
O001611,1,nagad,4,6207.41
O001612,1,nagad,3,6344.72
O001613,1,cash_on_delivery,1,6481.03
O001614,1,cash_on_delivery,1,6618.34
O001615,1,bank_transfer,6,6755.65
O001616,1,bkash,5,6892.96
O001617,1,bkash,4,7029.27
O001618,1,bkash,3,7166.58
O001619,1,nagad,2,7303.89
O001620,1,nagad,1,7440.20
O001621,1,cash_on_delivery,1,7577.51
O001622,1,credit_card,5,7714.82
O001623,1,bank_transfer,4,7851.13
O001624,1,bkash,3,7988.44
O001625,1,bkash,2,8125.75
O001626,1,bkash,1,8262.06
O001627,1,nagad,6,8399.37
O001628,1,nagad,5,8536.68
O001629,1,cash_on_delivery,1,8673.99
O001630,1,credit_card,3,8810.30
O001631,1,bkash,2,8947.61
O001632,1,bkash,1,9084.92
O001633,1,bkash,6,9221.23
O001634,1,nagad,5,9358.54
O001635,1,nagad,4,9495.85
O001636,1,cash_on_delivery,1,1632.16
O001637,1,cash_on_delivery,1,1769.47
O001638,1,credit_card,1,1906.78
O001639,1,bkash,6,2043.09
O001640,1,bkash,5,2180.40
O001641,1,bkash,4,2317.71
O001642,1,nagad,3,2454.02
O001643,1,nagad,2,2591.33
O001644,1,cash_on_delivery,1,2728.64
O001645,1,credit_card,6,2865.95
O001646,1,bank_transfer,5,3002.26
O001647,1,bkash,4,3139.57
O001648,1,bkash,3,3276.88
O001649,1,bkash,2,3413.19
O001650,1,nagad,1,3550.50
O001651,1,nagad,6,3687.81
O001652,1,cash_on_delivery,1,3824.12
O001653,1,credit_card,4,3961.43
O001654,1,bkash,3,4098.74
O001655,1,bkash,2,4235.05
O001656,1,bkash,1,4372.36
O001657,1,nagad,6,4509.67
O001658,1,nagad,5,4646.98
O001659,1,cash_on_delivery,1,4783.29
O001660,1,cash_on_delivery,1,4920.60
O001661,1,credit_card,2,5057.91
O001662,1,bkash,1,5194.22
O001663,1,bkash,6,5331.53
O001664,1,bkash,5,5468.84
O001665,1,nagad,4,5605.15
O001666,1,nagad,3,5742.46
O001667,1,cash_on_delivery,1,5879.77
O001668,1,cash_on_delivery,1,6016.08
O001669,1,bank_transfer,6,6153.39
O001670,1,bkash,5,6290.70
O001671,1,bkash,4,6427.01
O001672,1,bkash,3,6564.32
O001673,1,nagad,2,6701.63
O001674,1,nagad,1,6838.94
O001675,1,cash_on_delivery,1,6975.25
O001676,1,credit_card,5,7112.56
O001677,1,bkash,4,7249.87
O001678,1,bkash,3,7386.18
O001679,1,bkash,2,7523.49
O001680,1,nagad,1,7660.80
O001681,1,nagad,6,7797.11
O001682,1,cash_on_delivery,1,7934.42
O001683,1,cash_on_delivery,1,8071.73
O001684,1,credit_card,3,8208.04
O001685,1,bkash,2,8345.35
O001686,1,bkash,1,8482.66
O001687,1,bkash,6,8619.97
O001688,1,nagad,5,8756.28
O001689,1,nagad,4,8893.59
O001690,1,cash_on_delivery,1,9030.90
O001691,1,cash_on_delivery,1,9167.21
O001692,1,bank_transfer,1,9304.52
O001693,1,bkash,6,9441.83
O001694,1,bkash,5,1578.14
O001695,1,bkash,4,1715.45
O001696,1,nagad,3,1852.76
O001697,1,nagad,2,1989.07
O001698,1,cash_on_delivery,1,2126.38
O001699,1,credit_card,6,2263.69
O001700,1,bkash,5,2400.00
O001701,1,bkash,4,2537.31
O001702,1,bkash,3,2674.62
O001703,1,bkash,2,2811.93
O001704,1,nagad,1,2948.24
O001705,1,cash_on_delivery,1,3085.55
O001706,1,cash_on_delivery,1,3222.86
O001707,1,credit_card,4,3359.17
O001708,1,bkash,3,3496.48
O001709,1,bkash,2,3633.79
O001710,1,bkash,1,3770.10
O001711,1,nagad,6,3907.41
O001712,1,nagad,5,4044.72
O001713,1,cash_on_delivery,1,4181.03
O001714,1,cash_on_delivery,1,4318.34
O001715,1,bank_transfer,2,4455.65
O001716,1,bkash,1,4592.96
O001717,1,bkash,6,4729.27
O001718,1,bkash,5,4866.58
O001719,1,nagad,4,5003.89
O001720,1,nagad,3,5140.20
O001721,1,cash_on_delivery,1,5277.51
O001722,1,credit_card,1,5414.82
O001723,1,bank_transfer,6,5551.13
O001724,1,bkash,5,5688.44
O001725,1,bkash,4,5825.75
O001726,1,bkash,3,5962.06
O001727,1,nagad,2,6099.37
O001728,1,nagad,1,6236.68
O001729,1,cash_on_delivery,1,6373.99
O001730,1,credit_card,5,6510.30
O001731,1,bkash,4,6647.61
O001732,1,bkash,3,6784.92
O001733,1,bkash,2,6921.23
O001734,1,nagad,1,7058.54
O001735,1,nagad,6,7195.85
O001736,1,cash_on_delivery,1,7332.16
O001737,1,cash_on_delivery,1,7469.47
O001738,1,credit_card,3,7606.78
O001739,1,bkash,2,7743.09
O001740,1,bkash,1,7880.40
O001741,1,bkash,6,8017.71
O001742,1,nagad,5,8154.02
O001743,1,nagad,4,8291.33
O001744,1,cash_on_delivery,1,8428.64
O001745,1,credit_card,2,8565.95
O001746,1,bank_transfer,1,8702.26
O001747,1,bkash,6,8839.57
O001748,1,bkash,5,8976.88
O001749,1,bkash,4,9113.19
O001750,1,nagad,3,9250.50
O001751,1,nagad,2,9387.81
O001752,1,cash_on_delivery,1,1524.12
O001753,1,credit_card,6,1661.43
O001754,1,bkash,5,1798.74
O001755,1,bkash,4,1935.05
O001756,1,bkash,3,2072.36
O001757,1,nagad,2,2209.67
O001758,1,nagad,1,2346.98
O001759,1,cash_on_delivery,1,2483.29
O001760,1,cash_on_delivery,1,2620.60
O001761,1,credit_card,4,2757.91
O001762,1,bkash,3,2894.22
O001763,1,bkash,2,3031.53
O001764,1,bkash,1,3168.84
O001765,1,nagad,6,3305.15
O001766,1,nagad,5,3442.46
O001767,1,cash_on_delivery,1,3579.77
O001768,1,cash_on_delivery,1,3716.08
O001769,1,bank_transfer,2,3853.39
O001770,1,bkash,1,3990.70
O001771,1,bkash,6,4127.01
O001772,1,bkash,5,4264.32
O001773,1,nagad,4,4401.63
O001774,1,nagad,3,4538.94
O001775,1,cash_on_delivery,1,4675.25
O001776,1,credit_card,1,4812.56
O001777,1,bkash,6,4949.87
O001778,1,bkash,5,5086.18
O001779,1,bkash,4,5223.49
O001780,1,nagad,3,5360.80
O001781,1,nagad,2,5497.11
O001782,1,cash_on_delivery,1,5634.42
O001783,1,cash_on_delivery,1,5771.73
O001784,1,credit_card,5,5908.04
O001785,1,bkash,4,6045.35
O001786,1,bkash,3,6182.66
O001787,1,bkash,2,6319.97
O001788,1,nagad,1,6456.28
O001789,1,nagad,6,6593.59
O001790,1,cash_on_delivery,1,6730.90
O001791,1,cash_on_delivery,1,6867.21
O001792,1,bank_transfer,3,7004.52
O001793,1,bkash,2,7141.83
O001794,1,bkash,1,7278.14
O001795,1,bkash,6,7415.45
O001796,1,nagad,5,7552.76
O001797,1,nagad,4,7689.07
O001798,1,cash_on_delivery,1,7826.38
O001799,1,credit_card,2,7963.69
O001800,1,bkash,1,8100.00
O001801,1,bkash,6,8237.31
O001802,1,bkash,5,8374.62
O001803,1,bkash,4,8511.93
O001804,1,nagad,3,8648.24
O001805,1,cash_on_delivery,1,8785.55
O001806,1,cash_on_delivery,1,8922.86
O001807,1,credit_card,6,9059.17
O001808,1,bkash,5,9196.48
O001809,1,bkash,4,9333.79
O001810,1,bkash,3,9470.10
O001811,1,nagad,2,1607.41
O001812,1,nagad,1,1744.72
O001813,1,cash_on_delivery,1,1881.03
O001814,1,cash_on_delivery,1,2018.34
O001815,1,bank_transfer,4,2155.65
O001816,1,bkash,3,2292.96
O001817,1,bkash,2,2429.27
O001818,1,bkash,1,2566.58
O001819,1,nagad,6,2703.89
O001820,1,nagad,5,2840.20
O001821,1,cash_on_delivery,1,2977.51
O001822,1,credit_card,3,3114.82
O001823,1,bank_transfer,2,3251.13
O001824,1,bkash,1,3388.44
O001825,1,bkash,6,3525.75
O001826,1,bkash,5,3662.06
O001827,1,nagad,4,3799.37
O001828,1,nagad,3,3936.68
O001829,1,cash_on_delivery,1,4073.99
O001830,1,credit_card,1,4210.30
O001831,1,bkash,6,4347.61
O001832,1,bkash,5,4484.92
O001833,1,bkash,4,4621.23
O001834,1,nagad,3,4758.54
O001835,1,nagad,2,4895.85
O001836,1,cash_on_delivery,1,5032.16
O001837,1,cash_on_delivery,1,5169.47
O001838,1,credit_card,5,5306.78
O001839,1,bkash,4,5443.09
O001840,1,bkash,3,5580.40
O001841,1,bkash,2,5717.71
O001842,1,nagad,1,5854.02
O001843,1,nagad,6,5991.33
O001844,1,cash_on_delivery,1,6128.64
O001845,1,credit_card,4,6265.95
O001846,1,bank_transfer,3,6402.26
O001847,1,bkash,2,6539.57
O001848,1,bkash,1,6676.88
O001849,1,bkash,6,6813.19
O001850,1,nagad,5,6950.50
O001851,1,nagad,4,7087.81
O001852,1,cash_on_delivery,1,7224.12
O001853,1,credit_card,2,7361.43
O001854,1,bkash,1,7498.74
O001855,1,bkash,6,7635.05
O001856,1,bkash,5,7772.36
O001857,1,nagad,4,7909.67
O001858,1,nagad,3,8046.98
O001859,1,cash_on_delivery,1,8183.29
O001860,1,cash_on_delivery,1,8320.60
O001861,1,credit_card,6,8457.91
O001862,1,bkash,5,8594.22
O001863,1,bkash,4,8731.53
O001864,1,bkash,3,8868.84
O001865,1,nagad,2,9005.15
O001866,1,nagad,1,9142.46
O001867,1,cash_on_delivery,1,9279.77
O001868,1,cash_on_delivery,1,9416.08
O001869,1,bank_transfer,4,1553.39
O001870,1,bkash,3,1690.70
O001871,1,bkash,2,1827.01
O001872,1,bkash,1,1964.32
O001873,1,nagad,6,2101.63
O001874,1,nagad,5,2238.94
O001875,1,cash_on_delivery,1,2375.25
O001876,1,credit_card,3,2512.56
O001877,1,bkash,2,2649.87
O001878,1,bkash,1,2786.18
O001879,1,bkash,6,2923.49
O001880,1,nagad,5,3060.80
O001881,1,nagad,4,3197.11
O001882,1,cash_on_delivery,1,3334.42
O001883,1,cash_on_delivery,1,3471.73
O001884,1,credit_card,1,3608.04
O001885,1,bkash,6,3745.35
O001886,1,bkash,5,3882.66
O001887,1,bkash,4,4019.97
O001888,1,nagad,3,4156.28
O001889,1,nagad,2,4293.59
O001890,1,cash_on_delivery,1,4430.90
O001891,1,cash_on_delivery,1,4567.21
O001892,1,bank_transfer,5,4704.52
O001893,1,bkash,4,4841.83
O001894,1,bkash,3,4978.14
O001895,1,bkash,2,5115.45
O001896,1,nagad,1,5252.76
O001897,1,nagad,6,5389.07
O001898,1,cash_on_delivery,1,5526.38
O001899,1,credit_card,4,5663.69
O001900,1,bkash,3,5800.00
O001901,1,bkash,2,5937.31
O001902,1,bkash,1,6074.62
O001903,1,bkash,6,6211.93
O001904,1,nagad,5,6348.24
O001905,1,cash_on_delivery,1,6485.55
O001906,1,cash_on_delivery,1,6622.86
O001907,1,credit_card,2,6759.17
O001908,1,bkash,1,6896.48
O001909,1,bkash,6,7033.79
O001910,1,bkash,5,7170.10
O001911,1,nagad,4,7307.41
O001912,1,nagad,3,7444.72
O001913,1,cash_on_delivery,1,7581.03
O001914,1,cash_on_delivery,1,7718.34
O001915,1,bank_transfer,6,7855.65
O001916,1,bkash,5,7992.96
O001917,1,bkash,4,8129.27
O001918,1,bkash,3,8266.58
O001919,1,nagad,2,8403.89
O001920,1,nagad,1,8540.20
O001921,1,cash_on_delivery,1,8677.51
O001922,1,credit_card,5,8814.82
O001923,1,bank_transfer,4,8951.13
O001924,1,bkash,3,9088.44
O001925,1,bkash,2,9225.75
O001926,1,bkash,1,9362.06
O001927,1,nagad,6,9499.37
O001928,1,nagad,5,1636.68
O001929,1,cash_on_delivery,1,1773.99
O001930,1,credit_card,3,1910.30
O001931,1,bkash,2,2047.61
O001932,1,bkash,1,2184.92
O001933,1,bkash,6,2321.23
O001934,1,nagad,5,2458.54
O001935,1,nagad,4,2595.85
O001936,1,cash_on_delivery,1,2732.16
O001937,1,cash_on_delivery,1,2869.47
O001938,1,credit_card,1,3006.78
O001939,1,bkash,6,3143.09
O001940,1,bkash,5,3280.40
O001941,1,bkash,4,3417.71
O001942,1,nagad,3,3554.02
O001943,1,nagad,2,3691.33
O001944,1,cash_on_delivery,1,3828.64
O001945,1,credit_card,6,3965.95
O001946,1,bank_transfer,5,4102.26
O001947,1,bkash,4,4239.57
O001948,1,bkash,3,4376.88
O001949,1,bkash,2,4513.19
O001950,1,nagad,1,4650.50
O001951,1,nagad,6,4787.81
O001952,1,cash_on_delivery,1,4924.12
O001953,1,credit_card,4,5061.43
O001954,1,bkash,3,5198.74
O001955,1,bkash,2,5335.05
O001956,1,bkash,1,5472.36
O001957,1,nagad,6,5609.67
O001958,1,nagad,5,5746.98
O001959,1,cash_on_delivery,1,5883.29
O001960,1,cash_on_delivery,1,6020.60
O001961,1,credit_card,2,6157.91
O001962,1,bkash,1,6294.22
O001963,1,bkash,6,6431.53
O001964,1,bkash,5,6568.84
O001965,1,nagad,4,6705.15
O001966,1,nagad,3,6842.46
O001967,1,cash_on_delivery,1,6979.77
O001968,1,cash_on_delivery,1,7116.08
O001969,1,bank_transfer,6,7253.39
O001970,1,bkash,5,7390.70
O001971,1,bkash,4,7527.01
O001972,1,bkash,3,7664.32
O001973,1,nagad,2,7801.63
O001974,1,nagad,1,7938.94
O001975,1,cash_on_delivery,1,8075.25
O001976,1,credit_card,5,8212.56
O001977,1,bkash,4,8349.87
O001978,1,bkash,3,8486.18
O001979,1,bkash,2,8623.49
O001980,1,nagad,1,8760.80
O001981,1,nagad,6,8897.11
O001982,1,cash_on_delivery,1,9034.42
O001983,1,cash_on_delivery,1,9171.73
O001984,1,credit_card,3,9308.04
O001985,1,bkash,2,9445.35
O001986,1,bkash,1,1582.66
O001987,1,bkash,6,1719.97
O001988,1,nagad,5,1856.28
O001989,1,nagad,4,1993.59
O001990,1,cash_on_delivery,1,2130.90
O001991,1,cash_on_delivery,1,2267.21
O001992,1,bank_transfer,1,2404.52
O001993,1,bkash,6,2541.83
O001994,1,bkash,5,2678.14
O001995,1,bkash,4,2815.45
O001996,1,nagad,3,2952.76
O001997,1,nagad,2,3089.07
O001998,1,cash_on_delivery,1,3226.38
O001999,1,credit_card,6,3363.69
O002000,1,bkash,5,3500.00
O002001,1,bkash,4,3637.31
O002002,1,bkash,3,3774.62
O002003,1,bkash,2,3911.93
O002004,1,nagad,1,4048.24
O002005,1,cash_on_delivery,1,4185.55
O002006,1,cash_on_delivery,1,4322.86
O002007,1,credit_card,4,4459.17
O002008,1,bkash,3,4596.48
O002009,1,bkash,2,4733.79
O002010,1,bkash,1,4870.10
O002011,1,nagad,6,5007.41
O002012,1,nagad,5,5144.72
O002013,1,cash_on_delivery,1,5281.03
O002014,1,cash_on_delivery,1,5418.34
O002015,1,bank_transfer,2,5555.65
O002016,1,bkash,1,5692.96
O002017,1,bkash,6,5829.27
O002018,1,bkash,5,5966.58
O002019,1,nagad,4,6103.89
O002020,1,nagad,3,6240.20
O002021,1,cash_on_delivery,1,6377.51
O002022,1,credit_card,1,6514.82
O002023,1,bank_transfer,6,6651.13
O002024,1,bkash,5,6788.44
O002025,1,bkash,4,6925.75
O002026,1,bkash,3,7062.06
O002027,1,nagad,2,7199.37
O002028,1,nagad,1,7336.68
O002029,1,cash_on_delivery,1,7473.99
O002030,1,credit_card,5,7610.30
O002031,1,bkash,4,7747.61
O002032,1,bkash,3,7884.92
O002033,1,bkash,2,8021.23
O002034,1,nagad,1,8158.54
O002035,1,nagad,6,8295.85
O002036,1,cash_on_delivery,1,8432.16
O002037,1,cash_on_delivery,1,8569.47
O002038,1,credit_card,3,8706.78
O002039,1,bkash,2,8843.09
O002040,1,bkash,1,8980.40
O002041,1,bkash,6,9117.71
O002042,1,nagad,5,9254.02
O002043,1,nagad,4,9391.33
O002044,1,cash_on_delivery,1,1528.64
O002045,1,credit_card,2,1665.95
O002046,1,bank_transfer,1,1802.26
O002047,1,bkash,6,1939.57
O002048,1,bkash,5,2076.88
O002049,1,bkash,4,2213.19
O002050,1,nagad,3,2350.50
O002051,1,nagad,2,2487.81
O002052,1,cash_on_delivery,1,2624.12
O002053,1,credit_card,6,2761.43
O002054,1,bkash,5,2898.74
O002055,1,bkash,4,3035.05
O002056,1,bkash,3,3172.36
O002057,1,nagad,2,3309.67
O002058,1,nagad,1,3446.98
O002059,1,cash_on_delivery,1,3583.29
O002060,1,cash_on_delivery,1,3720.60
O002061,1,credit_card,4,3857.91
O002062,1,bkash,3,3994.22
O002063,1,bkash,2,4131.53
O002064,1,bkash,1,4268.84
O002065,1,nagad,6,4405.15
O002066,1,nagad,5,4542.46
O002067,1,cash_on_delivery,1,4679.77
O002068,1,cash_on_delivery,1,4816.08
O002069,1,bank_transfer,2,4953.39
O002070,1,bkash,1,5090.70
O002071,1,bkash,6,5227.01
O002072,1,bkash,5,5364.32
O002073,1,nagad,4,5501.63
O002074,1,nagad,3,5638.94
O002075,1,cash_on_delivery,1,5775.25
O002076,1,credit_card,1,5912.56
O002077,1,bkash,6,6049.87
O002078,1,bkash,5,6186.18
O002079,1,bkash,4,6323.49
O002080,1,nagad,3,6460.80
O002081,1,nagad,2,6597.11
O002082,1,cash_on_delivery,1,6734.42
O002083,1,cash_on_delivery,1,6871.73
O002084,1,credit_card,5,7008.04
O002085,1,bkash,4,7145.35
O002086,1,bkash,3,7282.66
O002087,1,bkash,2,7419.97
O002088,1,nagad,1,7556.28
O002089,1,nagad,6,7693.59
O002090,1,cash_on_delivery,1,7830.90
O002091,1,cash_on_delivery,1,7967.21
O002092,1,bank_transfer,3,8104.52
O002093,1,bkash,2,8241.83
O002094,1,bkash,1,8378.14
O002095,1,bkash,6,8515.45
O002096,1,nagad,5,8652.76
O002097,1,nagad,4,8789.07
O002098,1,cash_on_delivery,1,8926.38
O002099,1,credit_card,2,9063.69
O002100,1,bkash,1,9200.00
O002101,1,bkash,6,9337.31
O002102,1,bkash,5,9474.62
O002103,1,bkash,4,1611.93
O002104,1,nagad,3,1748.24
O002105,1,cash_on_delivery,1,1885.55
O002106,1,cash_on_delivery,1,2022.86
O002107,1,credit_card,6,2159.17
O002108,1,bkash,5,2296.48
O002109,1,bkash,4,2433.79
O002110,1,bkash,3,2570.10
O002111,1,nagad,2,2707.41
O002112,1,nagad,1,2844.72
O002113,1,cash_on_delivery,1,2981.03
O002114,1,cash_on_delivery,1,3118.34
O002115,1,bank_transfer,4,3255.65
O002116,1,bkash,3,3392.96
O002117,1,bkash,2,3529.27
O002118,1,bkash,1,3666.58
O002119,1,nagad,6,3803.89
O002120,1,nagad,5,3940.20
O002121,1,cash_on_delivery,1,4077.51
O002122,1,credit_card,3,4214.82
O002123,1,bank_transfer,2,4351.13
O002124,1,bkash,1,4488.44
O002125,1,bkash,6,4625.75
O002126,1,bkash,5,4762.06
O002127,1,nagad,4,4899.37
O002128,1,nagad,3,5036.68
O002129,1,cash_on_delivery,1,5173.99
O002130,1,credit_card,1,5310.30
O002131,1,bkash,6,5447.61
O002132,1,bkash,5,5584.92
O002133,1,bkash,4,5721.23
O002134,1,nagad,3,5858.54
O002135,1,nagad,2,5995.85
O002136,1,cash_on_delivery,1,6132.16
O002137,1,cash_on_delivery,1,6269.47
O002138,1,credit_card,5,6406.78
O002139,1,bkash,4,6543.09
O002140,1,bkash,3,6680.40
O002141,1,bkash,2,6817.71
O002142,1,nagad,1,6954.02
O002143,1,nagad,6,7091.33
O002144,1,cash_on_delivery,1,7228.64
O002145,1,credit_card,4,7365.95
O002146,1,bank_transfer,3,7502.26
O002147,1,bkash,2,7639.57
O002148,1,bkash,1,7776.88
O002149,1,bkash,6,7913.19
O002150,1,nagad,5,8050.50
O002151,1,nagad,4,8187.81
O002152,1,cash_on_delivery,1,8324.12
O002153,1,credit_card,2,8461.43
O002154,1,bkash,1,8598.74
O002155,1,bkash,6,8735.05
O002156,1,bkash,5,8872.36
O002157,1,nagad,4,9009.67
O002158,1,nagad,3,9146.98
O002159,1,cash_on_delivery,1,9283.29
O002160,1,cash_on_delivery,1,9420.60
O002161,1,credit_card,6,1557.91
O002162,1,bkash,5,1694.22
O002163,1,bkash,4,1831.53
O002164,1,bkash,3,1968.84
O002165,1,nagad,2,2105.15
O002166,1,nagad,1,2242.46
O002167,1,cash_on_delivery,1,2379.77
O002168,1,cash_on_delivery,1,2516.08
O002169,1,bank_transfer,4,2653.39
O002170,1,bkash,3,2790.70
O002171,1,bkash,2,2927.01
O002172,1,bkash,1,3064.32
O002173,1,nagad,6,3201.63
O002174,1,nagad,5,3338.94
O002175,1,cash_on_delivery,1,3475.25
O002176,1,credit_card,3,3612.56
O002177,1,bkash,2,3749.87
O002178,1,bkash,1,3886.18
O002179,1,bkash,6,4023.49
O002180,1,nagad,5,4160.80
O002181,1,nagad,4,4297.11
O002182,1,cash_on_delivery,1,4434.42
O002183,1,cash_on_delivery,1,4571.73
O002184,1,credit_card,1,4708.04
O002185,1,bkash,6,4845.35
O002186,1,bkash,5,4982.66
O002187,1,bkash,4,5119.97
O002188,1,nagad,3,5256.28
O002189,1,nagad,2,5393.59
O002190,1,cash_on_delivery,1,5530.90
O002191,1,cash_on_delivery,1,5667.21
O002192,1,bank_transfer,5,5804.52
O002193,1,bkash,4,5941.83
O002194,1,bkash,3,6078.14
O002195,1,bkash,2,6215.45
O002196,1,nagad,1,6352.76
O002197,1,nagad,6,6489.07
O002198,1,cash_on_delivery,1,6626.38
O002199,1,credit_card,4,6763.69
O002200,1,bkash,3,6900.00
O002201,1,bkash,2,7037.31
O002202,1,bkash,1,7174.62
O002203,1,bkash,6,7311.93
O002204,1,nagad,5,7448.24
O002205,1,cash_on_delivery,1,7585.55
O002206,1,cash_on_delivery,1,7722.86
O002207,1,credit_card,2,7859.17
O002208,1,bkash,1,7996.48
O002209,1,bkash,6,8133.79
O002210,1,bkash,5,8270.10
O002211,1,nagad,4,8407.41
O002212,1,nagad,3,8544.72
O002213,1,cash_on_delivery,1,8681.03
O002214,1,cash_on_delivery,1,8818.34
O002215,1,bank_transfer,6,8955.65
O002216,1,bkash,5,9092.96
O002217,1,bkash,4,9229.27
O002218,1,bkash,3,9366.58
O002219,1,nagad,2,1503.89
O002220,1,nagad,1,1640.20
O002221,1,cash_on_delivery,1,1777.51
O002222,1,credit_card,5,1914.82
O002223,1,bank_transfer,4,2051.13
O002224,1,bkash,3,2188.44
O002225,1,bkash,2,2325.75
O002226,1,bkash,1,2462.06
O002227,1,nagad,6,2599.37
O002228,1,nagad,5,2736.68
O002229,1,cash_on_delivery,1,2873.99
O002230,1,credit_card,3,3010.30
O002231,1,bkash,2,3147.61
O002232,1,bkash,1,3284.92
O002233,1,bkash,6,3421.23
O002234,1,nagad,5,3558.54
O002235,1,nagad,4,3695.85
O002236,1,cash_on_delivery,1,3832.16
O002237,1,cash_on_delivery,1,3969.47
O002238,1,credit_card,1,4106.78
O002239,1,bkash,6,4243.09
O002240,1,bkash,5,4380.40
O002241,1,bkash,4,4517.71
O002242,1,nagad,3,4654.02
O002243,1,nagad,2,4791.33
O002244,1,cash_on_delivery,1,4928.64
O002245,1,credit_card,6,5065.95
O002246,1,bank_transfer,5,5202.26
O002247,1,bkash,4,5339.57
O002248,1,bkash,3,5476.88
O002249,1,bkash,2,5613.19
O002250,1,nagad,1,5750.50
O002251,1,nagad,6,5887.81
O002252,1,cash_on_delivery,1,6024.12
O002253,1,credit_card,4,6161.43
O002254,1,bkash,3,6298.74
O002255,1,bkash,2,6435.05
O002256,1,bkash,1,6572.36
O002257,1,nagad,6,6709.67
O002258,1,nagad,5,6846.98
O002259,1,cash_on_delivery,1,6983.29
O002260,1,cash_on_delivery,1,7120.60
O002261,1,credit_card,2,7257.91
O002262,1,bkash,1,7394.22
O002263,1,bkash,6,7531.53
O002264,1,bkash,5,7668.84
O002265,1,nagad,4,7805.15
O002266,1,nagad,3,7942.46
O002267,1,cash_on_delivery,1,8079.77
O002268,1,cash_on_delivery,1,8216.08
O002269,1,bank_transfer,6,8353.39
O002270,1,bkash,5,8490.70
O002271,1,bkash,4,8627.01
O002272,1,bkash,3,8764.32
O002273,1,nagad,2,8901.63
O002274,1,nagad,1,9038.94
O002275,1,cash_on_delivery,1,9175.25
O002276,1,credit_card,5,9312.56
O002277,1,bkash,4,9449.87
O002278,1,bkash,3,1586.18
O002279,1,bkash,2,1723.49
O002280,1,nagad,1,1860.80
O002281,1,nagad,6,1997.11
O002282,1,cash_on_delivery,1,2134.42
O002283,1,cash_on_delivery,1,2271.73
O002284,1,credit_card,3,2408.04
O002285,1,bkash,2,2545.35
O002286,1,bkash,1,2682.66
O002287,1,bkash,6,2819.97
O002288,1,nagad,5,2956.28
O002289,1,nagad,4,3093.59
O002290,1,cash_on_delivery,1,3230.90
O002291,1,cash_on_delivery,1,3367.21
O002292,1,bank_transfer,1,3504.52
O002293,1,bkash,6,3641.83
O002294,1,bkash,5,3778.14
O002295,1,bkash,4,3915.45
O002296,1,nagad,3,4052.76
O002297,1,nagad,2,4189.07
O002298,1,cash_on_delivery,1,4326.38
O002299,1,credit_card,6,4463.69
O002300,1,bkash,5,4600.00
O002301,1,bkash,4,4737.31
O002302,1,bkash,3,4874.62
O002303,1,bkash,2,5011.93
O002304,1,nagad,1,5148.24
O002305,1,cash_on_delivery,1,5285.55
O002306,1,cash_on_delivery,1,5422.86
O002307,1,credit_card,4,5559.17
O002308,1,bkash,3,5696.48
O002309,1,bkash,2,5833.79
O002310,1,bkash,1,5970.10
O002311,1,nagad,6,6107.41
O002312,1,nagad,5,6244.72
O002313,1,cash_on_delivery,1,6381.03
O002314,1,cash_on_delivery,1,6518.34
O002315,1,bank_transfer,2,6655.65
O002316,1,bkash,1,6792.96
O002317,1,bkash,6,6929.27
O002318,1,bkash,5,7066.58
O002319,1,nagad,4,7203.89
O002320,1,nagad,3,7340.20
O002321,1,cash_on_delivery,1,7477.51
O002322,1,credit_card,1,7614.82
O002323,1,bank_transfer,6,7751.13
O002324,1,bkash,5,7888.44
O002325,1,bkash,4,8025.75
O002326,1,bkash,3,8162.06
O002327,1,nagad,2,8299.37
O002328,1,nagad,1,8436.68
O002329,1,cash_on_delivery,1,8573.99
O002330,1,credit_card,5,8710.30
O002331,1,bkash,4,8847.61
O002332,1,bkash,3,8984.92
O002333,1,bkash,2,9121.23
O002334,1,nagad,1,9258.54
O002335,1,nagad,6,9395.85
O002336,1,cash_on_delivery,1,1532.16
O002337,1,cash_on_delivery,1,1669.47
O002338,1,credit_card,3,1806.78
O002339,1,bkash,2,1943.09
O002340,1,bkash,1,2080.40
O002341,1,bkash,6,2217.71
O002342,1,nagad,5,2354.02
O002343,1,nagad,4,2491.33
O002344,1,cash_on_delivery,1,2628.64
O002345,1,credit_card,2,2765.95
O002346,1,bank_transfer,1,2902.26
O002347,1,bkash,6,3039.57
O002348,1,bkash,5,3176.88
O002349,1,bkash,4,3313.19
O002350,1,nagad,3,3450.50
O002351,1,nagad,2,3587.81
O002352,1,cash_on_delivery,1,3724.12
O002353,1,credit_card,6,3861.43
O002354,1,bkash,5,3998.74
O002355,1,bkash,4,4135.05
O002356,1,bkash,3,4272.36
O002357,1,nagad,2,4409.67
O002358,1,nagad,1,4546.98
O002359,1,cash_on_delivery,1,4683.29
O002360,1,cash_on_delivery,1,4820.60
O002361,1,credit_card,4,4957.91
O002362,1,bkash,3,5094.22
O002363,1,bkash,2,5231.53
O002364,1,bkash,1,5368.84
O002365,1,nagad,6,5505.15
O002366,1,nagad,5,5642.46
O002367,1,cash_on_delivery,1,5779.77
O002368,1,cash_on_delivery,1,5916.08
O002369,1,bank_transfer,2,6053.39
O002370,1,bkash,1,6190.70
O002371,1,bkash,6,6327.01
O002372,1,bkash,5,6464.32
O002373,1,nagad,4,6601.63
O002374,1,nagad,3,6738.94
O002375,1,cash_on_delivery,1,6875.25
O002376,1,credit_card,1,7012.56
O002377,1,bkash,6,7149.87
O002378,1,bkash,5,7286.18
O002379,1,bkash,4,7423.49
O002380,1,nagad,3,7560.80
O002381,1,nagad,2,7697.11
O002382,1,cash_on_delivery,1,7834.42
O002383,1,cash_on_delivery,1,7971.73
O002384,1,credit_card,5,8108.04
O002385,1,bkash,4,8245.35
O002386,1,bkash,3,8382.66
O002387,1,bkash,2,8519.97
O002388,1,nagad,1,8656.28
O002389,1,nagad,6,8793.59
O002390,1,cash_on_delivery,1,8930.90
O002391,1,cash_on_delivery,1,9067.21
O002392,1,bank_transfer,3,9204.52
O002393,1,bkash,2,9341.83
O002394,1,bkash,1,9478.14
O002395,1,bkash,6,1615.45
O002396,1,nagad,5,1752.76
O002397,1,nagad,4,1889.07
O002398,1,cash_on_delivery,1,2026.38
O002399,1,credit_card,2,2163.69
O002400,1,bkash,1,2300.00
O002401,1,bkash,6,2437.31
O002402,1,bkash,5,2574.62
O002403,1,bkash,4,2711.93
O002404,1,nagad,3,2848.24
O002405,1,cash_on_delivery,1,2985.55
O002406,1,cash_on_delivery,1,3122.86
O002407,1,credit_card,6,3259.17
O002408,1,bkash,5,3396.48
O002409,1,bkash,4,3533.79
O002410,1,bkash,3,3670.10
O002411,1,nagad,2,3807.41
O002412,1,nagad,1,3944.72
O002413,1,cash_on_delivery,1,4081.03
O002414,1,cash_on_delivery,1,4218.34
O002415,1,bank_transfer,4,4355.65
O002416,1,bkash,3,4492.96
O002417,1,bkash,2,4629.27
O002418,1,bkash,1,4766.58
O002419,1,nagad,6,4903.89
O002420,1,nagad,5,5040.20
O002421,1,cash_on_delivery,1,5177.51
O002422,1,credit_card,3,5314.82
O002423,1,bank_transfer,2,5451.13
O002424,1,bkash,1,5588.44
O002425,1,bkash,6,5725.75
O002426,1,bkash,5,5862.06
O002427,1,nagad,4,5999.37
O002428,1,nagad,3,6136.68
O002429,1,cash_on_delivery,1,6273.99
O002430,1,credit_card,1,6410.30
O002431,1,bkash,6,6547.61
O002432,1,bkash,5,6684.92
O002433,1,bkash,4,6821.23
O002434,1,nagad,3,6958.54
O002435,1,nagad,2,7095.85
O002436,1,cash_on_delivery,1,7232.16
O002437,1,cash_on_delivery,1,7369.47
O002438,1,credit_card,5,7506.78
O002439,1,bkash,4,7643.09
O002440,1,bkash,3,7780.40
O002441,1,bkash,2,7917.71
O002442,1,nagad,1,8054.02
O002443,1,nagad,6,8191.33
O002444,1,cash_on_delivery,1,8328.64
O002445,1,credit_card,4,8465.95
O002446,1,bank_transfer,3,8602.26
O002447,1,bkash,2,8739.57
O002448,1,bkash,1,8876.88
O002449,1,bkash,6,9013.19
O002450,1,nagad,5,9150.50
O002451,1,nagad,4,9287.81
O002452,1,cash_on_delivery,1,9424.12
O002453,1,credit_card,2,1561.43
O002454,1,bkash,1,1698.74
O002455,1,bkash,6,1835.05
O002456,1,bkash,5,1972.36
O002457,1,nagad,4,2109.67
O002458,1,nagad,3,2246.98
O002459,1,cash_on_delivery,1,2383.29
O002460,1,cash_on_delivery,1,2520.60
O002461,1,credit_card,6,2657.91
O002462,1,bkash,5,2794.22
O002463,1,bkash,4,2931.53
O002464,1,bkash,3,3068.84
O002465,1,nagad,2,3205.15
O002466,1,nagad,1,3342.46
O002467,1,cash_on_delivery,1,3479.77
O002468,1,cash_on_delivery,1,3616.08
O002469,1,bank_transfer,4,3753.39
O002470,1,bkash,3,3890.70
O002471,1,bkash,2,4027.01
O002472,1,bkash,1,4164.32
O002473,1,nagad,6,4301.63
O002474,1,nagad,5,4438.94
O002475,1,cash_on_delivery,1,4575.25
O002476,1,credit_card,3,4712.56
O002477,1,bkash,2,4849.87
O002478,1,bkash,1,4986.18
O002479,1,bkash,6,5123.49
O002480,1,nagad,5,5260.80
O002481,1,nagad,4,5397.11
O002482,1,cash_on_delivery,1,5534.42
O002483,1,cash_on_delivery,1,5671.73
O002484,1,credit_card,1,5808.04
O002485,1,bkash,6,5945.35
O002486,1,bkash,5,6082.66
O002487,1,bkash,4,6219.97
O002488,1,nagad,3,6356.28
O002489,1,nagad,2,6493.59
O002490,1,cash_on_delivery,1,6630.90
O002491,1,cash_on_delivery,1,6767.21
O002492,1,bank_transfer,5,6904.52
O002493,1,bkash,4,7041.83
O002494,1,bkash,3,7178.14
O002495,1,bkash,2,7315.45
O002496,1,nagad,1,7452.76
O002497,1,nagad,6,7589.07
O002498,1,cash_on_delivery,1,7726.38
O002499,1,credit_card,4,7863.69
O002500,1,bkash,3,8000.00
O002501,1,bkash,2,8137.31
O002502,1,bkash,1,8274.62
O002503,1,bkash,6,8411.93
O002504,1,nagad,5,8548.24
O002505,1,cash_on_delivery,1,8685.55
O002506,1,cash_on_delivery,1,8822.86
O002507,1,credit_card,2,8959.17
O002508,1,bkash,1,9096.48
O002509,1,bkash,6,9233.79
O002510,1,bkash,5,9370.10
O002511,1,nagad,4,1507.41
O002512,1,nagad,3,1644.72
O002513,1,cash_on_delivery,1,1781.03
O002514,1,cash_on_delivery,1,1918.34
O002515,1,bank_transfer,6,2055.65
O002516,1,bkash,5,2192.96
O002517,1,bkash,4,2329.27
O002518,1,bkash,3,2466.58
O002519,1,nagad,2,2603.89
O002520,1,nagad,1,2740.20
O002521,1,cash_on_delivery,1,2877.51
O002522,1,credit_card,5,3014.82
O002523,1,bank_transfer,4,3151.13
O002524,1,bkash,3,3288.44
O002525,1,bkash,2,3425.75
O002526,1,bkash,1,3562.06
O002527,1,nagad,6,3699.37
O002528,1,nagad,5,3836.68
O002529,1,cash_on_delivery,1,3973.99
O002530,1,credit_card,3,4110.30
O002531,1,bkash,2,4247.61
O002532,1,bkash,1,4384.92
O002533,1,bkash,6,4521.23
O002534,1,nagad,5,4658.54
O002535,1,nagad,4,4795.85
O002536,1,cash_on_delivery,1,4932.16
O002537,1,cash_on_delivery,1,5069.47
O002538,1,credit_card,1,5206.78
O002539,1,bkash,6,5343.09
O002540,1,bkash,5,5480.40
O002541,1,bkash,4,5617.71
O002542,1,nagad,3,5754.02
O002543,1,nagad,2,5891.33
O002544,1,cash_on_delivery,1,6028.64
O002545,1,credit_card,6,6165.95
O002546,1,bank_transfer,5,6302.26
O002547,1,bkash,4,6439.57
O002548,1,bkash,3,6576.88
O002549,1,bkash,2,6713.19
O002550,1,nagad,1,6850.50
O002551,1,nagad,6,6987.81
O002552,1,cash_on_delivery,1,7124.12
O002553,1,credit_card,4,7261.43
O002554,1,bkash,3,7398.74
O002555,1,bkash,2,7535.05
O002556,1,bkash,1,7672.36
O002557,1,nagad,6,7809.67
O002558,1,nagad,5,7946.98
O002559,1,cash_on_delivery,1,8083.29
O002560,1,cash_on_delivery,1,8220.60
O002561,1,credit_card,2,8357.91
O002562,1,bkash,1,8494.22
O002563,1,bkash,6,8631.53
O002564,1,bkash,5,8768.84
O002565,1,nagad,4,8905.15
O002566,1,nagad,3,9042.46
O002567,1,cash_on_delivery,1,9179.77
O002568,1,cash_on_delivery,1,9316.08
O002569,1,bank_transfer,6,9453.39
O002570,1,bkash,5,1590.70
O002571,1,bkash,4,1727.01
O002572,1,bkash,3,1864.32
O002573,1,nagad,2,2001.63
O002574,1,nagad,1,2138.94
O002575,1,cash_on_delivery,1,2275.25
O002576,1,credit_card,5,2412.56
O002577,1,bkash,4,2549.87
O002578,1,bkash,3,2686.18
O002579,1,bkash,2,2823.49
O002580,1,nagad,1,2960.80
O002581,1,nagad,6,3097.11
O002582,1,cash_on_delivery,1,3234.42
O002583,1,cash_on_delivery,1,3371.73
O002584,1,credit_card,3,3508.04
O002585,1,bkash,2,3645.35
O002586,1,bkash,1,3782.66
O002587,1,bkash,6,3919.97
O002588,1,nagad,5,4056.28
O002589,1,nagad,4,4193.59
O002590,1,cash_on_delivery,1,4330.90
O002591,1,cash_on_delivery,1,4467.21
O002592,1,bank_transfer,1,4604.52
O002593,1,bkash,6,4741.83
O002594,1,bkash,5,4878.14
O002595,1,bkash,4,5015.45
O002596,1,nagad,3,5152.76
O002597,1,nagad,2,5289.07
O002598,1,cash_on_delivery,1,5426.38
O002599,1,credit_card,6,5563.69
O002600,1,bkash,5,5700.00
O002601,1,bkash,4,5837.31
O002602,1,bkash,3,5974.62
O002603,1,bkash,2,6111.93
O002604,1,nagad,1,6248.24
O002605,1,cash_on_delivery,1,6385.55
O002606,1,cash_on_delivery,1,6522.86
O002607,1,credit_card,4,6659.17
O002608,1,bkash,3,6796.48
O002609,1,bkash,2,6933.79
O002610,1,bkash,1,7070.10
O002611,1,nagad,6,7207.41
O002612,1,nagad,5,7344.72
O002613,1,cash_on_delivery,1,7481.03
O002614,1,cash_on_delivery,1,7618.34
O002615,1,bank_transfer,2,7755.65
O002616,1,bkash,1,7892.96
O002617,1,bkash,6,8029.27
O002618,1,bkash,5,8166.58
O002619,1,nagad,4,8303.89
O002620,1,nagad,3,8440.20
O002621,1,cash_on_delivery,1,8577.51
O002622,1,credit_card,1,8714.82
O002623,1,bank_transfer,6,8851.13
O002624,1,bkash,5,8988.44
O002625,1,bkash,4,9125.75
O002626,1,bkash,3,9262.06
O002627,1,nagad,2,9399.37
O002628,1,nagad,1,1536.68
O002629,1,cash_on_delivery,1,1673.99
O002630,1,credit_card,5,1810.30
O002631,1,bkash,4,1947.61
O002632,1,bkash,3,2084.92
O002633,1,bkash,2,2221.23
O002634,1,nagad,1,2358.54
O002635,1,nagad,6,2495.85
O002636,1,cash_on_delivery,1,2632.16
O002637,1,cash_on_delivery,1,2769.47
O002638,1,credit_card,3,2906.78
O002639,1,bkash,2,3043.09
O002640,1,bkash,1,3180.40
O002641,1,bkash,6,3317.71
O002642,1,nagad,5,3454.02
O002643,1,nagad,4,3591.33
O002644,1,cash_on_delivery,1,3728.64
O002645,1,credit_card,2,3865.95
O002646,1,bank_transfer,1,4002.26
O002647,1,bkash,6,4139.57
O002648,1,bkash,5,4276.88
O002649,1,bkash,4,4413.19
O002650,1,nagad,3,4550.50
O002651,1,nagad,2,4687.81
O002652,1,cash_on_delivery,1,4824.12
O002653,1,credit_card,6,4961.43
O002654,1,bkash,5,5098.74
O002655,1,bkash,4,5235.05
O002656,1,bkash,3,5372.36
O002657,1,nagad,2,5509.67
O002658,1,nagad,1,5646.98
O002659,1,cash_on_delivery,1,5783.29
O002660,1,cash_on_delivery,1,5920.60
O002661,1,credit_card,4,6057.91
O002662,1,bkash,3,6194.22
O002663,1,bkash,2,6331.53
O002664,1,bkash,1,6468.84
O002665,1,nagad,6,6605.15
O002666,1,nagad,5,6742.46
O002667,1,cash_on_delivery,1,6879.77
O002668,1,cash_on_delivery,1,7016.08
O002669,1,bank_transfer,2,7153.39
O002670,1,bkash,1,7290.70
O002671,1,bkash,6,7427.01
O002672,1,bkash,5,7564.32
O002673,1,nagad,4,7701.63
O002674,1,nagad,3,7838.94
O002675,1,cash_on_delivery,1,7975.25
O002676,1,credit_card,1,8112.56
O002677,1,bkash,6,8249.87
O002678,1,bkash,5,8386.18
O002679,1,bkash,4,8523.49
O002680,1,nagad,3,8660.80
O002681,1,nagad,2,8797.11
O002682,1,cash_on_delivery,1,8934.42
O002683,1,cash_on_delivery,1,9071.73
O002684,1,credit_card,5,9208.04
O002685,1,bkash,4,9345.35
O002686,1,bkash,3,9482.66
O002687,1,bkash,2,1619.97
O002688,1,nagad,1,1756.28
O002689,1,nagad,6,1893.59
O002690,1,cash_on_delivery,1,2030.90
O002691,1,cash_on_delivery,1,2167.21
O002692,1,bank_transfer,3,2304.52
O002693,1,bkash,2,2441.83
O002694,1,bkash,1,2578.14
O002695,1,bkash,6,2715.45
O002696,1,nagad,5,2852.76
O002697,1,nagad,4,2989.07
O002698,1,cash_on_delivery,1,3126.38
O002699,1,credit_card,2,3263.69
O002700,1,bkash,1,3400.00
O002701,1,bkash,6,3537.31
O002702,1,bkash,5,3674.62
O002703,1,bkash,4,3811.93
O002704,1,nagad,3,3948.24
O002705,1,cash_on_delivery,1,4085.55
O002706,1,cash_on_delivery,1,4222.86
O002707,1,credit_card,6,4359.17
O002708,1,bkash,5,4496.48
O002709,1,bkash,4,4633.79
O002710,1,bkash,3,4770.10
O002711,1,nagad,2,4907.41
O002712,1,nagad,1,5044.72
O002713,1,cash_on_delivery,1,5181.03
O002714,1,cash_on_delivery,1,5318.34
O002715,1,bank_transfer,4,5455.65
O002716,1,bkash,3,5592.96
O002717,1,bkash,2,5729.27
O002718,1,bkash,1,5866.58
O002719,1,nagad,6,6003.89
O002720,1,nagad,5,6140.20
O002721,1,cash_on_delivery,1,6277.51
O002722,1,credit_card,3,6414.82
O002723,1,bank_transfer,2,6551.13
O002724,1,bkash,1,6688.44
O002725,1,bkash,6,6825.75
O002726,1,bkash,5,6962.06
O002727,1,nagad,4,7099.37
O002728,1,nagad,3,7236.68
O002729,1,cash_on_delivery,1,7373.99
O002730,1,credit_card,1,7510.30
O002731,1,bkash,6,7647.61
O002732,1,bkash,5,7784.92
O002733,1,bkash,4,7921.23
O002734,1,nagad,3,8058.54
O002735,1,nagad,2,8195.85
O002736,1,cash_on_delivery,1,8332.16
O002737,1,cash_on_delivery,1,8469.47
O002738,1,credit_card,5,8606.78
O002739,1,bkash,4,8743.09
O002740,1,bkash,3,8880.40
O002741,1,bkash,2,9017.71
O002742,1,nagad,1,9154.02
O002743,1,nagad,6,9291.33
O002744,1,cash_on_delivery,1,9428.64
O002745,1,credit_card,4,1565.95
O002746,1,bank_transfer,3,1702.26
O002747,1,bkash,2,1839.57
O002748,1,bkash,1,1976.88
O002749,1,bkash,6,2113.19
O002750,1,nagad,5,2250.50
O002751,1,nagad,4,2387.81
O002752,1,cash_on_delivery,1,2524.12
O002753,1,credit_card,2,2661.43
O002754,1,bkash,1,2798.74
O002755,1,bkash,6,2935.05
O002756,1,bkash,5,3072.36
O002757,1,nagad,4,3209.67
O002758,1,nagad,3,3346.98
O002759,1,cash_on_delivery,1,3483.29
O002760,1,cash_on_delivery,1,3620.60
O002761,1,credit_card,6,3757.91
O002762,1,bkash,5,3894.22
O002763,1,bkash,4,4031.53
O002764,1,bkash,3,4168.84
O002765,1,nagad,2,4305.15
O002766,1,nagad,1,4442.46
O002767,1,cash_on_delivery,1,4579.77
O002768,1,cash_on_delivery,1,4716.08
O002769,1,bank_transfer,4,4853.39
O002770,1,bkash,3,4990.70
O002771,1,bkash,2,5127.01
O002772,1,bkash,1,5264.32
O002773,1,nagad,6,5401.63
O002774,1,nagad,5,5538.94
O002775,1,cash_on_delivery,1,5675.25
O002776,1,credit_card,3,5812.56
O002777,1,bkash,2,5949.87
O002778,1,bkash,1,6086.18
O002779,1,bkash,6,6223.49
O002780,1,nagad,5,6360.80
O002781,1,nagad,4,6497.11
O002782,1,cash_on_delivery,1,6634.42
O002783,1,cash_on_delivery,1,6771.73
O002784,1,credit_card,1,6908.04
O002785,1,bkash,6,7045.35
O002786,1,bkash,5,7182.66
O002787,1,bkash,4,7319.97
O002788,1,nagad,3,7456.28
O002789,1,nagad,2,7593.59
O002790,1,cash_on_delivery,1,7730.90
O002791,1,cash_on_delivery,1,7867.21
O002792,1,bank_transfer,5,8004.52
O002793,1,bkash,4,8141.83
O002794,1,bkash,3,8278.14
O002795,1,bkash,2,8415.45
O002796,1,nagad,1,8552.76
O002797,1,nagad,6,8689.07
O002798,1,cash_on_delivery,1,8826.38
O002799,1,credit_card,4,8963.69
O002800,1,bkash,3,9100.00
O002801,1,bkash,2,9237.31
O002802,1,bkash,1,9374.62
O002803,1,bkash,6,1511.93
O002804,1,nagad,5,1648.24
O002805,1,cash_on_delivery,1,1785.55
O002806,1,cash_on_delivery,1,1922.86
O002807,1,credit_card,2,2059.17
O002808,1,bkash,1,2196.48
O002809,1,bkash,6,2333.79
O002810,1,bkash,5,2470.10
O002811,1,nagad,4,2607.41
O002812,1,nagad,3,2744.72
O002813,1,cash_on_delivery,1,2881.03
O002814,1,cash_on_delivery,1,3018.34
O002815,1,bank_transfer,6,3155.65
O002816,1,bkash,5,3292.96
O002817,1,bkash,4,3429.27
O002818,1,bkash,3,3566.58
O002819,1,nagad,2,3703.89
O002820,1,nagad,1,3840.20
O002821,1,cash_on_delivery,1,3977.51
O002822,1,credit_card,5,4114.82
O002823,1,bank_transfer,4,4251.13
O002824,1,bkash,3,4388.44
O002825,1,bkash,2,4525.75
O002826,1,bkash,1,4662.06
O002827,1,nagad,6,4799.37
O002828,1,nagad,5,4936.68
O002829,1,cash_on_delivery,1,5073.99
O002830,1,credit_card,3,5210.30
O002831,1,bkash,2,5347.61
O002832,1,bkash,1,5484.92
O002833,1,bkash,6,5621.23
O002834,1,nagad,5,5758.54
O002835,1,nagad,4,5895.85
O002836,1,cash_on_delivery,1,6032.16
O002837,1,cash_on_delivery,1,6169.47
O002838,1,credit_card,1,6306.78
O002839,1,bkash,6,6443.09
O002840,1,bkash,5,6580.40
O002841,1,bkash,4,6717.71
O002842,1,nagad,3,6854.02
O002843,1,nagad,2,6991.33
O002844,1,cash_on_delivery,1,7128.64
O002845,1,credit_card,6,7265.95
O002846,1,bank_transfer,5,7402.26
O002847,1,bkash,4,7539.57
O002848,1,bkash,3,7676.88
O002849,1,bkash,2,7813.19
O002850,1,nagad,1,7950.50
O002851,1,nagad,6,8087.81
O002852,1,cash_on_delivery,1,8224.12
O002853,1,credit_card,4,8361.43
O002854,1,bkash,3,8498.74
O002855,1,bkash,2,8635.05
O002856,1,bkash,1,8772.36
O002857,1,nagad,6,8909.67
O002858,1,nagad,5,9046.98
O002859,1,cash_on_delivery,1,9183.29
O002860,1,cash_on_delivery,1,9320.60
O002861,1,credit_card,2,9457.91
O002862,1,bkash,1,1594.22
O002863,1,bkash,6,1731.53
O002864,1,bkash,5,1868.84
O002865,1,nagad,4,2005.15
O002866,1,nagad,3,2142.46
O002867,1,cash_on_delivery,1,2279.77
O002868,1,cash_on_delivery,1,2416.08
O002869,1,bank_transfer,6,2553.39
O002870,1,bkash,5,2690.70
O002871,1,bkash,4,2827.01
O002872,1,bkash,3,2964.32
O002873,1,nagad,2,3101.63
O002874,1,nagad,1,3238.94
O002875,1,cash_on_delivery,1,3375.25
O002876,1,credit_card,5,3512.56
O002877,1,bkash,4,3649.87
O002878,1,bkash,3,3786.18
O002879,1,bkash,2,3923.49
O002880,1,nagad,1,4060.80
O002881,1,nagad,6,4197.11
O002882,1,cash_on_delivery,1,4334.42
O002883,1,cash_on_delivery,1,4471.73
O002884,1,credit_card,3,4608.04
O002885,1,bkash,2,4745.35
O002886,1,bkash,1,4882.66
O002887,1,bkash,6,5019.97
O002888,1,nagad,5,5156.28
O002889,1,nagad,4,5293.59
O002890,1,cash_on_delivery,1,5430.90
O002891,1,cash_on_delivery,1,5567.21
O002892,1,bank_transfer,1,5704.52
O002893,1,bkash,6,5841.83
O002894,1,bkash,5,5978.14
O002895,1,bkash,4,6115.45
O002896,1,nagad,3,6252.76
O002897,1,nagad,2,6389.07
O002898,1,cash_on_delivery,1,6526.38
O002899,1,credit_card,6,6663.69
O002900,1,bkash,5,6800.00
O002901,1,bkash,4,6937.31
O002902,1,bkash,3,7074.62
O002903,1,bkash,2,7211.93
O002904,1,nagad,1,7348.24
O002905,1,cash_on_delivery,1,7485.55
O002906,1,cash_on_delivery,1,7622.86
O002907,1,credit_card,4,7759.17
O002908,1,bkash,3,7896.48
O002909,1,bkash,2,8033.79
O002910,1,bkash,1,8170.10
O002911,1,nagad,6,8307.41
O002912,1,nagad,5,8444.72
O002913,1,cash_on_delivery,1,8581.03
O002914,1,cash_on_delivery,1,8718.34
O002915,1,bank_transfer,2,8855.65
O002916,1,bkash,1,8992.96
O002917,1,bkash,6,9129.27
O002918,1,bkash,5,9266.58
O002919,1,nagad,4,9403.89
O002920,1,nagad,3,1540.20
O002921,1,cash_on_delivery,1,1677.51
O002922,1,credit_card,1,1814.82
O002923,1,bank_transfer,6,1951.13
O002924,1,bkash,5,2088.44
O002925,1,bkash,4,2225.75
O002926,1,bkash,3,2362.06
O002927,1,nagad,2,2499.37
O002928,1,nagad,1,2636.68
O002929,1,cash_on_delivery,1,2773.99
O002930,1,credit_card,5,2910.30
O002931,1,bkash,4,3047.61
O002932,1,bkash,3,3184.92
O002933,1,bkash,2,3321.23
O002934,1,nagad,1,3458.54
O002935,1,nagad,6,3595.85
O002936,1,cash_on_delivery,1,3732.16
O002937,1,cash_on_delivery,1,3869.47
O002938,1,credit_card,3,4006.78
O002939,1,bkash,2,4143.09
O002940,1,bkash,1,4280.40
O002941,1,bkash,6,4417.71
O002942,1,nagad,5,4554.02
O002943,1,nagad,4,4691.33
O002944,1,cash_on_delivery,1,4828.64
O002945,1,credit_card,2,4965.95
O002946,1,bank_transfer,1,5102.26
O002947,1,bkash,6,5239.57
O002948,1,bkash,5,5376.88
O002949,1,bkash,4,5513.19
O002950,1,nagad,3,5650.50
O002951,1,nagad,2,5787.81
O002952,1,cash_on_delivery,1,5924.12
O002953,1,credit_card,6,6061.43
O002954,1,bkash,5,6198.74
O002955,1,bkash,4,6335.05
O002956,1,bkash,3,6472.36
O002957,1,nagad,2,6609.67
O002958,1,nagad,1,6746.98
O002959,1,cash_on_delivery,1,6883.29
O002960,1,cash_on_delivery,1,7020.60
O002961,1,credit_card,4,7157.91
O002962,1,bkash,3,7294.22
O002963,1,bkash,2,7431.53
O002964,1,bkash,1,7568.84
O002965,1,nagad,6,7705.15
O002966,1,nagad,5,7842.46
O002967,1,cash_on_delivery,1,7979.77
O002968,1,cash_on_delivery,1,8116.08
O002969,1,bank_transfer,2,8253.39
O002970,1,bkash,1,8390.70
O002971,1,bkash,6,8527.01
O002972,1,bkash,5,8664.32
O002973,1,nagad,4,8801.63
O002974,1,nagad,3,8938.94
O002975,1,cash_on_delivery,1,9075.25
O002976,1,credit_card,1,9212.56
O002977,1,bkash,6,9349.87
O002978,1,bkash,5,9486.18
O002979,1,bkash,4,1623.49
O002980,1,nagad,3,1760.80
O002981,1,nagad,2,1897.11
O002982,1,cash_on_delivery,1,2034.42
O002983,1,cash_on_delivery,1,2171.73
O002984,1,credit_card,5,2308.04
O002985,1,bkash,4,2445.35
O002986,1,bkash,3,2582.66
O002987,1,bkash,2,2719.97
O002988,1,nagad,1,2856.28
O002989,1,nagad,6,2993.59
O002990,1,cash_on_delivery,1,3130.90
O002991,1,cash_on_delivery,1,3267.21
O002992,1,bank_transfer,3,3404.52
O002993,1,bkash,2,3541.83
O002994,1,bkash,1,3678.14
O002995,1,bkash,6,3815.45
O002996,1,nagad,5,3952.76
O002997,1,nagad,4,4089.07
O002998,1,cash_on_delivery,1,4226.38
O002999,1,credit_card,2,4363.69
O003000,1,bkash,1,4500.00
O003001,1,bkash,6,4637.31
O003002,1,bkash,5,4774.62
O003003,1,bkash,4,4911.93
O003004,1,nagad,3,5048.24
O003005,1,cash_on_delivery,1,5185.55
O003006,1,cash_on_delivery,1,5322.86
O003007,1,credit_card,6,5459.17
O003008,1,bkash,5,5596.48
O003009,1,bkash,4,5733.79
O003010,1,bkash,3,5870.10
O003011,1,nagad,2,6007.41
O003012,1,nagad,1,6144.72
O003013,1,cash_on_delivery,1,6281.03
O003014,1,cash_on_delivery,1,6418.34
O003015,1,bank_transfer,4,6555.65
O003016,1,bkash,3,6692.96
O003017,1,bkash,2,6829.27
O003018,1,bkash,1,6966.58
O003019,1,nagad,6,7103.89
O003020,1,nagad,5,7240.20
O003021,1,cash_on_delivery,1,7377.51
O003022,1,credit_card,3,7514.82
O003023,1,bank_transfer,2,7651.13
O003024,1,bkash,1,7788.44
O003025,1,bkash,6,7925.75
O003026,1,bkash,5,8062.06
O003027,1,nagad,4,8199.37
O003028,1,nagad,3,8336.68
O003029,1,cash_on_delivery,1,8473.99
O003030,1,credit_card,1,8610.30
O003031,1,bkash,6,8747.61
O003032,1,bkash,5,8884.92
O003033,1,bkash,4,9021.23
O003034,1,nagad,3,9158.54
O003035,1,nagad,2,9295.85
O003036,1,cash_on_delivery,1,9432.16
O003037,1,cash_on_delivery,1,1569.47
O003038,1,credit_card,5,1706.78
O003039,1,bkash,4,1843.09
O003040,1,bkash,3,1980.40
O003041,1,bkash,2,2117.71
O003042,1,nagad,1,2254.02
O003043,1,nagad,6,2391.33
O003044,1,cash_on_delivery,1,2528.64
O003045,1,credit_card,4,2665.95
O003046,1,bank_transfer,3,2802.26
O003047,1,bkash,2,2939.57
O003048,1,bkash,1,3076.88
O003049,1,bkash,6,3213.19
O003050,1,nagad,5,3350.50
O003051,1,nagad,4,3487.81
O003052,1,cash_on_delivery,1,3624.12
O003053,1,credit_card,2,3761.43
O003054,1,bkash,1,3898.74
O003055,1,bkash,6,4035.05
O003056,1,bkash,5,4172.36
O003057,1,nagad,4,4309.67
O003058,1,nagad,3,4446.98
O003059,1,cash_on_delivery,1,4583.29
O003060,1,cash_on_delivery,1,4720.60
O003061,1,credit_card,6,4857.91
O003062,1,bkash,5,4994.22
O003063,1,bkash,4,5131.53
O003064,1,bkash,3,5268.84
O003065,1,nagad,2,5405.15
O003066,1,nagad,1,5542.46
O003067,1,cash_on_delivery,1,5679.77
O003068,1,cash_on_delivery,1,5816.08
O003069,1,bank_transfer,4,5953.39
O003070,1,bkash,3,6090.70
O003071,1,bkash,2,6227.01
O003072,1,bkash,1,6364.32
O003073,1,nagad,6,6501.63
O003074,1,nagad,5,6638.94
O003075,1,cash_on_delivery,1,6775.25
O003076,1,credit_card,3,6912.56
O003077,1,bkash,2,7049.87
O003078,1,bkash,1,7186.18
O003079,1,bkash,6,7323.49
O003080,1,nagad,5,7460.80
O003081,1,nagad,4,7597.11
O003082,1,cash_on_delivery,1,7734.42
O003083,1,cash_on_delivery,1,7871.73
O003084,1,credit_card,1,8008.04
O003085,1,bkash,6,8145.35
O003086,1,bkash,5,8282.66
O003087,1,bkash,4,8419.97
O003088,1,nagad,3,8556.28
O003089,1,nagad,2,8693.59
O003090,1,cash_on_delivery,1,8830.90
O003091,1,cash_on_delivery,1,8967.21
O003092,1,bank_transfer,5,9104.52
O003093,1,bkash,4,9241.83
O003094,1,bkash,3,9378.14
O003095,1,bkash,2,1515.45
O003096,1,nagad,1,1652.76
O003097,1,nagad,6,1789.07
O003098,1,cash_on_delivery,1,1926.38
O003099,1,credit_card,4,2063.69
O003100,1,bkash,3,2200.00
O003101,1,bkash,2,2337.31
O003102,1,bkash,1,2474.62
O003103,1,bkash,6,2611.93
O003104,1,nagad,5,2748.24
O003105,1,cash_on_delivery,1,2885.55
O003106,1,cash_on_delivery,1,3022.86
O003107,1,credit_card,2,3159.17
O003108,1,bkash,1,3296.48
O003109,1,bkash,6,3433.79
O003110,1,bkash,5,3570.10
O003111,1,nagad,4,3707.41
O003112,1,nagad,3,3844.72
O003113,1,cash_on_delivery,1,3981.03
O003114,1,cash_on_delivery,1,4118.34
O003115,1,bank_transfer,6,4255.65
O003116,1,bkash,5,4392.96
O003117,1,bkash,4,4529.27
O003118,1,bkash,3,4666.58
O003119,1,nagad,2,4803.89
O003120,1,nagad,1,4940.20
O003121,1,cash_on_delivery,1,5077.51
O003122,1,credit_card,5,5214.82
O003123,1,bank_transfer,4,5351.13
O003124,1,bkash,3,5488.44
O003125,1,bkash,2,5625.75
O003126,1,bkash,1,5762.06
O003127,1,nagad,6,5899.37
O003128,1,nagad,5,6036.68
O003129,1,cash_on_delivery,1,6173.99
O003130,1,credit_card,3,6310.30
O003131,1,bkash,2,6447.61
O003132,1,bkash,1,6584.92
O003133,1,bkash,6,6721.23
O003134,1,nagad,5,6858.54
O003135,1,nagad,4,6995.85
O003136,1,cash_on_delivery,1,7132.16
O003137,1,cash_on_delivery,1,7269.47
O003138,1,credit_card,1,7406.78
O003139,1,bkash,6,7543.09
O003140,1,bkash,5,7680.40
O003141,1,bkash,4,7817.71
O003142,1,nagad,3,7954.02
O003143,1,nagad,2,8091.33
O003144,1,cash_on_delivery,1,8228.64
O003145,1,credit_card,6,8365.95
O003146,1,bank_transfer,5,8502.26
O003147,1,bkash,4,8639.57
O003148,1,bkash,3,8776.88
O003149,1,bkash,2,8913.19
O003150,1,nagad,1,9050.50
O003151,1,nagad,6,9187.81
O003152,1,cash_on_delivery,1,9324.12
O003153,1,credit_card,4,9461.43
O003154,1,bkash,3,1598.74
O003155,1,bkash,2,1735.05
O003156,1,bkash,1,1872.36
O003157,1,nagad,6,2009.67
O003158,1,nagad,5,2146.98
O003159,1,cash_on_delivery,1,2283.29
O003160,1,cash_on_delivery,1,2420.60
O003161,1,credit_card,2,2557.91
O003162,1,bkash,1,2694.22
O003163,1,bkash,6,2831.53
O003164,1,bkash,5,2968.84
O003165,1,nagad,4,3105.15
O003166,1,nagad,3,3242.46
O003167,1,cash_on_delivery,1,3379.77
O003168,1,cash_on_delivery,1,3516.08
O003169,1,bank_transfer,6,3653.39
O003170,1,bkash,5,3790.70
O003171,1,bkash,4,3927.01
O003172,1,bkash,3,4064.32
O003173,1,nagad,2,4201.63
O003174,1,nagad,1,4338.94
O003175,1,cash_on_delivery,1,4475.25
O003176,1,credit_card,5,4612.56
O003177,1,bkash,4,4749.87
O003178,1,bkash,3,4886.18
O003179,1,bkash,2,5023.49
O003180,1,nagad,1,5160.80
O003181,1,nagad,6,5297.11
O003182,1,cash_on_delivery,1,5434.42
O003183,1,cash_on_delivery,1,5571.73
O003184,1,credit_card,3,5708.04
O003185,1,bkash,2,5845.35
O003186,1,bkash,1,5982.66
O003187,1,bkash,6,6119.97
O003188,1,nagad,5,6256.28
O003189,1,nagad,4,6393.59
O003190,1,cash_on_delivery,1,6530.90
O003191,1,cash_on_delivery,1,6667.21
O003192,1,bank_transfer,1,6804.52
O003193,1,bkash,6,6941.83
O003194,1,bkash,5,7078.14
O003195,1,bkash,4,7215.45
O003196,1,nagad,3,7352.76
O003197,1,nagad,2,7489.07
O003198,1,cash_on_delivery,1,7626.38
O003199,1,credit_card,6,7763.69
O003200,1,bkash,5,7900.00
O003201,1,bkash,4,8037.31
O003202,1,bkash,3,8174.62
O003203,1,bkash,2,8311.93
O003204,1,nagad,1,8448.24
O003205,1,cash_on_delivery,1,8585.55
O003206,1,cash_on_delivery,1,8722.86
O003207,1,credit_card,4,8859.17
O003208,1,bkash,3,8996.48
O003209,1,bkash,2,9133.79
O003210,1,bkash,1,9270.10
O003211,1,nagad,6,9407.41
O003212,1,nagad,5,1544.72
O003213,1,cash_on_delivery,1,1681.03
O003214,1,cash_on_delivery,1,1818.34
O003215,1,bank_transfer,2,1955.65
O003216,1,bkash,1,2092.96
O003217,1,bkash,6,2229.27
O003218,1,bkash,5,2366.58
O003219,1,nagad,4,2503.89
O003220,1,nagad,3,2640.20
O003221,1,cash_on_delivery,1,2777.51
O003222,1,credit_card,1,2914.82
O003223,1,bank_transfer,6,3051.13
O003224,1,bkash,5,3188.44
O003225,1,bkash,4,3325.75
O003226,1,bkash,3,3462.06
O003227,1,nagad,2,3599.37
O003228,1,nagad,1,3736.68
O003229,1,cash_on_delivery,1,3873.99
O003230,1,credit_card,5,4010.30
O003231,1,bkash,4,4147.61
O003232,1,bkash,3,4284.92
O003233,1,bkash,2,4421.23
O003234,1,nagad,1,4558.54
O003235,1,nagad,6,4695.85
O003236,1,cash_on_delivery,1,4832.16
O003237,1,cash_on_delivery,1,4969.47
O003238,1,credit_card,3,5106.78
O003239,1,bkash,2,5243.09
O003240,1,bkash,1,5380.40
O003241,1,bkash,6,5517.71
O003242,1,nagad,5,5654.02
O003243,1,nagad,4,5791.33
O003244,1,cash_on_delivery,1,5928.64
O003245,1,credit_card,2,6065.95
O003246,1,bank_transfer,1,6202.26
O003247,1,bkash,6,6339.57
O003248,1,bkash,5,6476.88
O003249,1,bkash,4,6613.19
O003250,1,nagad,3,6750.50
O003251,1,nagad,2,6887.81
O003252,1,cash_on_delivery,1,7024.12
O003253,1,credit_card,6,7161.43
O003254,1,bkash,5,7298.74
O003255,1,bkash,4,7435.05
O003256,1,bkash,3,7572.36
O003257,1,nagad,2,7709.67
O003258,1,nagad,1,7846.98
O003259,1,cash_on_delivery,1,7983.29
O003260,1,cash_on_delivery,1,8120.60
O003261,1,credit_card,4,8257.91
O003262,1,bkash,3,8394.22
O003263,1,bkash,2,8531.53
O003264,1,bkash,1,8668.84
O003265,1,nagad,6,8805.15
O003266,1,nagad,5,8942.46
O003267,1,cash_on_delivery,1,9079.77
O003268,1,cash_on_delivery,1,9216.08
O003269,1,bank_transfer,2,9353.39
O003270,1,bkash,1,9490.70
O003271,1,bkash,6,1627.01
O003272,1,bkash,5,1764.32
O003273,1,nagad,4,1901.63
O003274,1,nagad,3,2038.94
O003275,1,cash_on_delivery,1,2175.25
O003276,1,credit_card,1,2312.56
O003277,1,bkash,6,2449.87
O003278,1,bkash,5,2586.18
O003279,1,bkash,4,2723.49
O003280,1,nagad,3,2860.80
O003281,1,nagad,2,2997.11
O003282,1,cash_on_delivery,1,3134.42
O003283,1,cash_on_delivery,1,3271.73
O003284,1,credit_card,5,3408.04
O003285,1,bkash,4,3545.35
O003286,1,bkash,3,3682.66
O003287,1,bkash,2,3819.97
O003288,1,nagad,1,3956.28
O003289,1,nagad,6,4093.59
O003290,1,cash_on_delivery,1,4230.90
O003291,1,cash_on_delivery,1,4367.21
O003292,1,bank_transfer,3,4504.52
O003293,1,bkash,2,4641.83
O003294,1,bkash,1,4778.14
O003295,1,bkash,6,4915.45
O003296,1,nagad,5,5052.76
O003297,1,nagad,4,5189.07
O003298,1,cash_on_delivery,1,5326.38
O003299,1,credit_card,2,5463.69
O003300,1,bkash,1,5600.00
O003301,1,bkash,6,5737.31
O003302,1,bkash,5,5874.62
O003303,1,bkash,4,6011.93
O003304,1,nagad,3,6148.24
O003305,1,cash_on_delivery,1,6285.55
O003306,1,cash_on_delivery,1,6422.86
O003307,1,credit_card,6,6559.17
O003308,1,bkash,5,6696.48
O003309,1,bkash,4,6833.79
O003310,1,bkash,3,6970.10
O003311,1,nagad,2,7107.41
O003312,1,nagad,1,7244.72
O003313,1,cash_on_delivery,1,7381.03
O003314,1,cash_on_delivery,1,7518.34
O003315,1,bank_transfer,4,7655.65
O003316,1,bkash,3,7792.96
O003317,1,bkash,2,7929.27
O003318,1,bkash,1,8066.58
O003319,1,nagad,6,8203.89
O003320,1,nagad,5,8340.20
O003321,1,cash_on_delivery,1,8477.51
O003322,1,credit_card,3,8614.82
O003323,1,bank_transfer,2,8751.13
O003324,1,bkash,1,8888.44
O003325,1,bkash,6,9025.75
O003326,1,bkash,5,9162.06
O003327,1,nagad,4,9299.37
O003328,1,nagad,3,9436.68
O003329,1,cash_on_delivery,1,1573.99
O003330,1,credit_card,1,1710.30
O003331,1,bkash,6,1847.61
O003332,1,bkash,5,1984.92
O003333,1,bkash,4,2121.23
O003334,1,nagad,3,2258.54
O003335,1,nagad,2,2395.85
O003336,1,cash_on_delivery,1,2532.16
O003337,1,cash_on_delivery,1,2669.47
O003338,1,credit_card,5,2806.78
O003339,1,bkash,4,2943.09
O003340,1,bkash,3,3080.40
O003341,1,bkash,2,3217.71
O003342,1,nagad,1,3354.02
O003343,1,nagad,6,3491.33
O003344,1,cash_on_delivery,1,3628.64
O003345,1,credit_card,4,3765.95
O003346,1,bank_transfer,3,3902.26
O003347,1,bkash,2,4039.57
O003348,1,bkash,1,4176.88
O003349,1,bkash,6,4313.19
O003350,1,nagad,5,4450.50
O003351,1,nagad,4,4587.81
O003352,1,cash_on_delivery,1,4724.12
O003353,1,credit_card,2,4861.43
O003354,1,bkash,1,4998.74
O003355,1,bkash,6,5135.05
O003356,1,bkash,5,5272.36
O003357,1,nagad,4,5409.67
O003358,1,nagad,3,5546.98
O003359,1,cash_on_delivery,1,5683.29
O003360,1,cash_on_delivery,1,5820.60
O003361,1,credit_card,6,5957.91
O003362,1,bkash,5,6094.22
O003363,1,bkash,4,6231.53
O003364,1,bkash,3,6368.84
O003365,1,nagad,2,6505.15
O003366,1,nagad,1,6642.46
O003367,1,cash_on_delivery,1,6779.77
O003368,1,cash_on_delivery,1,6916.08
O003369,1,bank_transfer,4,7053.39
O003370,1,bkash,3,7190.70
O003371,1,bkash,2,7327.01
O003372,1,bkash,1,7464.32
O003373,1,nagad,6,7601.63
O003374,1,nagad,5,7738.94
O003375,1,cash_on_delivery,1,7875.25
O003376,1,credit_card,3,8012.56
O003377,1,bkash,2,8149.87
O003378,1,bkash,1,8286.18
O003379,1,bkash,6,8423.49
O003380,1,nagad,5,8560.80
O003381,1,nagad,4,8697.11
O003382,1,cash_on_delivery,1,8834.42
O003383,1,cash_on_delivery,1,8971.73
O003384,1,credit_card,1,9108.04
O003385,1,bkash,6,9245.35
O003386,1,bkash,5,9382.66
O003387,1,bkash,4,1519.97
O003388,1,nagad,3,1656.28
O003389,1,nagad,2,1793.59
O003390,1,cash_on_delivery,1,1930.90
O003391,1,cash_on_delivery,1,2067.21
O003392,1,bank_transfer,5,2204.52
O003393,1,bkash,4,2341.83
O003394,1,bkash,3,2478.14
O003395,1,bkash,2,2615.45
O003396,1,nagad,1,2752.76
O003397,1,nagad,6,2889.07
O003398,1,cash_on_delivery,1,3026.38
O003399,1,credit_card,4,3163.69
O003400,1,bkash,3,3300.00
O003401,1,bkash,2,3437.31
O003402,1,bkash,1,3574.62
O003403,1,bkash,6,3711.93
O003404,1,nagad,5,3848.24
O003405,1,cash_on_delivery,1,3985.55
O003406,1,cash_on_delivery,1,4122.86
O003407,1,credit_card,2,4259.17
O003408,1,bkash,1,4396.48
O003409,1,bkash,6,4533.79
O003410,1,bkash,5,4670.10
O003411,1,nagad,4,4807.41
O003412,1,nagad,3,4944.72
O003413,1,cash_on_delivery,1,5081.03
O003414,1,cash_on_delivery,1,5218.34
O003415,1,bank_transfer,6,5355.65
O003416,1,bkash,5,5492.96
O003417,1,bkash,4,5629.27
O003418,1,bkash,3,5766.58
O003419,1,nagad,2,5903.89
O003420,1,nagad,1,6040.20
O003421,1,cash_on_delivery,1,6177.51
O003422,1,credit_card,5,6314.82
O003423,1,bank_transfer,4,6451.13
O003424,1,bkash,3,6588.44
O003425,1,bkash,2,6725.75
O003426,1,bkash,1,6862.06
O003427,1,nagad,6,6999.37
O003428,1,nagad,5,7136.68
O003429,1,cash_on_delivery,1,7273.99
O003430,1,credit_card,3,7410.30
O003431,1,bkash,2,7547.61
O003432,1,bkash,1,7684.92
O003433,1,bkash,6,7821.23
O003434,1,nagad,5,7958.54
O003435,1,nagad,4,8095.85
O003436,1,cash_on_delivery,1,8232.16
O003437,1,cash_on_delivery,1,8369.47
O003438,1,credit_card,1,8506.78
O003439,1,bkash,6,8643.09
O003440,1,bkash,5,8780.40
O003441,1,bkash,4,8917.71
O003442,1,nagad,3,9054.02
O003443,1,nagad,2,9191.33
O003444,1,cash_on_delivery,1,9328.64
O003445,1,credit_card,6,9465.95
O003446,1,bank_transfer,5,1602.26
O003447,1,bkash,4,1739.57
O003448,1,bkash,3,1876.88
O003449,1,bkash,2,2013.19
O003450,1,nagad,1,2150.50
O003451,1,nagad,6,2287.81
O003452,1,cash_on_delivery,1,2424.12
O003453,1,credit_card,4,2561.43
O003454,1,bkash,3,2698.74
O003455,1,bkash,2,2835.05
O003456,1,bkash,1,2972.36
O003457,1,nagad,6,3109.67
O003458,1,nagad,5,3246.98
O003459,1,cash_on_delivery,1,3383.29
O003460,1,cash_on_delivery,1,3520.60
O003461,1,credit_card,2,3657.91
O003462,1,bkash,1,3794.22
O003463,1,bkash,6,3931.53
O003464,1,bkash,5,4068.84
O003465,1,nagad,4,4205.15
O003466,1,nagad,3,4342.46
O003467,1,cash_on_delivery,1,4479.77
O003468,1,cash_on_delivery,1,4616.08
O003469,1,bank_transfer,6,4753.39
O003470,1,bkash,5,4890.70
O003471,1,bkash,4,5027.01
O003472,1,bkash,3,5164.32
O003473,1,nagad,2,5301.63
O003474,1,nagad,1,5438.94
O003475,1,cash_on_delivery,1,5575.25
O003476,1,credit_card,5,5712.56
O003477,1,bkash,4,5849.87
O003478,1,bkash,3,5986.18
O003479,1,bkash,2,6123.49
O003480,1,nagad,1,6260.80
O003481,1,nagad,6,6397.11
O003482,1,cash_on_delivery,1,6534.42
O003483,1,cash_on_delivery,1,6671.73
O003484,1,credit_card,3,6808.04
O003485,1,bkash,2,6945.35
O003486,1,bkash,1,7082.66
O003487,1,bkash,6,7219.97
O003488,1,nagad,5,7356.28
O003489,1,nagad,4,7493.59
O003490,1,cash_on_delivery,1,7630.90
O003491,1,cash_on_delivery,1,7767.21
O003492,1,bank_transfer,1,7904.52
O003493,1,bkash,6,8041.83
O003494,1,bkash,5,8178.14
O003495,1,bkash,4,8315.45
O003496,1,nagad,3,8452.76
O003497,1,nagad,2,8589.07
O003498,1,cash_on_delivery,1,8726.38
O003499,1,credit_card,6,8863.69
O003500,1,bkash,5,9000.00
O003501,1,bkash,4,9137.31
O003502,1,bkash,3,9274.62
O003503,1,bkash,2,9411.93
O003504,1,nagad,1,1548.24
O003505,1,cash_on_delivery,1,1685.55
O003506,1,cash_on_delivery,1,1822.86
O003507,1,credit_card,4,1959.17
O003508,1,bkash,3,2096.48
O003509,1,bkash,2,2233.79
O003510,1,bkash,1,2370.10
O003511,1,nagad,6,2507.41
O003512,1,nagad,5,2644.72
O003513,1,cash_on_delivery,1,2781.03
O003514,1,cash_on_delivery,1,2918.34
O003515,1,bank_transfer,2,3055.65
O003516,1,bkash,1,3192.96
O003517,1,bkash,6,3329.27
O003518,1,bkash,5,3466.58
O003519,1,nagad,4,3603.89
O003520,1,nagad,3,3740.20
O003521,1,cash_on_delivery,1,3877.51
O003522,1,credit_card,1,4014.82
O003523,1,bank_transfer,6,4151.13
O003524,1,bkash,5,4288.44
O003525,1,bkash,4,4425.75
O003526,1,bkash,3,4562.06
O003527,1,nagad,2,4699.37
O003528,1,nagad,1,4836.68
O003529,1,cash_on_delivery,1,4973.99
O003530,1,credit_card,5,5110.30
O003531,1,bkash,4,5247.61
O003532,1,bkash,3,5384.92
O003533,1,bkash,2,5521.23
O003534,1,nagad,1,5658.54
O003535,1,nagad,6,5795.85
O003536,1,cash_on_delivery,1,5932.16
O003537,1,cash_on_delivery,1,6069.47
O003538,1,credit_card,3,6206.78
O003539,1,bkash,2,6343.09
O003540,1,bkash,1,6480.40
O003541,1,bkash,6,6617.71
O003542,1,nagad,5,6754.02
O003543,1,nagad,4,6891.33
O003544,1,cash_on_delivery,1,7028.64
O003545,1,credit_card,2,7165.95
O003546,1,bank_transfer,1,7302.26
O003547,1,bkash,6,7439.57
O003548,1,bkash,5,7576.88
O003549,1,bkash,4,7713.19
O003550,1,nagad,3,7850.50
O003551,1,nagad,2,7987.81
O003552,1,cash_on_delivery,1,8124.12
O003553,1,credit_card,6,8261.43
O003554,1,bkash,5,8398.74
O003555,1,bkash,4,8535.05
O003556,1,bkash,3,8672.36
O003557,1,nagad,2,8809.67
O003558,1,nagad,1,8946.98
O003559,1,cash_on_delivery,1,9083.29
O003560,1,cash_on_delivery,1,9220.60
O003561,1,credit_card,4,9357.91
O003562,1,bkash,3,9494.22
O003563,1,bkash,2,1631.53
O003564,1,bkash,1,1768.84
O003565,1,nagad,6,1905.15
O003566,1,nagad,5,2042.46
O003567,1,cash_on_delivery,1,2179.77
O003568,1,cash_on_delivery,1,2316.08
O003569,1,bank_transfer,2,2453.39
O003570,1,bkash,1,2590.70
O003571,1,bkash,6,2727.01
O003572,1,bkash,5,2864.32
O003573,1,nagad,4,3001.63
O003574,1,nagad,3,3138.94
O003575,1,cash_on_delivery,1,3275.25
O003576,1,credit_card,1,3412.56
O003577,1,bkash,6,3549.87
O003578,1,bkash,5,3686.18
O003579,1,bkash,4,3823.49
O003580,1,nagad,3,3960.80
O003581,1,nagad,2,4097.11
O003582,1,cash_on_delivery,1,4234.42
O003583,1,cash_on_delivery,1,4371.73
O003584,1,credit_card,5,4508.04
O003585,1,bkash,4,4645.35
O003586,1,bkash,3,4782.66
O003587,1,bkash,2,4919.97
O003588,1,nagad,1,5056.28
O003589,1,nagad,6,5193.59
O003590,1,cash_on_delivery,1,5330.90
O003591,1,cash_on_delivery,1,5467.21
O003592,1,bank_transfer,3,5604.52
O003593,1,bkash,2,5741.83
O003594,1,bkash,1,5878.14
O003595,1,bkash,6,6015.45
O003596,1,nagad,5,6152.76
O003597,1,nagad,4,6289.07
O003598,1,cash_on_delivery,1,6426.38
O003599,1,credit_card,2,6563.69
O003600,1,bkash,1,6700.00
O003601,1,bkash,6,6837.31
O003602,1,bkash,5,6974.62
O003603,1,bkash,4,7111.93
O003604,1,nagad,3,7248.24
O003605,1,cash_on_delivery,1,7385.55
O003606,1,cash_on_delivery,1,7522.86
O003607,1,credit_card,6,7659.17
O003608,1,bkash,5,7796.48
O003609,1,bkash,4,7933.79
O003610,1,bkash,3,8070.10
O003611,1,nagad,2,8207.41
O003612,1,nagad,1,8344.72
O003613,1,cash_on_delivery,1,8481.03
O003614,1,cash_on_delivery,1,8618.34
O003615,1,bank_transfer,4,8755.65
O003616,1,bkash,3,8892.96
O003617,1,bkash,2,9029.27
O003618,1,bkash,1,9166.58
O003619,1,nagad,6,9303.89
O003620,1,nagad,5,9440.20
O003621,1,cash_on_delivery,1,1577.51
O003622,1,credit_card,3,1714.82
O003623,1,bank_transfer,2,1851.13
O003624,1,bkash,1,1988.44
O003625,1,bkash,6,2125.75
O003626,1,bkash,5,2262.06
O003627,1,nagad,4,2399.37
O003628,1,nagad,3,2536.68
O003629,1,cash_on_delivery,1,2673.99
O003630,1,credit_card,1,2810.30
O003631,1,bkash,6,2947.61
O003632,1,bkash,5,3084.92
O003633,1,bkash,4,3221.23
O003634,1,nagad,3,3358.54
O003635,1,nagad,2,3495.85
O003636,1,cash_on_delivery,1,3632.16
O003637,1,cash_on_delivery,1,3769.47
O003638,1,credit_card,5,3906.78
O003639,1,bkash,4,4043.09
O003640,1,bkash,3,4180.40
O003641,1,bkash,2,4317.71
O003642,1,nagad,1,4454.02
O003643,1,nagad,6,4591.33
O003644,1,cash_on_delivery,1,4728.64
O003645,1,credit_card,4,4865.95
O003646,1,bank_transfer,3,5002.26
O003647,1,bkash,2,5139.57
O003648,1,bkash,1,5276.88
O003649,1,bkash,6,5413.19
O003650,1,nagad,5,5550.50
O003651,1,nagad,4,5687.81
O003652,1,cash_on_delivery,1,5824.12
O003653,1,credit_card,2,5961.43
O003654,1,bkash,1,6098.74
O003655,1,bkash,6,6235.05
O003656,1,bkash,5,6372.36
O003657,1,nagad,4,6509.67
O003658,1,nagad,3,6646.98
O003659,1,cash_on_delivery,1,6783.29
O003660,1,cash_on_delivery,1,6920.60
O003661,1,credit_card,6,7057.91
O003662,1,bkash,5,7194.22
O003663,1,bkash,4,7331.53
O003664,1,bkash,3,7468.84
O003665,1,nagad,2,7605.15
O003666,1,nagad,1,7742.46
O003667,1,cash_on_delivery,1,7879.77
O003668,1,cash_on_delivery,1,8016.08
O003669,1,bank_transfer,4,8153.39
O003670,1,bkash,3,8290.70
O003671,1,bkash,2,8427.01
O003672,1,bkash,1,8564.32
O003673,1,nagad,6,8701.63
O003674,1,nagad,5,8838.94
O003675,1,cash_on_delivery,1,8975.25
O003676,1,credit_card,3,9112.56
O003677,1,bkash,2,9249.87
O003678,1,bkash,1,9386.18
O003679,1,bkash,6,1523.49
O003680,1,nagad,5,1660.80
O003681,1,nagad,4,1797.11
O003682,1,cash_on_delivery,1,1934.42
O003683,1,cash_on_delivery,1,2071.73
O003684,1,credit_card,1,2208.04
O003685,1,bkash,6,2345.35
O003686,1,bkash,5,2482.66
O003687,1,bkash,4,2619.97
O003688,1,nagad,3,2756.28
O003689,1,nagad,2,2893.59
O003690,1,cash_on_delivery,1,3030.90
O003691,1,cash_on_delivery,1,3167.21
O003692,1,bank_transfer,5,3304.52
O003693,1,bkash,4,3441.83
O003694,1,bkash,3,3578.14
O003695,1,bkash,2,3715.45
O003696,1,nagad,1,3852.76
O003697,1,nagad,6,3989.07
O003698,1,cash_on_delivery,1,4126.38
O003699,1,credit_card,4,4263.69
O003700,1,bkash,3,4400.00
O003701,1,bkash,2,4537.31
O003702,1,bkash,1,4674.62
O003703,1,bkash,6,4811.93
O003704,1,nagad,5,4948.24
O003705,1,cash_on_delivery,1,5085.55
O003706,1,cash_on_delivery,1,5222.86
O003707,1,credit_card,2,5359.17
O003708,1,bkash,1,5496.48
O003709,1,bkash,6,5633.79
O003710,1,bkash,5,5770.10
O003711,1,nagad,4,5907.41
O003712,1,nagad,3,6044.72
O003713,1,cash_on_delivery,1,6181.03
O003714,1,cash_on_delivery,1,6318.34
O003715,1,bank_transfer,6,6455.65
O003716,1,bkash,5,6592.96
O003717,1,bkash,4,6729.27
O003718,1,bkash,3,6866.58
O003719,1,nagad,2,7003.89
O003720,1,nagad,1,7140.20
O003721,1,cash_on_delivery,1,7277.51
O003722,1,credit_card,5,7414.82
O003723,1,bank_transfer,4,7551.13
O003724,1,bkash,3,7688.44
O003725,1,bkash,2,7825.75
O003726,1,bkash,1,7962.06
O003727,1,nagad,6,8099.37
O003728,1,nagad,5,8236.68
O003729,1,cash_on_delivery,1,8373.99
O003730,1,credit_card,3,8510.30
O003731,1,bkash,2,8647.61
O003732,1,bkash,1,8784.92
O003733,1,bkash,6,8921.23
O003734,1,nagad,5,9058.54
O003735,1,nagad,4,9195.85
O003736,1,cash_on_delivery,1,9332.16
O003737,1,cash_on_delivery,1,9469.47
O003738,1,credit_card,1,1606.78
O003739,1,bkash,6,1743.09
O003740,1,bkash,5,1880.40
O003741,1,bkash,4,2017.71
O003742,1,nagad,3,2154.02
O003743,1,nagad,2,2291.33
O003744,1,cash_on_delivery,1,2428.64
O003745,1,credit_card,6,2565.95
O003746,1,bank_transfer,5,2702.26
O003747,1,bkash,4,2839.57
O003748,1,bkash,3,2976.88
O003749,1,bkash,2,3113.19
O003750,1,nagad,1,3250.50
O003751,1,nagad,6,3387.81
O003752,1,cash_on_delivery,1,3524.12
O003753,1,credit_card,4,3661.43
O003754,1,bkash,3,3798.74
O003755,1,bkash,2,3935.05
O003756,1,bkash,1,4072.36
O003757,1,nagad,6,4209.67
O003758,1,nagad,5,4346.98
O003759,1,cash_on_delivery,1,4483.29
O003760,1,cash_on_delivery,1,4620.60
O003761,1,credit_card,2,4757.91
O003762,1,bkash,1,4894.22
O003763,1,bkash,6,5031.53
O003764,1,bkash,5,5168.84
O003765,1,nagad,4,5305.15
O003766,1,nagad,3,5442.46
O003767,1,cash_on_delivery,1,5579.77
O003768,1,cash_on_delivery,1,5716.08
O003769,1,bank_transfer,6,5853.39
O003770,1,bkash,5,5990.70
O003771,1,bkash,4,6127.01
O003772,1,bkash,3,6264.32
O003773,1,nagad,2,6401.63
O003774,1,nagad,1,6538.94
O003775,1,cash_on_delivery,1,6675.25
O003776,1,credit_card,5,6812.56
O003777,1,bkash,4,6949.87
O003778,1,bkash,3,7086.18
O003779,1,bkash,2,7223.49
O003780,1,nagad,1,7360.80
O003781,1,nagad,6,7497.11
O003782,1,cash_on_delivery,1,7634.42
O003783,1,cash_on_delivery,1,7771.73
O003784,1,credit_card,3,7908.04
O003785,1,bkash,2,8045.35
O003786,1,bkash,1,8182.66
O003787,1,bkash,6,8319.97
O003788,1,nagad,5,8456.28
O003789,1,nagad,4,8593.59
O003790,1,cash_on_delivery,1,8730.90
O003791,1,cash_on_delivery,1,8867.21
O003792,1,bank_transfer,1,9004.52
O003793,1,bkash,6,9141.83
O003794,1,bkash,5,9278.14
O003795,1,bkash,4,9415.45
O003796,1,nagad,3,1552.76
O003797,1,nagad,2,1689.07
O003798,1,cash_on_delivery,1,1826.38
O003799,1,credit_card,6,1963.69
O003800,1,bkash,5,2100.00
O003801,1,bkash,4,2237.31
O003802,1,bkash,3,2374.62
O003803,1,bkash,2,2511.93
O003804,1,nagad,1,2648.24
O003805,1,cash_on_delivery,1,2785.55
O003806,1,cash_on_delivery,1,2922.86
O003807,1,credit_card,4,3059.17
O003808,1,bkash,3,3196.48
O003809,1,bkash,2,3333.79
O003810,1,bkash,1,3470.10
O003811,1,nagad,6,3607.41
O003812,1,nagad,5,3744.72
O003813,1,cash_on_delivery,1,3881.03
O003814,1,cash_on_delivery,1,4018.34
O003815,1,bank_transfer,2,4155.65
O003816,1,bkash,1,4292.96
O003817,1,bkash,6,4429.27
O003818,1,bkash,5,4566.58
O003819,1,nagad,4,4703.89
O003820,1,nagad,3,4840.20
O003821,1,cash_on_delivery,1,4977.51
O003822,1,credit_card,1,5114.82
O003823,1,bank_transfer,6,5251.13
O003824,1,bkash,5,5388.44
O003825,1,bkash,4,5525.75
O003826,1,bkash,3,5662.06
O003827,1,nagad,2,5799.37
O003828,1,nagad,1,5936.68
O003829,1,cash_on_delivery,1,6073.99
O003830,1,credit_card,5,6210.30
O003831,1,bkash,4,6347.61
O003832,1,bkash,3,6484.92
O003833,1,bkash,2,6621.23
O003834,1,nagad,1,6758.54
O003835,1,nagad,6,6895.85
O003836,1,cash_on_delivery,1,7032.16
O003837,1,cash_on_delivery,1,7169.47
O003838,1,credit_card,3,7306.78
O003839,1,bkash,2,7443.09
O003840,1,bkash,1,7580.40
O003841,1,bkash,6,7717.71
O003842,1,nagad,5,7854.02
O003843,1,nagad,4,7991.33
O003844,1,cash_on_delivery,1,8128.64
O003845,1,credit_card,2,8265.95
O003846,1,bank_transfer,1,8402.26
O003847,1,bkash,6,8539.57
O003848,1,bkash,5,8676.88
O003849,1,bkash,4,8813.19
O003850,1,nagad,3,8950.50
O003851,1,nagad,2,9087.81
O003852,1,cash_on_delivery,1,9224.12
O003853,1,credit_card,6,9361.43
O003854,1,bkash,5,9498.74
O003855,1,bkash,4,1635.05
O003856,1,bkash,3,1772.36
O003857,1,nagad,2,1909.67
O003858,1,nagad,1,2046.98
O003859,1,cash_on_delivery,1,2183.29
O003860,1,cash_on_delivery,1,2320.60
O003861,1,credit_card,4,2457.91
O003862,1,bkash,3,2594.22
O003863,1,bkash,2,2731.53
O003864,1,bkash,1,2868.84
O003865,1,nagad,6,3005.15
O003866,1,nagad,5,3142.46
O003867,1,cash_on_delivery,1,3279.77
O003868,1,cash_on_delivery,1,3416.08
O003869,1,bank_transfer,2,3553.39
O003870,1,bkash,1,3690.70
O003871,1,bkash,6,3827.01
O003872,1,bkash,5,3964.32
O003873,1,nagad,4,4101.63
O003874,1,nagad,3,4238.94
O003875,1,cash_on_delivery,1,4375.25
O003876,1,credit_card,1,4512.56
O003877,1,bkash,6,4649.87
O003878,1,bkash,5,4786.18
O003879,1,bkash,4,4923.49
O003880,1,nagad,3,5060.80
O003881,1,nagad,2,5197.11
O003882,1,cash_on_delivery,1,5334.42
O003883,1,cash_on_delivery,1,5471.73
O003884,1,credit_card,5,5608.04
O003885,1,bkash,4,5745.35
O003886,1,bkash,3,5882.66
O003887,1,bkash,2,6019.97
O003888,1,nagad,1,6156.28
O003889,1,nagad,6,6293.59
O003890,1,cash_on_delivery,1,6430.90
O003891,1,cash_on_delivery,1,6567.21
O003892,1,bank_transfer,3,6704.52
O003893,1,bkash,2,6841.83
O003894,1,bkash,1,6978.14
O003895,1,bkash,6,7115.45
O003896,1,nagad,5,7252.76
O003897,1,nagad,4,7389.07
O003898,1,cash_on_delivery,1,7526.38
O003899,1,credit_card,2,7663.69
O003900,1,bkash,1,7800.00
O003901,1,bkash,6,7937.31
O003902,1,bkash,5,8074.62
O003903,1,bkash,4,8211.93
O003904,1,nagad,3,8348.24
O003905,1,cash_on_delivery,1,8485.55
O003906,1,cash_on_delivery,1,8622.86
O003907,1,credit_card,6,8759.17
O003908,1,bkash,5,8896.48
O003909,1,bkash,4,9033.79
O003910,1,bkash,3,9170.10
O003911,1,nagad,2,9307.41
O003912,1,nagad,1,9444.72
O003913,1,cash_on_delivery,1,1581.03
O003914,1,cash_on_delivery,1,1718.34
O003915,1,bank_transfer,4,1855.65
O003916,1,bkash,3,1992.96
O003917,1,bkash,2,2129.27
O003918,1,bkash,1,2266.58
O003919,1,nagad,6,2403.89
O003920,1,nagad,5,2540.20
O003921,1,cash_on_delivery,1,2677.51
O003922,1,credit_card,3,2814.82
O003923,1,bank_transfer,2,2951.13
O003924,1,bkash,1,3088.44
O003925,1,bkash,6,3225.75
O003926,1,bkash,5,3362.06
O003927,1,nagad,4,3499.37
O003928,1,nagad,3,3636.68
O003929,1,cash_on_delivery,1,3773.99
O003930,1,credit_card,1,3910.30
O003931,1,bkash,6,4047.61
O003932,1,bkash,5,4184.92
O003933,1,bkash,4,4321.23
O003934,1,nagad,3,4458.54
O003935,1,nagad,2,4595.85
O003936,1,cash_on_delivery,1,4732.16
O003937,1,cash_on_delivery,1,4869.47
O003938,1,credit_card,5,5006.78
O003939,1,bkash,4,5143.09
O003940,1,bkash,3,5280.40
O003941,1,bkash,2,5417.71
O003942,1,nagad,1,5554.02
O003943,1,nagad,6,5691.33
O003944,1,cash_on_delivery,1,5828.64
O003945,1,credit_card,4,5965.95
O003946,1,bank_transfer,3,6102.26
O003947,1,bkash,2,6239.57
O003948,1,bkash,1,6376.88
O003949,1,bkash,6,6513.19
O003950,1,nagad,5,6650.50
O003951,1,nagad,4,6787.81
O003952,1,cash_on_delivery,1,6924.12
O003953,1,credit_card,2,7061.43
O003954,1,bkash,1,7198.74
O003955,1,bkash,6,7335.05
O003956,1,bkash,5,7472.36
O003957,1,nagad,4,7609.67
O003958,1,nagad,3,7746.98
O003959,1,cash_on_delivery,1,7883.29
O003960,1,cash_on_delivery,1,8020.60
O003961,1,credit_card,6,8157.91
O003962,1,bkash,5,8294.22
O003963,1,bkash,4,8431.53
O003964,1,bkash,3,8568.84
O003965,1,nagad,2,8705.15
O003966,1,nagad,1,8842.46
O003967,1,cash_on_delivery,1,8979.77
O003968,1,cash_on_delivery,1,9116.08
O003969,1,bank_transfer,4,9253.39
O003970,1,bkash,3,9390.70
O003971,1,bkash,2,1527.01
O003972,1,bkash,1,1664.32
O003973,1,nagad,6,1801.63
O003974,1,nagad,5,1938.94
O003975,1,cash_on_delivery,1,2075.25
O003976,1,credit_card,3,2212.56
O003977,1,bkash,2,2349.87
O003978,1,bkash,1,2486.18
O003979,1,bkash,6,2623.49
O003980,1,nagad,5,2760.80
O003981,1,nagad,4,2897.11
O003982,1,cash_on_delivery,1,3034.42
O003983,1,cash_on_delivery,1,3171.73
O003984,1,credit_card,1,3308.04
O003985,1,bkash,6,3445.35
O003986,1,bkash,5,3582.66
O003987,1,bkash,4,3719.97
O003988,1,nagad,3,3856.28
O003989,1,nagad,2,3993.59
O003990,1,cash_on_delivery,1,4130.90
O003991,1,cash_on_delivery,1,4267.21
O003992,1,bank_transfer,5,4404.52
O003993,1,bkash,4,4541.83
O003994,1,bkash,3,4678.14
O003995,1,bkash,2,4815.45
O003996,1,nagad,1,4952.76
O003997,1,nagad,6,5089.07
O003998,1,cash_on_delivery,1,5226.38
O003999,1,credit_card,4,5363.69
O004000,1,bkash,3,5500.00
O004001,1,bkash,2,5637.31
O004002,1,bkash,1,5774.62
O004003,1,bkash,6,5911.93
O004004,1,nagad,5,6048.24
O004005,1,cash_on_delivery,1,6185.55
O004006,1,cash_on_delivery,1,6322.86
O004007,1,credit_card,2,6459.17
O004008,1,bkash,1,6596.48
O004009,1,bkash,6,6733.79
O004010,1,bkash,5,6870.10
O004011,1,nagad,4,7007.41
O004012,1,nagad,3,7144.72
O004013,1,cash_on_delivery,1,7281.03
O004014,1,cash_on_delivery,1,7418.34
O004015,1,bank_transfer,6,7555.65
O004016,1,bkash,5,7692.96
O004017,1,bkash,4,7829.27
O004018,1,bkash,3,7966.58
O004019,1,nagad,2,8103.89
O004020,1,nagad,1,8240.20
O004021,1,cash_on_delivery,1,8377.51
O004022,1,credit_card,5,8514.82
O004023,1,bank_transfer,4,8651.13
O004024,1,bkash,3,8788.44
O004025,1,bkash,2,8925.75
O004026,1,bkash,1,9062.06
O004027,1,nagad,6,9199.37
O004028,1,nagad,5,9336.68
O004029,1,cash_on_delivery,1,9473.99
O004030,1,credit_card,3,1610.30
O004031,1,bkash,2,1747.61
O004032,1,bkash,1,1884.92
O004033,1,bkash,6,2021.23
O004034,1,nagad,5,2158.54
O004035,1,nagad,4,2295.85
O004036,1,cash_on_delivery,1,2432.16
O004037,1,cash_on_delivery,1,2569.47
O004038,1,credit_card,1,2706.78
O004039,1,bkash,6,2843.09
O004040,1,bkash,5,2980.40
O004041,1,bkash,4,3117.71
O004042,1,nagad,3,3254.02
O004043,1,nagad,2,3391.33
O004044,1,cash_on_delivery,1,3528.64
O004045,1,credit_card,6,3665.95
O004046,1,bank_transfer,5,3802.26
O004047,1,bkash,4,3939.57
O004048,1,bkash,3,4076.88
O004049,1,bkash,2,4213.19
O004050,1,nagad,1,4350.50
O004051,1,nagad,6,4487.81
O004052,1,cash_on_delivery,1,4624.12
O004053,1,credit_card,4,4761.43
O004054,1,bkash,3,4898.74
O004055,1,bkash,2,5035.05
O004056,1,bkash,1,5172.36
O004057,1,nagad,6,5309.67
O004058,1,nagad,5,5446.98
O004059,1,cash_on_delivery,1,5583.29
O004060,1,cash_on_delivery,1,5720.60
O004061,1,credit_card,2,5857.91
O004062,1,bkash,1,5994.22
O004063,1,bkash,6,6131.53
O004064,1,bkash,5,6268.84
O004065,1,nagad,4,6405.15
O004066,1,nagad,3,6542.46
O004067,1,cash_on_delivery,1,6679.77
O004068,1,cash_on_delivery,1,6816.08
O004069,1,bank_transfer,6,6953.39
O004070,1,bkash,5,7090.70
O004071,1,bkash,4,7227.01
O004072,1,bkash,3,7364.32
O004073,1,nagad,2,7501.63
O004074,1,nagad,1,7638.94
O004075,1,cash_on_delivery,1,7775.25
O004076,1,credit_card,5,7912.56
O004077,1,bkash,4,8049.87
O004078,1,bkash,3,8186.18
O004079,1,bkash,2,8323.49
O004080,1,nagad,1,8460.80
O004081,1,nagad,6,8597.11
O004082,1,cash_on_delivery,1,8734.42
O004083,1,cash_on_delivery,1,8871.73
O004084,1,credit_card,3,9008.04
O004085,1,bkash,2,9145.35
O004086,1,bkash,1,9282.66
O004087,1,bkash,6,9419.97
O004088,1,nagad,5,1556.28
O004089,1,nagad,4,1693.59
O004090,1,cash_on_delivery,1,1830.90
O004091,1,cash_on_delivery,1,1967.21
O004092,1,bank_transfer,1,2104.52
O004093,1,bkash,6,2241.83
O004094,1,bkash,5,2378.14
O004095,1,bkash,4,2515.45
O004096,1,nagad,3,2652.76
O004097,1,nagad,2,2789.07
O004098,1,cash_on_delivery,1,2926.38
O004099,1,credit_card,6,3063.69
O004100,1,bkash,5,3200.00
O004101,1,bkash,4,3337.31
O004102,1,bkash,3,3474.62
O004103,1,bkash,2,3611.93
O004104,1,nagad,1,3748.24
O004105,1,cash_on_delivery,1,3885.55
O004106,1,cash_on_delivery,1,4022.86
O004107,1,credit_card,4,4159.17
O004108,1,bkash,3,4296.48
O004109,1,bkash,2,4433.79
O004110,1,bkash,1,4570.10
O004111,1,nagad,6,4707.41
O004112,1,nagad,5,4844.72
O004113,1,cash_on_delivery,1,4981.03
O004114,1,cash_on_delivery,1,5118.34
O004115,1,bank_transfer,2,5255.65
O004116,1,bkash,1,5392.96
O004117,1,bkash,6,5529.27
O004118,1,bkash,5,5666.58
O004119,1,nagad,4,5803.89
O004120,1,nagad,3,5940.20
O004121,1,cash_on_delivery,1,6077.51
O004122,1,credit_card,1,6214.82
O004123,1,bank_transfer,6,6351.13
O004124,1,bkash,5,6488.44
O004125,1,bkash,4,6625.75
O004126,1,bkash,3,6762.06
O004127,1,nagad,2,6899.37
O004128,1,nagad,1,7036.68
O004129,1,cash_on_delivery,1,7173.99
O004130,1,credit_card,5,7310.30
O004131,1,bkash,4,7447.61
O004132,1,bkash,3,7584.92
O004133,1,bkash,2,7721.23
O004134,1,nagad,1,7858.54
O004135,1,nagad,6,7995.85
O004136,1,cash_on_delivery,1,8132.16
O004137,1,cash_on_delivery,1,8269.47
O004138,1,credit_card,3,8406.78
O004139,1,bkash,2,8543.09
O004140,1,bkash,1,8680.40
O004141,1,bkash,6,8817.71
O004142,1,nagad,5,8954.02
O004143,1,nagad,4,9091.33
O004144,1,cash_on_delivery,1,9228.64
O004145,1,credit_card,2,9365.95
O004146,1,bank_transfer,1,1502.26
O004147,1,bkash,6,1639.57
O004148,1,bkash,5,1776.88
O004149,1,bkash,4,1913.19
O004150,1,nagad,3,2050.50
O004151,1,nagad,2,2187.81
O004152,1,cash_on_delivery,1,2324.12
O004153,1,credit_card,6,2461.43
O004154,1,bkash,5,2598.74
O004155,1,bkash,4,2735.05
O004156,1,bkash,3,2872.36
O004157,1,nagad,2,3009.67
O004158,1,nagad,1,3146.98
O004159,1,cash_on_delivery,1,3283.29
O004160,1,cash_on_delivery,1,3420.60
O004161,1,credit_card,4,3557.91
O004162,1,bkash,3,3694.22
O004163,1,bkash,2,3831.53
O004164,1,bkash,1,3968.84
O004165,1,nagad,6,4105.15
O004166,1,nagad,5,4242.46
O004167,1,cash_on_delivery,1,4379.77
O004168,1,cash_on_delivery,1,4516.08
O004169,1,bank_transfer,2,4653.39
O004170,1,bkash,1,4790.70
O004171,1,bkash,6,4927.01
O004172,1,bkash,5,5064.32
O004173,1,nagad,4,5201.63
O004174,1,nagad,3,5338.94
O004175,1,cash_on_delivery,1,5475.25
O004176,1,credit_card,1,5612.56
O004177,1,bkash,6,5749.87
O004178,1,bkash,5,5886.18
O004179,1,bkash,4,6023.49
O004180,1,nagad,3,6160.80
O004181,1,nagad,2,6297.11
O004182,1,cash_on_delivery,1,6434.42
O004183,1,cash_on_delivery,1,6571.73
O004184,1,credit_card,5,6708.04
O004185,1,bkash,4,6845.35
O004186,1,bkash,3,6982.66
O004187,1,bkash,2,7119.97
O004188,1,nagad,1,7256.28
O004189,1,nagad,6,7393.59
O004190,1,cash_on_delivery,1,7530.90
O004191,1,cash_on_delivery,1,7667.21
O004192,1,bank_transfer,3,7804.52
O004193,1,bkash,2,7941.83
O004194,1,bkash,1,8078.14
O004195,1,bkash,6,8215.45
O004196,1,nagad,5,8352.76
O004197,1,nagad,4,8489.07
O004198,1,cash_on_delivery,1,8626.38
O004199,1,credit_card,2,8763.69
O004200,1,bkash,1,8900.00
O004201,1,bkash,6,9037.31
O004202,1,bkash,5,9174.62
O004203,1,bkash,4,9311.93
O004204,1,nagad,3,9448.24
O004205,1,cash_on_delivery,1,1585.55
O004206,1,cash_on_delivery,1,1722.86
O004207,1,credit_card,6,1859.17
O004208,1,bkash,5,1996.48
O004209,1,bkash,4,2133.79
O004210,1,bkash,3,2270.10
O004211,1,nagad,2,2407.41
O004212,1,nagad,1,2544.72
O004213,1,cash_on_delivery,1,2681.03
O004214,1,cash_on_delivery,1,2818.34
O004215,1,bank_transfer,4,2955.65
O004216,1,bkash,3,3092.96
O004217,1,bkash,2,3229.27
O004218,1,bkash,1,3366.58
O004219,1,nagad,6,3503.89
O004220,1,nagad,5,3640.20
O004221,1,cash_on_delivery,1,3777.51
O004222,1,credit_card,3,3914.82
O004223,1,bank_transfer,2,4051.13
O004224,1,bkash,1,4188.44
O004225,1,bkash,6,4325.75
O004226,1,bkash,5,4462.06
O004227,1,nagad,4,4599.37
O004228,1,nagad,3,4736.68
O004229,1,cash_on_delivery,1,4873.99
O004230,1,credit_card,1,5010.30
O004231,1,bkash,6,5147.61
O004232,1,bkash,5,5284.92
O004233,1,bkash,4,5421.23
O004234,1,nagad,3,5558.54
O004235,1,nagad,2,5695.85
O004236,1,cash_on_delivery,1,5832.16
O004237,1,cash_on_delivery,1,5969.47
O004238,1,credit_card,5,6106.78
O004239,1,bkash,4,6243.09
O004240,1,bkash,3,6380.40
O004241,1,bkash,2,6517.71
O004242,1,nagad,1,6654.02
O004243,1,nagad,6,6791.33
O004244,1,cash_on_delivery,1,6928.64
O004245,1,credit_card,4,7065.95
O004246,1,bank_transfer,3,7202.26
O004247,1,bkash,2,7339.57
O004248,1,bkash,1,7476.88
O004249,1,bkash,6,7613.19
O004250,1,nagad,5,7750.50
O004251,1,nagad,4,7887.81
O004252,1,cash_on_delivery,1,8024.12
O004253,1,credit_card,2,8161.43
O004254,1,bkash,1,8298.74
O004255,1,bkash,6,8435.05
O004256,1,bkash,5,8572.36
O004257,1,nagad,4,8709.67
O004258,1,nagad,3,8846.98
O004259,1,cash_on_delivery,1,8983.29
O004260,1,cash_on_delivery,1,9120.60
O004261,1,credit_card,6,9257.91
O004262,1,bkash,5,9394.22
O004263,1,bkash,4,1531.53
O004264,1,bkash,3,1668.84
O004265,1,nagad,2,1805.15
O004266,1,nagad,1,1942.46
O004267,1,cash_on_delivery,1,2079.77
O004268,1,cash_on_delivery,1,2216.08
O004269,1,bank_transfer,4,2353.39
O004270,1,bkash,3,2490.70
O004271,1,bkash,2,2627.01
O004272,1,bkash,1,2764.32
O004273,1,nagad,6,2901.63
O004274,1,nagad,5,3038.94
O004275,1,cash_on_delivery,1,3175.25
O004276,1,credit_card,3,3312.56
O004277,1,bkash,2,3449.87
O004278,1,bkash,1,3586.18
O004279,1,bkash,6,3723.49
O004280,1,nagad,5,3860.80
O004281,1,nagad,4,3997.11
O004282,1,cash_on_delivery,1,4134.42
O004283,1,cash_on_delivery,1,4271.73
O004284,1,credit_card,1,4408.04
O004285,1,bkash,6,4545.35
O004286,1,bkash,5,4682.66
O004287,1,bkash,4,4819.97
O004288,1,nagad,3,4956.28
O004289,1,nagad,2,5093.59
O004290,1,cash_on_delivery,1,5230.90
O004291,1,cash_on_delivery,1,5367.21
O004292,1,bank_transfer,5,5504.52
O004293,1,bkash,4,5641.83
O004294,1,bkash,3,5778.14
O004295,1,bkash,2,5915.45
O004296,1,nagad,1,6052.76
O004297,1,nagad,6,6189.07
O004298,1,cash_on_delivery,1,6326.38
O004299,1,credit_card,4,6463.69
O004300,1,bkash,3,6600.00
O004301,1,bkash,2,6737.31
O004302,1,bkash,1,6874.62
O004303,1,bkash,6,7011.93
O004304,1,nagad,5,7148.24
O004305,1,cash_on_delivery,1,7285.55
O004306,1,cash_on_delivery,1,7422.86
O004307,1,credit_card,2,7559.17
O004308,1,bkash,1,7696.48
O004309,1,bkash,6,7833.79
O004310,1,bkash,5,7970.10
O004311,1,nagad,4,8107.41
O004312,1,nagad,3,8244.72
O004313,1,cash_on_delivery,1,8381.03
O004314,1,cash_on_delivery,1,8518.34
O004315,1,bank_transfer,6,8655.65
O004316,1,bkash,5,8792.96
O004317,1,bkash,4,8929.27
O004318,1,bkash,3,9066.58
O004319,1,nagad,2,9203.89
O004320,1,nagad,1,9340.20
O004321,1,cash_on_delivery,1,9477.51
O004322,1,credit_card,5,1614.82
O004323,1,bank_transfer,4,1751.13
O004324,1,bkash,3,1888.44
O004325,1,bkash,2,2025.75
O004326,1,bkash,1,2162.06
O004327,1,nagad,6,2299.37
O004328,1,nagad,5,2436.68
O004329,1,cash_on_delivery,1,2573.99
O004330,1,credit_card,3,2710.30
O004331,1,bkash,2,2847.61
O004332,1,bkash,1,2984.92
O004333,1,bkash,6,3121.23
O004334,1,nagad,5,3258.54
O004335,1,nagad,4,3395.85
O004336,1,cash_on_delivery,1,3532.16
O004337,1,cash_on_delivery,1,3669.47
O004338,1,credit_card,1,3806.78
O004339,1,bkash,6,3943.09
O004340,1,bkash,5,4080.40
O004341,1,bkash,4,4217.71
O004342,1,nagad,3,4354.02
O004343,1,nagad,2,4491.33
O004344,1,cash_on_delivery,1,4628.64
O004345,1,credit_card,6,4765.95
O004346,1,bank_transfer,5,4902.26
O004347,1,bkash,4,5039.57
O004348,1,bkash,3,5176.88
O004349,1,bkash,2,5313.19
O004350,1,nagad,1,5450.50
O004351,1,nagad,6,5587.81
O004352,1,cash_on_delivery,1,5724.12
O004353,1,credit_card,4,5861.43
O004354,1,bkash,3,5998.74
O004355,1,bkash,2,6135.05
O004356,1,bkash,1,6272.36
O004357,1,nagad,6,6409.67
O004358,1,nagad,5,6546.98
O004359,1,cash_on_delivery,1,6683.29
O004360,1,cash_on_delivery,1,6820.60
O004361,1,credit_card,2,6957.91
O004362,1,bkash,1,7094.22
O004363,1,bkash,6,7231.53
O004364,1,bkash,5,7368.84
O004365,1,nagad,4,7505.15
O004366,1,nagad,3,7642.46
O004367,1,cash_on_delivery,1,7779.77
O004368,1,cash_on_delivery,1,7916.08
O004369,1,bank_transfer,6,8053.39
O004370,1,bkash,5,8190.70
O004371,1,bkash,4,8327.01
O004372,1,bkash,3,8464.32
O004373,1,nagad,2,8601.63
O004374,1,nagad,1,8738.94
O004375,1,cash_on_delivery,1,8875.25
O004376,1,credit_card,5,9012.56
O004377,1,bkash,4,9149.87
O004378,1,bkash,3,9286.18
O004379,1,bkash,2,9423.49
O004380,1,nagad,1,1560.80
O004381,1,nagad,6,1697.11
O004382,1,cash_on_delivery,1,1834.42
O004383,1,cash_on_delivery,1,1971.73
O004384,1,credit_card,3,2108.04
O004385,1,bkash,2,2245.35
O004386,1,bkash,1,2382.66
O004387,1,bkash,6,2519.97
O004388,1,nagad,5,2656.28
O004389,1,nagad,4,2793.59
O004390,1,cash_on_delivery,1,2930.90
O004391,1,cash_on_delivery,1,3067.21
O004392,1,bank_transfer,1,3204.52
O004393,1,bkash,6,3341.83
O004394,1,bkash,5,3478.14
O004395,1,bkash,4,3615.45
O004396,1,nagad,3,3752.76
O004397,1,nagad,2,3889.07
O004398,1,cash_on_delivery,1,4026.38
O004399,1,credit_card,6,4163.69
O004400,1,bkash,5,4300.00
O004401,1,bkash,4,4437.31
O004402,1,bkash,3,4574.62
O004403,1,bkash,2,4711.93
O004404,1,nagad,1,4848.24
O004405,1,cash_on_delivery,1,4985.55
O004406,1,cash_on_delivery,1,5122.86
O004407,1,credit_card,4,5259.17
O004408,1,bkash,3,5396.48
O004409,1,bkash,2,5533.79
O004410,1,bkash,1,5670.10
O004411,1,nagad,6,5807.41
O004412,1,nagad,5,5944.72
O004413,1,cash_on_delivery,1,6081.03
O004414,1,cash_on_delivery,1,6218.34
O004415,1,bank_transfer,2,6355.65
O004416,1,bkash,1,6492.96
O004417,1,bkash,6,6629.27
O004418,1,bkash,5,6766.58
O004419,1,nagad,4,6903.89
O004420,1,nagad,3,7040.20
O004421,1,cash_on_delivery,1,7177.51
O004422,1,credit_card,1,7314.82
O004423,1,bank_transfer,6,7451.13
O004424,1,bkash,5,7588.44
O004425,1,bkash,4,7725.75
O004426,1,bkash,3,7862.06
O004427,1,nagad,2,7999.37
O004428,1,nagad,1,8136.68
O004429,1,cash_on_delivery,1,8273.99
O004430,1,credit_card,5,8410.30
O004431,1,bkash,4,8547.61
O004432,1,bkash,3,8684.92
O004433,1,bkash,2,8821.23
O004434,1,nagad,1,8958.54
O004435,1,nagad,6,9095.85
O004436,1,cash_on_delivery,1,9232.16
O004437,1,cash_on_delivery,1,9369.47
O004438,1,credit_card,3,1506.78
O004439,1,bkash,2,1643.09
O004440,1,bkash,1,1780.40
O004441,1,bkash,6,1917.71
O004442,1,nagad,5,2054.02
O004443,1,nagad,4,2191.33
O004444,1,cash_on_delivery,1,2328.64
O004445,1,credit_card,2,2465.95
O004446,1,bank_transfer,1,2602.26
O004447,1,bkash,6,2739.57
O004448,1,bkash,5,2876.88
O004449,1,bkash,4,3013.19
O004450,1,nagad,3,3150.50
O004451,1,nagad,2,3287.81
O004452,1,cash_on_delivery,1,3424.12
O004453,1,credit_card,6,3561.43
O004454,1,bkash,5,3698.74
O004455,1,bkash,4,3835.05
O004456,1,bkash,3,3972.36
O004457,1,nagad,2,4109.67
O004458,1,nagad,1,4246.98
O004459,1,cash_on_delivery,1,4383.29
O004460,1,cash_on_delivery,1,4520.60
O004461,1,credit_card,4,4657.91
O004462,1,bkash,3,4794.22
O004463,1,bkash,2,4931.53
O004464,1,bkash,1,5068.84
O004465,1,nagad,6,5205.15
O004466,1,nagad,5,5342.46
O004467,1,cash_on_delivery,1,5479.77
O004468,1,cash_on_delivery,1,5616.08
O004469,1,bank_transfer,2,5753.39
O004470,1,bkash,1,5890.70
O004471,1,bkash,6,6027.01
O004472,1,bkash,5,6164.32
O004473,1,nagad,4,6301.63
O004474,1,nagad,3,6438.94
O004475,1,cash_on_delivery,1,6575.25
O004476,1,credit_card,1,6712.56
O004477,1,bkash,6,6849.87
O004478,1,bkash,5,6986.18
O004479,1,bkash,4,7123.49
O004480,1,nagad,3,7260.80
O004481,1,nagad,2,7397.11
O004482,1,cash_on_delivery,1,7534.42
O004483,1,cash_on_delivery,1,7671.73
O004484,1,credit_card,5,7808.04
O004485,1,bkash,4,7945.35
O004486,1,bkash,3,8082.66
O004487,1,bkash,2,8219.97
O004488,1,nagad,1,8356.28
O004489,1,nagad,6,8493.59
O004490,1,cash_on_delivery,1,8630.90
O004491,1,cash_on_delivery,1,8767.21
O004492,1,bank_transfer,3,8904.52
O004493,1,bkash,2,9041.83
O004494,1,bkash,1,9178.14
O004495,1,bkash,6,9315.45
O004496,1,nagad,5,9452.76
O004497,1,nagad,4,1589.07
O004498,1,cash_on_delivery,1,1726.38
O004499,1,credit_card,2,1863.69
O004500,1,bkash,1,2000.00
O004501,1,bkash,6,2137.31
O004502,1,bkash,5,2274.62
O004503,1,bkash,4,2411.93
O004504,1,nagad,3,2548.24
O004505,1,cash_on_delivery,1,2685.55
O004506,1,cash_on_delivery,1,2822.86
O004507,1,credit_card,6,2959.17
O004508,1,bkash,5,3096.48
O004509,1,bkash,4,3233.79
O004510,1,bkash,3,3370.10
O004511,1,nagad,2,3507.41
O004512,1,nagad,1,3644.72
O004513,1,cash_on_delivery,1,3781.03
O004514,1,cash_on_delivery,1,3918.34
O004515,1,bank_transfer,4,4055.65
O004516,1,bkash,3,4192.96
O004517,1,bkash,2,4329.27
O004518,1,bkash,1,4466.58
O004519,1,nagad,6,4603.89
O004520,1,nagad,5,4740.20
O004521,1,cash_on_delivery,1,4877.51
O004522,1,credit_card,3,5014.82
O004523,1,bank_transfer,2,5151.13
O004524,1,bkash,1,5288.44
O004525,1,bkash,6,5425.75
O004526,1,bkash,5,5562.06
O004527,1,nagad,4,5699.37
O004528,1,nagad,3,5836.68
O004529,1,cash_on_delivery,1,5973.99
O004530,1,credit_card,1,6110.30
O004531,1,bkash,6,6247.61
O004532,1,bkash,5,6384.92
O004533,1,bkash,4,6521.23
O004534,1,nagad,3,6658.54
O004535,1,nagad,2,6795.85
O004536,1,cash_on_delivery,1,6932.16
O004537,1,cash_on_delivery,1,7069.47
O004538,1,credit_card,5,7206.78
O004539,1,bkash,4,7343.09
O004540,1,bkash,3,7480.40
O004541,1,bkash,2,7617.71
O004542,1,nagad,1,7754.02
O004543,1,nagad,6,7891.33
O004544,1,cash_on_delivery,1,8028.64
O004545,1,credit_card,4,8165.95
O004546,1,bank_transfer,3,8302.26
O004547,1,bkash,2,8439.57
O004548,1,bkash,1,8576.88
O004549,1,bkash,6,8713.19
O004550,1,nagad,5,8850.50
O004551,1,nagad,4,8987.81
O004552,1,cash_on_delivery,1,9124.12
O004553,1,credit_card,2,9261.43
O004554,1,bkash,1,9398.74
O004555,1,bkash,6,1535.05
O004556,1,bkash,5,1672.36
O004557,1,nagad,4,1809.67
O004558,1,nagad,3,1946.98
O004559,1,cash_on_delivery,1,2083.29
O004560,1,cash_on_delivery,1,2220.60
O004561,1,credit_card,6,2357.91
O004562,1,bkash,5,2494.22
O004563,1,bkash,4,2631.53
O004564,1,bkash,3,2768.84
O004565,1,nagad,2,2905.15
O004566,1,nagad,1,3042.46
O004567,1,cash_on_delivery,1,3179.77
O004568,1,cash_on_delivery,1,3316.08
O004569,1,bank_transfer,4,3453.39
O004570,1,bkash,3,3590.70
O004571,1,bkash,2,3727.01
O004572,1,bkash,1,3864.32
O004573,1,nagad,6,4001.63
O004574,1,nagad,5,4138.94
O004575,1,cash_on_delivery,1,4275.25
O004576,1,credit_card,3,4412.56
O004577,1,bkash,2,4549.87
O004578,1,bkash,1,4686.18
O004579,1,bkash,6,4823.49
O004580,1,nagad,5,4960.80
O004581,1,nagad,4,5097.11
O004582,1,cash_on_delivery,1,5234.42
O004583,1,cash_on_delivery,1,5371.73
O004584,1,credit_card,1,5508.04
O004585,1,bkash,6,5645.35
O004586,1,bkash,5,5782.66
O004587,1,bkash,4,5919.97
O004588,1,nagad,3,6056.28
O004589,1,nagad,2,6193.59
O004590,1,cash_on_delivery,1,6330.90
O004591,1,cash_on_delivery,1,6467.21
O004592,1,bank_transfer,5,6604.52
O004593,1,bkash,4,6741.83
O004594,1,bkash,3,6878.14
O004595,1,bkash,2,7015.45
O004596,1,nagad,1,7152.76
O004597,1,nagad,6,7289.07
O004598,1,cash_on_delivery,1,7426.38
O004599,1,credit_card,4,7563.69
O004600,1,bkash,3,7700.00
O004601,1,bkash,2,7837.31
O004602,1,bkash,1,7974.62
O004603,1,bkash,6,8111.93
O004604,1,nagad,5,8248.24
O004605,1,cash_on_delivery,1,8385.55
O004606,1,cash_on_delivery,1,8522.86
O004607,1,credit_card,2,8659.17
O004608,1,bkash,1,8796.48
O004609,1,bkash,6,8933.79
O004610,1,bkash,5,9070.10
O004611,1,nagad,4,9207.41
O004612,1,nagad,3,9344.72
O004613,1,cash_on_delivery,1,9481.03
O004614,1,cash_on_delivery,1,1618.34
O004615,1,bank_transfer,6,1755.65
O004616,1,bkash,5,1892.96
O004617,1,bkash,4,2029.27
O004618,1,bkash,3,2166.58
O004619,1,nagad,2,2303.89
O004620,1,nagad,1,2440.20
O004621,1,cash_on_delivery,1,2577.51
O004622,1,credit_card,5,2714.82
O004623,1,bank_transfer,4,2851.13
O004624,1,bkash,3,2988.44
O004625,1,bkash,2,3125.75
O004626,1,bkash,1,3262.06
O004627,1,nagad,6,3399.37
O004628,1,nagad,5,3536.68
O004629,1,cash_on_delivery,1,3673.99
O004630,1,credit_card,3,3810.30
O004631,1,bkash,2,3947.61
O004632,1,bkash,1,4084.92
O004633,1,bkash,6,4221.23
O004634,1,nagad,5,4358.54
O004635,1,nagad,4,4495.85
O004636,1,cash_on_delivery,1,4632.16
O004637,1,cash_on_delivery,1,4769.47
O004638,1,credit_card,1,4906.78
O004639,1,bkash,6,5043.09
O004640,1,bkash,5,5180.40
O004641,1,bkash,4,5317.71
O004642,1,nagad,3,5454.02
O004643,1,nagad,2,5591.33
O004644,1,cash_on_delivery,1,5728.64
O004645,1,credit_card,6,5865.95
O004646,1,bank_transfer,5,6002.26
O004647,1,bkash,4,6139.57
O004648,1,bkash,3,6276.88
O004649,1,bkash,2,6413.19
O004650,1,nagad,1,6550.50
O004651,1,nagad,6,6687.81
O004652,1,cash_on_delivery,1,6824.12
O004653,1,credit_card,4,6961.43
O004654,1,bkash,3,7098.74
O004655,1,bkash,2,7235.05
O004656,1,bkash,1,7372.36
O004657,1,nagad,6,7509.67
O004658,1,nagad,5,7646.98
O004659,1,cash_on_delivery,1,7783.29
O004660,1,cash_on_delivery,1,7920.60
O004661,1,credit_card,2,8057.91
O004662,1,bkash,1,8194.22
O004663,1,bkash,6,8331.53
O004664,1,bkash,5,8468.84
O004665,1,nagad,4,8605.15
O004666,1,nagad,3,8742.46
O004667,1,cash_on_delivery,1,8879.77
O004668,1,cash_on_delivery,1,9016.08
O004669,1,bank_transfer,6,9153.39
O004670,1,bkash,5,9290.70
O004671,1,bkash,4,9427.01
O004672,1,bkash,3,1564.32
O004673,1,nagad,2,1701.63
O004674,1,nagad,1,1838.94
O004675,1,cash_on_delivery,1,1975.25
O004676,1,credit_card,5,2112.56
O004677,1,bkash,4,2249.87
O004678,1,bkash,3,2386.18
O004679,1,bkash,2,2523.49
O004680,1,nagad,1,2660.80
O004681,1,nagad,6,2797.11
O004682,1,cash_on_delivery,1,2934.42
O004683,1,cash_on_delivery,1,3071.73
O004684,1,credit_card,3,3208.04
O004685,1,bkash,2,3345.35
O004686,1,bkash,1,3482.66
O004687,1,bkash,6,3619.97
O004688,1,nagad,5,3756.28
O004689,1,nagad,4,3893.59
O004690,1,cash_on_delivery,1,4030.90
O004691,1,cash_on_delivery,1,4167.21
O004692,1,bank_transfer,1,4304.52
O004693,1,bkash,6,4441.83
O004694,1,bkash,5,4578.14
O004695,1,bkash,4,4715.45
O004696,1,nagad,3,4852.76
O004697,1,nagad,2,4989.07
O004698,1,cash_on_delivery,1,5126.38
O004699,1,credit_card,6,5263.69
O004700,1,bkash,5,5400.00
O004701,1,bkash,4,5537.31
O004702,1,bkash,3,5674.62
O004703,1,bkash,2,5811.93
O004704,1,nagad,1,5948.24
O004705,1,cash_on_delivery,1,6085.55
O004706,1,cash_on_delivery,1,6222.86
O004707,1,credit_card,4,6359.17
O004708,1,bkash,3,6496.48
O004709,1,bkash,2,6633.79
O004710,1,bkash,1,6770.10
O004711,1,nagad,6,6907.41
O004712,1,nagad,5,7044.72
O004713,1,cash_on_delivery,1,7181.03
O004714,1,cash_on_delivery,1,7318.34
O004715,1,bank_transfer,2,7455.65
O004716,1,bkash,1,7592.96
O004717,1,bkash,6,7729.27
O004718,1,bkash,5,7866.58
O004719,1,nagad,4,8003.89
O004720,1,nagad,3,8140.20
O004721,1,cash_on_delivery,1,8277.51
O004722,1,credit_card,1,8414.82
O004723,1,bank_transfer,6,8551.13
O004724,1,bkash,5,8688.44
O004725,1,bkash,4,8825.75
O004726,1,bkash,3,8962.06
O004727,1,nagad,2,9099.37
O004728,1,nagad,1,9236.68
O004729,1,cash_on_delivery,1,9373.99
O004730,1,credit_card,5,1510.30
O004731,1,bkash,4,1647.61
O004732,1,bkash,3,1784.92
O004733,1,bkash,2,1921.23
O004734,1,nagad,1,2058.54
O004735,1,nagad,6,2195.85
O004736,1,cash_on_delivery,1,2332.16
O004737,1,cash_on_delivery,1,2469.47
O004738,1,credit_card,3,2606.78
O004739,1,bkash,2,2743.09
O004740,1,bkash,1,2880.40
O004741,1,bkash,6,3017.71
O004742,1,nagad,5,3154.02
O004743,1,nagad,4,3291.33
O004744,1,cash_on_delivery,1,3428.64
O004745,1,credit_card,2,3565.95
O004746,1,bank_transfer,1,3702.26
O004747,1,bkash,6,3839.57
O004748,1,bkash,5,3976.88
O004749,1,bkash,4,4113.19
O004750,1,nagad,3,4250.50
O004751,1,nagad,2,4387.81
O004752,1,cash_on_delivery,1,4524.12
O004753,1,credit_card,6,4661.43
O004754,1,bkash,5,4798.74
O004755,1,bkash,4,4935.05
O004756,1,bkash,3,5072.36
O004757,1,nagad,2,5209.67
O004758,1,nagad,1,5346.98
O004759,1,cash_on_delivery,1,5483.29
O004760,1,cash_on_delivery,1,5620.60
O004761,1,credit_card,4,5757.91
O004762,1,bkash,3,5894.22
O004763,1,bkash,2,6031.53
O004764,1,bkash,1,6168.84
O004765,1,nagad,6,6305.15
O004766,1,nagad,5,6442.46
O004767,1,cash_on_delivery,1,6579.77
O004768,1,cash_on_delivery,1,6716.08
O004769,1,bank_transfer,2,6853.39
O004770,1,bkash,1,6990.70
O004771,1,bkash,6,7127.01
O004772,1,bkash,5,7264.32
O004773,1,nagad,4,7401.63
O004774,1,nagad,3,7538.94
O004775,1,cash_on_delivery,1,7675.25
O004776,1,credit_card,1,7812.56
O004777,1,bkash,6,7949.87
O004778,1,bkash,5,8086.18
O004779,1,bkash,4,8223.49
O004780,1,nagad,3,8360.80
O004781,1,nagad,2,8497.11
O004782,1,cash_on_delivery,1,8634.42
O004783,1,cash_on_delivery,1,8771.73
O004784,1,credit_card,5,8908.04
O004785,1,bkash,4,9045.35
O004786,1,bkash,3,9182.66
O004787,1,bkash,2,9319.97
O004788,1,nagad,1,9456.28
O004789,1,nagad,6,1593.59
O004790,1,cash_on_delivery,1,1730.90
O004791,1,cash_on_delivery,1,1867.21
O004792,1,bank_transfer,3,2004.52
O004793,1,bkash,2,2141.83
O004794,1,bkash,1,2278.14
O004795,1,bkash,6,2415.45
O004796,1,nagad,5,2552.76
O004797,1,nagad,4,2689.07
O004798,1,cash_on_delivery,1,2826.38
O004799,1,credit_card,2,2963.69
O004800,1,bkash,1,3100.00
O004801,1,bkash,6,3237.31
O004802,1,bkash,5,3374.62
O004803,1,bkash,4,3511.93
O004804,1,nagad,3,3648.24
O004805,1,cash_on_delivery,1,3785.55
O004806,1,cash_on_delivery,1,3922.86
O004807,1,credit_card,6,4059.17
O004808,1,bkash,5,4196.48
O004809,1,bkash,4,4333.79
O004810,1,bkash,3,4470.10
O004811,1,nagad,2,4607.41
O004812,1,nagad,1,4744.72
O004813,1,cash_on_delivery,1,4881.03
O004814,1,cash_on_delivery,1,5018.34
O004815,1,bank_transfer,4,5155.65
O004816,1,bkash,3,5292.96
O004817,1,bkash,2,5429.27
O004818,1,bkash,1,5566.58
O004819,1,nagad,6,5703.89
O004820,1,nagad,5,5840.20
O004821,1,cash_on_delivery,1,5977.51
O004822,1,credit_card,3,6114.82
O004823,1,bank_transfer,2,6251.13
O004824,1,bkash,1,6388.44
O004825,1,bkash,6,6525.75
O004826,1,bkash,5,6662.06
O004827,1,nagad,4,6799.37
O004828,1,nagad,3,6936.68
O004829,1,cash_on_delivery,1,7073.99
O004830,1,credit_card,1,7210.30
O004831,1,bkash,6,7347.61
O004832,1,bkash,5,7484.92
O004833,1,bkash,4,7621.23
O004834,1,nagad,3,7758.54
O004835,1,nagad,2,7895.85
O004836,1,cash_on_delivery,1,8032.16
O004837,1,cash_on_delivery,1,8169.47
O004838,1,credit_card,5,8306.78
O004839,1,bkash,4,8443.09
O004840,1,bkash,3,8580.40
O004841,1,bkash,2,8717.71
O004842,1,nagad,1,8854.02
O004843,1,nagad,6,8991.33
O004844,1,cash_on_delivery,1,9128.64
O004845,1,credit_card,4,9265.95
O004846,1,bank_transfer,3,9402.26
O004847,1,bkash,2,1539.57
O004848,1,bkash,1,1676.88
O004849,1,bkash,6,1813.19
O004850,1,nagad,5,1950.50
O004851,1,nagad,4,2087.81
O004852,1,cash_on_delivery,1,2224.12
O004853,1,credit_card,2,2361.43
O004854,1,bkash,1,2498.74
O004855,1,bkash,6,2635.05
O004856,1,bkash,5,2772.36
O004857,1,nagad,4,2909.67
O004858,1,nagad,3,3046.98
O004859,1,cash_on_delivery,1,3183.29
O004860,1,cash_on_delivery,1,3320.60
O004861,1,credit_card,6,3457.91
O004862,1,bkash,5,3594.22
O004863,1,bkash,4,3731.53
O004864,1,bkash,3,3868.84
O004865,1,nagad,2,4005.15
O004866,1,nagad,1,4142.46
O004867,1,cash_on_delivery,1,4279.77
O004868,1,cash_on_delivery,1,4416.08
O004869,1,bank_transfer,4,4553.39
O004870,1,bkash,3,4690.70
O004871,1,bkash,2,4827.01
O004872,1,bkash,1,4964.32
O004873,1,nagad,6,5101.63
O004874,1,nagad,5,5238.94
O004875,1,cash_on_delivery,1,5375.25
O004876,1,credit_card,3,5512.56
O004877,1,bkash,2,5649.87
O004878,1,bkash,1,5786.18
O004879,1,bkash,6,5923.49
O004880,1,nagad,5,6060.80
O004881,1,nagad,4,6197.11
O004882,1,cash_on_delivery,1,6334.42
O004883,1,cash_on_delivery,1,6471.73
O004884,1,credit_card,1,6608.04
O004885,1,bkash,6,6745.35
O004886,1,bkash,5,6882.66
O004887,1,bkash,4,7019.97
O004888,1,nagad,3,7156.28
O004889,1,nagad,2,7293.59
O004890,1,cash_on_delivery,1,7430.90
O004891,1,cash_on_delivery,1,7567.21
O004892,1,bank_transfer,5,7704.52
O004893,1,bkash,4,7841.83
O004894,1,bkash,3,7978.14
O004895,1,bkash,2,8115.45
O004896,1,nagad,1,8252.76
O004897,1,nagad,6,8389.07
O004898,1,cash_on_delivery,1,8526.38
O004899,1,credit_card,4,8663.69
O004900,1,bkash,3,8800.00
O004901,1,bkash,2,8937.31
O004902,1,bkash,1,9074.62
O004903,1,bkash,6,9211.93
O004904,1,nagad,5,9348.24
O004905,1,cash_on_delivery,1,9485.55
O004906,1,cash_on_delivery,1,1622.86
O004907,1,credit_card,2,1759.17
O004908,1,bkash,1,1896.48
O004909,1,bkash,6,2033.79
O004910,1,bkash,5,2170.10
O004911,1,nagad,4,2307.41
O004912,1,nagad,3,2444.72
O004913,1,cash_on_delivery,1,2581.03
O004914,1,cash_on_delivery,1,2718.34
O004915,1,bank_transfer,6,2855.65
O004916,1,bkash,5,2992.96
O004917,1,bkash,4,3129.27
O004918,1,bkash,3,3266.58
O004919,1,nagad,2,3403.89
O004920,1,nagad,1,3540.20
O004921,1,cash_on_delivery,1,3677.51
O004922,1,credit_card,5,3814.82
O004923,1,bank_transfer,4,3951.13
O004924,1,bkash,3,4088.44
O004925,1,bkash,2,4225.75
O004926,1,bkash,1,4362.06
O004927,1,nagad,6,4499.37
O004928,1,nagad,5,4636.68
O004929,1,cash_on_delivery,1,4773.99
O004930,1,credit_card,3,4910.30
O004931,1,bkash,2,5047.61
O004932,1,bkash,1,5184.92
O004933,1,bkash,6,5321.23
O004934,1,nagad,5,5458.54
O004935,1,nagad,4,5595.85
O004936,1,cash_on_delivery,1,5732.16
O004937,1,cash_on_delivery,1,5869.47
O004938,1,credit_card,1,6006.78
O004939,1,bkash,6,6143.09
O004940,1,bkash,5,6280.40
O004941,1,bkash,4,6417.71
O004942,1,nagad,3,6554.02
O004943,1,nagad,2,6691.33
O004944,1,cash_on_delivery,1,6828.64
O004945,1,credit_card,6,6965.95
O004946,1,bank_transfer,5,7102.26
O004947,1,bkash,4,7239.57
O004948,1,bkash,3,7376.88
O004949,1,bkash,2,7513.19
O004950,1,nagad,1,7650.50
O004951,1,nagad,6,7787.81
O004952,1,cash_on_delivery,1,7924.12
O004953,1,credit_card,4,8061.43
O004954,1,bkash,3,8198.74
O004955,1,bkash,2,8335.05
O004956,1,bkash,1,8472.36
O004957,1,nagad,6,8609.67
O004958,1,nagad,5,8746.98
O004959,1,cash_on_delivery,1,8883.29
O004960,1,cash_on_delivery,1,9020.60
O004961,1,credit_card,2,9157.91
O004962,1,bkash,1,9294.22
O004963,1,bkash,6,9431.53
O004964,1,bkash,5,1568.84
O004965,1,nagad,4,1705.15
O004966,1,nagad,3,1842.46
O004967,1,cash_on_delivery,1,1979.77
O004968,1,cash_on_delivery,1,2116.08
O004969,1,bank_transfer,6,2253.39
O004970,1,bkash,5,2390.70
O004971,1,bkash,4,2527.01
O004972,1,bkash,3,2664.32
O004973,1,nagad,2,2801.63
O004974,1,nagad,1,2938.94
O004975,1,cash_on_delivery,1,3075.25
O004976,1,credit_card,5,3212.56
O004977,1,bkash,4,3349.87
O004978,1,bkash,3,3486.18
O004979,1,bkash,2,3623.49
O004980,1,nagad,1,3760.80
O004981,1,nagad,6,3897.11
O004982,1,cash_on_delivery,1,4034.42
O004983,1,cash_on_delivery,1,4171.73
O004984,1,credit_card,3,4308.04
O004985,1,bkash,2,4445.35
O004986,1,bkash,1,4582.66
O004987,1,bkash,6,4719.97
O004988,1,nagad,5,4856.28
O004989,1,nagad,4,4993.59
O004990,1,cash_on_delivery,1,5130.90
O004991,1,cash_on_delivery,1,5267.21
O004992,1,bank_transfer,1,5404.52
O004993,1,bkash,6,5541.83
O004994,1,bkash,5,5678.14
O004995,1,bkash,4,5815.45
O004996,1,nagad,3,5952.76
O004997,1,nagad,2,6089.07
O004998,1,cash_on_delivery,1,6226.38
O004999,1,credit_card,6,6363.69
O005000,1,bkash,5,6500.00
