review_id,order_id,review_score,review_comment
R000001,O000001,2,"পণ্যের মান আশানুরূপ নয়।"
R000002,O000002,3,"মোটামুটি পণ্য।"
R000003,O000004,4,"মান ভালো তবে প্যাকেজিং আরেকটু ভালো হতে পারতো।"
R000004,O000005,4,"Good quality overall."
R000005,O000007,5,"Excellent product! Very happy with the purchase."
R000006,O000008,1,"খুবই খারাপ অভিজ্ঞতা।"
R000007,O000010,2,"Not satisfied with the quality."
R000008,O000011,3,"Average quality, expected better."
R000009,O000013,4,"Satisfied with the product."
R000010,O000014,5,"দ্রুত ডেলিভারি মান ভালো।"
R000011,O000015,5,"Excellent product, very happy with the purchase."
R000012,O000017,1,"Very disappointed."
R000013,O000018,3,"কোনো বিশেষ মন্তব্য নেই।"
R000014,O000020,3,"Product is okay."
R000015,O000021,4,"Decent product for the price."
R000016,O000023,5,"Highly recommend to everyone."
R000017,O000024,5,"প্যাকেজিং চমৎকার ছিল।"
R000018,O000026,1,"পণ্য ক্ষতিগ্রস্ত অবস্থায় পৌঁছেছে।"
R000019,O000027,3,"মোটামুটি পণ্য।"
R000020,O000028,4,"ডেলিভারি সময়মতো হয়েছে।"
R000021,O000030,4,"মান ভালো তবে প্যাকেজিং আরেকটু ভালো হতে পারতো।"
R000022,O000031,5,"Excellent product! Very happy with the purchase."
R000023,O000033,5,"দ্রুত ডেলিভারি মান ভালো।"
R000024,O000034,1,"খুবই খারাপ অভিজ্ঞতা।"
R000025,O000036,3,"Average quality, expected better."
R000026,O000037,4,"Good quality overall."
R000027,O000039,4,"Satisfied with the product."
R000028,O000040,5,"Excellent product, very happy with the purchase."
R000029,O000042,5,"Highly recommend to everyone."
R000030,O000043,2,"ডেলিভারি দেরিতে হয়েছে।"
R000031,O000044,3,"কোনো বিশেষ মন্তব্য নেই।"
R000032,O000046,4,"Decent product for the price."
R000033,O000047,4,"ডেলিভারি সময়মতো হয়েছে।"
R000034,O000049,5,"প্যাকেজিং চমৎকার ছিল।"
R000035,O000050,5,"Excellent product! Very happy with the purchase."
R000036,O000052,2,"পণ্যের মান আশানুরূপ নয়।"
R000037,O000053,3,"Product is okay."
R000038,O000055,4,"মান ভালো তবে প্যাকেজিং আরেকটু ভালো হতে পারতো।"
R000039,O000056,4,"Good quality overall."
R000040,O000057,5,"দ্রুত ডেলিভারি মান ভালো।"
R000041,O000059,5,"Excellent product, very happy with the purchase."
R000042,O000060,2,"Not satisfied with the quality."
R000043,O000062,3,"মোটামুটি পণ্য।"
R000044,O000063,4,"Satisfied with the product."
R000045,O000065,4,"Decent product for the price."
R000046,O000066,5,"Highly recommend to everyone."
R000047,O000068,5,"প্যাকেজিং চমৎকার ছিল।"
R000048,O000069,2,"ডেলিভারি দেরিতে হয়েছে।"
R000049,O000071,3,"Average quality, expected better."
R000050,O000072,4,"ডেলিভারি সময়মতো হয়েছে।"
R000051,O000073,4,"মান ভালো তবে প্যাকেজিং আরেকটু ভালো হতে পারতো।"
R000052,O000075,5,"Excellent product! Very happy with the purchase."
R000053,O000076,1,"Very disappointed."
R000054,O000078,2,"পণ্যের মান আশানুরূপ নয়।"
R000055,O000079,3,"কোনো বিশেষ মন্তব্য নেই।"
R000056,O000081,4,"Good quality overall."
R000057,O000082,4,"Satisfied with the product."
R000058,O000084,5,"দ্রুত ডেলিভারি মান ভালো।"
R000059,O000085,1,"পণ্য ক্ষতিগ্রস্ত অবস্থায় পৌঁছেছে।"
R000060,O000086,3,"Product is okay."
R000061,O000088,3,"মোটামুটি পণ্য।"
R000062,O000089,4,"Decent product for the price."
R000063,O000091,5,"Excellent product, very happy with the purchase."
R000064,O000092,5,"Highly recommend to everyone."
R000065,O000094,1,"খুবই খারাপ অভিজ্ঞতা।"
R000066,O000095,3,"Average quality, expected better."
R000067,O000097,3,"কোনো বিশেষ মন্তব্য নেই।"
R000068,O000098,4,"ডেলিভারি সময়মতো হয়েছে।"
R000069,O000100,5,"প্যাকেজিং চমৎকার ছিল।"
R000070,O000101,5,"Excellent product! Very happy with the purchase."
R000071,O000102,1,"Very disappointed."
R000072,O000104,3,"Product is okay."
R000073,O000105,4,"মান ভালো তবে প্যাকেজিং আরেকটু ভালো হতে পারতো।"
R000074,O000107,4,"Good quality overall."
R000075,O000108,5,"দ্রুত ডেলিভারি মান ভালো।"
R000076,O000110,5,"Excellent product, very happy with the purchase."
R000077,O000111,1,"পণ্য ক্ষতিগ্রস্ত অবস্থায় পৌঁছেছে।"
R000078,O000113,3,"মোটামুটি পণ্য।"
R000079,O000114,4,"Satisfied with the product."
R000080,O000115,4,"Decent product for the price."
R000081,O000117,5,"Highly recommend to everyone."
R000082,O000118,5,"প্যাকেজিং চমৎকার ছিল।"
R000083,O000120,2,"Not satisfied with the quality."
R000084,O000121,3,"Average quality, expected better."
R000085,O000123,4,"ডেলিভারি সময়মতো হয়েছে।"
R000086,O000124,4,"মান ভালো তবে প্যাকেজিং আরেকটু ভালো হতে পারতো।"
R000087,O000126,5,"Excellent product! Very happy with the purchase."
R000088,O000127,5,"দ্রুত ডেলিভারি মান ভালো।"
R000089,O000128,2,"ডেলিভারি দেরিতে হয়েছে।"
R000090,O000130,3,"কোনো বিশেষ মন্তব্য নেই।"
R000091,O000131,4,"Good quality overall."
R000092,O000133,4,"Satisfied with the product."
R000093,O000134,5,"Excellent product, very happy with the purchase."
R000094,O000136,5,"Highly recommend to everyone."
R000095,O000137,2,"পণ্যের মান আশানুরূপ নয়।"
R000096,O000139,3,"Product is okay."
R000097,O000140,4,"Decent product for the price."
R000098,O000142,4,"ডেলিভারি সময়মতো হয়েছে।"
R000099,O000143,5,"প্যাকেজিং চমৎকার ছিল।"
R000100,O000144,1,"খুবই খারাপ অভিজ্ঞতা।"
R000101,O000146,2,"Not satisfied with the quality."
R000102,O000147,3,"মোটামুটি পণ্য।"
R000103,O000149,4,"মান ভালো তবে প্যাকেজিং আরেকটু ভালো হতে পারতো।"
R000104,O000150,4,"Good quality overall."
R000105,O000152,5,"Excellent product! Very happy with the purchase."
R000106,O000153,1,"Very disappointed."
R000107,O000155,2,"ডেলিভারি দেরিতে হয়েছে।"
R000108,O000156,3,"Average quality, expected better."
R000109,O000157,4,"Satisfied with the product."
R000110,O000159,5,"দ্রুত ডেলিভারি মান ভালো।"
R000111,O000160,5,"Excellent product, very happy with the purchase."
R000112,O000162,1,"পণ্য ক্ষতিগ্রস্ত অবস্থায় পৌঁছেছে।"
R000113,O000163,3,"কোনো বিশেষ মন্তব্য নেই।"
R000114,O000165,3,"Product is okay."
R000115,O000166,4,"Decent product for the price."
R000116,O000168,5,"Highly recommend to everyone."
R000117,O000169,5,"প্যাকেজিং চমৎকার ছিল।"
R000118,O000171,1,"খুবই খারাপ অভিজ্ঞতা।"
R000119,O000172,3,"মোটামুটি পণ্য।"
R000120,O000173,4,"ডেলিভারি সময়মতো হয়েছে।"
R000121,O000175,4,"মান ভালো তবে প্যাকেজিং আরেকটু ভালো হতে পারতো।"
R000122,O000176,5,"Excellent product! Very happy with the purchase."
R000123,O000178,5,"দ্রুত ডেলিভারি মান ভালো।"
R000124,O000179,1,"Very disappointed."
R000125,O000181,3,"Average quality, expected better."
R000126,O000182,4,"Good quality overall."
R000127,O000184,4,"Satisfied with the product."
R000128,O000185,5,"Excellent product, very happy with the purchase."
R000129,O000186,5,"Highly recommend to everyone."
R000130,O000188,2,"পণ্যের মান আশানুরূপ নয়।"
R000131,O000189,3,"কোনো বিশেষ মন্তব্য নেই।"
R000132,O000191,4,"Decent product for the price."
R000133,O000192,4,"ডেলিভারি সময়মতো হয়েছে।"
R000134,O000194,5,"প্যাকেজিং চমৎকার ছিল।"
R000135,O000195,5,"Excellent product! Very happy with the purchase."
R000136,O000197,2,"Not satisfied with the quality."
R000137,O000198,3,"Product is okay."
R000138,O000200,4,"মান ভালো তবে প্যাকেজিং আরেকটু ভালো হতে পারতো।"
R000139,O000201,4,"Good quality overall."
R000140,O000202,5,"দ্রুত ডেলিভারি মান ভালো।"
R000141,O000204,5,"Excellent product, very happy with the purchase."
R000142,O000205,2,"ডেলিভারি দেরিতে হয়েছে।"
R000143,O000207,3,"মোটামুটি পণ্য।"
R000144,O000208,4,"Satisfied with the product."
R000145,O000210,4,"Decent product for the price."
R000146,O000211,5,"Highly recommend to everyone."
R000147,O000213,5,"প্যাকেজিং চমৎকার ছিল।"
R000148,O000214,2,"পণ্যের মান আশানুরূপ নয়।"
R000149,O000215,3,"Average quality, expected better."
R000150,O000217,4,"ডেলিভারি সময়মতো হয়েছে।"
R000151,O000218,4,"মান ভালো তবে প্যাকেজিং আরেকটু ভালো হতে পারতো।"
R000152,O000220,5,"Excellent product! Very happy with the purchase."
R000153,O000221,1,"পণ্য ক্ষতিগ্রস্ত অবস্থায় পৌঁছেছে।"
R000154,O000223,2,"Not satisfied with the quality."
R000155,O000224,3,"কোনো বিশেষ মন্তব্য নেই।"
R000156,O000226,4,"Good quality overall."
R000157,O000227,4,"Satisfied with the product."
R000158,O000228,5,"দ্রুত ডেলিভারি মান ভালো।"
R000159,O000230,1,"খুবই খারাপ অভিজ্ঞতা।"
R000160,O000231,3,"Product is okay."
R000161,O000233,3,"মোটামুটি পণ্য।"
R000162,O000234,4,"Decent product for the price."
R000163,O000236,5,"Excellent product, very happy with the purchase."
R000164,O000237,5,"Highly recommend to everyone."
R000165,O000239,1,"Very disappointed."
R000166,O000240,3,"Average quality, expected better."
R000167,O000242,3,"কোনো বিশেষ মন্তব্য নেই।"
R000168,O000243,4,"ডেলিভারি সময়মতো হয়েছে।"
R000169,O000244,5,"প্যাকেজিং চমৎকার ছিল।"
R000170,O000246,5,"Excellent product! Very happy with the purchase."
R000171,O000247,1,"পণ্য ক্ষতিগ্রস্ত অবস্থায় পৌঁছেছে।"
R000172,O000249,3,"Product is okay."
R000173,O000250,4,"মান ভালো তবে প্যাকেজিং আরেকটু ভালো হতে পারতো।"
R000174,O000252,4,"Good quality overall."
R000175,O000253,5,"দ্রুত ডেলিভারি মান ভালো।"
R000176,O000255,5,"Excellent product, very happy with the purchase."
R000177,O000256,1,"খুবই খারাপ অভিজ্ঞতা।"
R000178,O000257,3,"মোটামুটি পণ্য।"
R000179,O000259,4,"Satisfied with the product."
R000180,O000260,4,"Decent product for the price."
R000181,O000262,5,"Highly recommend to everyone."
R000182,O000263,5,"প্যাকেজিং চমৎকার ছিল।"
R000183,O000265,2,"ডেলিভারি দেরিতে হয়েছে।"
R000184,O000266,3,"Average quality, expected better."
R000185,O000268,4,"ডেলিভারি সময়মতো হয়েছে।"
R000186,O000269,4,"মান ভালো তবে প্যাকেজিং আরেকটু ভালো হতে পারতো।"
R000187,O000271,5,"Excellent product! Very happy with the purchase."
R000188,O000272,5,"দ্রুত ডেলিভারি মান ভালো।"
R000189,O000273,2,"পণ্যের মান আশানুরূপ নয়।"
R000190,O000275,3,"কোনো বিশেষ মন্তব্য নেই।"
R000191,O000276,4,"Good quality overall."
R000192,O000278,4,"Satisfied with the product."
R000193,O000279,5,"Excellent product, very happy with the purchase."
R000194,O000281,5,"Highly recommend to everyone."
R000195,O000282,2,"Not satisfied with the quality."
R000196,O000284,3,"Product is okay."
R000197,O000285,4,"Decent product for the price."
R000198,O000286,4,"ডেলিভারি সময়মতো হয়েছে।"
R000199,O000288,5,"প্যাকেজিং চমৎকার ছিল।"
R000200,O000289,1,"Very disappointed."
R000201,O000291,2,"ডেলিভারি দেরিতে হয়েছে।"
R000202,O000292,3,"মোটামুটি পণ্য।"
R000203,O000294,4,"মান ভালো তবে প্যাকেজিং আরেকটু ভালো হতে পারতো।"
R000204,O000295,4,"Good quality overall."
R000205,O000297,5,"Excellent product! Very happy with the purchase."
R000206,O000298,1,"পণ্য ক্ষতিগ্রস্ত অবস্থায় পৌঁছেছে।"
R000207,O000300,2,"পণ্যের মান আশানুরূপ নয়।"
R000208,O000301,3,"Average quality, expected better."
R000209,O000302,4,"Satisfied with the product."
R000210,O000304,5,"দ্রুত ডেলিভারি মান ভালো।"
R000211,O000305,5,"Excellent product, very happy with the purchase."
R000212,O000307,1,"খুবই খারাপ অভিজ্ঞতা।"
R000213,O000308,3,"কোনো বিশেষ মন্তব্য নেই।"
R000214,O000310,3,"Product is okay."
R000215,O000311,4,"Decent product for the price."
R000216,O000313,5,"Highly recommend to everyone."
R000217,O000314,5,"প্যাকেজিং চমৎকার ছিল।"
R000218,O000315,1,"Very disappointed."
R000219,O000317,3,"মোটামুটি পণ্য।"
R000220,O000318,4,"ডেলিভারি সময়মতো হয়েছে।"
R000221,O000320,4,"মান ভালো তবে প্যাকেজিং আরেকটু ভালো হতে পারতো।"
R000222,O000321,5,"Excellent product! Very happy with the purchase."
R000223,O000323,5,"দ্রুত ডেলিভারি মান ভালো।"
R000224,O000324,1,"পণ্য ক্ষতিগ্রস্ত অবস্থায় পৌঁছেছে।"
R000225,O000326,3,"Average quality, expected better."
R000226,O000327,4,"Good quality overall."
R000227,O000328,4,"Satisfied with the product."
R000228,O000330,5,"Excellent product, very happy with the purchase."
R000229,O000331,5,"Highly recommend to everyone."
R000230,O000333,2,"Not satisfied with the quality."
R000231,O000334,3,"কোনো বিশেষ মন্তব্য নেই।"
R000232,O000336,4,"Decent product for the price."
R000233,O000337,4,"ডেলিভারি সময়মতো হয়েছে।"
R000234,O000339,5,"প্যাকেজিং চমৎকার ছিল।"
R000235,O000340,5,"Excellent product! Very happy with the purchase."
R000236,O000342,2,"ডেলিভারি দেরিতে হয়েছে।"
R000237,O000343,3,"Product is okay."
R000238,O000344,4,"মান ভালো তবে প্যাকেজিং আরেকটু ভালো হতে পারতো।"
R000239,O000346,4,"Good quality overall."
R000240,O000347,5,"দ্রুত ডেলিভারি মান ভালো।"
R000241,O000349,5,"Excellent product, very happy with the purchase."
R000242,O000350,2,"পণ্যের মান আশানুরূপ নয়।"
R000243,O000352,3,"মোটামুটি পণ্য।"
R000244,O000353,4,"Satisfied with the product."
R000245,O000355,4,"Decent product for the price."
R000246,O000356,5,"Highly recommend to everyone."
R000247,O000357,5,"প্যাকেজিং চমৎকার ছিল।"
R000248,O000359,2,"Not satisfied with the quality."
R000249,O000360,3,"Average quality, expected better."
R000250,O000362,4,"ডেলিভারি সময়মতো হয়েছে।"
R000251,O000363,4,"মান ভালো তবে প্যাকেজিং আরেকটু ভালো হতে পারতো।"
R000252,O000365,5,"Excellent product! Very happy with the purchase."
R000253,O000366,1,"খুবই খারাপ অভিজ্ঞতা।"
R000254,O000368,2,"ডেলিভারি দেরিতে হয়েছে।"
R000255,O000369,3,"কোনো বিশেষ মন্তব্য নেই।"
R000256,O000371,4,"Good quality overall."
R000257,O000372,4,"Satisfied with the product."
R000258,O000373,5,"দ্রুত ডেলিভারি মান ভালো।"
R000259,O000375,1,"Very disappointed."
R000260,O000376,3,"Product is okay."
R000261,O000378,3,"মোটামুটি পণ্য।"
R000262,O000379,4,"Decent product for the price."
R000263,O000381,5,"Excellent product, very happy with the purchase."
R000264,O000382,5,"Highly recommend to everyone."
R000265,O000384,1,"পণ্য ক্ষতিগ্রস্ত অবস্থায় পৌঁছেছে।"
R000266,O000385,3,"Average quality, expected better."
R000267,O000386,3,"কোনো বিশেষ মন্তব্য নেই।"
R000268,O000388,4,"ডেলিভারি সময়মতো হয়েছে।"
R000269,O000389,5,"প্যাকেজিং চমৎকার ছিল।"
R000270,O000391,5,"Excellent product! Very happy with the purchase."
R000271,O000392,1,"খুবই খারাপ অভিজ্ঞতা।"
R000272,O000394,3,"Product is okay."
R000273,O000395,4,"মান ভালো তবে প্যাকেজিং আরেকটু ভালো হতে পারতো।"
R000274,O000397,4,"Good quality overall."
R000275,O000398,5,"দ্রুত ডেলিভারি মান ভালো।"
R000276,O000400,5,"Excellent product, very happy with the purchase."
R000277,O000401,1,"Very disappointed."
R000278,O000402,3,"মোটামুটি পণ্য।"
R000279,O000404,4,"Satisfied with the product."
R000280,O000405,4,"Decent product for the price."
R000281,O000407,5,"Highly recommend to everyone."
R000282,O000408,5,"প্যাকেজিং চমৎকার ছিল।"
R000283,O000410,2,"পণ্যের মান আশানুরূপ নয়।"
R000284,O000411,3,"Average quality, expected better."
R000285,O000413,4,"ডেলিভারি সময়মতো হয়েছে।"
R000286,O000414,4,"মান ভালো তবে প্যাকেজিং আরেকটু ভালো হতে পারতো।"
R000287,O000415,5,"Excellent product! Very happy with the purchase."
R000288,O000417,5,"দ্রুত ডেলিভারি মান ভালো।"
R000289,O000418,2,"Not satisfied with the quality."
R000290,O000420,3,"কোনো বিশেষ মন্তব্য নেই।"
R000291,O000421,4,"Good quality overall."
R000292,O000423,4,"Satisfied with the product."
R000293,O000424,5,"Excellent product, very happy with the purchase."
R000294,O000426,5,"Highly recommend to everyone."
R000295,O000427,2,"ডেলিভারি দেরিতে হয়েছে।"
R000296,O000428,3,"Product is okay."
R000297,O000430,4,"Decent product for the price."
R000298,O000431,4,"ডেলিভারি সময়মতো হয়েছে।"
R000299,O000433,5,"প্যাকেজিং চমৎকার ছিল।"
R000300,O000434,1,"পণ্য ক্ষতিগ্রস্ত অবস্থায় পৌঁছেছে।"
R000301,O000436,2,"পণ্যের মান আশানুরূপ নয়।"
R000302,O000437,3,"মোটামুটি পণ্য।"
R000303,O000439,4,"মান ভালো তবে প্যাকেজিং আরেকটু ভালো হতে পারতো।"
R000304,O000440,4,"Good quality overall."
R000305,O000442,5,"Excellent product! Very happy with the purchase."
R000306,O000443,1,"খুবই খারাপ অভিজ্ঞতা।"
R000307,O000444,2,"Not satisfied with the quality."
R000308,O000446,3,"Average quality, expected better."
R000309,O000447,4,"Satisfied with the product."
R000310,O000449,5,"দ্রুত ডেলিভারি মান ভালো।"
R000311,O000450,5,"Excellent product, very happy with the purchase."
R000312,O000452,1,"Very disappointed."
R000313,O000453,3,"কোনো বিশেষ মন্তব্য নেই।"
R000314,O000455,3,"Product is okay."
R000315,O000456,4,"Decent product for the price."
R000316,O000457,5,"Highly recommend to everyone."
R000317,O000459,5,"প্যাকেজিং চমৎকার ছিল।"
R000318,O000460,1,"পণ্য ক্ষতিগ্রস্ত অবস্থায় পৌঁছেছে।"
R000319,O000462,3,"মোটামুটি পণ্য।"
R000320,O000463,4,"ডেলিভারি সময়মতো হয়েছে।"
R000321,O000465,4,"মান ভালো তবে প্যাকেজিং আরেকটু ভালো হতে পারতো।"
R000322,O000466,5,"Excellent product! Very happy with the purchase."
R000323,O000468,5,"দ্রুত ডেলিভারি মান ভালো।"
R000324,O000469,1,"খুবই খারাপ অভিজ্ঞতা।"
R000325,O000471,3,"Average quality, expected better."
R000326,O000472,4,"Good quality overall."
R000327,O000473,4,"Satisfied with the product."
R000328,O000475,5,"Excellent product, very happy with the purchase."
R000329,O000476,5,"Highly recommend to everyone."
R000330,O000478,2,"ডেলিভারি দেরিতে হয়েছে।"
R000331,O000479,3,"কোনো বিশেষ মন্তব্য নেই।"
R000332,O000481,4,"Decent product for the price."
R000333,O000482,4,"ডেলিভারি সময়মতো হয়েছে।"
R000334,O000484,5,"প্যাকেজিং চমৎকার ছিল।"
R000335,O000485,5,"Excellent product! Very happy with the purchase."
R000336,O000486,2,"পণ্যের মান আশানুরূপ নয়।"
R000337,O000488,3,"Product is okay."
R000338,O000489,4,"মান ভালো তবে প্যাকেজিং আরেকটু ভালো হতে পারতো।"
R000339,O000491,4,"Good quality overall."
R000340,O000492,5,"দ্রুত ডেলিভারি মান ভালো।"
R000341,O000494,5,"Excellent product, very happy with the purchase."
R000342,O000495,2,"Not satisfied with the quality."
R000343,O000497,3,"মোটামুটি পণ্য।"
R000344,O000498,4,"Satisfied with the product."
R000345,O000500,4,"Decent product for the price."
R000346,O000501,5,"Highly recommend to everyone."
R000347,O000502,5,"প্যাকেজিং চমৎকার ছিল।"
R000348,O000504,2,"ডেলিভারি দেরিতে হয়েছে।"
R000349,O000505,3,"Average quality, expected better."
R000350,O000507,4,"ডেলিভারি সময়মতো হয়েছে।"
R000351,O000508,4,"মান ভালো তবে প্যাকেজিং আরেকটু ভালো হতে পারতো।"
R000352,O000510,5,"Excellent product! Very happy with the purchase."
R000353,O000511,1,"Very disappointed."
R000354,O000513,2,"পণ্যের মান আশানুরূপ নয়।"
R000355,O000514,3,"কোনো বিশেষ মন্তব্য নেই।"
R000356,O000515,4,"Good quality overall."
R000357,O000517,4,"Satisfied with the product."
R000358,O000518,5,"দ্রুত ডেলিভারি মান ভালো।"
R000359,O000520,1,"পণ্য ক্ষতিগ্রস্ত অবস্থায় পৌঁছেছে।"
R000360,O000521,3,"Product is okay."
R000361,O000523,3,"মোটামুটি পণ্য।"
R000362,O000524,4,"Decent product for the price."
R000363,O000526,5,"Excellent product, very happy with the purchase."
R000364,O000527,5,"Highly recommend to everyone."
R000365,O000528,1,"খুবই খারাপ অভিজ্ঞতা।"
R000366,O000530,3,"Average quality, expected better."
R000367,O000531,3,"কোনো বিশেষ মন্তব্য নেই।"
R000368,O000533,4,"ডেলিভারি সময়মতো হয়েছে।"
R000369,O000534,5,"প্যাকেজিং চমৎকার ছিল।"
R000370,O000536,5,"Excellent product! Very happy with the purchase."
R000371,O000537,1,"Very disappointed."
R000372,O000539,3,"Product is okay."
R000373,O000540,4,"মান ভালো তবে প্যাকেজিং আরেকটু ভালো হতে পারতো।"
R000374,O000542,4,"Good quality overall."
R000375,O000543,5,"দ্রুত ডেলিভারি মান ভালো।"
R000376,O000544,5,"Excellent product, very happy with the purchase."
R000377,O000546,1,"পণ্য ক্ষতিগ্রস্ত অবস্থায় পৌঁছেছে।"
R000378,O000547,3,"মোটামুটি পণ্য।"
R000379,O000549,4,"Satisfied with the product."
R000380,O000550,4,"Decent product for the price."
R000381,O000552,5,"Highly recommend to everyone."
R000382,O000553,5,"প্যাকেজিং চমৎকার ছিল।"
R000383,O000555,2,"Not satisfied with the quality."
R000384,O000556,3,"Average quality, expected better."
R000385,O000557,4,"ডেলিভারি সময়মতো হয়েছে।"
R000386,O000559,4,"মান ভালো তবে প্যাকেজিং আরেকটু ভালো হতে পারতো।"
R000387,O000560,5,"Excellent product! Very happy with the purchase."
R000388,O000562,5,"দ্রুত ডেলিভারি মান ভালো।"
R000389,O000563,2,"ডেলিভারি দেরিতে হয়েছে।"
R000390,O000565,3,"কোনো বিশেষ মন্তব্য নেই।"
R000391,O000566,4,"Good quality overall."
R000392,O000568,4,"Satisfied with the product."
R000393,O000569,5,"Excellent product, very happy with the purchase."
R000394,O000571,5,"Highly recommend to everyone."
R000395,O000572,2,"পণ্যের মান আশানুরূপ নয়।"
R000396,O000573,3,"Product is okay."
R000397,O000575,4,"Decent product for the price."
R000398,O000576,4,"ডেলিভারি সময়মতো হয়েছে।"
R000399,O000578,5,"প্যাকেজিং চমৎকার ছিল।"
R000400,O000579,1,"খুবই খারাপ অভিজ্ঞতা।"
R000401,O000581,2,"Not satisfied with the quality."
R000402,O000582,3,"মোটামুটি পণ্য।"
R000403,O000584,4,"মান ভালো তবে প্যাকেজিং আরেকটু ভালো হতে পারতো।"
R000404,O000585,4,"Good quality overall."
R000405,O000586,5,"Excellent product! Very happy with the purchase."
R000406,O000588,1,"Very disappointed."
R000407,O000589,2,"ডেলিভারি দেরিতে হয়েছে।"
R000408,O000591,3,"Average quality, expected better."
R000409,O000592,4,"Satisfied with the product."
R000410,O000594,5,"দ্রুত ডেলিভারি মান ভালো।"
R000411,O000595,5,"Excellent product, very happy with the purchase."
R000412,O000597,1,"পণ্য ক্ষতিগ্রস্ত অবস্থায় পৌঁছেছে।"
R000413,O000598,3,"কোনো বিশেষ মন্তব্য নেই।"
R000414,O000600,3,"Product is okay."
R000415,O000601,4,"Decent product for the price."
R000416,O000602,5,"Highly recommend to everyone."
R000417,O000604,5,"প্যাকেজিং চমৎকার ছিল।"
R000418,O000605,1,"খুবই খারাপ অভিজ্ঞতা।"
R000419,O000607,3,"মোটামুটি পণ্য।"
R000420,O000608,4,"ডেলিভারি সময়মতো হয়েছে।"
R000421,O000610,4,"মান ভালো তবে প্যাকেজিং আরেকটু ভালো হতে পারতো।"
R000422,O000611,5,"Excellent product! Very happy with the purchase."
R000423,O000613,5,"দ্রুত ডেলিভারি মান ভালো।"
R000424,O000614,1,"Very disappointed."
R000425,O000615,3,"Average quality, expected better."
R000426,O000617,4,"Good quality overall."
R000427,O000618,4,"Satisfied with the product."
R000428,O000620,5,"Excellent product, very happy with the purchase."
R000429,O000621,5,"Highly recommend to everyone."
R000430,O000623,2,"পণ্যের মান আশানুরূপ নয়।"
R000431,O000624,3,"কোনো বিশেষ মন্তব্য নেই।"
R000432,O000626,4,"Decent product for the price."
R000433,O000627,4,"ডেলিভারি সময়মতো হয়েছে।"
R000434,O000628,5,"প্যাকেজিং চমৎকার ছিল।"
R000435,O000630,5,"Excellent product! Very happy with the purchase."
R000436,O000631,2,"Not satisfied with the quality."
R000437,O000633,3,"Product is okay."
R000438,O000634,4,"মান ভালো তবে প্যাকেজিং আরেকটু ভালো হতে পারতো।"
R000439,O000636,4,"Good quality overall."
R000440,O000637,5,"দ্রুত ডেলিভারি মান ভালো।"
R000441,O000639,5,"Excellent product, very happy with the purchase."
R000442,O000640,2,"ডেলিভারি দেরিতে হয়েছে।"
R000443,O000642,3,"মোটামুটি পণ্য।"
R000444,O000643,4,"Satisfied with the product."
R000445,O000644,4,"Decent product for the price."
R000446,O000646,5,"Highly recommend to everyone."
R000447,O000647,5,"প্যাকেজিং চমৎকার ছিল।"
R000448,O000649,2,"পণ্যের মান আশানুরূপ নয়।"
R000449,O000650,3,"Average quality, expected better."
R000450,O000652,4,"ডেলিভারি সময়মতো হয়েছে।"
R000451,O000653,4,"মান ভালো তবে প্যাকেজিং আরেকটু ভালো হতে পারতো।"
R000452,O000655,5,"Excellent product! Very happy with the purchase."
R000453,O000656,1,"পণ্য ক্ষতিগ্রস্ত অবস্থায় পৌঁছেছে।"
R000454,O000657,2,"Not satisfied with the quality."
R000455,O000659,3,"কোনো বিশেষ মন্তব্য নেই।"
R000456,O000660,4,"Good quality overall."
R000457,O000662,4,"Satisfied with the product."
R000458,O000663,5,"দ্রুত ডেলিভারি মান ভালো।"
R000459,O000665,1,"খুবই খারাপ অভিজ্ঞতা।"
R000460,O000666,3,"Product is okay."
R000461,O000668,3,"মোটামুটি পণ্য।"
R000462,O000669,4,"Decent product for the price."
R000463,O000671,5,"Excellent product, very happy with the purchase."
R000464,O000672,5,"Highly recommend to everyone."
R000465,O000673,1,"Very disappointed."
R000466,O000675,3,"Average quality, expected better."
R000467,O000676,3,"কোনো বিশেষ মন্তব্য নেই।"
R000468,O000678,4,"ডেলিভারি সময়মতো হয়েছে।"
R000469,O000679,5,"প্যাকেজিং চমৎকার ছিল।"
R000470,O000681,5,"Excellent product! Very happy with the purchase."
R000471,O000682,1,"পণ্য ক্ষতিগ্রস্ত অবস্থায় পৌঁছেছে।"
R000472,O000684,3,"Product is okay."
R000473,O000685,4,"মান ভালো তবে প্যাকেজিং আরেকটু ভালো হতে পারতো।"
R000474,O000686,4,"Good quality overall."
R000475,O000688,5,"দ্রুত ডেলিভারি মান ভালো।"
R000476,O000689,5,"Excellent product, very happy with the purchase."
R000477,O000691,1,"খুবই খারাপ অভিজ্ঞতা।"
R000478,O000692,3,"মোটামুটি পণ্য।"
R000479,O000694,4,"Satisfied with the product."
R000480,O000695,4,"Decent product for the price."
R000481,O000697,5,"Highly recommend to everyone."
R000482,O000698,5,"প্যাকেজিং চমৎকার ছিল।"
R000483,O000700,2,"ডেলিভারি দেরিতে হয়েছে।"
R000484,O000701,3,"Average quality, expected better."
R000485,O000702,4,"ডেলিভারি সময়মতো হয়েছে।"
R000486,O000704,4,"মান ভালো তবে প্যাকেজিং আরেকটু ভালো হতে পারতো।"
R000487,O000705,5,"Excellent product! Very happy with the purchase."
R000488,O000707,5,"দ্রুত ডেলিভারি মান ভালো।"
R000489,O000708,2,"পণ্যের মান আশানুরূপ নয়।"
R000490,O000710,3,"কোনো বিশেষ মন্তব্য নেই।"
R000491,O000711,4,"Good quality overall."
R000492,O000713,4,"Satisfied with the product."
R000493,O000714,5,"Excellent product, very happy with the purchase."
R000494,O000715,5,"Highly recommend to everyone."
R000495,O000717,2,"Not satisfied with the quality."
R000496,O000718,3,"Product is okay."
R000497,O000720,4,"Decent product for the price."
R000498,O000721,4,"ডেলিভারি সময়মতো হয়েছে।"
R000499,O000723,5,"প্যাকেজিং চমৎকার ছিল।"
R000500,O000724,1,"Very disappointed."
R000501,O000726,2,"ডেলিভারি দেরিতে হয়েছে।"
R000502,O000727,3,"মোটামুটি পণ্য।"
R000503,O000728,4,"মান ভালো তবে প্যাকেজিং আরেকটু ভালো হতে পারতো।"
R000504,O000730,4,"Good quality overall."
R000505,O000731,5,"Excellent product! Very happy with the purchase."
R000506,O000733,1,"পণ্য ক্ষতিগ্রস্ত অবস্থায় পৌঁছেছে।"
R000507,O000734,2,"পণ্যের মান আশানুরূপ নয়।"
R000508,O000736,3,"Average quality, expected better."
R000509,O000737,4,"Satisfied with the product."
R000510,O000739,5,"দ্রুত ডেলিভারি মান ভালো।"
R000511,O000740,5,"Excellent product, very happy with the purchase."
R000512,O000742,1,"খুবই খারাপ অভিজ্ঞতা।"
R000513,O000743,3,"কোনো বিশেষ মন্তব্য নেই।"
R000514,O000744,3,"Product is okay."
R000515,O000746,4,"Decent product for the price."
R000516,O000747,5,"Highly recommend to everyone."
R000517,O000749,5,"প্যাকেজিং চমৎকার ছিল।"
R000518,O000750,1,"Very disappointed."
R000519,O000752,3,"মোটামুটি পণ্য।"
R000520,O000753,4,"ডেলিভারি সময়মতো হয়েছে।"
R000521,O000755,4,"মান ভালো তবে প্যাকেজিং আরেকটু ভালো হতে পারতো।"
R000522,O000756,5,"Excellent product! Very happy with the purchase."
R000523,O000757,5,"দ্রুত ডেলিভারি মান ভালো।"
R000524,O000759,1,"পণ্য ক্ষতিগ্রস্ত অবস্থায় পৌঁছেছে।"
R000525,O000760,3,"Average quality, expected better."
R000526,O000762,4,"Good quality overall."
R000527,O000763,4,"Satisfied with the product."
R000528,O000765,5,"Excellent product, very happy with the purchase."
R000529,O000766,5,"Highly recommend to everyone."
R000530,O000768,2,"Not satisfied with the quality."
R000531,O000769,3,"কোনো বিশেষ মন্তব্য নেই।"
R000532,O000771,4,"Decent product for the price."
R000533,O000772,4,"ডেলিভারি সময়মতো হয়েছে।"
R000534,O000773,5,"প্যাকেজিং চমৎকার ছিল।"
R000535,O000775,5,"Excellent product! Very happy with the purchase."
R000536,O000776,2,"ডেলিভারি দেরিতে হয়েছে।"
R000537,O000778,3,"Product is okay."
R000538,O000779,4,"মান ভালো তবে প্যাকেজিং আরেকটু ভালো হতে পারতো।"
R000539,O000781,4,"Good quality overall."
R000540,O000782,5,"দ্রুত ডেলিভারি মান ভালো।"
R000541,O000784,5,"Excellent product, very happy with the purchase."
R000542,O000785,2,"পণ্যের মান আশানুরূপ নয়।"
R000543,O000786,3,"মোটামুটি পণ্য।"
R000544,O000788,4,"Satisfied with the product."
R000545,O000789,4,"Decent product for the price."
R000546,O000791,5,"Highly recommend to everyone."
R000547,O000792,5,"প্যাকেজিং চমৎকার ছিল।"
R000548,O000794,2,"Not satisfied with the quality."
R000549,O000795,3,"Average quality, expected better."
R000550,O000797,4,"ডেলিভারি সময়মতো হয়েছে।"
R000551,O000798,4,"মান ভালো তবে প্যাকেজিং আরেকটু ভালো হতে পারতো।"
R000552,O000800,5,"Excellent product! Very happy with the purchase."
R000553,O000801,1,"খুবই খারাপ অভিজ্ঞতা।"
R000554,O000802,2,"ডেলিভারি দেরিতে হয়েছে।"
R000555,O000804,3,"কোনো বিশেষ মন্তব্য নেই।"
R000556,O000805,4,"Good quality overall."
R000557,O000807,4,"Satisfied with the product."
R000558,O000808,5,"দ্রুত ডেলিভারি মান ভালো।"
R000559,O000810,1,"Very disappointed."
R000560,O000811,3,"Product is okay."
R000561,O000813,3,"মোটামুটি পণ্য।"
R000562,O000814,4,"Decent product for the price."
R000563,O000815,5,"Excellent product, very happy with the purchase."
R000564,O000817,5,"Highly recommend to everyone."
R000565,O000818,1,"পণ্য ক্ষতিগ্রস্ত অবস্থায় পৌঁছেছে।"
R000566,O000820,3,"Average quality, expected better."
R000567,O000821,3,"কোনো বিশেষ মন্তব্য নেই।"
R000568,O000823,4,"ডেলিভারি সময়মতো হয়েছে।"
R000569,O000824,5,"প্যাকেজিং চমৎকার ছিল।"
R000570,O000826,5,"Excellent product! Very happy with the purchase."
R000571,O000827,1,"খুবই খারাপ অভিজ্ঞতা।"
R000572,O000828,3,"Product is okay."
R000573,O000830,4,"মান ভালো তবে প্যাকেজিং আরেকটু ভালো হতে পারতো।"
R000574,O000831,4,"Good quality overall."
R000575,O000833,5,"দ্রুত ডেলিভারি মান ভালো।"
R000576,O000834,5,"Excellent product, very happy with the purchase."
R000577,O000836,1,"Very disappointed."
R000578,O000837,3,"মোটামুটি পণ্য।"
R000579,O000839,4,"Satisfied with the product."
R000580,O000840,4,"Decent product for the price."
R000581,O000842,5,"Highly recommend to everyone."
R000582,O000843,5,"প্যাকেজিং চমৎকার ছিল।"
R000583,O000844,2,"পণ্যের মান আশানুরূপ নয়।"
R000584,O000846,3,"Average quality, expected better."
R000585,O000847,4,"ডেলিভারি সময়মতো হয়েছে।"
R000586,O000849,4,"মান ভালো তবে প্যাকেজিং আরেকটু ভালো হতে পারতো।"
R000587,O000850,5,"Excellent product! Very happy with the purchase."
R000588,O000852,5,"দ্রুত ডেলিভারি মান ভালো।"
R000589,O000853,2,"Not satisfied with the quality."
R000590,O000855,3,"কোনো বিশেষ মন্তব্য নেই।"
R000591,O000856,4,"Good quality overall."
R000592,O000857,4,"Satisfied with the product."
R000593,O000859,5,"Excellent product, very happy with the purchase."
R000594,O000860,5,"Highly recommend to everyone."
R000595,O000862,2,"ডেলিভারি দেরিতে হয়েছে।"
R000596,O000863,3,"Product is okay."
R000597,O000865,4,"Decent product for the price."
R000598,O000866,4,"ডেলিভারি সময়মতো হয়েছে।"
R000599,O000868,5,"প্যাকেজিং চমৎকার ছিল।"
R000600,O000869,1,"পণ্য ক্ষতিগ্রস্ত অবস্থায় পৌঁছেছে।"
R000601,O000871,2,"পণ্যের মান আশানুরূপ নয়।"
R000602,O000872,3,"মোটামুটি পণ্য।"
R000603,O000873,4,"মান ভালো তবে প্যাকেজিং আরেকটু ভালো হতে পারতো।"
R000604,O000875,4,"Good quality overall."
R000605,O000876,5,"Excellent product! Very happy with the purchase."
R000606,O000878,1,"খুবই খারাপ অভিজ্ঞতা।"
R000607,O000879,2,"Not satisfied with the quality."
R000608,O000881,3,"Average quality, expected better."
R000609,O000882,4,"Satisfied with the product."
R000610,O000884,5,"দ্রুত ডেলিভারি মান ভালো।"
R000611,O000885,5,"Excellent product, very happy with the purchase."
R000612,O000886,1,"Very disappointed."
R000613,O000888,3,"কোনো বিশেষ মন্তব্য নেই।"
R000614,O000889,3,"Product is okay."
R000615,O000891,4,"Decent product for the price."
R000616,O000892,5,"Highly recommend to everyone."
R000617,O000894,5,"প্যাকেজিং চমৎকার ছিল।"
R000618,O000895,1,"পণ্য ক্ষতিগ্রস্ত অবস্থায় পৌঁছেছে।"
R000619,O000897,3,"মোটামুটি পণ্য।"
R000620,O000898,4,"ডেলিভারি সময়মতো হয়েছে।"
R000621,O000900,4,"মান ভালো তবে প্যাকেজিং আরেকটু ভালো হতে পারতো।"
R000622,O000901,5,"Excellent product! Very happy with the purchase."
R000623,O000902,5,"দ্রুত ডেলিভারি মান ভালো।"
R000624,O000904,1,"খুবই খারাপ অভিজ্ঞতা।"
R000625,O000905,3,"Average quality, expected better."
R000626,O000907,4,"Good quality overall."
R000627,O000908,4,"Satisfied with the product."
R000628,O000910,5,"Excellent product, very happy with the purchase."
R000629,O000911,5,"Highly recommend to everyone."
R000630,O000913,2,"ডেলিভারি দেরিতে হয়েছে।"
R000631,O000914,3,"কোনো বিশেষ মন্তব্য নেই।"
R000632,O000915,4,"Decent product for the price."
R000633,O000917,4,"ডেলিভারি সময়মতো হয়েছে।"
R000634,O000918,5,"প্যাকেজিং চমৎকার ছিল।"
R000635,O000920,5,"Excellent product! Very happy with the purchase."
R000636,O000921,2,"পণ্যের মান আশানুরূপ নয়।"
R000637,O000923,3,"Product is okay."
R000638,O000924,4,"মান ভালো তবে প্যাকেজিং আরেকটু ভালো হতে পারতো।"
R000639,O000926,4,"Good quality overall."
R000640,O000927,5,"দ্রুত ডেলিভারি মান ভালো।"
R000641,O000928,5,"Excellent product, very happy with the purchase."
R000642,O000930,2,"Not satisfied with the quality."
R000643,O000931,3,"মোটামুটি পণ্য।"
R000644,O000933,4,"Satisfied with the product."
R000645,O000934,4,"Decent product for the price."
R000646,O000936,5,"Highly recommend to everyone."
R000647,O000937,5,"প্যাকেজিং চমৎকার ছিল।"
R000648,O000939,2,"ডেলিভারি দেরিতে হয়েছে।"
R000649,O000940,3,"Average quality, expected better."
R000650,O000942,4,"ডেলিভারি সময়মতো হয়েছে।"
R000651,O000943,4,"মান ভালো তবে প্যাকেজিং আরেকটু ভালো হতে পারতো।"
R000652,O000944,5,"Excellent product! Very happy with the purchase."
R000653,O000946,1,"Very disappointed."
R000654,O000947,2,"পণ্যের মান আশানুরূপ নয়।"
R000655,O000949,3,"কোনো বিশেষ মন্তব্য নেই।"
R000656,O000950,4,"Good quality overall."
R000657,O000952,4,"Satisfied with the product."
R000658,O000953,5,"দ্রুত ডেলিভারি মান ভালো।"
R000659,O000955,1,"পণ্য ক্ষতিগ্রস্ত অবস্থায় পৌঁছেছে।"
R000660,O000956,3,"Product is okay."
R000661,O000957,3,"মোটামুটি পণ্য।"
R000662,O000959,4,"Decent product for the price."
R000663,O000960,5,"Excellent product, very happy with the purchase."
R000664,O000962,5,"Highly recommend to everyone."
R000665,O000963,1,"খুবই খারাপ অভিজ্ঞতা।"
R000666,O000965,3,"Average quality, expected better."
R000667,O000966,3,"কোনো বিশেষ মন্তব্য নেই।"
R000668,O000968,4,"ডেলিভারি সময়মতো হয়েছে।"
R000669,O000969,5,"প্যাকেজিং চমৎকার ছিল।"
R000670,O000971,5,"Excellent product! Very happy with the purchase."
R000671,O000972,1,"Very disappointed."
R000672,O000973,3,"Product is okay."
R000673,O000975,4,"মান ভালো তবে প্যাকেজিং আরেকটু ভালো হতে পারতো।"
R000674,O000976,4,"Good quality overall."
R000675,O000978,5,"দ্রুত ডেলিভারি মান ভালো।"
R000676,O000979,5,"Excellent product, very happy with the purchase."
R000677,O000981,1,"পণ্য ক্ষতিগ্রস্ত অবস্থায় পৌঁছেছে।"
R000678,O000982,3,"মোটামুটি পণ্য।"
R000679,O000984,4,"Satisfied with the product."
R000680,O000985,4,"Decent product for the price."
R000681,O000986,5,"Highly recommend to everyone."
R000682,O000988,5,"প্যাকেজিং চমৎকার ছিল।"
R000683,O000989,2,"Not satisfied with the quality."
R000684,O000991,3,"Average quality, expected better."
R000685,O000992,4,"ডেলিভারি সময়মতো হয়েছে।"
R000686,O000994,4,"মান ভালো তবে প্যাকেজিং আরেকটু ভালো হতে পারতো।"
R000687,O000995,5,"Excellent product! Very happy with the purchase."
R000688,O000997,5,"দ্রুত ডেলিভারি মান ভালো।"
R000689,O000998,2,"ডেলিভারি দেরিতে হয়েছে।"
R000690,O001000,3,"কোনো বিশেষ মন্তব্য নেই।"
R000691,O001001,4,"Good quality overall."
R000692,O001002,4,"Satisfied with the product."
R000693,O001004,5,"Excellent product, very happy with the purchase."
R000694,O001005,5,"Highly recommend to everyone."
R000695,O001007,2,"পণ্যের মান আশানুরূপ নয়।"
R000696,O001008,3,"Product is okay."
R000697,O001010,4,"Decent product for the price."
R000698,O001011,4,"ডেলিভারি সময়মতো হয়েছে।"
R000699,O001013,5,"প্যাকেজিং চমৎকার ছিল।"
R000700,O001014,1,"খুবই খারাপ অভিজ্ঞতা।"
R000701,O001015,2,"Not satisfied with the quality."
R000702,O001017,3,"মোটামুটি পণ্য।"
R000703,O001018,4,"মান ভালো তবে প্যাকেজিং আরেকটু ভালো হতে পারতো।"
R000704,O001020,4,"Good quality overall."
R000705,O001021,5,"Excellent product! Very happy with the purchase."
R000706,O001023,1,"Very disappointed."
R000707,O001024,2,"ডেলিভারি দেরিতে হয়েছে।"
R000708,O001026,3,"Average quality, expected better."
R000709,O001027,4,"Satisfied with the product."
R000710,O001028,5,"দ্রুত ডেলিভারি মান ভালো।"
R000711,O001030,5,"Excellent product, very happy with the purchase."
R000712,O001031,1,"পণ্য ক্ষতিগ্রস্ত অবস্থায় পৌঁছেছে।"
R000713,O001033,3,"কোনো বিশেষ মন্তব্য নেই।"
R000714,O001034,3,"Product is okay."
R000715,O001036,4,"Decent product for the price."
R000716,O001037,5,"Highly recommend to everyone."
R000717,O001039,5,"প্যাকেজিং চমৎকার ছিল।"
R000718,O001040,1,"খুবই খারাপ অভিজ্ঞতা।"
R000719,O001042,3,"মোটামুটি পণ্য।"
R000720,O001043,4,"ডেলিভারি সময়মতো হয়েছে।"
R000721,O001044,4,"মান ভালো তবে প্যাকেজিং আরেকটু ভালো হতে পারতো।"
R000722,O001046,5,"Excellent product! Very happy with the purchase."
R000723,O001047,5,"দ্রুত ডেলিভারি মান ভালো।"
R000724,O001049,1,"Very disappointed."
R000725,O001050,3,"Average quality, expected better."
R000726,O001052,4,"Good quality overall."
R000727,O001053,4,"Satisfied with the product."
R000728,O001055,5,"Excellent product, very happy with the purchase."
R000729,O001056,5,"Highly recommend to everyone."
R000730,O001057,2,"পণ্যের মান আশানুরূপ নয়।"
R000731,O001059,3,"কোনো বিশেষ মন্তব্য নেই।"
R000732,O001060,4,"Decent product for the price."
R000733,O001062,4,"ডেলিভারি সময়মতো হয়েছে।"
R000734,O001063,5,"প্যাকেজিং চমৎকার ছিল।"
R000735,O001065,5,"Excellent product! Very happy with the purchase."
R000736,O001066,2,"Not satisfied with the quality."
R000737,O001068,3,"Product is okay."
R000738,O001069,4,"মান ভালো তবে প্যাকেজিং আরেকটু ভালো হতে পারতো।"
R000739,O001071,4,"Good quality overall."
R000740,O001072,5,"দ্রুত ডেলিভারি মান ভালো।"
R000741,O001073,5,"Excellent product, very happy with the purchase."
R000742,O001075,2,"ডেলিভারি দেরিতে হয়েছে।"
R000743,O001076,3,"মোটামুটি পণ্য।"
R000744,O001078,4,"Satisfied with the product."
R000745,O001079,4,"Decent product for the price."
R000746,O001081,5,"Highly recommend to everyone."
R000747,O001082,5,"প্যাকেজিং চমৎকার ছিল।"
R000748,O001084,2,"পণ্যের মান আশানুরূপ নয়।"
R000749,O001085,3,"Average quality, expected better."
R000750,O001086,4,"ডেলিভারি সময়মতো হয়েছে।"
R000751,O001088,4,"মান ভালো তবে প্যাকেজিং আরেকটু ভালো হতে পারতো।"
R000752,O001089,5,"Excellent product! Very happy with the purchase."
R000753,O001091,1,"পণ্য ক্ষতিগ্রস্ত অবস্থায় পৌঁছেছে।"
R000754,O001092,2,"Not satisfied with the quality."
R000755,O001094,3,"কোনো বিশেষ মন্তব্য নেই।"
R000756,O001095,4,"Good quality overall."
R000757,O001097,4,"Satisfied with the product."
R000758,O001098,5,"দ্রুত ডেলিভারি মান ভালো।"
R000759,O001100,1,"খুবই খারাপ অভিজ্ঞতা।"
R000760,O001101,3,"Product is okay."
R000761,O001102,3,"মোটামুটি পণ্য।"
R000762,O001104,4,"Decent product for the price."
R000763,O001105,5,"Excellent product, very happy with the purchase."
R000764,O001107,5,"Highly recommend to everyone."
R000765,O001108,1,"Very disappointed."
R000766,O001110,3,"Average quality, expected better."
R000767,O001111,3,"কোনো বিশেষ মন্তব্য নেই।"
R000768,O001113,4,"ডেলিভারি সময়মতো হয়েছে।"
R000769,O001114,5,"প্যাকেজিং চমৎকার ছিল।"
R000770,O001115,5,"Excellent product! Very happy with the purchase."
R000771,O001117,1,"পণ্য ক্ষতিগ্রস্ত অবস্থায় পৌঁছেছে।"
R000772,O001118,3,"Product is okay."
R000773,O001120,4,"মান ভালো তবে প্যাকেজিং আরেকটু ভালো হতে পারতো।"
R000774,O001121,4,"Good quality overall."
R000775,O001123,5,"দ্রুত ডেলিভারি মান ভালো।"
R000776,O001124,5,"Excellent product, very happy with the purchase."
R000777,O001126,1,"খুবই খারাপ অভিজ্ঞতা।"
R000778,O001127,3,"মোটামুটি পণ্য।"
R000779,O001128,4,"Satisfied with the product."
R000780,O001130,4,"Decent product for the price."
R000781,O001131,5,"Highly recommend to everyone."
R000782,O001133,5,"প্যাকেজিং চমৎকার ছিল।"
R000783,O001134,2,"ডেলিভারি দেরিতে হয়েছে।"
R000784,O001136,3,"Average quality, expected better."
R000785,O001137,4,"ডেলিভারি সময়মতো হয়েছে।"
R000786,O001139,4,"মান ভালো তবে প্যাকেজিং আরেকটু ভালো হতে পারতো।"
R000787,O001140,5,"Excellent product! Very happy with the purchase."
R000788,O001142,5,"দ্রুত ডেলিভারি মান ভালো।"
R000789,O001143,2,"পণ্যের মান আশানুরূপ নয়।"
R000790,O001144,3,"কোনো বিশেষ মন্তব্য নেই।"
R000791,O001146,4,"Good quality overall."
R000792,O001147,4,"Satisfied with the product."
R000793,O001149,5,"Excellent product, very happy with the purchase."
R000794,O001150,5,"Highly recommend to everyone."
R000795,O001152,2,"Not satisfied with the quality."
R000796,O001153,3,"Product is okay."
R000797,O001155,4,"Decent product for the price."
R000798,O001156,4,"ডেলিভারি সময়মতো হয়েছে।"
R000799,O001157,5,"প্যাকেজিং চমৎকার ছিল।"
R000800,O001159,1,"Very disappointed."
R000801,O001160,2,"ডেলিভারি দেরিতে হয়েছে।"
R000802,O001162,3,"মোটামুটি পণ্য।"
R000803,O001163,4,"মান ভালো তবে প্যাকেজিং আরেকটু ভালো হতে পারতো।"
R000804,O001165,4,"Good quality overall."
R000805,O001166,5,"Excellent product! Very happy with the purchase."
R000806,O001168,1,"পণ্য ক্ষতিগ্রস্ত অবস্থায় পৌঁছেছে।"
R000807,O001169,2,"পণ্যের মান আশানুরূপ নয়।"
R000808,O001171,3,"Average quality, expected better."
R000809,O001172,4,"Satisfied with the product."
R000810,O001173,5,"দ্রুত ডেলিভারি মান ভালো।"
R000811,O001175,5,"Excellent product, very happy with the purchase."
R000812,O001176,1,"খুবই খারাপ অভিজ্ঞতা।"
R000813,O001178,3,"কোনো বিশেষ মন্তব্য নেই।"
R000814,O001179,3,"Product is okay."
R000815,O001181,4,"Decent product for the price."
R000816,O001182,5,"Highly recommend to everyone."
R000817,O001184,5,"প্যাকেজিং চমৎকার ছিল।"
R000818,O001185,1,"Very disappointed."
R000819,O001186,3,"মোটামুটি পণ্য।"
R000820,O001188,4,"ডেলিভারি সময়মতো হয়েছে।"
R000821,O001189,4,"মান ভালো তবে প্যাকেজিং আরেকটু ভালো হতে পারতো।"
R000822,O001191,5,"Excellent product! Very happy with the purchase."
R000823,O001192,5,"দ্রুত ডেলিভারি মান ভালো।"
R000824,O001194,1,"পণ্য ক্ষতিগ্রস্ত অবস্থায় পৌঁছেছে।"
R000825,O001195,3,"Average quality, expected better."
R000826,O001197,4,"Good quality overall."
R000827,O001198,4,"Satisfied with the product."
R000828,O001200,5,"Excellent product, very happy with the purchase."
R000829,O001201,5,"Highly recommend to everyone."
R000830,O001202,2,"Not satisfied with the quality."
R000831,O001204,3,"কোনো বিশেষ মন্তব্য নেই।"
R000832,O001205,4,"Decent product for the price."
R000833,O001207,4,"ডেলিভারি সময়মতো হয়েছে।"
R000834,O001208,5,"প্যাকেজিং চমৎকার ছিল।"
R000835,O001210,5,"Excellent product! Very happy with the purchase."
R000836,O001211,2,"ডেলিভারি দেরিতে হয়েছে।"
R000837,O001213,3,"Product is okay."
R000838,O001214,4,"মান ভালো তবে প্যাকেজিং আরেকটু ভালো হতে পারতো।"
R000839,O001215,4,"Good quality overall."
R000840,O001217,5,"দ্রুত ডেলিভারি মান ভালো।"
R000841,O001218,5,"Excellent product, very happy with the purchase."
R000842,O001220,2,"পণ্যের মান আশানুরূপ নয়।"
R000843,O001221,3,"মোটামুটি পণ্য।"
R000844,O001223,4,"Satisfied with the product."
R000845,O001224,4,"Decent product for the price."
R000846,O001226,5,"Highly recommend to everyone."
R000847,O001227,5,"প্যাকেজিং চমৎকার ছিল।"
R000848,O001228,2,"Not satisfied with the quality."
R000849,O001230,3,"Average quality, expected better."
R000850,O001231,4,"ডেলিভারি সময়মতো হয়েছে।"
R000851,O001233,4,"মান ভালো তবে প্যাকেজিং আরেকটু ভালো হতে পারতো।"
R000852,O001234,5,"Excellent product! Very happy with the purchase."
R000853,O001236,1,"খুবই খারাপ অভিজ্ঞতা।"
R000854,O001237,2,"ডেলিভারি দেরিতে হয়েছে।"
R000855,O001239,3,"কোনো বিশেষ মন্তব্য নেই।"
R000856,O001240,4,"Good quality overall."
R000857,O001242,4,"Satisfied with the product."
R000858,O001243,5,"দ্রুত ডেলিভারি মান ভালো।"
R000859,O001244,1,"Very disappointed."
R000860,O001246,3,"Product is okay."
R000861,O001247,3,"মোটামুটি পণ্য।"
R000862,O001249,4,"Decent product for the price."
R000863,O001250,5,"Excellent product, very happy with the purchase."
R000864,O001252,5,"Highly recommend to everyone."
R000865,O001253,1,"পণ্য ক্ষতিগ্রস্ত অবস্থায় পৌঁছেছে।"
R000866,O001255,3,"Average quality, expected better."
R000867,O001256,3,"কোনো বিশেষ মন্তব্য নেই।"
R000868,O001257,4,"ডেলিভারি সময়মতো হয়েছে।"
R000869,O001259,5,"প্যাকেজিং চমৎকার ছিল।"
R000870,O001260,5,"Excellent product! Very happy with the purchase."
R000871,O001262,1,"খুবই খারাপ অভিজ্ঞতা।"
R000872,O001263,3,"Product is okay."
R000873,O001265,4,"মান ভালো তবে প্যাকেজিং আরেকটু ভালো হতে পারতো।"
R000874,O001266,4,"Good quality overall."
R000875,O001268,5,"দ্রুত ডেলিভারি মান ভালো।"
R000876,O001269,5,"Excellent product, very happy with the purchase."
R000877,O001271,1,"Very disappointed."
R000878,O001272,3,"মোটামুটি পণ্য।"
R000879,O001273,4,"Satisfied with the product."
R000880,O001275,4,"Decent product for the price."
R000881,O001276,5,"Highly recommend to everyone."
R000882,O001278,5,"প্যাকেজিং চমৎকার ছিল।"
R000883,O001279,2,"পণ্যের মান আশানুরূপ নয়।"
R000884,O001281,3,"Average quality, expected better."
R000885,O001282,4,"ডেলিভারি সময়মতো হয়েছে।"
R000886,O001284,4,"মান ভালো তবে প্যাকেজিং আরেকটু ভালো হতে পারতো।"
R000887,O001285,5,"Excellent product! Very happy with the purchase."
R000888,O001286,5,"দ্রুত ডেলিভারি মান ভালো।"
R000889,O001288,2,"Not satisfied with the quality."
R000890,O001289,3,"কোনো বিশেষ মন্তব্য নেই।"
R000891,O001291,4,"Good quality overall."
R000892,O001292,4,"Satisfied with the product."
R000893,O001294,5,"Excellent product, very happy with the purchase."
R000894,O001295,5,"Highly recommend to everyone."
R000895,O001297,2,"ডেলিভারি দেরিতে হয়েছে।"
R000896,O001298,3,"Product is okay."
R000897,O001300,4,"Decent product for the price."
R000898,O001301,4,"ডেলিভারি সময়মতো হয়েছে।"
R000899,O001302,5,"প্যাকেজিং চমৎকার ছিল।"
R000900,O001304,1,"পণ্য ক্ষতিগ্রস্ত অবস্থায় পৌঁছেছে।"
R000901,O001305,2,"পণ্যের মান আশানুরূপ নয়।"
R000902,O001307,3,"মোটামুটি পণ্য।"
R000903,O001308,4,"মান ভালো তবে প্যাকেজিং আরেকটু ভালো হতে পারতো।"
R000904,O001310,4,"Good quality overall."
R000905,O001311,5,"Excellent product! Very happy with the purchase."
R000906,O001313,1,"খুবই খারাপ অভিজ্ঞতা।"
R000907,O001314,2,"Not satisfied with the quality."
R000908,O001315,3,"Average quality, expected better."
R000909,O001317,4,"Satisfied with the product."
R000910,O001318,5,"দ্রুত ডেলিভারি মান ভালো।"
R000911,O001320,5,"Excellent product, very happy with the purchase."
R000912,O001321,1,"Very disappointed."
R000913,O001323,3,"কোনো বিশেষ মন্তব্য নেই।"
R000914,O001324,3,"Product is okay."
R000915,O001326,4,"Decent product for the price."
R000916,O001327,5,"Highly recommend to everyone."
R000917,O001328,5,"প্যাকেজিং চমৎকার ছিল।"
R000918,O001330,1,"পণ্য ক্ষতিগ্রস্ত অবস্থায় পৌঁছেছে।"
R000919,O001331,3,"মোটামুটি পণ্য।"
R000920,O001333,4,"ডেলিভারি সময়মতো হয়েছে।"
R000921,O001334,4,"মান ভালো তবে প্যাকেজিং আরেকটু ভালো হতে পারতো।"
R000922,O001336,5,"Excellent product! Very happy with the purchase."
R000923,O001337,5,"দ্রুত ডেলিভারি মান ভালো।"
R000924,O001339,1,"খুবই খারাপ অভিজ্ঞতা।"
R000925,O001340,3,"Average quality, expected better."
R000926,O001342,4,"Good quality overall."
R000927,O001343,4,"Satisfied with the product."
R000928,O001344,5,"Excellent product, very happy with the purchase."
R000929,O001346,5,"Highly recommend to everyone."
R000930,O001347,2,"ডেলিভারি দেরিতে হয়েছে।"
R000931,O001349,3,"কোনো বিশেষ মন্তব্য নেই।"
R000932,O001350,4,"Decent product for the price."
R000933,O001352,4,"ডেলিভারি সময়মতো হয়েছে।"
R000934,O001353,5,"প্যাকেজিং চমৎকার ছিল।"
R000935,O001355,5,"Excellent product! Very happy with the purchase."
R000936,O001356,2,"পণ্যের মান আশানুরূপ নয়।"
R000937,O001357,3,"Product is okay."
R000938,O001359,4,"মান ভালো তবে প্যাকেজিং আরেকটু ভালো হতে পারতো।"
R000939,O001360,4,"Good quality overall."
R000940,O001362,5,"দ্রুত ডেলিভারি মান ভালো।"
R000941,O001363,5,"Excellent product, very happy with the purchase."
R000942,O001365,2,"Not satisfied with the quality."
R000943,O001366,3,"মোটামুটি পণ্য।"
R000944,O001368,4,"Satisfied with the product."
R000945,O001369,4,"Decent product for the price."
R000946,O001371,5,"Highly recommend to everyone."
R000947,O001372,5,"প্যাকেজিং চমৎকার ছিল।"
R000948,O001373,2,"ডেলিভারি দেরিতে হয়েছে।"
R000949,O001375,3,"Average quality, expected better."
R000950,O001376,4,"ডেলিভারি সময়মতো হয়েছে।"
R000951,O001378,4,"মান ভালো তবে প্যাকেজিং আরেকটু ভালো হতে পারতো।"
R000952,O001379,5,"Excellent product! Very happy with the purchase."
R000953,O001381,1,"Very disappointed."
R000954,O001382,2,"পণ্যের মান আশানুরূপ নয়।"
R000955,O001384,3,"কোনো বিশেষ মন্তব্য নেই।"
R000956,O001385,4,"Good quality overall."
R000957,O001386,4,"Satisfied with the product."
R000958,O001388,5,"দ্রুত ডেলিভারি মান ভালো।"
R000959,O001389,1,"পণ্য ক্ষতিগ্রস্ত অবস্থায় পৌঁছেছে।"
R000960,O001391,3,"Product is okay."
R000961,O001392,3,"মোটামুটি পণ্য।"
R000962,O001394,4,"Decent product for the price."
R000963,O001395,5,"Excellent product, very happy with the purchase."
R000964,O001397,5,"Highly recommend to everyone."
R000965,O001398,1,"খুবই খারাপ অভিজ্ঞতা।"
R000966,O001400,3,"Average quality, expected better."
R000967,O001401,3,"কোনো বিশেষ মন্তব্য নেই।"
R000968,O001402,4,"ডেলিভারি সময়মতো হয়েছে।"
R000969,O001404,5,"প্যাকেজিং চমৎকার ছিল।"
R000970,O001405,5,"Excellent product! Very happy with the purchase."
R000971,O001407,1,"Very disappointed."
R000972,O001408,3,"Product is okay."
R000973,O001410,4,"মান ভালো তবে প্যাকেজিং আরেকটু ভালো হতে পারতো।"
R000974,O001411,4,"Good quality overall."
R000975,O001413,5,"দ্রুত ডেলিভারি মান ভালো।"
R000976,O001414,5,"Excellent product, very happy with the purchase."
R000977,O001415,1,"পণ্য ক্ষতিগ্রস্ত অবস্থায় পৌঁছেছে।"
R000978,O001417,3,"মোটামুটি পণ্য।"
R000979,O001418,4,"Satisfied with the product."
R000980,O001420,4,"Decent product for the price."
R000981,O001421,5,"Highly recommend to everyone."
R000982,O001423,5,"প্যাকেজিং চমৎকার ছিল।"
R000983,O001424,2,"Not satisfied with the quality."
R000984,O001426,3,"Average quality, expected better."
R000985,O001427,4,"ডেলিভারি সময়মতো হয়েছে।"
R000986,O001428,4,"মান ভালো তবে প্যাকেজিং আরেকটু ভালো হতে পারতো।"
R000987,O001430,5,"Excellent product! Very happy with the purchase."
R000988,O001431,5,"দ্রুত ডেলিভারি মান ভালো।"
R000989,O001433,2,"ডেলিভারি দেরিতে হয়েছে।"
R000990,O001434,3,"কোনো বিশেষ মন্তব্য নেই।"
R000991,O001436,4,"Good quality overall."
R000992,O001437,4,"Satisfied with the product."
R000993,O001439,5,"Excellent product, very happy with the purchase."
R000994,O001440,5,"Highly recommend to everyone."
R000995,O001442,2,"পণ্যের মান আশানুরূপ নয়।"
R000996,O001443,3,"Product is okay."
R000997,O001444,4,"Decent product for the price."
R000998,O001446,4,"ডেলিভারি সময়মতো হয়েছে।"
R000999,O001447,5,"প্যাকেজিং চমৎকার ছিল।"
R001000,O001449,1,"খুবই খারাপ অভিজ্ঞতা।"
R001001,O001450,2,"Not satisfied with the quality."
R001002,O001452,3,"মোটামুটি পণ্য।"
R001003,O001453,4,"মান ভালো তবে প্যাকেজিং আরেকটু ভালো হতে পারতো।"
R001004,O001455,4,"Good quality overall."
R001005,O001456,5,"Excellent product! Very happy with the purchase."
R001006,O001457,1,"Very disappointed."
R001007,O001459,2,"ডেলিভারি দেরিতে হয়েছে।"
R001008,O001460,3,"Average quality, expected better."
R001009,O001462,4,"Satisfied with the product."
R001010,O001463,5,"দ্রুত ডেলিভারি মান ভালো।"
R001011,O001465,5,"Excellent product, very happy with the purchase."
R001012,O001466,1,"পণ্য ক্ষতিগ্রস্ত অবস্থায় পৌঁছেছে।"
R001013,O001468,3,"কোনো বিশেষ মন্তব্য নেই।"
R001014,O001469,3,"Product is okay."
R001015,O001471,4,"Decent product for the price."
R001016,O001472,5,"Highly recommend to everyone."
R001017,O001473,5,"প্যাকেজিং চমৎকার ছিল।"
R001018,O001475,1,"খুবই খারাপ অভিজ্ঞতা।"
R001019,O001476,3,"মোটামুটি পণ্য।"
R001020,O001478,4,"ডেলিভারি সময়মতো হয়েছে।"
R001021,O001479,4,"মান ভালো তবে প্যাকেজিং আরেকটু ভালো হতে পারতো।"
R001022,O001481,5,"Excellent product! Very happy with the purchase."
R001023,O001482,5,"দ্রুত ডেলিভারি মান ভালো।"
R001024,O001484,1,"Very disappointed."
R001025,O001485,3,"Average quality, expected better."
R001026,O001486,4,"Good quality overall."
R001027,O001488,4,"Satisfied with the product."
R001028,O001489,5,"Excellent product, very happy with the purchase."
R001029,O001491,5,"Highly recommend to everyone."
R001030,O001492,2,"পণ্যের মান আশানুরূপ নয়।"
R001031,O001494,3,"কোনো বিশেষ মন্তব্য নেই।"
R001032,O001495,4,"Decent product for the price."
R001033,O001497,4,"ডেলিভারি সময়মতো হয়েছে।"
R001034,O001498,5,"প্যাকেজিং চমৎকার ছিল।"
R001035,O001500,5,"Excellent product! Very happy with the purchase."
R001036,O001501,2,"Not satisfied with the quality."
R001037,O001502,3,"Product is okay."
R001038,O001504,4,"মান ভালো তবে প্যাকেজিং আরেকটু ভালো হতে পারতো।"
R001039,O001505,4,"Good quality overall."
R001040,O001507,5,"দ্রুত ডেলিভারি মান ভালো।"
R001041,O001508,5,"Excellent product, very happy with the purchase."
R001042,O001510,2,"ডেলিভারি দেরিতে হয়েছে।"
R001043,O001511,3,"মোটামুটি পণ্য।"
R001044,O001513,4,"Satisfied with the product."
R001045,O001514,4,"Decent product for the price."
R001046,O001515,5,"Highly recommend to everyone."
R001047,O001517,5,"প্যাকেজিং চমৎকার ছিল।"
R001048,O001518,2,"পণ্যের মান আশানুরূপ নয়।"
R001049,O001520,3,"Average quality, expected better."
R001050,O001521,4,"ডেলিভারি সময়মতো হয়েছে।"
R001051,O001523,4,"মান ভালো তবে প্যাকেজিং আরেকটু ভালো হতে পারতো।"
R001052,O001524,5,"Excellent product! Very happy with the purchase."
R001053,O001526,1,"পণ্য ক্ষতিগ্রস্ত অবস্থায় পৌঁছেছে।"
R001054,O001527,2,"Not satisfied with the quality."
R001055,O001528,3,"কোনো বিশেষ মন্তব্য নেই।"
R001056,O001530,4,"Good quality overall."
R001057,O001531,4,"Satisfied with the product."
R001058,O001533,5,"দ্রুত ডেলিভারি মান ভালো।"
R001059,O001534,1,"খুবই খারাপ অভিজ্ঞতা।"
R001060,O001536,3,"Product is okay."
R001061,O001537,3,"মোটামুটি পণ্য।"
R001062,O001539,4,"Decent product for the price."
R001063,O001540,5,"Excellent product, very happy with the purchase."
R001064,O001542,5,"Highly recommend to everyone."
R001065,O001543,1,"Very disappointed."
R001066,O001544,3,"Average quality, expected better."
R001067,O001546,3,"কোনো বিশেষ মন্তব্য নেই।"
R001068,O001547,4,"ডেলিভারি সময়মতো হয়েছে।"
R001069,O001549,5,"প্যাকেজিং চমৎকার ছিল।"
R001070,O001550,5,"Excellent product! Very happy with the purchase."
R001071,O001552,1,"পণ্য ক্ষতিগ্রস্ত অবস্থায় পৌঁছেছে।"
R001072,O001553,3,"Product is okay."
R001073,O001555,4,"মান ভালো তবে প্যাকেজিং আরেকটু ভালো হতে পারতো।"
R001074,O001556,4,"Good quality overall."
R001075,O001557,5,"দ্রুত ডেলিভারি মান ভালো।"
R001076,O001559,5,"Excellent product, very happy with the purchase."
R001077,O001560,1,"খুবই খারাপ অভিজ্ঞতা।"
R001078,O001562,3,"মোটামুটি পণ্য।"
R001079,O001563,4,"Satisfied with the product."
R001080,O001565,4,"Decent product for the price."
R001081,O001566,5,"Highly recommend to everyone."
R001082,O001568,5,"প্যাকেজিং চমৎকার ছিল।"
R001083,O001569,2,"ডেলিভারি দেরিতে হয়েছে।"
R001084,O001571,3,"Average quality, expected better."
R001085,O001572,4,"ডেলিভারি সময়মতো হয়েছে।"
R001086,O001573,4,"মান ভালো তবে প্যাকেজিং আরেকটু ভালো হতে পারতো।"
R001087,O001575,5,"Excellent product! Very happy with the purchase."
R001088,O001576,5,"দ্রুত ডেলিভারি মান ভালো।"
R001089,O001578,2,"পণ্যের মান আশানুরূপ নয়।"
R001090,O001579,3,"কোনো বিশেষ মন্তব্য নেই।"
R001091,O001581,4,"Good quality overall."
R001092,O001582,4,"Satisfied with the product."
R001093,O001584,5,"Excellent product, very happy with the purchase."
R001094,O001585,5,"Highly recommend to everyone."
R001095,O001586,2,"Not satisfied with the quality."
R001096,O001588,3,"Product is okay."
R001097,O001589,4,"Decent product for the price."
R001098,O001591,4,"ডেলিভারি সময়মতো হয়েছে।"
R001099,O001592,5,"প্যাকেজিং চমৎকার ছিল।"
R001100,O001594,1,"Very disappointed."
R001101,O001595,2,"ডেলিভারি দেরিতে হয়েছে।"
R001102,O001597,3,"মোটামুটি পণ্য।"
R001103,O001598,4,"মান ভালো তবে প্যাকেজিং আরেকটু ভালো হতে পারতো।"
R001104,O001600,4,"Good quality overall."
R001105,O001601,5,"Excellent product! Very happy with the purchase."
R001106,O001602,1,"পণ্য ক্ষতিগ্রস্ত অবস্থায় পৌঁছেছে।"
R001107,O001604,2,"পণ্যের মান আশানুরূপ নয়।"
R001108,O001605,3,"Average quality, expected better."
R001109,O001607,4,"Satisfied with the product."
R001110,O001608,5,"দ্রুত ডেলিভারি মান ভালো।"
R001111,O001610,5,"Excellent product, very happy with the purchase."
R001112,O001611,1,"খুবই খারাপ অভিজ্ঞতা।"
R001113,O001613,3,"কোনো বিশেষ মন্তব্য নেই।"
R001114,O001614,3,"Product is okay."
R001115,O001615,4,"Decent product for the price."
R001116,O001617,5,"Highly recommend to everyone."
R001117,O001618,5,"প্যাকেজিং চমৎকার ছিল।"
R001118,O001620,1,"Very disappointed."
R001119,O001621,3,"মোটামুটি পণ্য।"
R001120,O001623,4,"ডেলিভারি সময়মতো হয়েছে।"
R001121,O001624,4,"মান ভালো তবে প্যাকেজিং আরেকটু ভালো হতে পারতো।"
R001122,O001626,5,"Excellent product! Very happy with the purchase."
R001123,O001627,5,"দ্রুত ডেলিভারি মান ভালো।"
R001124,O001628,1,"পণ্য ক্ষতিগ্রস্ত অবস্থায় পৌঁছেছে।"
R001125,O001630,3,"Average quality, expected better."
R001126,O001631,4,"Good quality overall."
R001127,O001633,4,"Satisfied with the product."
R001128,O001634,5,"Excellent product, very happy with the purchase."
R001129,O001636,5,"Highly recommend to everyone."
R001130,O001637,2,"Not satisfied with the quality."
R001131,O001639,3,"কোনো বিশেষ মন্তব্য নেই।"
R001132,O001640,4,"Decent product for the price."
R001133,O001642,4,"ডেলিভারি সময়মতো হয়েছে।"
R001134,O001643,5,"প্যাকেজিং চমৎকার ছিল।"
R001135,O001644,5,"Excellent product! Very happy with the purchase."
R001136,O001646,2,"ডেলিভারি দেরিতে হয়েছে।"
R001137,O001647,3,"Product is okay."
R001138,O001649,4,"মান ভালো তবে প্যাকেজিং আরেকটু ভালো হতে পারতো।"
R001139,O001650,4,"Good quality overall."
R001140,O001652,5,"দ্রুত ডেলিভারি মান ভালো।"
R001141,O001653,5,"Excellent product, very happy with the purchase."
R001142,O001655,2,"পণ্যের মান আশানুরূপ নয়।"
R001143,O001656,3,"মোটামুটি পণ্য।"
R001144,O001657,4,"Satisfied with the product."
R001145,O001659,4,"Decent product for the price."
R001146,O001660,5,"Highly recommend to everyone."
R001147,O001662,5,"প্যাকেজিং চমৎকার ছিল।"
R001148,O001663,2,"Not satisfied with the quality."
R001149,O001665,3,"Average quality, expected better."
R001150,O001666,4,"ডেলিভারি সময়মতো হয়েছে।"
R001151,O001668,4,"মান ভালো তবে প্যাকেজিং আরেকটু ভালো হতে পারতো।"
R001152,O001669,5,"Excellent product! Very happy with the purchase."
R001153,O001671,1,"খুবই খারাপ অভিজ্ঞতা।"
R001154,O001672,2,"ডেলিভারি দেরিতে হয়েছে।"
R001155,O001673,3,"কোনো বিশেষ মন্তব্য নেই।"
R001156,O001675,4,"Good quality overall."
R001157,O001676,4,"Satisfied with the product."
R001158,O001678,5,"দ্রুত ডেলিভারি মান ভালো।"
R001159,O001679,1,"Very disappointed."
R001160,O001681,3,"Product is okay."
R001161,O001682,3,"মোটামুটি পণ্য।"
R001162,O001684,4,"Decent product for the price."
R001163,O001685,5,"Excellent product, very happy with the purchase."
R001164,O001686,5,"Highly recommend to everyone."
R001165,O001688,1,"পণ্য ক্ষতিগ্রস্ত অবস্থায় পৌঁছেছে।"
R001166,O001689,3,"Average quality, expected better."
R001167,O001691,3,"কোনো বিশেষ মন্তব্য নেই।"
R001168,O001692,4,"ডেলিভারি সময়মতো হয়েছে।"
R001169,O001694,5,"প্যাকেজিং চমৎকার ছিল।"
R001170,O001695,5,"Excellent product! Very happy with the purchase."
R001171,O001697,1,"খুবই খারাপ অভিজ্ঞতা।"
R001172,O001698,3,"Product is okay."
R001173,O001700,4,"মান ভালো তবে প্যাকেজিং আরেকটু ভালো হতে পারতো।"
R001174,O001701,4,"Good quality overall."
R001175,O001702,5,"দ্রুত ডেলিভারি মান ভালো।"
R001176,O001704,5,"Excellent product, very happy with the purchase."
R001177,O001705,1,"Very disappointed."
R001178,O001707,3,"মোটামুটি পণ্য।"
R001179,O001708,4,"Satisfied with the product."
R001180,O001710,4,"Decent product for the price."
R001181,O001711,5,"Highly recommend to everyone."
R001182,O001713,5,"প্যাকেজিং চমৎকার ছিল।"
R001183,O001714,2,"পণ্যের মান আশানুরূপ নয়।"
R001184,O001715,3,"Average quality, expected better."
R001185,O001717,4,"ডেলিভারি সময়মতো হয়েছে।"
R001186,O001718,4,"মান ভালো তবে প্যাকেজিং আরেকটু ভালো হতে পারতো।"
R001187,O001720,5,"Excellent product! Very happy with the purchase."
R001188,O001721,5,"দ্রুত ডেলিভারি মান ভালো।"
R001189,O001723,2,"Not satisfied with the quality."
R001190,O001724,3,"কোনো বিশেষ মন্তব্য নেই।"
R001191,O001726,4,"Good quality overall."
R001192,O001727,4,"Satisfied with the product."
R001193,O001728,5,"Excellent product, very happy with the purchase."
R001194,O001730,5,"Highly recommend to everyone."
R001195,O001731,2,"ডেলিভারি দেরিতে হয়েছে।"
R001196,O001733,3,"Product is okay."
R001197,O001734,4,"Decent product for the price."
R001198,O001736,4,"ডেলিভারি সময়মতো হয়েছে।"
R001199,O001737,5,"প্যাকেজিং চমৎকার ছিল।"
R001200,O001739,1,"পণ্য ক্ষতিগ্রস্ত অবস্থায় পৌঁছেছে।"
R001201,O001740,2,"পণ্যের মান আশানুরূপ নয়।"
R001202,O001742,3,"মোটামুটি পণ্য।"
R001203,O001743,4,"মান ভালো তবে প্যাকেজিং আরেকটু ভালো হতে পারতো।"
R001204,O001744,4,"Good quality overall."
R001205,O001746,5,"Excellent product! Very happy with the purchase."
R001206,O001747,1,"খুবই খারাপ অভিজ্ঞতা।"
R001207,O001749,2,"Not satisfied with the quality."
R001208,O001750,3,"Average quality, expected better."
R001209,O001752,4,"Satisfied with the product."
R001210,O001753,5,"দ্রুত ডেলিভারি মান ভালো।"
R001211,O001755,5,"Excellent product, very happy with the purchase."
R001212,O001756,1,"Very disappointed."
R001213,O001757,3,"কোনো বিশেষ মন্তব্য নেই।"
R001214,O001759,3,"Product is okay."
R001215,O001760,4,"Decent product for the price."
R001216,O001762,5,"Highly recommend to everyone."
R001217,O001763,5,"প্যাকেজিং চমৎকার ছিল।"
R001218,O001765,1,"পণ্য ক্ষতিগ্রস্ত অবস্থায় পৌঁছেছে।"
R001219,O001766,3,"মোটামুটি পণ্য।"
R001220,O001768,4,"ডেলিভারি সময়মতো হয়েছে।"
R001221,O001769,4,"মান ভালো তবে প্যাকেজিং আরেকটু ভালো হতে পারতো।"
R001222,O001771,5,"Excellent product! Very happy with the purchase."
R001223,O001772,5,"দ্রুত ডেলিভারি মান ভালো।"
R001224,O001773,1,"খুবই খারাপ অভিজ্ঞতা।"
R001225,O001775,3,"Average quality, expected better."
R001226,O001776,4,"Good quality overall."
R001227,O001778,4,"Satisfied with the product."
R001228,O001779,5,"Excellent product, very happy with the purchase."
R001229,O001781,5,"Highly recommend to everyone."
R001230,O001782,2,"ডেলিভারি দেরিতে হয়েছে।"
R001231,O001784,3,"কোনো বিশেষ মন্তব্য নেই।"
R001232,O001785,4,"Decent product for the price."
R001233,O001786,4,"ডেলিভারি সময়মতো হয়েছে।"
R001234,O001788,5,"প্যাকেজিং চমৎকার ছিল।"
R001235,O001789,5,"Excellent product! Very happy with the purchase."
R001236,O001791,2,"পণ্যের মান আশানুরূপ নয়।"
R001237,O001792,3,"Product is okay."
R001238,O001794,4,"মান ভালো তবে প্যাকেজিং আরেকটু ভালো হতে পারতো।"
R001239,O001795,4,"Good quality overall."
R001240,O001797,5,"দ্রুত ডেলিভারি মান ভালো।"
R001241,O001798,5,"Excellent product, very happy with the purchase."
R001242,O001800,2,"Not satisfied with the quality."
R001243,O001801,3,"মোটামুটি পণ্য।"
R001244,O001802,4,"Satisfied with the product."
R001245,O001804,4,"Decent product for the price."
R001246,O001805,5,"Highly recommend to everyone."
R001247,O001807,5,"প্যাকেজিং চমৎকার ছিল।"
R001248,O001808,2,"ডেলিভারি দেরিতে হয়েছে।"
R001249,O001810,3,"Average quality, expected better."
R001250,O001811,4,"ডেলিভারি সময়মতো হয়েছে।"
R001251,O001813,4,"মান ভালো তবে প্যাকেজিং আরেকটু ভালো হতে পারতো।"
R001252,O001814,5,"Excellent product! Very happy with the purchase."
R001253,O001815,1,"Very disappointed."
R001254,O001817,2,"পণ্যের মান আশানুরূপ নয়।"
R001255,O001818,3,"কোনো বিশেষ মন্তব্য নেই।"
R001256,O001820,4,"Good quality overall."
R001257,O001821,4,"Satisfied with the product."
R001258,O001823,5,"দ্রুত ডেলিভারি মান ভালো।"
R001259,O001824,1,"পণ্য ক্ষতিগ্রস্ত অবস্থায় পৌঁছেছে।"
R001260,O001826,3,"Product is okay."
R001261,O001827,3,"মোটামুটি পণ্য।"
R001262,O001828,4,"Decent product for the price."
R001263,O001830,5,"Excellent product, very happy with the purchase."
R001264,O001831,5,"Highly recommend to everyone."
R001265,O001833,1,"খুবই খারাপ অভিজ্ঞতা।"
R001266,O001834,3,"Average quality, expected better."
R001267,O001836,3,"কোনো বিশেষ মন্তব্য নেই।"
R001268,O001837,4,"ডেলিভারি সময়মতো হয়েছে।"
R001269,O001839,5,"প্যাকেজিং চমৎকার ছিল।"
R001270,O001840,5,"Excellent product! Very happy with the purchase."
R001271,O001842,1,"Very disappointed."
R001272,O001843,3,"Product is okay."
R001273,O001844,4,"মান ভালো তবে প্যাকেজিং আরেকটু ভালো হতে পারতো।"
R001274,O001846,4,"Good quality overall."
R001275,O001847,5,"দ্রুত ডেলিভারি মান ভালো।"
R001276,O001849,5,"Excellent product, very happy with the purchase."
R001277,O001850,1,"পণ্য ক্ষতিগ্রস্ত অবস্থায় পৌঁছেছে।"
R001278,O001852,3,"মোটামুটি পণ্য।"
R001279,O001853,4,"Satisfied with the product."
R001280,O001855,4,"Decent product for the price."
R001281,O001856,5,"Highly recommend to everyone."
R001282,O001857,5,"প্যাকেজিং চমৎকার ছিল।"
R001283,O001859,2,"Not satisfied with the quality."
R001284,O001860,3,"Average quality, expected better."
R001285,O001862,4,"ডেলিভারি সময়মতো হয়েছে।"
R001286,O001863,4,"মান ভালো তবে প্যাকেজিং আরেকটু ভালো হতে পারতো।"
R001287,O001865,5,"Excellent product! Very happy with the purchase."
R001288,O001866,5,"দ্রুত ডেলিভারি মান ভালো।"
R001289,O001868,2,"ডেলিভারি দেরিতে হয়েছে।"
R001290,O001869,3,"কোনো বিশেষ মন্তব্য নেই।"
R001291,O001871,4,"Good quality overall."
R001292,O001872,4,"Satisfied with the product."
R001293,O001873,5,"Excellent product, very happy with the purchase."
R001294,O001875,5,"Highly recommend to everyone."
R001295,O001876,2,"পণ্যের মান আশানুরূপ নয়।"
R001296,O001878,3,"Product is okay."
R001297,O001879,4,"Decent product for the price."
R001298,O001881,4,"ডেলিভারি সময়মতো হয়েছে।"
R001299,O001882,5,"প্যাকেজিং চমৎকার ছিল।"
R001300,O001884,1,"খুবই খারাপ অভিজ্ঞতা।"
R001301,O001885,2,"Not satisfied with the quality."
R001302,O001886,3,"মোটামুটি পণ্য।"
R001303,O001888,4,"মান ভালো তবে প্যাকেজিং আরেকটু ভালো হতে পারতো।"
R001304,O001889,4,"Good quality overall."
R001305,O001891,5,"Excellent product! Very happy with the purchase."
R001306,O001892,1,"Very disappointed."
R001307,O001894,2,"ডেলিভারি দেরিতে হয়েছে।"
R001308,O001895,3,"Average quality, expected better."
R001309,O001897,4,"Satisfied with the product."
R001310,O001898,5,"দ্রুত ডেলিভারি মান ভালো।"
R001311,O001900,5,"Excellent product, very happy with the purchase."
R001312,O001901,1,"পণ্য ক্ষতিগ্রস্ত অবস্থায় পৌঁছেছে।"
R001313,O001902,3,"কোনো বিশেষ মন্তব্য নেই।"
R001314,O001904,3,"Product is okay."
R001315,O001905,4,"Decent product for the price."
R001316,O001907,5,"Highly recommend to everyone."
R001317,O001908,5,"প্যাকেজিং চমৎকার ছিল।"
R001318,O001910,1,"খুবই খারাপ অভিজ্ঞতা।"
R001319,O001911,3,"মোটামুটি পণ্য।"
R001320,O001913,4,"ডেলিভারি সময়মতো হয়েছে।"
R001321,O001914,4,"মান ভালো তবে প্যাকেজিং আরেকটু ভালো হতে পারতো।"
R001322,O001915,5,"Excellent product! Very happy with the purchase."
R001323,O001917,5,"দ্রুত ডেলিভারি মান ভালো।"
R001324,O001918,1,"Very disappointed."
R001325,O001920,3,"Average quality, expected better."
R001326,O001921,4,"Good quality overall."
R001327,O001923,4,"Satisfied with the product."
R001328,O001924,5,"Excellent product, very happy with the purchase."
R001329,O001926,5,"Highly recommend to everyone."
R001330,O001927,2,"পণ্যের মান আশানুরূপ নয়।"
R001331,O001928,3,"কোনো বিশেষ মন্তব্য নেই।"
R001332,O001930,4,"Decent product for the price."
R001333,O001931,4,"ডেলিভারি সময়মতো হয়েছে।"
R001334,O001933,5,"প্যাকেজিং চমৎকার ছিল।"
R001335,O001934,5,"Excellent product! Very happy with the purchase."
R001336,O001936,2,"Not satisfied with the quality."
R001337,O001937,3,"Product is okay."
R001338,O001939,4,"মান ভালো তবে প্যাকেজিং আরেকটু ভালো হতে পারতো।"
R001339,O001940,4,"Good quality overall."
R001340,O001942,5,"দ্রুত ডেলিভারি মান ভালো।"
R001341,O001943,5,"Excellent product, very happy with the purchase."
R001342,O001944,2,"ডেলিভারি দেরিতে হয়েছে।"
R001343,O001946,3,"মোটামুটি পণ্য।"
R001344,O001947,4,"Satisfied with the product."
R001345,O001949,4,"Decent product for the price."
R001346,O001950,5,"Highly recommend to everyone."
R001347,O001952,5,"প্যাকেজিং চমৎকার ছিল।"
R001348,O001953,2,"পণ্যের মান আশানুরূপ নয়।"
R001349,O001955,3,"Average quality, expected better."
R001350,O001956,4,"ডেলিভারি সময়মতো হয়েছে।"
R001351,O001957,4,"মান ভালো তবে প্যাকেজিং আরেকটু ভালো হতে পারতো।"
R001352,O001959,5,"Excellent product! Very happy with the purchase."
R001353,O001960,1,"পণ্য ক্ষতিগ্রস্ত অবস্থায় পৌঁছেছে।"
R001354,O001962,2,"Not satisfied with the quality."
R001355,O001963,3,"কোনো বিশেষ মন্তব্য নেই।"
R001356,O001965,4,"Good quality overall."
R001357,O001966,4,"Satisfied with the product."
R001358,O001968,5,"দ্রুত ডেলিভারি মান ভালো।"
R001359,O001969,1,"খুবই খারাপ অভিজ্ঞতা।"
R001360,O001971,3,"Product is okay."
R001361,O001972,3,"মোটামুটি পণ্য।"
R001362,O001973,4,"Decent product for the price."
R001363,O001975,5,"Excellent product, very happy with the purchase."
R001364,O001976,5,"Highly recommend to everyone."
R001365,O001978,1,"Very disappointed."
R001366,O001979,3,"Average quality, expected better."
R001367,O001981,3,"কোনো বিশেষ মন্তব্য নেই।"
R001368,O001982,4,"ডেলিভারি সময়মতো হয়েছে।"
R001369,O001984,5,"প্যাকেজিং চমৎকার ছিল।"
R001370,O001985,5,"Excellent product! Very happy with the purchase."
R001371,O001986,1,"পণ্য ক্ষতিগ্রস্ত অবস্থায় পৌঁছেছে।"
R001372,O001988,3,"Product is okay."
R001373,O001989,4,"মান ভালো তবে প্যাকেজিং আরেকটু ভালো হতে পারতো।"
R001374,O001991,4,"Good quality overall."
R001375,O001992,5,"দ্রুত ডেলিভারি মান ভালো।"
R001376,O001994,5,"Excellent product, very happy with the purchase."
R001377,O001995,1,"খুবই খারাপ অভিজ্ঞতা।"
R001378,O001997,3,"মোটামুটি পণ্য।"
R001379,O001998,4,"Satisfied with the product."
R001380,O002000,4,"Decent product for the price."
R001381,O002001,5,"Highly recommend to everyone."
R001382,O002002,5,"প্যাকেজিং চমৎকার ছিল।"
R001383,O002004,2,"ডেলিভারি দেরিতে হয়েছে।"
R001384,O002005,3,"Average quality, expected better."
R001385,O002007,4,"ডেলিভারি সময়মতো হয়েছে।"
R001386,O002008,4,"মান ভালো তবে প্যাকেজিং আরেকটু ভালো হতে পারতো।"
R001387,O002010,5,"Excellent product! Very happy with the purchase."
R001388,O002011,5,"দ্রুত ডেলিভারি মান ভালো।"
R001389,O002013,2,"পণ্যের মান আশানুরূপ নয়।"
R001390,O002014,3,"কোনো বিশেষ মন্তব্য নেই।"
R001391,O002015,4,"Good quality overall."
R001392,O002017,4,"Satisfied with the product."
R001393,O002018,5,"Excellent product, very happy with the purchase."
R001394,O002020,5,"Highly recommend to everyone."
R001395,O002021,2,"Not satisfied with the quality."
R001396,O002023,3,"Product is okay."
R001397,O002024,4,"Decent product for the price."
R001398,O002026,4,"ডেলিভারি সময়মতো হয়েছে।"
R001399,O002027,5,"প্যাকেজিং চমৎকার ছিল।"
R001400,O002028,1,"Very disappointed."
R001401,O002030,2,"ডেলিভারি দেরিতে হয়েছে।"
R001402,O002031,3,"মোটামুটি পণ্য।"
R001403,O002033,4,"মান ভালো তবে প্যাকেজিং আরেকটু ভালো হতে পারতো।"
R001404,O002034,4,"Good quality overall."
R001405,O002036,5,"Excellent product! Very happy with the purchase."
R001406,O002037,1,"পণ্য ক্ষতিগ্রস্ত অবস্থায় পৌঁছেছে।"
R001407,O002039,2,"পণ্যের মান আশানুরূপ নয়।"
R001408,O002040,3,"Average quality, expected better."
R001409,O002042,4,"Satisfied with the product."
R001410,O002043,5,"দ্রুত ডেলিভারি মান ভালো।"
R001411,O002044,5,"Excellent product, very happy with the purchase."
R001412,O002046,1,"খুবই খারাপ অভিজ্ঞতা।"
R001413,O002047,3,"কোনো বিশেষ মন্তব্য নেই।"
R001414,O002049,3,"Product is okay."
R001415,O002050,4,"Decent product for the price."
R001416,O002052,5,"Highly recommend to everyone."
R001417,O002053,5,"প্যাকেজিং চমৎকার ছিল।"
R001418,O002055,1,"Very disappointed."
R001419,O002056,3,"মোটামুটি পণ্য।"
R001420,O002057,4,"ডেলিভারি সময়মতো হয়েছে।"
R001421,O002059,4,"মান ভালো তবে প্যাকেজিং আরেকটু ভালো হতে পারতো।"
R001422,O002060,5,"Excellent product! Very happy with the purchase."
R001423,O002062,5,"দ্রুত ডেলিভারি মান ভালো।"
R001424,O002063,1,"পণ্য ক্ষতিগ্রস্ত অবস্থায় পৌঁছেছে।"
R001425,O002065,3,"Average quality, expected better."
R001426,O002066,4,"Good quality overall."
R001427,O002068,4,"Satisfied with the product."
R001428,O002069,5,"Excellent product, very happy with the purchase."
R001429,O002071,5,"Highly recommend to everyone."
R001430,O002072,2,"Not satisfied with the quality."
R001431,O002073,3,"কোনো বিশেষ মন্তব্য নেই।"
R001432,O002075,4,"Decent product for the price."
R001433,O002076,4,"ডেলিভারি সময়মতো হয়েছে।"
R001434,O002078,5,"প্যাকেজিং চমৎকার ছিল।"
R001435,O002079,5,"Excellent product! Very happy with the purchase."
R001436,O002081,2,"ডেলিভারি দেরিতে হয়েছে।"
R001437,O002082,3,"Product is okay."
R001438,O002084,4,"মান ভালো তবে প্যাকেজিং আরেকটু ভালো হতে পারতো।"
R001439,O002085,4,"Good quality overall."
R001440,O002086,5,"দ্রুত ডেলিভারি মান ভালো।"
R001441,O002088,5,"Excellent product, very happy with the purchase."
R001442,O002089,2,"পণ্যের মান আশানুরূপ নয়।"
R001443,O002091,3,"মোটামুটি পণ্য।"
R001444,O002092,4,"Satisfied with the product."
R001445,O002094,4,"Decent product for the price."
R001446,O002095,5,"Highly recommend to everyone."
R001447,O002097,5,"প্যাকেজিং চমৎকার ছিল।"
R001448,O002098,2,"Not satisfied with the quality."
R001449,O002100,3,"Average quality, expected better."
R001450,O002101,4,"ডেলিভারি সময়মতো হয়েছে।"
R001451,O002102,4,"মান ভালো তবে প্যাকেজিং আরেকটু ভালো হতে পারতো।"
R001452,O002104,5,"Excellent product! Very happy with the purchase."
R001453,O002105,1,"খুবই খারাপ অভিজ্ঞতা।"
R001454,O002107,2,"ডেলিভারি দেরিতে হয়েছে।"
R001455,O002108,3,"কোনো বিশেষ মন্তব্য নেই।"
R001456,O002110,4,"Good quality overall."
R001457,O002111,4,"Satisfied with the product."
R001458,O002113,5,"দ্রুত ডেলিভারি মান ভালো।"
R001459,O002114,1,"Very disappointed."
R001460,O002115,3,"Product is okay."
R001461,O002117,3,"মোটামুটি পণ্য।"
R001462,O002118,4,"Decent product for the price."
R001463,O002120,5,"Excellent product, very happy with the purchase."
R001464,O002121,5,"Highly recommend to everyone."
R001465,O002123,1,"পণ্য ক্ষতিগ্রস্ত অবস্থায় পৌঁছেছে।"
R001466,O002124,3,"Average quality, expected better."
R001467,O002126,3,"কোনো বিশেষ মন্তব্য নেই।"
R001468,O002127,4,"ডেলিভারি সময়মতো হয়েছে।"
R001469,O002128,5,"প্যাকেজিং চমৎকার ছিল।"
R001470,O002130,5,"Excellent product! Very happy with the purchase."
R001471,O002131,1,"খুবই খারাপ অভিজ্ঞতা।"
R001472,O002133,3,"Product is okay."
R001473,O002134,4,"মান ভালো তবে প্যাকেজিং আরেকটু ভালো হতে পারতো।"
R001474,O002136,4,"Good quality overall."
R001475,O002137,5,"দ্রুত ডেলিভারি মান ভালো।"
R001476,O002139,5,"Excellent product, very happy with the purchase."
R001477,O002140,1,"Very disappointed."
R001478,O002142,3,"মোটামুটি পণ্য।"
R001479,O002143,4,"Satisfied with the product."
R001480,O002144,4,"Decent product for the price."
R001481,O002146,5,"Highly recommend to everyone."
R001482,O002147,5,"প্যাকেজিং চমৎকার ছিল।"
R001483,O002149,2,"পণ্যের মান আশানুরূপ নয়।"
R001484,O002150,3,"Average quality, expected better."
R001485,O002152,4,"ডেলিভারি সময়মতো হয়েছে।"
R001486,O002153,4,"মান ভালো তবে প্যাকেজিং আরেকটু ভালো হতে পারতো।"
R001487,O002155,5,"Excellent product! Very happy with the purchase."
R001488,O002156,5,"দ্রুত ডেলিভারি মান ভালো।"
R001489,O002157,2,"Not satisfied with the quality."
R001490,O002159,3,"কোনো বিশেষ মন্তব্য নেই।"
R001491,O002160,4,"Good quality overall."
R001492,O002162,4,"Satisfied with the product."
R001493,O002163,5,"Excellent product, very happy with the purchase."
R001494,O002165,5,"Highly recommend to everyone."
R001495,O002166,2,"ডেলিভারি দেরিতে হয়েছে।"
R001496,O002168,3,"Product is okay."
R001497,O002169,4,"Decent product for the price."
R001498,O002171,4,"ডেলিভারি সময়মতো হয়েছে।"
R001499,O002172,5,"প্যাকেজিং চমৎকার ছিল।"
R001500,O002173,1,"পণ্য ক্ষতিগ্রস্ত অবস্থায় পৌঁছেছে।"
R001501,O002175,2,"পণ্যের মান আশানুরূপ নয়।"
R001502,O002176,3,"মোটামুটি পণ্য।"
R001503,O002178,4,"মান ভালো তবে প্যাকেজিং আরেকটু ভালো হতে পারতো।"
R001504,O002179,4,"Good quality overall."
R001505,O002181,5,"Excellent product! Very happy with the purchase."
R001506,O002182,1,"খুবই খারাপ অভিজ্ঞতা।"
R001507,O002184,2,"Not satisfied with the quality."
R001508,O002185,3,"Average quality, expected better."
R001509,O002186,4,"Satisfied with the product."
R001510,O002188,5,"দ্রুত ডেলিভারি মান ভালো।"
R001511,O002189,5,"Excellent product, very happy with the purchase."
R001512,O002191,1,"Very disappointed."
R001513,O002192,3,"কোনো বিশেষ মন্তব্য নেই।"
R001514,O002194,3,"Product is okay."
R001515,O002195,4,"Decent product for the price."
R001516,O002197,5,"Highly recommend to everyone."
R001517,O002198,5,"প্যাকেজিং চমৎকার ছিল।"
R001518,O002200,1,"পণ্য ক্ষতিগ্রস্ত অবস্থায় পৌঁছেছে।"
R001519,O002201,3,"মোটামুটি পণ্য।"
R001520,O002202,4,"ডেলিভারি সময়মতো হয়েছে।"
R001521,O002204,4,"মান ভালো তবে প্যাকেজিং আরেকটু ভালো হতে পারতো।"
R001522,O002205,5,"Excellent product! Very happy with the purchase."
R001523,O002207,5,"দ্রুত ডেলিভারি মান ভালো।"
R001524,O002208,1,"খুবই খারাপ অভিজ্ঞতা।"
R001525,O002210,3,"Average quality, expected better."
R001526,O002211,4,"Good quality overall."
R001527,O002213,4,"Satisfied with the product."
R001528,O002214,5,"Excellent product, very happy with the purchase."
R001529,O002215,5,"Highly recommend to everyone."
R001530,O002217,2,"ডেলিভারি দেরিতে হয়েছে।"
R001531,O002218,3,"কোনো বিশেষ মন্তব্য নেই।"
R001532,O002220,4,"Decent product for the price."
R001533,O002221,4,"ডেলিভারি সময়মতো হয়েছে।"
R001534,O002223,5,"প্যাকেজিং চমৎকার ছিল।"
R001535,O002224,5,"Excellent product! Very happy with the purchase."
R001536,O002226,2,"পণ্যের মান আশানুরূপ নয়।"
R001537,O002227,3,"Product is okay."
R001538,O002228,4,"মান ভালো তবে প্যাকেজিং আরেকটু ভালো হতে পারতো।"
R001539,O002230,4,"Good quality overall."
R001540,O002231,5,"দ্রুত ডেলিভারি মান ভালো।"
R001541,O002233,5,"Excellent product, very happy with the purchase."
R001542,O002234,2,"Not satisfied with the quality."
R001543,O002236,3,"মোটামুটি পণ্য।"
R001544,O002237,4,"Satisfied with the product."
R001545,O002239,4,"Decent product for the price."
R001546,O002240,5,"Highly recommend to everyone."
R001547,O002242,5,"প্যাকেজিং চমৎকার ছিল।"
R001548,O002243,2,"ডেলিভারি দেরিতে হয়েছে।"
R001549,O002244,3,"Average quality, expected better."
R001550,O002246,4,"ডেলিভারি সময়মতো হয়েছে।"
R001551,O002247,4,"মান ভালো তবে প্যাকেজিং আরেকটু ভালো হতে পারতো।"
R001552,O002249,5,"Excellent product! Very happy with the purchase."
R001553,O002250,1,"Very disappointed."
R001554,O002252,2,"পণ্যের মান আশানুরূপ নয়।"
R001555,O002253,3,"কোনো বিশেষ মন্তব্য নেই।"
R001556,O002255,4,"Good quality overall."
R001557,O002256,4,"Satisfied with the product."
R001558,O002257,5,"দ্রুত ডেলিভারি মান ভালো।"
R001559,O002259,1,"পণ্য ক্ষতিগ্রস্ত অবস্থায় পৌঁছেছে।"
R001560,O002260,3,"Product is okay."
R001561,O002262,3,"মোটামুটি পণ্য।"
R001562,O002263,4,"Decent product for the price."
R001563,O002265,5,"Excellent product, very happy with the purchase."
R001564,O002266,5,"Highly recommend to everyone."
R001565,O002268,1,"খুবই খারাপ অভিজ্ঞতা।"
R001566,O002269,3,"Average quality, expected better."
R001567,O002271,3,"কোনো বিশেষ মন্তব্য নেই।"
R001568,O002272,4,"ডেলিভারি সময়মতো হয়েছে।"
R001569,O002273,5,"প্যাকেজিং চমৎকার ছিল।"
R001570,O002275,5,"Excellent product! Very happy with the purchase."
R001571,O002276,1,"Very disappointed."
R001572,O002278,3,"Product is okay."
R001573,O002279,4,"মান ভালো তবে প্যাকেজিং আরেকটু ভালো হতে পারতো।"
R001574,O002281,4,"Good quality overall."
R001575,O002282,5,"দ্রুত ডেলিভারি মান ভালো।"
R001576,O002284,5,"Excellent product, very happy with the purchase."
R001577,O002285,1,"পণ্য ক্ষতিগ্রস্ত অবস্থায় পৌঁছেছে।"
R001578,O002286,3,"মোটামুটি পণ্য।"
R001579,O002288,4,"Satisfied with the product."
R001580,O002289,4,"Decent product for the price."
R001581,O002291,5,"Highly recommend to everyone."
R001582,O002292,5,"প্যাকেজিং চমৎকার ছিল।"
R001583,O002294,2,"Not satisfied with the quality."
R001584,O002295,3,"Average quality, expected better."
R001585,O002297,4,"ডেলিভারি সময়মতো হয়েছে।"
R001586,O002298,4,"মান ভালো তবে প্যাকেজিং আরেকটু ভালো হতে পারতো।"
R001587,O002300,5,"Excellent product! Very happy with the purchase."
R001588,O002301,5,"দ্রুত ডেলিভারি মান ভালো।"
R001589,O002302,2,"ডেলিভারি দেরিতে হয়েছে।"
R001590,O002304,3,"কোনো বিশেষ মন্তব্য নেই।"
R001591,O002305,4,"Good quality overall."
R001592,O002307,4,"Satisfied with the product."
R001593,O002308,5,"Excellent product, very happy with the purchase."
R001594,O002310,5,"Highly recommend to everyone."
R001595,O002311,2,"পণ্যের মান আশানুরূপ নয়।"
R001596,O002313,3,"Product is okay."
R001597,O002314,4,"Decent product for the price."
R001598,O002315,4,"ডেলিভারি সময়মতো হয়েছে।"
R001599,O002317,5,"প্যাকেজিং চমৎকার ছিল।"
R001600,O002318,1,"খুবই খারাপ অভিজ্ঞতা।"
R001601,O002320,2,"Not satisfied with the quality."
R001602,O002321,3,"মোটামুটি পণ্য।"
R001603,O002323,4,"মান ভালো তবে প্যাকেজিং আরেকটু ভালো হতে পারতো।"
R001604,O002324,4,"Good quality overall."
R001605,O002326,5,"Excellent product! Very happy with the purchase."
R001606,O002327,1,"Very disappointed."
R001607,O002328,2,"ডেলিভারি দেরিতে হয়েছে।"
R001608,O002330,3,"Average quality, expected better."
R001609,O002331,4,"Satisfied with the product."
R001610,O002333,5,"দ্রুত ডেলিভারি মান ভালো।"
R001611,O002334,5,"Excellent product, very happy with the purchase."
R001612,O002336,1,"পণ্য ক্ষতিগ্রস্ত অবস্থায় পৌঁছেছে।"
R001613,O002337,3,"কোনো বিশেষ মন্তব্য নেই।"
R001614,O002339,3,"Product is okay."
R001615,O002340,4,"Decent product for the price."
R001616,O002342,5,"Highly recommend to everyone."
R001617,O002343,5,"প্যাকেজিং চমৎকার ছিল।"
R001618,O002344,1,"খুবই খারাপ অভিজ্ঞতা।"
R001619,O002346,3,"মোটামুটি পণ্য।"
R001620,O002347,4,"ডেলিভারি সময়মতো হয়েছে।"
R001621,O002349,4,"মান ভালো তবে প্যাকেজিং আরেকটু ভালো হতে পারতো।"
R001622,O002350,5,"Excellent product! Very happy with the purchase."
R001623,O002352,5,"দ্রুত ডেলিভারি মান ভালো।"
R001624,O002353,1,"Very disappointed."
R001625,O002355,3,"Average quality, expected better."
R001626,O002356,4,"Good quality overall."
R001627,O002357,4,"Satisfied with the product."
R001628,O002359,5,"Excellent product, very happy with the purchase."
R001629,O002360,5,"Highly recommend to everyone."
R001630,O002362,2,"পণ্যের মান আশানুরূপ নয়।"
R001631,O002363,3,"কোনো বিশেষ মন্তব্য নেই।"
R001632,O002365,4,"Decent product for the price."
R001633,O002366,4,"ডেলিভারি সময়মতো হয়েছে।"
R001634,O002368,5,"প্যাকেজিং চমৎকার ছিল।"
R001635,O002369,5,"Excellent product! Very happy with the purchase."
R001636,O002371,2,"Not satisfied with the quality."
R001637,O002372,3,"Product is okay."
R001638,O002373,4,"মান ভালো তবে প্যাকেজিং আরেকটু ভালো হতে পারতো।"
R001639,O002375,4,"Good quality overall."
R001640,O002376,5,"দ্রুত ডেলিভারি মান ভালো।"
R001641,O002378,5,"Excellent product, very happy with the purchase."
R001642,O002379,2,"ডেলিভারি দেরিতে হয়েছে।"
R001643,O002381,3,"মোটামুটি পণ্য।"
R001644,O002382,4,"Satisfied with the product."
R001645,O002384,4,"Decent product for the price."
R001646,O002385,5,"Highly recommend to everyone."
R001647,O002386,5,"প্যাকেজিং চমৎকার ছিল।"
R001648,O002388,2,"পণ্যের মান আশানুরূপ নয়।"
R001649,O002389,3,"Average quality, expected better."
R001650,O002391,4,"ডেলিভারি সময়মতো হয়েছে।"
R001651,O002392,4,"মান ভালো তবে প্যাকেজিং আরেকটু ভালো হতে পারতো।"
R001652,O002394,5,"Excellent product! Very happy with the purchase."
R001653,O002395,1,"পণ্য ক্ষতিগ্রস্ত অবস্থায় পৌঁছেছে।"
R001654,O002397,2,"Not satisfied with the quality."
R001655,O002398,3,"কোনো বিশেষ মন্তব্য নেই।"
R001656,O002400,4,"Good quality overall."
R001657,O002401,4,"Satisfied with the product."
R001658,O002402,5,"দ্রুত ডেলিভারি মান ভালো।"
R001659,O002404,1,"খুবই খারাপ অভিজ্ঞতা।"
R001660,O002405,3,"Product is okay."
R001661,O002407,3,"মোটামুটি পণ্য।"
R001662,O002408,4,"Decent product for the price."
R001663,O002410,5,"Excellent product, very happy with the purchase."
R001664,O002411,5,"Highly recommend to everyone."
R001665,O002413,1,"Very disappointed."
R001666,O002414,3,"Average quality, expected better."
R001667,O002415,3,"কোনো বিশেষ মন্তব্য নেই।"
R001668,O002417,4,"ডেলিভারি সময়মতো হয়েছে।"
R001669,O002418,5,"প্যাকেজিং চমৎকার ছিল।"
R001670,O002420,5,"Excellent product! Very happy with the purchase."
R001671,O002421,1,"পণ্য ক্ষতিগ্রস্ত অবস্থায় পৌঁছেছে।"
R001672,O002423,3,"Product is okay."
R001673,O002424,4,"মান ভালো তবে প্যাকেজিং আরেকটু ভালো হতে পারতো।"
R001674,O002426,4,"Good quality overall."
R001675,O002427,5,"দ্রুত ডেলিভারি মান ভালো।"
R001676,O002428,5,"Excellent product, very happy with the purchase."
R001677,O002430,1,"খুবই খারাপ অভিজ্ঞতা।"
R001678,O002431,3,"মোটামুটি পণ্য।"
R001679,O002433,4,"Satisfied with the product."
R001680,O002434,4,"Decent product for the price."
R001681,O002436,5,"Highly recommend to everyone."
R001682,O002437,5,"প্যাকেজিং চমৎকার ছিল।"
R001683,O002439,2,"ডেলিভারি দেরিতে হয়েছে।"
R001684,O002440,3,"Average quality, expected better."
R001685,O002442,4,"ডেলিভারি সময়মতো হয়েছে।"
R001686,O002443,4,"মান ভালো তবে প্যাকেজিং আরেকটু ভালো হতে পারতো।"
R001687,O002444,5,"Excellent product! Very happy with the purchase."
R001688,O002446,5,"দ্রুত ডেলিভারি মান ভালো।"
R001689,O002447,2,"পণ্যের মান আশানুরূপ নয়।"
R001690,O002449,3,"কোনো বিশেষ মন্তব্য নেই।"
R001691,O002450,4,"Good quality overall."
R001692,O002452,4,"Satisfied with the product."
R001693,O002453,5,"Excellent product, very happy with the purchase."
R001694,O002455,5,"Highly recommend to everyone."
R001695,O002456,2,"Not satisfied with the quality."
R001696,O002457,3,"Product is okay."
R001697,O002459,4,"Decent product for the price."
R001698,O002460,4,"ডেলিভারি সময়মতো হয়েছে।"
R001699,O002462,5,"প্যাকেজিং চমৎকার ছিল।"
R001700,O002463,1,"Very disappointed."
R001701,O002465,2,"ডেলিভারি দেরিতে হয়েছে।"
R001702,O002466,3,"মোটামুটি পণ্য।"
R001703,O002468,4,"মান ভালো তবে প্যাকেজিং আরেকটু ভালো হতে পারতো।"
R001704,O002469,4,"Good quality overall."
R001705,O002471,5,"Excellent product! Very happy with the purchase."
R001706,O002472,1,"পণ্য ক্ষতিগ্রস্ত অবস্থায় পৌঁছেছে।"
R001707,O002473,2,"পণ্যের মান আশানুরূপ নয়।"
R001708,O002475,3,"Average quality, expected better."
R001709,O002476,4,"Satisfied with the product."
R001710,O002478,5,"দ্রুত ডেলিভারি মান ভালো।"
R001711,O002479,5,"Excellent product, very happy with the purchase."
R001712,O002481,1,"খুবই খারাপ অভিজ্ঞতা।"
R001713,O002482,3,"কোনো বিশেষ মন্তব্য নেই।"
R001714,O002484,3,"Product is okay."
R001715,O002485,4,"Decent product for the price."
R001716,O002486,5,"Highly recommend to everyone."
R001717,O002488,5,"প্যাকেজিং চমৎকার ছিল।"
R001718,O002489,1,"Very disappointed."
R001719,O002491,3,"মোটামুটি পণ্য।"
R001720,O002492,4,"ডেলিভারি সময়মতো হয়েছে।"
R001721,O002494,4,"মান ভালো তবে প্যাকেজিং আরেকটু ভালো হতে পারতো।"
R001722,O002495,5,"Excellent product! Very happy with the purchase."
R001723,O002497,5,"দ্রুত ডেলিভারি মান ভালো।"
R001724,O002498,1,"পণ্য ক্ষতিগ্রস্ত অবস্থায় পৌঁছেছে।"
R001725,O002500,3,"Average quality, expected better."
R001726,O002501,4,"Good quality overall."
R001727,O002502,4,"Satisfied with the product."
R001728,O002504,5,"Excellent product, very happy with the purchase."
R001729,O002505,5,"Highly recommend to everyone."
R001730,O002507,2,"Not satisfied with the quality."
R001731,O002508,3,"কোনো বিশেষ মন্তব্য নেই।"
R001732,O002510,4,"Decent product for the price."
R001733,O002511,4,"ডেলিভারি সময়মতো হয়েছে।"
R001734,O002513,5,"প্যাকেজিং চমৎকার ছিল।"
R001735,O002514,5,"Excellent product! Very happy with the purchase."
R001736,O002515,2,"ডেলিভারি দেরিতে হয়েছে।"
R001737,O002517,3,"Product is okay."
R001738,O002518,4,"মান ভালো তবে প্যাকেজিং আরেকটু ভালো হতে পারতো।"
R001739,O002520,4,"Good quality overall."
R001740,O002521,5,"দ্রুত ডেলিভারি মান ভালো।"
R001741,O002523,5,"Excellent product, very happy with the purchase."
R001742,O002524,2,"পণ্যের মান আশানুরূপ নয়।"
R001743,O002526,3,"মোটামুটি পণ্য।"
R001744,O002527,4,"Satisfied with the product."
R001745,O002528,4,"Decent product for the price."
R001746,O002530,5,"Highly recommend to everyone."
R001747,O002531,5,"প্যাকেজিং চমৎকার ছিল।"
R001748,O002533,2,"Not satisfied with the quality."
R001749,O002534,3,"Average quality, expected better."
R001750,O002536,4,"ডেলিভারি সময়মতো হয়েছে।"
R001751,O002537,4,"মান ভালো তবে প্যাকেজিং আরেকটু ভালো হতে পারতো।"
R001752,O002539,5,"Excellent product! Very happy with the purchase."
R001753,O002540,1,"খুবই খারাপ অভিজ্ঞতা।"
R001754,O002542,2,"ডেলিভারি দেরিতে হয়েছে।"
R001755,O002543,3,"কোনো বিশেষ মন্তব্য নেই।"
R001756,O002544,4,"Good quality overall."
R001757,O002546,4,"Satisfied with the product."
R001758,O002547,5,"দ্রুত ডেলিভারি মান ভালো।"
R001759,O002549,1,"Very disappointed."
R001760,O002550,3,"Product is okay."
R001761,O002552,3,"মোটামুটি পণ্য।"
R001762,O002553,4,"Decent product for the price."
R001763,O002555,5,"Excellent product, very happy with the purchase."
R001764,O002556,5,"Highly recommend to everyone."
R001765,O002557,1,"পণ্য ক্ষতিগ্রস্ত অবস্থায় পৌঁছেছে।"
R001766,O002559,3,"Average quality, expected better."
R001767,O002560,3,"কোনো বিশেষ মন্তব্য নেই।"
R001768,O002562,4,"ডেলিভারি সময়মতো হয়েছে।"
R001769,O002563,5,"প্যাকেজিং চমৎকার ছিল।"
R001770,O002565,5,"Excellent product! Very happy with the purchase."
R001771,O002566,1,"খুবই খারাপ অভিজ্ঞতা।"
R001772,O002568,3,"Product is okay."
R001773,O002569,4,"মান ভালো তবে প্যাকেজিং আরেকটু ভালো হতে পারতো।"
R001774,O002571,4,"Good quality overall."
R001775,O002572,5,"দ্রুত ডেলিভারি মান ভালো।"
R001776,O002573,5,"Excellent product, very happy with the purchase."
R001777,O002575,1,"Very disappointed."
R001778,O002576,3,"মোটামুটি পণ্য।"
R001779,O002578,4,"Satisfied with the product."
R001780,O002579,4,"Decent product for the price."
R001781,O002581,5,"Highly recommend to everyone."
R001782,O002582,5,"প্যাকেজিং চমৎকার ছিল।"
R001783,O002584,2,"পণ্যের মান আশানুরূপ নয়।"
R001784,O002585,3,"Average quality, expected better."
R001785,O002586,4,"ডেলিভারি সময়মতো হয়েছে।"
R001786,O002588,4,"মান ভালো তবে প্যাকেজিং আরেকটু ভালো হতে পারতো।"
R001787,O002589,5,"Excellent product! Very happy with the purchase."
R001788,O002591,5,"দ্রুত ডেলিভারি মান ভালো।"
R001789,O002592,2,"Not satisfied with the quality."
R001790,O002594,3,"কোনো বিশেষ মন্তব্য নেই।"
R001791,O002595,4,"Good quality overall."
R001792,O002597,4,"Satisfied with the product."
R001793,O002598,5,"Excellent product, very happy with the purchase."
R001794,O002600,5,"Highly recommend to everyone."
R001795,O002601,2,"ডেলিভারি দেরিতে হয়েছে।"
R001796,O002602,3,"Product is okay."
R001797,O002604,4,"Decent product for the price."
R001798,O002605,4,"ডেলিভারি সময়মতো হয়েছে।"
R001799,O002607,5,"প্যাকেজিং চমৎকার ছিল।"
R001800,O002608,1,"পণ্য ক্ষতিগ্রস্ত অবস্থায় পৌঁছেছে।"
R001801,O002610,2,"পণ্যের মান আশানুরূপ নয়।"
R001802,O002611,3,"মোটামুটি পণ্য।"
R001803,O002613,4,"মান ভালো তবে প্যাকেজিং আরেকটু ভালো হতে পারতো।"
R001804,O002614,4,"Good quality overall."
R001805,O002615,5,"Excellent product! Very happy with the purchase."
R001806,O002617,1,"খুবই খারাপ অভিজ্ঞতা।"
R001807,O002618,2,"Not satisfied with the quality."
R001808,O002620,3,"Average quality, expected better."
R001809,O002621,4,"Satisfied with the product."
R001810,O002623,5,"দ্রুত ডেলিভারি মান ভালো।"
R001811,O002624,5,"Excellent product, very happy with the purchase."
R001812,O002626,1,"Very disappointed."
R001813,O002627,3,"কোনো বিশেষ মন্তব্য নেই।"
R001814,O002628,3,"Product is okay."
R001815,O002630,4,"Decent product for the price."
R001816,O002631,5,"Highly recommend to everyone."
R001817,O002633,5,"প্যাকেজিং চমৎকার ছিল।"
R001818,O002634,1,"পণ্য ক্ষতিগ্রস্ত অবস্থায় পৌঁছেছে।"
R001819,O002636,3,"মোটামুটি পণ্য।"
R001820,O002637,4,"ডেলিভারি সময়মতো হয়েছে।"
R001821,O002639,4,"মান ভালো তবে প্যাকেজিং আরেকটু ভালো হতে পারতো।"
R001822,O002640,5,"Excellent product! Very happy with the purchase."
R001823,O002642,5,"দ্রুত ডেলিভারি মান ভালো।"
R001824,O002643,1,"খুবই খারাপ অভিজ্ঞতা।"
R001825,O002644,3,"Average quality, expected better."
R001826,O002646,4,"Good quality overall."
R001827,O002647,4,"Satisfied with the product."
R001828,O002649,5,"Excellent product, very happy with the purchase."
R001829,O002650,5,"Highly recommend to everyone."
R001830,O002652,2,"ডেলিভারি দেরিতে হয়েছে।"
R001831,O002653,3,"কোনো বিশেষ মন্তব্য নেই।"
R001832,O002655,4,"Decent product for the price."
R001833,O002656,4,"ডেলিভারি সময়মতো হয়েছে।"
R001834,O002657,5,"প্যাকেজিং চমৎকার ছিল।"
R001835,O002659,5,"Excellent product! Very happy with the purchase."
R001836,O002660,2,"পণ্যের মান আশানুরূপ নয়।"
R001837,O002662,3,"Product is okay."
R001838,O002663,4,"মান ভালো তবে প্যাকেজিং আরেকটু ভালো হতে পারতো।"
R001839,O002665,4,"Good quality overall."
R001840,O002666,5,"দ্রুত ডেলিভারি মান ভালো।"
R001841,O002668,5,"Excellent product, very happy with the purchase."
R001842,O002669,2,"Not satisfied with the quality."
R001843,O002671,3,"মোটামুটি পণ্য।"
R001844,O002672,4,"Satisfied with the product."
R001845,O002673,4,"Decent product for the price."
R001846,O002675,5,"Highly recommend to everyone."
R001847,O002676,5,"প্যাকেজিং চমৎকার ছিল।"
R001848,O002678,2,"ডেলিভারি দেরিতে হয়েছে।"
R001849,O002679,3,"Average quality, expected better."
R001850,O002681,4,"ডেলিভারি সময়মতো হয়েছে।"
R001851,O002682,4,"মান ভালো তবে প্যাকেজিং আরেকটু ভালো হতে পারতো।"
R001852,O002684,5,"Excellent product! Very happy with the purchase."
R001853,O002685,1,"Very disappointed."
R001854,O002686,2,"পণ্যের মান আশানুরূপ নয়।"
R001855,O002688,3,"কোনো বিশেষ মন্তব্য নেই।"
R001856,O002689,4,"Good quality overall."
R001857,O002691,4,"Satisfied with the product."
R001858,O002692,5,"দ্রুত ডেলিভারি মান ভালো।"
R001859,O002694,1,"পণ্য ক্ষতিগ্রস্ত অবস্থায় পৌঁছেছে।"
R001860,O002695,3,"Product is okay."
R001861,O002697,3,"মোটামুটি পণ্য।"
R001862,O002698,4,"Decent product for the price."
R001863,O002700,5,"Excellent product, very happy with the purchase."
R001864,O002701,5,"Highly recommend to everyone."
R001865,O002702,1,"খুবই খারাপ অভিজ্ঞতা।"
R001866,O002704,3,"Average quality, expected better."
R001867,O002705,3,"কোনো বিশেষ মন্তব্য নেই।"
R001868,O002707,4,"ডেলিভারি সময়মতো হয়েছে।"
R001869,O002708,5,"প্যাকেজিং চমৎকার ছিল।"
R001870,O002710,5,"Excellent product! Very happy with the purchase."
R001871,O002711,1,"Very disappointed."
R001872,O002713,3,"Product is okay."
R001873,O002714,4,"মান ভালো তবে প্যাকেজিং আরেকটু ভালো হতে পারতো।"
R001874,O002715,4,"Good quality overall."
R001875,O002717,5,"দ্রুত ডেলিভারি মান ভালো।"
R001876,O002718,5,"Excellent product, very happy with the purchase."
R001877,O002720,1,"পণ্য ক্ষতিগ্রস্ত অবস্থায় পৌঁছেছে।"
R001878,O002721,3,"মোটামুটি পণ্য।"
R001879,O002723,4,"Satisfied with the product."
R001880,O002724,4,"Decent product for the price."
R001881,O002726,5,"Highly recommend to everyone."
R001882,O002727,5,"প্যাকেজিং চমৎকার ছিল।"
R001883,O002728,2,"Not satisfied with the quality."
R001884,O002730,3,"Average quality, expected better."
R001885,O002731,4,"ডেলিভারি সময়মতো হয়েছে।"
R001886,O002733,4,"মান ভালো তবে প্যাকেজিং আরেকটু ভালো হতে পারতো।"
R001887,O002734,5,"Excellent product! Very happy with the purchase."
R001888,O002736,5,"দ্রুত ডেলিভারি মান ভালো।"
R001889,O002737,2,"ডেলিভারি দেরিতে হয়েছে।"
R001890,O002739,3,"কোনো বিশেষ মন্তব্য নেই।"
R001891,O002740,4,"Good quality overall."
R001892,O002742,4,"Satisfied with the product."
R001893,O002743,5,"Excellent product, very happy with the purchase."
R001894,O002744,5,"Highly recommend to everyone."
R001895,O002746,2,"পণ্যের মান আশানুরূপ নয়।"
R001896,O002747,3,"Product is okay."
R001897,O002749,4,"Decent product for the price."
R001898,O002750,4,"ডেলিভারি সময়মতো হয়েছে।"
R001899,O002752,5,"প্যাকেজিং চমৎকার ছিল।"
R001900,O002753,1,"খুবই খারাপ অভিজ্ঞতা।"
R001901,O002755,2,"Not satisfied with the quality."
R001902,O002756,3,"মোটামুটি পণ্য।"
R001903,O002757,4,"মান ভালো তবে প্যাকেজিং আরেকটু ভালো হতে পারতো।"
R001904,O002759,4,"Good quality overall."
R001905,O002760,5,"Excellent product! Very happy with the purchase."
R001906,O002762,1,"Very disappointed."
R001907,O002763,2,"ডেলিভারি দেরিতে হয়েছে।"
R001908,O002765,3,"Average quality, expected better."
R001909,O002766,4,"Satisfied with the product."
R001910,O002768,5,"দ্রুত ডেলিভারি মান ভালো।"
R001911,O002769,5,"Excellent product, very happy with the purchase."
R001912,O002771,1,"পণ্য ক্ষতিগ্রস্ত অবস্থায় পৌঁছেছে।"
R001913,O002772,3,"কোনো বিশেষ মন্তব্য নেই।"
R001914,O002773,3,"Product is okay."
R001915,O002775,4,"Decent product for the price."
R001916,O002776,5,"Highly recommend to everyone."
R001917,O002778,5,"প্যাকেজিং চমৎকার ছিল।"
R001918,O002779,1,"খুবই খারাপ অভিজ্ঞতা।"
R001919,O002781,3,"মোটামুটি পণ্য।"
R001920,O002782,4,"ডেলিভারি সময়মতো হয়েছে।"
R001921,O002784,4,"মান ভালো তবে প্যাকেজিং আরেকটু ভালো হতে পারতো।"
R001922,O002785,5,"Excellent product! Very happy with the purchase."
R001923,O002786,5,"দ্রুত ডেলিভারি মান ভালো।"
R001924,O002788,1,"Very disappointed."
R001925,O002789,3,"Average quality, expected better."
R001926,O002791,4,"Good quality overall."
R001927,O002792,4,"Satisfied with the product."
R001928,O002794,5,"Excellent product, very happy with the purchase."
R001929,O002795,5,"Highly recommend to everyone."
R001930,O002797,2,"পণ্যের মান আশানুরূপ নয়।"
R001931,O002798,3,"কোনো বিশেষ মন্তব্য নেই।"
R001932,O002800,4,"Decent product for the price."
R001933,O002801,4,"ডেলিভারি সময়মতো হয়েছে।"
R001934,O002802,5,"প্যাকেজিং চমৎকার ছিল।"
R001935,O002804,5,"Excellent product! Very happy with the purchase."
R001936,O002805,2,"Not satisfied with the quality."
R001937,O002807,3,"Product is okay."
R001938,O002808,4,"মান ভালো তবে প্যাকেজিং আরেকটু ভালো হতে পারতো।"
R001939,O002810,4,"Good quality overall."
R001940,O002811,5,"দ্রুত ডেলিভারি মান ভালো।"
R001941,O002813,5,"Excellent product, very happy with the purchase."
R001942,O002814,2,"ডেলিভারি দেরিতে হয়েছে।"
R001943,O002815,3,"মোটামুটি পণ্য।"
R001944,O002817,4,"Satisfied with the product."
R001945,O002818,4,"Decent product for the price."
R001946,O002820,5,"Highly recommend to everyone."
R001947,O002821,5,"প্যাকেজিং চমৎকার ছিল।"
R001948,O002823,2,"পণ্যের মান আশানুরূপ নয়।"
R001949,O002824,3,"Average quality, expected better."
R001950,O002826,4,"ডেলিভারি সময়মতো হয়েছে।"
R001951,O002827,4,"মান ভালো তবে প্যাকেজিং আরেকটু ভালো হতে পারতো।"
R001952,O002828,5,"Excellent product! Very happy with the purchase."
R001953,O002830,1,"পণ্য ক্ষতিগ্রস্ত অবস্থায় পৌঁছেছে।"
R001954,O002831,2,"Not satisfied with the quality."
R001955,O002833,3,"কোনো বিশেষ মন্তব্য নেই।"
R001956,O002834,4,"Good quality overall."
R001957,O002836,4,"Satisfied with the product."
R001958,O002837,5,"দ্রুত ডেলিভারি মান ভালো।"
R001959,O002839,1,"খুবই খারাপ অভিজ্ঞতা।"
R001960,O002840,3,"Product is okay."
R001961,O002842,3,"মোটামুটি পণ্য।"
R001962,O002843,4,"Decent product for the price."
R001963,O002844,5,"Excellent product, very happy with the purchase."
R001964,O002846,5,"Highly recommend to everyone."
R001965,O002847,1,"Very disappointed."
R001966,O002849,3,"Average quality, expected better."
R001967,O002850,3,"কোনো বিশেষ মন্তব্য নেই।"
R001968,O002852,4,"ডেলিভারি সময়মতো হয়েছে।"
R001969,O002853,5,"প্যাকেজিং চমৎকার ছিল।"
R001970,O002855,5,"Excellent product! Very happy with the purchase."
R001971,O002856,1,"পণ্য ক্ষতিগ্রস্ত অবস্থায় পৌঁছেছে।"
R001972,O002857,3,"Product is okay."
R001973,O002859,4,"মান ভালো তবে প্যাকেজিং আরেকটু ভালো হতে পারতো।"
R001974,O002860,4,"Good quality overall."
R001975,O002862,5,"দ্রুত ডেলিভারি মান ভালো।"
R001976,O002863,5,"Excellent product, very happy with the purchase."
R001977,O002865,1,"খুবই খারাপ অভিজ্ঞতা।"
R001978,O002866,3,"মোটামুটি পণ্য।"
R001979,O002868,4,"Satisfied with the product."
R001980,O002869,4,"Decent product for the price."
R001981,O002871,5,"Highly recommend to everyone."
R001982,O002872,5,"প্যাকেজিং চমৎকার ছিল।"
R001983,O002873,2,"ডেলিভারি দেরিতে হয়েছে।"
R001984,O002875,3,"Average quality, expected better."
R001985,O002876,4,"ডেলিভারি সময়মতো হয়েছে।"
R001986,O002878,4,"মান ভালো তবে প্যাকেজিং আরেকটু ভালো হতে পারতো।"
R001987,O002879,5,"Excellent product! Very happy with the purchase."
R001988,O002881,5,"দ্রুত ডেলিভারি মান ভালো।"
R001989,O002882,2,"পণ্যের মান আশানুরূপ নয়।"
R001990,O002884,3,"কোনো বিশেষ মন্তব্য নেই।"
R001991,O002885,4,"Good quality overall."
R001992,O002886,4,"Satisfied with the product."
R001993,O002888,5,"Excellent product, very happy with the purchase."
R001994,O002889,5,"Highly recommend to everyone."
R001995,O002891,2,"Not satisfied with the quality."
R001996,O002892,3,"Product is okay."
R001997,O002894,4,"Decent product for the price."
R001998,O002895,4,"ডেলিভারি সময়মতো হয়েছে।"
R001999,O002897,5,"প্যাকেজিং চমৎকার ছিল।"
R002000,O002898,1,"Very disappointed."
R002001,O002900,2,"ডেলিভারি দেরিতে হয়েছে।"
R002002,O002901,3,"মোটামুটি পণ্য।"
R002003,O002902,4,"মান ভালো তবে প্যাকেজিং আরেকটু ভালো হতে পারতো।"
R002004,O002904,4,"Good quality overall."
R002005,O002905,5,"Excellent product! Very happy with the purchase."
R002006,O002907,1,"পণ্য ক্ষতিগ্রস্ত অবস্থায় পৌঁছেছে।"
R002007,O002908,2,"পণ্যের মান আশানুরূপ নয়।"
R002008,O002910,3,"Average quality, expected better."
R002009,O002911,4,"Satisfied with the product."
R002010,O002913,5,"দ্রুত ডেলিভারি মান ভালো।"
R002011,O002914,5,"Excellent product, very happy with the purchase."
R002012,O002915,1,"খুবই খারাপ অভিজ্ঞতা।"
R002013,O002917,3,"কোনো বিশেষ মন্তব্য নেই।"
R002014,O002918,3,"Product is okay."
R002015,O002920,4,"Decent product for the price."
R002016,O002921,5,"Highly recommend to everyone."
R002017,O002923,5,"প্যাকেজিং চমৎকার ছিল।"
R002018,O002924,1,"Very disappointed."
R002019,O002926,3,"মোটামুটি পণ্য।"
R002020,O002927,4,"ডেলিভারি সময়মতো হয়েছে।"
R002021,O002928,4,"মান ভালো তবে প্যাকেজিং আরেকটু ভালো হতে পারতো।"
R002022,O002930,5,"Excellent product! Very happy with the purchase."
R002023,O002931,5,"দ্রুত ডেলিভারি মান ভালো।"
R002024,O002933,1,"পণ্য ক্ষতিগ্রস্ত অবস্থায় পৌঁছেছে।"
R002025,O002934,3,"Average quality, expected better."
R002026,O002936,4,"Good quality overall."
R002027,O002937,4,"Satisfied with the product."
R002028,O002939,5,"Excellent product, very happy with the purchase."
R002029,O002940,5,"Highly recommend to everyone."
R002030,O002942,2,"Not satisfied with the quality."
R002031,O002943,3,"কোনো বিশেষ মন্তব্য নেই।"
R002032,O002944,4,"Decent product for the price."
R002033,O002946,4,"ডেলিভারি সময়মতো হয়েছে।"
R002034,O002947,5,"প্যাকেজিং চমৎকার ছিল।"
R002035,O002949,5,"Excellent product! Very happy with the purchase."
R002036,O002950,2,"ডেলিভারি দেরিতে হয়েছে।"
R002037,O002952,3,"Product is okay."
R002038,O002953,4,"মান ভালো তবে প্যাকেজিং আরেকটু ভালো হতে পারতো।"
R002039,O002955,4,"Good quality overall."
R002040,O002956,5,"দ্রুত ডেলিভারি মান ভালো।"
R002041,O002957,5,"Excellent product, very happy with the purchase."
R002042,O002959,2,"পণ্যের মান আশানুরূপ নয়।"
R002043,O002960,3,"মোটামুটি পণ্য।"
R002044,O002962,4,"Satisfied with the product."
R002045,O002963,4,"Decent product for the price."
R002046,O002965,5,"Highly recommend to everyone."
R002047,O002966,5,"প্যাকেজিং চমৎকার ছিল।"
R002048,O002968,2,"Not satisfied with the quality."
R002049,O002969,3,"Average quality, expected better."
R002050,O002971,4,"ডেলিভারি সময়মতো হয়েছে।"
R002051,O002972,4,"মান ভালো তবে প্যাকেজিং আরেকটু ভালো হতে পারতো।"
R002052,O002973,5,"Excellent product! Very happy with the purchase."
R002053,O002975,1,"খুবই খারাপ অভিজ্ঞতা।"
R002054,O002976,2,"ডেলিভারি দেরিতে হয়েছে।"
R002055,O002978,3,"কোনো বিশেষ মন্তব্য নেই।"
R002056,O002979,4,"Good quality overall."
R002057,O002981,4,"Satisfied with the product."
R002058,O002982,5,"দ্রুত ডেলিভারি মান ভালো।"
R002059,O002984,1,"Very disappointed."
R002060,O002985,3,"Product is okay."
R002061,O002986,3,"মোটামুটি পণ্য।"
R002062,O002988,4,"Decent product for the price."
R002063,O002989,5,"Excellent product, very happy with the purchase."
R002064,O002991,5,"Highly recommend to everyone."
R002065,O002992,1,"পণ্য ক্ষতিগ্রস্ত অবস্থায় পৌঁছেছে।"
R002066,O002994,3,"Average quality, expected better."
R002067,O002995,3,"কোনো বিশেষ মন্তব্য নেই।"
R002068,O002997,4,"ডেলিভারি সময়মতো হয়েছে।"
R002069,O002998,5,"প্যাকেজিং চমৎকার ছিল।"
R002070,O003000,5,"Excellent product! Very happy with the purchase."
R002071,O003001,1,"খুবই খারাপ অভিজ্ঞতা।"
R002072,O003002,3,"Product is okay."
R002073,O003004,4,"মান ভালো তবে প্যাকেজিং আরেকটু ভালো হতে পারতো।"
R002074,O003005,4,"Good quality overall."
R002075,O003007,5,"দ্রুত ডেলিভারি মান ভালো।"
R002076,O003008,5,"Excellent product, very happy with the purchase."
R002077,O003010,1,"Very disappointed."
R002078,O003011,3,"মোটামুটি পণ্য।"
R002079,O003013,4,"Satisfied with the product."
R002080,O003014,4,"Decent product for the price."
R002081,O003015,5,"Highly recommend to everyone."
R002082,O003017,5,"প্যাকেজিং চমৎকার ছিল।"
R002083,O003018,2,"পণ্যের মান আশানুরূপ নয়।"
R002084,O003020,3,"Average quality, expected better."
R002085,O003021,4,"ডেলিভারি সময়মতো হয়েছে।"
R002086,O003023,4,"মান ভালো তবে প্যাকেজিং আরেকটু ভালো হতে পারতো।"
R002087,O003024,5,"Excellent product! Very happy with the purchase."
R002088,O003026,5,"দ্রুত ডেলিভারি মান ভালো।"
R002089,O003027,2,"Not satisfied with the quality."
R002090,O003028,3,"কোনো বিশেষ মন্তব্য নেই।"
R002091,O003030,4,"Good quality overall."
R002092,O003031,4,"Satisfied with the product."
R002093,O003033,5,"Excellent product, very happy with the purchase."
R002094,O003034,5,"Highly recommend to everyone."
R002095,O003036,2,"ডেলিভারি দেরিতে হয়েছে।"
R002096,O003037,3,"Product is okay."
R002097,O003039,4,"Decent product for the price."
R002098,O003040,4,"ডেলিভারি সময়মতো হয়েছে।"
R002099,O003042,5,"প্যাকেজিং চমৎকার ছিল।"
R002100,O003043,1,"পণ্য ক্ষতিগ্রস্ত অবস্থায় পৌঁছেছে।"
R002101,O003044,2,"পণ্যের মান আশানুরূপ নয়।"
R002102,O003046,3,"মোটামুটি পণ্য।"
R002103,O003047,4,"মান ভালো তবে প্যাকেজিং আরেকটু ভালো হতে পারতো।"
R002104,O003049,4,"Good quality overall."
R002105,O003050,5,"Excellent product! Very happy with the purchase."
R002106,O003052,1,"খুবই খারাপ অভিজ্ঞতা।"
R002107,O003053,2,"Not satisfied with the quality."
R002108,O003055,3,"Average quality, expected better."
R002109,O003056,4,"Satisfied with the product."
R002110,O003057,5,"দ্রুত ডেলিভারি মান ভালো।"
R002111,O003059,5,"Excellent product, very happy with the purchase."
R002112,O003060,1,"Very disappointed."
R002113,O003062,3,"কোনো বিশেষ মন্তব্য নেই।"
R002114,O003063,3,"Product is okay."
R002115,O003065,4,"Decent product for the price."
R002116,O003066,5,"Highly recommend to everyone."
R002117,O003068,5,"প্যাকেজিং চমৎকার ছিল।"
R002118,O003069,1,"পণ্য ক্ষতিগ্রস্ত অবস্থায় পৌঁছেছে।"
R002119,O003071,3,"মোটামুটি পণ্য।"
R002120,O003072,4,"ডেলিভারি সময়মতো হয়েছে।"
R002121,O003073,4,"মান ভালো তবে প্যাকেজিং আরেকটু ভালো হতে পারতো।"
R002122,O003075,5,"Excellent product! Very happy with the purchase."
R002123,O003076,5,"দ্রুত ডেলিভারি মান ভালো।"
R002124,O003078,1,"খুবই খারাপ অভিজ্ঞতা।"
R002125,O003079,3,"Average quality, expected better."
R002126,O003081,4,"Good quality overall."
R002127,O003082,4,"Satisfied with the product."
R002128,O003084,5,"Excellent product, very happy with the purchase."
R002129,O003085,5,"Highly recommend to everyone."
R002130,O003086,2,"ডেলিভারি দেরিতে হয়েছে।"
R002131,O003088,3,"কোনো বিশেষ মন্তব্য নেই।"
R002132,O003089,4,"Decent product for the price."
R002133,O003091,4,"ডেলিভারি সময়মতো হয়েছে।"
R002134,O003092,5,"প্যাকেজিং চমৎকার ছিল।"
R002135,O003094,5,"Excellent product! Very happy with the purchase."
R002136,O003095,2,"পণ্যের মান আশানুরূপ নয়।"
R002137,O003097,3,"Product is okay."
R002138,O003098,4,"মান ভালো তবে প্যাকেজিং আরেকটু ভালো হতে পারতো।"
R002139,O003100,4,"Good quality overall."
R002140,O003101,5,"দ্রুত ডেলিভারি মান ভালো।"
R002141,O003102,5,"Excellent product, very happy with the purchase."
R002142,O003104,2,"Not satisfied with the quality."
R002143,O003105,3,"মোটামুটি পণ্য।"
R002144,O003107,4,"Satisfied with the product."
R002145,O003108,4,"Decent product for the price."
R002146,O003110,5,"Highly recommend to everyone."
R002147,O003111,5,"প্যাকেজিং চমৎকার ছিল।"
R002148,O003113,2,"ডেলিভারি দেরিতে হয়েছে।"
R002149,O003114,3,"Average quality, expected better."
R002150,O003115,4,"ডেলিভারি সময়মতো হয়েছে।"
R002151,O003117,4,"মান ভালো তবে প্যাকেজিং আরেকটু ভালো হতে পারতো।"
R002152,O003118,5,"Excellent product! Very happy with the purchase."
R002153,O003120,1,"Very disappointed."
R002154,O003121,2,"পণ্যের মান আশানুরূপ নয়।"
R002155,O003123,3,"কোনো বিশেষ মন্তব্য নেই।"
R002156,O003124,4,"Good quality overall."
R002157,O003126,4,"Satisfied with the product."
R002158,O003127,5,"দ্রুত ডেলিভারি মান ভালো।"
R002159,O003128,1,"পণ্য ক্ষতিগ্রস্ত অবস্থায় পৌঁছেছে।"
R002160,O003130,3,"Product is okay."
R002161,O003131,3,"মোটামুটি পণ্য।"
R002162,O003133,4,"Decent product for the price."
R002163,O003134,5,"Excellent product, very happy with the purchase."
R002164,O003136,5,"Highly recommend to everyone."
R002165,O003137,1,"খুবই খারাপ অভিজ্ঞতা।"
R002166,O003139,3,"Average quality, expected better."
R002167,O003140,3,"কোনো বিশেষ মন্তব্য নেই।"
R002168,O003142,4,"ডেলিভারি সময়মতো হয়েছে।"
R002169,O003143,5,"প্যাকেজিং চমৎকার ছিল।"
R002170,O003144,5,"Excellent product! Very happy with the purchase."
R002171,O003146,1,"Very disappointed."
R002172,O003147,3,"Product is okay."
R002173,O003149,4,"মান ভালো তবে প্যাকেজিং আরেকটু ভালো হতে পারতো।"
R002174,O003150,4,"Good quality overall."
R002175,O003152,5,"দ্রুত ডেলিভারি মান ভালো।"
R002176,O003153,5,"Excellent product, very happy with the purchase."
R002177,O003155,1,"পণ্য ক্ষতিগ্রস্ত অবস্থায় পৌঁছেছে।"
R002178,O003156,3,"মোটামুটি পণ্য।"
R002179,O003157,4,"Satisfied with the product."
R002180,O003159,4,"Decent product for the price."
R002181,O003160,5,"Highly recommend to everyone."
R002182,O003162,5,"প্যাকেজিং চমৎকার ছিল।"
R002183,O003163,2,"Not satisfied with the quality."
R002184,O003165,3,"Average quality, expected better."
R002185,O003166,4,"ডেলিভারি সময়মতো হয়েছে।"
R002186,O003168,4,"মান ভালো তবে প্যাকেজিং আরেকটু ভালো হতে পারতো।"
R002187,O003169,5,"Excellent product! Very happy with the purchase."
R002188,O003171,5,"দ্রুত ডেলিভারি মান ভালো।"
R002189,O003172,2,"ডেলিভারি দেরিতে হয়েছে।"
R002190,O003173,3,"কোনো বিশেষ মন্তব্য নেই।"
R002191,O003175,4,"Good quality overall."
R002192,O003176,4,"Satisfied with the product."
R002193,O003178,5,"Excellent product, very happy with the purchase."
R002194,O003179,5,"Highly recommend to everyone."
R002195,O003181,2,"পণ্যের মান আশানুরূপ নয়।"
R002196,O003182,3,"Product is okay."
R002197,O003184,4,"Decent product for the price."
R002198,O003185,4,"ডেলিভারি সময়মতো হয়েছে।"
R002199,O003186,5,"প্যাকেজিং চমৎকার ছিল।"
R002200,O003188,1,"খুবই খারাপ অভিজ্ঞতা।"
R002201,O003189,2,"Not satisfied with the quality."
R002202,O003191,3,"মোটামুটি পণ্য।"
R002203,O003192,4,"মান ভালো তবে প্যাকেজিং আরেকটু ভালো হতে পারতো।"
R002204,O003194,4,"Good quality overall."
R002205,O003195,5,"Excellent product! Very happy with the purchase."
R002206,O003197,1,"Very disappointed."
R002207,O003198,2,"ডেলিভারি দেরিতে হয়েছে।"
R002208,O003200,3,"Average quality, expected better."
R002209,O003201,4,"Satisfied with the product."
R002210,O003202,5,"দ্রুত ডেলিভারি মান ভালো।"
R002211,O003204,5,"Excellent product, very happy with the purchase."
R002212,O003205,1,"পণ্য ক্ষতিগ্রস্ত অবস্থায় পৌঁছেছে।"
R002213,O003207,3,"কোনো বিশেষ মন্তব্য নেই।"
R002214,O003208,3,"Product is okay."
R002215,O003210,4,"Decent product for the price."
R002216,O003211,5,"Highly recommend to everyone."
R002217,O003213,5,"প্যাকেজিং চমৎকার ছিল।"
R002218,O003214,1,"খুবই খারাপ অভিজ্ঞতা।"
R002219,O003215,3,"মোটামুটি পণ্য।"
R002220,O003217,4,"ডেলিভারি সময়মতো হয়েছে।"
R002221,O003218,4,"মান ভালো তবে প্যাকেজিং আরেকটু ভালো হতে পারতো।"
R002222,O003220,5,"Excellent product! Very happy with the purchase."
R002223,O003221,5,"দ্রুত ডেলিভারি মান ভালো।"
R002224,O003223,1,"Very disappointed."
R002225,O003224,3,"Average quality, expected better."
R002226,O003226,4,"Good quality overall."
R002227,O003227,4,"Satisfied with the product."
R002228,O003228,5,"Excellent product, very happy with the purchase."
R002229,O003230,5,"Highly recommend to everyone."
R002230,O003231,2,"পণ্যের মান আশানুরূপ নয়।"
R002231,O003233,3,"কোনো বিশেষ মন্তব্য নেই।"
R002232,O003234,4,"Decent product for the price."
R002233,O003236,4,"ডেলিভারি সময়মতো হয়েছে।"
R002234,O003237,5,"প্যাকেজিং চমৎকার ছিল।"
R002235,O003239,5,"Excellent product! Very happy with the purchase."
R002236,O003240,2,"Not satisfied with the quality."
R002237,O003242,3,"Product is okay."
R002238,O003243,4,"মান ভালো তবে প্যাকেজিং আরেকটু ভালো হতে পারতো।"
R002239,O003244,4,"Good quality overall."
R002240,O003246,5,"দ্রুত ডেলিভারি মান ভালো।"
R002241,O003247,5,"Excellent product, very happy with the purchase."
R002242,O003249,2,"ডেলিভারি দেরিতে হয়েছে।"
R002243,O003250,3,"মোটামুটি পণ্য।"
R002244,O003252,4,"Satisfied with the product."
R002245,O003253,4,"Decent product for the price."
R002246,O003255,5,"Highly recommend to everyone."
R002247,O003256,5,"প্যাকেজিং চমৎকার ছিল।"
R002248,O003257,2,"পণ্যের মান আশানুরূপ নয়।"
R002249,O003259,3,"Average quality, expected better."
R002250,O003260,4,"ডেলিভারি সময়মতো হয়েছে।"
R002251,O003262,4,"মান ভালো তবে প্যাকেজিং আরেকটু ভালো হতে পারতো।"
R002252,O003263,5,"Excellent product! Very happy with the purchase."
R002253,O003265,1,"পণ্য ক্ষতিগ্রস্ত অবস্থায় পৌঁছেছে।"
R002254,O003266,2,"Not satisfied with the quality."
R002255,O003268,3,"কোনো বিশেষ মন্তব্য নেই।"
R002256,O003269,4,"Good quality overall."
R002257,O003271,4,"Satisfied with the product."
R002258,O003272,5,"দ্রুত ডেলিভারি মান ভালো।"
R002259,O003273,1,"খুবই খারাপ অভিজ্ঞতা।"
R002260,O003275,3,"Product is okay."
R002261,O003276,3,"মোটামুটি পণ্য।"
R002262,O003278,4,"Decent product for the price."
R002263,O003279,5,"Excellent product, very happy with the purchase."
R002264,O003281,5,"Highly recommend to everyone."
R002265,O003282,1,"Very disappointed."
R002266,O003284,3,"Average quality, expected better."
R002267,O003285,3,"কোনো বিশেষ মন্তব্য নেই।"
R002268,O003286,4,"ডেলিভারি সময়মতো হয়েছে।"
R002269,O003288,5,"প্যাকেজিং চমৎকার ছিল।"
R002270,O003289,5,"Excellent product! Very happy with the purchase."
R002271,O003291,1,"পণ্য ক্ষতিগ্রস্ত অবস্থায় পৌঁছেছে।"
R002272,O003292,3,"Product is okay."
R002273,O003294,4,"মান ভালো তবে প্যাকেজিং আরেকটু ভালো হতে পারতো।"
R002274,O003295,4,"Good quality overall."
R002275,O003297,5,"দ্রুত ডেলিভারি মান ভালো।"
R002276,O003298,5,"Excellent product, very happy with the purchase."
R002277,O003300,1,"খুবই খারাপ অভিজ্ঞতা।"
R002278,O003301,3,"মোটামুটি পণ্য।"
R002279,O003302,4,"Satisfied with the product."
R002280,O003304,4,"Decent product for the price."
R002281,O003305,5,"Highly recommend to everyone."
R002282,O003307,5,"প্যাকেজিং চমৎকার ছিল।"
R002283,O003308,2,"ডেলিভারি দেরিতে হয়েছে।"
R002284,O003310,3,"Average quality, expected better."
R002285,O003311,4,"ডেলিভারি সময়মতো হয়েছে।"
R002286,O003313,4,"মান ভালো তবে প্যাকেজিং আরেকটু ভালো হতে পারতো।"
R002287,O003314,5,"Excellent product! Very happy with the purchase."
R002288,O003315,5,"দ্রুত ডেলিভারি মান ভালো।"
R002289,O003317,2,"পণ্যের মান আশানুরূপ নয়।"
R002290,O003318,3,"কোনো বিশেষ মন্তব্য নেই।"
R002291,O003320,4,"Good quality overall."
R002292,O003321,4,"Satisfied with the product."
R002293,O003323,5,"Excellent product, very happy with the purchase."
R002294,O003324,5,"Highly recommend to everyone."
R002295,O003326,2,"Not satisfied with the quality."
R002296,O003327,3,"Product is okay."
R002297,O003328,4,"Decent product for the price."
R002298,O003330,4,"ডেলিভারি সময়মতো হয়েছে।"
R002299,O003331,5,"প্যাকেজিং চমৎকার ছিল।"
R002300,O003333,1,"Very disappointed."
R002301,O003334,2,"ডেলিভারি দেরিতে হয়েছে।"
R002302,O003336,3,"মোটামুটি পণ্য।"
R002303,O003337,4,"মান ভালো তবে প্যাকেজিং আরেকটু ভালো হতে পারতো।"
R002304,O003339,4,"Good quality overall."
R002305,O003340,5,"Excellent product! Very happy with the purchase."
R002306,O003342,1,"পণ্য ক্ষতিগ্রস্ত অবস্থায় পৌঁছেছে।"
R002307,O003343,2,"পণ্যের মান আশানুরূপ নয়।"
R002308,O003344,3,"Average quality, expected better."
R002309,O003346,4,"Satisfied with the product."
R002310,O003347,5,"দ্রুত ডেলিভারি মান ভালো।"
R002311,O003349,5,"Excellent product, very happy with the purchase."
R002312,O003350,1,"খুবই খারাপ অভিজ্ঞতা।"
R002313,O003352,3,"কোনো বিশেষ মন্তব্য নেই।"
R002314,O003353,3,"Product is okay."
R002315,O003355,4,"Decent product for the price."
R002316,O003356,5,"Highly recommend to everyone."
R002317,O003357,5,"প্যাকেজিং চমৎকার ছিল।"
R002318,O003359,1,"Very disappointed."
R002319,O003360,3,"মোটামুটি পণ্য।"
R002320,O003362,4,"ডেলিভারি সময়মতো হয়েছে।"
R002321,O003363,4,"মান ভালো তবে প্যাকেজিং আরেকটু ভালো হতে পারতো।"
R002322,O003365,5,"Excellent product! Very happy with the purchase."
R002323,O003366,5,"দ্রুত ডেলিভারি মান ভালো।"
R002324,O003368,1,"পণ্য ক্ষতিগ্রস্ত অবস্থায় পৌঁছেছে।"
R002325,O003369,3,"Average quality, expected better."
R002326,O003371,4,"Good quality overall."
R002327,O003372,4,"Satisfied with the product."
R002328,O003373,5,"Excellent product, very happy with the purchase."
R002329,O003375,5,"Highly recommend to everyone."
R002330,O003376,2,"Not satisfied with the quality."
R002331,O003378,3,"কোনো বিশেষ মন্তব্য নেই।"
R002332,O003379,4,"Decent product for the price."
R002333,O003381,4,"ডেলিভারি সময়মতো হয়েছে।"
R002334,O003382,5,"প্যাকেজিং চমৎকার ছিল।"
R002335,O003384,5,"Excellent product! Very happy with the purchase."
R002336,O003385,2,"ডেলিভারি দেরিতে হয়েছে।"
R002337,O003386,3,"Product is okay."
R002338,O003388,4,"মান ভালো তবে প্যাকেজিং আরেকটু ভালো হতে পারতো।"
R002339,O003389,4,"Good quality overall."
R002340,O003391,5,"দ্রুত ডেলিভারি মান ভালো।"
R002341,O003392,5,"Excellent product, very happy with the purchase."
R002342,O003394,2,"পণ্যের মান আশানুরূপ নয়।"
R002343,O003395,3,"মোটামুটি পণ্য।"
R002344,O003397,4,"Satisfied with the product."
R002345,O003398,4,"Decent product for the price."
R002346,O003400,5,"Highly recommend to everyone."
R002347,O003401,5,"প্যাকেজিং চমৎকার ছিল।"
R002348,O003402,2,"Not satisfied with the quality."
R002349,O003404,3,"Average quality, expected better."
R002350,O003405,4,"ডেলিভারি সময়মতো হয়েছে।"
R002351,O003407,4,"মান ভালো তবে প্যাকেজিং আরেকটু ভালো হতে পারতো।"
R002352,O003408,5,"Excellent product! Very happy with the purchase."
R002353,O003410,1,"খুবই খারাপ অভিজ্ঞতা।"
R002354,O003411,2,"ডেলিভারি দেরিতে হয়েছে।"
R002355,O003413,3,"কোনো বিশেষ মন্তব্য নেই।"
R002356,O003414,4,"Good quality overall."
R002357,O003415,4,"Satisfied with the product."
R002358,O003417,5,"দ্রুত ডেলিভারি মান ভালো।"
R002359,O003418,1,"Very disappointed."
R002360,O003420,3,"Product is okay."
R002361,O003421,3,"মোটামুটি পণ্য।"
R002362,O003423,4,"Decent product for the price."
R002363,O003424,5,"Excellent product, very happy with the purchase."
R002364,O003426,5,"Highly recommend to everyone."
R002365,O003427,1,"পণ্য ক্ষতিগ্রস্ত অবস্থায় পৌঁছেছে।"
R002366,O003428,3,"Average quality, expected better."
R002367,O003430,3,"কোনো বিশেষ মন্তব্য নেই।"
R002368,O003431,4,"ডেলিভারি সময়মতো হয়েছে।"
R002369,O003433,5,"প্যাকেজিং চমৎকার ছিল।"
R002370,O003434,5,"Excellent product! Very happy with the purchase."
R002371,O003436,1,"খুবই খারাপ অভিজ্ঞতা।"
R002372,O003437,3,"Product is okay."
R002373,O003439,4,"মান ভালো তবে প্যাকেজিং আরেকটু ভালো হতে পারতো।"
R002374,O003440,4,"Good quality overall."
R002375,O003442,5,"দ্রুত ডেলিভারি মান ভালো।"
R002376,O003443,5,"Excellent product, very happy with the purchase."
R002377,O003444,1,"Very disappointed."
R002378,O003446,3,"মোটামুটি পণ্য।"
R002379,O003447,4,"Satisfied with the product."
R002380,O003449,4,"Decent product for the price."
R002381,O003450,5,"Highly recommend to everyone."
R002382,O003452,5,"প্যাকেজিং চমৎকার ছিল।"
R002383,O003453,2,"পণ্যের মান আশানুরূপ নয়।"
R002384,O003455,3,"Average quality, expected better."
R002385,O003456,4,"ডেলিভারি সময়মতো হয়েছে।"
R002386,O003457,4,"মান ভালো তবে প্যাকেজিং আরেকটু ভালো হতে পারতো।"
R002387,O003459,5,"Excellent product! Very happy with the purchase."
R002388,O003460,5,"দ্রুত ডেলিভারি মান ভালো।"
R002389,O003462,2,"Not satisfied with the quality."
R002390,O003463,3,"কোনো বিশেষ মন্তব্য নেই।"
R002391,O003465,4,"Good quality overall."
R002392,O003466,4,"Satisfied with the product."
R002393,O003468,5,"Excellent product, very happy with the purchase."
R002394,O003469,5,"Highly recommend to everyone."
R002395,O003471,2,"ডেলিভারি দেরিতে হয়েছে।"
R002396,O003472,3,"Product is okay."
R002397,O003473,4,"Decent product for the price."
R002398,O003475,4,"ডেলিভারি সময়মতো হয়েছে।"
R002399,O003476,5,"প্যাকেজিং চমৎকার ছিল।"
R002400,O003478,1,"পণ্য ক্ষতিগ্রস্ত অবস্থায় পৌঁছেছে।"
R002401,O003479,2,"পণ্যের মান আশানুরূপ নয়।"
R002402,O003481,3,"মোটামুটি পণ্য।"
R002403,O003482,4,"মান ভালো তবে প্যাকেজিং আরেকটু ভালো হতে পারতো।"
R002404,O003484,4,"Good quality overall."
R002405,O003485,5,"Excellent product! Very happy with the purchase."
R002406,O003486,1,"খুবই খারাপ অভিজ্ঞতা।"
R002407,O003488,2,"Not satisfied with the quality."
R002408,O003489,3,"Average quality, expected better."
R002409,O003491,4,"Satisfied with the product."
R002410,O003492,5,"দ্রুত ডেলিভারি মান ভালো।"
R002411,O003494,5,"Excellent product, very happy with the purchase."
R002412,O003495,1,"Very disappointed."
R002413,O003497,3,"কোনো বিশেষ মন্তব্য নেই।"
R002414,O003498,3,"Product is okay."
R002415,O003500,4,"Decent product for the price."
R002416,O003501,5,"Highly recommend to everyone."
R002417,O003502,5,"প্যাকেজিং চমৎকার ছিল।"
R002418,O003504,1,"পণ্য ক্ষতিগ্রস্ত অবস্থায় পৌঁছেছে।"
R002419,O003505,3,"মোটামুটি পণ্য।"
R002420,O003507,4,"ডেলিভারি সময়মতো হয়েছে।"
R002421,O003508,4,"মান ভালো তবে প্যাকেজিং আরেকটু ভালো হতে পারতো।"
R002422,O003510,5,"Excellent product! Very happy with the purchase."
R002423,O003511,5,"দ্রুত ডেলিভারি মান ভালো।"
R002424,O003513,1,"খুবই খারাপ অভিজ্ঞতা।"
R002425,O003514,3,"Average quality, expected better."
R002426,O003515,4,"Good quality overall."
R002427,O003517,4,"Satisfied with the product."
R002428,O003518,5,"Excellent product, very happy with the purchase."
R002429,O003520,5,"Highly recommend to everyone."
R002430,O003521,2,"ডেলিভারি দেরিতে হয়েছে।"
R002431,O003523,3,"কোনো বিশেষ মন্তব্য নেই।"
R002432,O003524,4,"Decent product for the price."
R002433,O003526,4,"ডেলিভারি সময়মতো হয়েছে।"
R002434,O003527,5,"প্যাকেজিং চমৎকার ছিল।"
R002435,O003528,5,"Excellent product! Very happy with the purchase."
R002436,O003530,2,"পণ্যের মান আশানুরূপ নয়।"
R002437,O003531,3,"Product is okay."
R002438,O003533,4,"মান ভালো তবে প্যাকেজিং আরেকটু ভালো হতে পারতো।"
R002439,O003534,4,"Good quality overall."
R002440,O003536,5,"দ্রুত ডেলিভারি মান ভালো।"
R002441,O003537,5,"Excellent product, very happy with the purchase."
R002442,O003539,2,"Not satisfied with the quality."
R002443,O003540,3,"মোটামুটি পণ্য।"
R002444,O003542,4,"Satisfied with the product."
R002445,O003543,4,"Decent product for the price."
R002446,O003544,5,"Highly recommend to everyone."
R002447,O003546,5,"প্যাকেজিং চমৎকার ছিল।"
R002448,O003547,2,"ডেলিভারি দেরিতে হয়েছে।"
R002449,O003549,3,"Average quality, expected better."
R002450,O003550,4,"ডেলিভারি সময়মতো হয়েছে।"
R002451,O003552,4,"মান ভালো তবে প্যাকেজিং আরেকটু ভালো হতে পারতো।"
R002452,O003553,5,"Excellent product! Very happy with the purchase."
R002453,O003555,1,"Very disappointed."
R002454,O003556,2,"পণ্যের মান আশানুরূপ নয়।"
R002455,O003557,3,"কোনো বিশেষ মন্তব্য নেই।"
R002456,O003559,4,"Good quality overall."
R002457,O003560,4,"Satisfied with the product."
R002458,O003562,5,"দ্রুত ডেলিভারি মান ভালো।"
R002459,O003563,1,"পণ্য ক্ষতিগ্রস্ত অবস্থায় পৌঁছেছে।"
R002460,O003565,3,"Product is okay."
R002461,O003566,3,"মোটামুটি পণ্য।"
R002462,O003568,4,"Decent product for the price."
R002463,O003569,5,"Excellent product, very happy with the purchase."
R002464,O003571,5,"Highly recommend to everyone."
R002465,O003572,1,"খুবই খারাপ অভিজ্ঞতা।"
R002466,O003573,3,"Average quality, expected better."
R002467,O003575,3,"কোনো বিশেষ মন্তব্য নেই।"
R002468,O003576,4,"ডেলিভারি সময়মতো হয়েছে।"
R002469,O003578,5,"প্যাকেজিং চমৎকার ছিল।"
R002470,O003579,5,"Excellent product! Very happy with the purchase."
R002471,O003581,1,"Very disappointed."
R002472,O003582,3,"Product is okay."
R002473,O003584,4,"মান ভালো তবে প্যাকেজিং আরেকটু ভালো হতে পারতো।"
R002474,O003585,4,"Good quality overall."
R002475,O003586,5,"দ্রুত ডেলিভারি মান ভালো।"
R002476,O003588,5,"Excellent product, very happy with the purchase."
R002477,O003589,1,"পণ্য ক্ষতিগ্রস্ত অবস্থায় পৌঁছেছে।"
R002478,O003591,3,"মোটামুটি পণ্য।"
R002479,O003592,4,"Satisfied with the product."
R002480,O003594,4,"Decent product for the price."
R002481,O003595,5,"Highly recommend to everyone."
R002482,O003597,5,"প্যাকেজিং চমৎকার ছিল।"
R002483,O003598,2,"Not satisfied with the quality."
R002484,O003600,3,"Average quality, expected better."
R002485,O003601,4,"ডেলিভারি সময়মতো হয়েছে।"
R002486,O003602,4,"মান ভালো তবে প্যাকেজিং আরেকটু ভালো হতে পারতো।"
R002487,O003604,5,"Excellent product! Very happy with the purchase."
R002488,O003605,5,"দ্রুত ডেলিভারি মান ভালো।"
R002489,O003607,2,"ডেলিভারি দেরিতে হয়েছে।"
R002490,O003608,3,"কোনো বিশেষ মন্তব্য নেই।"
R002491,O003610,4,"Good quality overall."
R002492,O003611,4,"Satisfied with the product."
R002493,O003613,5,"Excellent product, very happy with the purchase."
R002494,O003614,5,"Highly recommend to everyone."
R002495,O003615,2,"পণ্যের মান আশানুরূপ নয়।"
R002496,O003617,3,"Product is okay."
R002497,O003618,4,"Decent product for the price."
R002498,O003620,4,"ডেলিভারি সময়মতো হয়েছে।"
R002499,O003621,5,"প্যাকেজিং চমৎকার ছিল।"
R002500,O003623,1,"খুবই খারাপ অভিজ্ঞতা।"
R002501,O003624,2,"Not satisfied with the quality."
R002502,O003626,3,"মোটামুটি পণ্য।"
R002503,O003627,4,"মান ভালো তবে প্যাকেজিং আরেকটু ভালো হতে পারতো।"
R002504,O003628,4,"Good quality overall."
R002505,O003630,5,"Excellent product! Very happy with the purchase."
R002506,O003631,1,"Very disappointed."
R002507,O003633,2,"ডেলিভারি দেরিতে হয়েছে।"
R002508,O003634,3,"Average quality, expected better."
R002509,O003636,4,"Satisfied with the product."
R002510,O003637,5,"দ্রুত ডেলিভারি মান ভালো।"
R002511,O003639,5,"Excellent product, very happy with the purchase."
R002512,O003640,1,"পণ্য ক্ষতিগ্রস্ত অবস্থায় পৌঁছেছে।"
R002513,O003642,3,"কোনো বিশেষ মন্তব্য নেই।"
R002514,O003643,3,"Product is okay."
R002515,O003644,4,"Decent product for the price."
R002516,O003646,5,"Highly recommend to everyone."
R002517,O003647,5,"প্যাকেজিং চমৎকার ছিল।"
R002518,O003649,1,"খুবই খারাপ অভিজ্ঞতা।"
R002519,O003650,3,"মোটামুটি পণ্য।"
R002520,O003652,4,"ডেলিভারি সময়মতো হয়েছে।"
R002521,O003653,4,"মান ভালো তবে প্যাকেজিং আরেকটু ভালো হতে পারতো।"
R002522,O003655,5,"Excellent product! Very happy with the purchase."
R002523,O003656,5,"দ্রুত ডেলিভারি মান ভালো।"
R002524,O003657,1,"Very disappointed."
R002525,O003659,3,"Average quality, expected better."
R002526,O003660,4,"Good quality overall."
R002527,O003662,4,"Satisfied with the product."
R002528,O003663,5,"Excellent product, very happy with the purchase."
R002529,O003665,5,"Highly recommend to everyone."
R002530,O003666,2,"পণ্যের মান আশানুরূপ নয়।"
R002531,O003668,3,"কোনো বিশেষ মন্তব্য নেই।"
R002532,O003669,4,"Decent product for the price."
R002533,O003671,4,"ডেলিভারি সময়মতো হয়েছে।"
R002534,O003672,5,"প্যাকেজিং চমৎকার ছিল।"
R002535,O003673,5,"Excellent product! Very happy with the purchase."
R002536,O003675,2,"Not satisfied with the quality."
R002537,O003676,3,"Product is okay."
R002538,O003678,4,"মান ভালো তবে প্যাকেজিং আরেকটু ভালো হতে পারতো।"
R002539,O003679,4,"Good quality overall."
R002540,O003681,5,"দ্রুত ডেলিভারি মান ভালো।"
R002541,O003682,5,"Excellent product, very happy with the purchase."
R002542,O003684,2,"ডেলিভারি দেরিতে হয়েছে।"
R002543,O003685,3,"মোটামুটি পণ্য।"
R002544,O003686,4,"Satisfied with the product."
R002545,O003688,4,"Decent product for the price."
R002546,O003689,5,"Highly recommend to everyone."
R002547,O003691,5,"প্যাকেজিং চমৎকার ছিল।"
R002548,O003692,2,"পণ্যের মান আশানুরূপ নয়।"
R002549,O003694,3,"Average quality, expected better."
R002550,O003695,4,"ডেলিভারি সময়মতো হয়েছে।"
R002551,O003697,4,"মান ভালো তবে প্যাকেজিং আরেকটু ভালো হতে পারতো।"
R002552,O003698,5,"Excellent product! Very happy with the purchase."
R002553,O003700,1,"পণ্য ক্ষতিগ্রস্ত অবস্থায় পৌঁছেছে।"
R002554,O003701,2,"Not satisfied with the quality."
R002555,O003702,3,"কোনো বিশেষ মন্তব্য নেই।"
R002556,O003704,4,"Good quality overall."
R002557,O003705,4,"Satisfied with the product."
R002558,O003707,5,"দ্রুত ডেলিভারি মান ভালো।"
R002559,O003708,1,"খুবই খারাপ অভিজ্ঞতা।"
R002560,O003710,3,"Product is okay."
R002561,O003711,3,"মোটামুটি পণ্য।"
R002562,O003713,4,"Decent product for the price."
R002563,O003714,5,"Excellent product, very happy with the purchase."
R002564,O003715,5,"Highly recommend to everyone."
R002565,O003717,1,"Very disappointed."
R002566,O003718,3,"Average quality, expected better."
R002567,O003720,3,"কোনো বিশেষ মন্তব্য নেই।"
R002568,O003721,4,"ডেলিভারি সময়মতো হয়েছে।"
R002569,O003723,5,"প্যাকেজিং চমৎকার ছিল।"
R002570,O003724,5,"Excellent product! Very happy with the purchase."
R002571,O003726,1,"পণ্য ক্ষতিগ্রস্ত অবস্থায় পৌঁছেছে।"
R002572,O003727,3,"Product is okay."
R002573,O003728,4,"মান ভালো তবে প্যাকেজিং আরেকটু ভালো হতে পারতো।"
R002574,O003730,4,"Good quality overall."
R002575,O003731,5,"দ্রুত ডেলিভারি মান ভালো।"
R002576,O003733,5,"Excellent product, very happy with the purchase."
R002577,O003734,1,"খুবই খারাপ অভিজ্ঞতা।"
R002578,O003736,3,"মোটামুটি পণ্য।"
R002579,O003737,4,"Satisfied with the product."
R002580,O003739,4,"Decent product for the price."
R002581,O003740,5,"Highly recommend to everyone."
R002582,O003742,5,"প্যাকেজিং চমৎকার ছিল।"
R002583,O003743,2,"ডেলিভারি দেরিতে হয়েছে।"
R002584,O003744,3,"Average quality, expected better."
R002585,O003746,4,"ডেলিভারি সময়মতো হয়েছে।"
R002586,O003747,4,"মান ভালো তবে প্যাকেজিং আরেকটু ভালো হতে পারতো।"
R002587,O003749,5,"Excellent product! Very happy with the purchase."
R002588,O003750,5,"দ্রুত ডেলিভারি মান ভালো।"
R002589,O003752,2,"পণ্যের মান আশানুরূপ নয়।"
R002590,O003753,3,"কোনো বিশেষ মন্তব্য নেই।"
R002591,O003755,4,"Good quality overall."
R002592,O003756,4,"Satisfied with the product."
R002593,O003757,5,"Excellent product, very happy with the purchase."
R002594,O003759,5,"Highly recommend to everyone."
R002595,O003760,2,"Not satisfied with the quality."
R002596,O003762,3,"Product is okay."
R002597,O003763,4,"Decent product for the price."
R002598,O003765,4,"ডেলিভারি সময়মতো হয়েছে।"
R002599,O003766,5,"প্যাকেজিং চমৎকার ছিল।"
R002600,O003768,1,"Very disappointed."
R002601,O003769,2,"ডেলিভারি দেরিতে হয়েছে।"
R002602,O003771,3,"মোটামুটি পণ্য।"
R002603,O003772,4,"মান ভালো তবে প্যাকেজিং আরেকটু ভালো হতে পারতো।"
R002604,O003773,4,"Good quality overall."
R002605,O003775,5,"Excellent product! Very happy with the purchase."
R002606,O003776,1,"পণ্য ক্ষতিগ্রস্ত অবস্থায় পৌঁছেছে।"
R002607,O003778,2,"পণ্যের মান আশানুরূপ নয়।"
R002608,O003779,3,"Average quality, expected better."
R002609,O003781,4,"Satisfied with the product."
R002610,O003782,5,"দ্রুত ডেলিভারি মান ভালো।"
R002611,O003784,5,"Excellent product, very happy with the purchase."
R002612,O003785,1,"খুবই খারাপ অভিজ্ঞতা।"
R002613,O003786,3,"কোনো বিশেষ মন্তব্য নেই।"
R002614,O003788,3,"Product is okay."
R002615,O003789,4,"Decent product for the price."
R002616,O003791,5,"Highly recommend to everyone."
R002617,O003792,5,"প্যাকেজিং চমৎকার ছিল।"
R002618,O003794,1,"Very disappointed."
R002619,O003795,3,"মোটামুটি পণ্য।"
R002620,O003797,4,"ডেলিভারি সময়মতো হয়েছে।"
R002621,O003798,4,"মান ভালো তবে প্যাকেজিং আরেকটু ভালো হতে পারতো।"
R002622,O003800,5,"Excellent product! Very happy with the purchase."
R002623,O003801,5,"দ্রুত ডেলিভারি মান ভালো।"
R002624,O003802,1,"পণ্য ক্ষতিগ্রস্ত অবস্থায় পৌঁছেছে।"
R002625,O003804,3,"Average quality, expected better."
R002626,O003805,4,"Good quality overall."
R002627,O003807,4,"Satisfied with the product."
R002628,O003808,5,"Excellent product, very happy with the purchase."
R002629,O003810,5,"Highly recommend to everyone."
R002630,O003811,2,"Not satisfied with the quality."
R002631,O003813,3,"কোনো বিশেষ মন্তব্য নেই।"
R002632,O003814,4,"Decent product for the price."
R002633,O003815,4,"ডেলিভারি সময়মতো হয়েছে।"
R002634,O003817,5,"প্যাকেজিং চমৎকার ছিল।"
R002635,O003818,5,"Excellent product! Very happy with the purchase."
R002636,O003820,2,"ডেলিভারি দেরিতে হয়েছে।"
R002637,O003821,3,"Product is okay."
R002638,O003823,4,"মান ভালো তবে প্যাকেজিং আরেকটু ভালো হতে পারতো।"
R002639,O003824,4,"Good quality overall."
R002640,O003826,5,"দ্রুত ডেলিভারি মান ভালো।"
R002641,O003827,5,"Excellent product, very happy with the purchase."
R002642,O003828,2,"পণ্যের মান আশানুরূপ নয়।"
R002643,O003830,3,"মোটামুটি পণ্য।"
R002644,O003831,4,"Satisfied with the product."
R002645,O003833,4,"Decent product for the price."
R002646,O003834,5,"Highly recommend to everyone."
R002647,O003836,5,"প্যাকেজিং চমৎকার ছিল।"
R002648,O003837,2,"Not satisfied with the quality."
R002649,O003839,3,"Average quality, expected better."
R002650,O003840,4,"ডেলিভারি সময়মতো হয়েছে।"
R002651,O003842,4,"মান ভালো তবে প্যাকেজিং আরেকটু ভালো হতে পারতো।"
R002652,O003843,5,"Excellent product! Very happy with the purchase."
R002653,O003844,1,"খুবই খারাপ অভিজ্ঞতা।"
R002654,O003846,2,"ডেলিভারি দেরিতে হয়েছে।"
R002655,O003847,3,"কোনো বিশেষ মন্তব্য নেই।"
R002656,O003849,4,"Good quality overall."
R002657,O003850,4,"Satisfied with the product."
R002658,O003852,5,"দ্রুত ডেলিভারি মান ভালো।"
R002659,O003853,1,"Very disappointed."
R002660,O003855,3,"Product is okay."
R002661,O003856,3,"মোটামুটি পণ্য।"
R002662,O003857,4,"Decent product for the price."
R002663,O003859,5,"Excellent product, very happy with the purchase."
R002664,O003860,5,"Highly recommend to everyone."
R002665,O003862,1,"পণ্য ক্ষতিগ্রস্ত অবস্থায় পৌঁছেছে।"
R002666,O003863,3,"Average quality, expected better."
R002667,O003865,3,"কোনো বিশেষ মন্তব্য নেই।"
R002668,O003866,4,"ডেলিভারি সময়মতো হয়েছে।"
R002669,O003868,5,"প্যাকেজিং চমৎকার ছিল।"
R002670,O003869,5,"Excellent product! Very happy with the purchase."
R002671,O003871,1,"খুবই খারাপ অভিজ্ঞতা।"
R002672,O003872,3,"Product is okay."
R002673,O003873,4,"মান ভালো তবে প্যাকেজিং আরেকটু ভালো হতে পারতো।"
R002674,O003875,4,"Good quality overall."
R002675,O003876,5,"দ্রুত ডেলিভারি মান ভালো।"
R002676,O003878,5,"Excellent product, very happy with the purchase."
R002677,O003879,1,"Very disappointed."
R002678,O003881,3,"মোটামুটি পণ্য।"
R002679,O003882,4,"Satisfied with the product."
R002680,O003884,4,"Decent product for the price."
R002681,O003885,5,"Highly recommend to everyone."
R002682,O003886,5,"প্যাকেজিং চমৎকার ছিল।"
R002683,O003888,2,"পণ্যের মান আশানুরূপ নয়।"
R002684,O003889,3,"Average quality, expected better."
R002685,O003891,4,"ডেলিভারি সময়মতো হয়েছে।"
R002686,O003892,4,"মান ভালো তবে প্যাকেজিং আরেকটু ভালো হতে পারতো।"
R002687,O003894,5,"Excellent product! Very happy with the purchase."
R002688,O003895,5,"দ্রুত ডেলিভারি মান ভালো।"
R002689,O003897,2,"Not satisfied with the quality."
R002690,O003898,3,"কোনো বিশেষ মন্তব্য নেই।"
R002691,O003900,4,"Good quality overall."
R002692,O003901,4,"Satisfied with the product."
R002693,O003902,5,"Excellent product, very happy with the purchase."
R002694,O003904,5,"Highly recommend to everyone."
R002695,O003905,2,"ডেলিভারি দেরিতে হয়েছে।"
R002696,O003907,3,"Product is okay."
R002697,O003908,4,"Decent product for the price."
R002698,O003910,4,"ডেলিভারি সময়মতো হয়েছে।"
R002699,O003911,5,"প্যাকেজিং চমৎকার ছিল।"
R002700,O003913,1,"পণ্য ক্ষতিগ্রস্ত অবস্থায় পৌঁছেছে।"
R002701,O003914,2,"পণ্যের মান আশানুরূপ নয়।"
R002702,O003915,3,"মোটামুটি পণ্য।"
R002703,O003917,4,"মান ভালো তবে প্যাকেজিং আরেকটু ভালো হতে পারতো।"
R002704,O003918,4,"Good quality overall."
R002705,O003920,5,"Excellent product! Very happy with the purchase."
R002706,O003921,1,"খুবই খারাপ অভিজ্ঞতা।"
R002707,O003923,2,"Not satisfied with the quality."
R002708,O003924,3,"Average quality, expected better."
R002709,O003926,4,"Satisfied with the product."
R002710,O003927,5,"দ্রুত ডেলিভারি মান ভালো।"
R002711,O003928,5,"Excellent product, very happy with the purchase."
R002712,O003930,1,"Very disappointed."
R002713,O003931,3,"কোনো বিশেষ মন্তব্য নেই।"
R002714,O003933,3,"Product is okay."
R002715,O003934,4,"Decent product for the price."
R002716,O003936,5,"Highly recommend to everyone."
R002717,O003937,5,"প্যাকেজিং চমৎকার ছিল।"
R002718,O003939,1,"পণ্য ক্ষতিগ্রস্ত অবস্থায় পৌঁছেছে।"
R002719,O003940,3,"মোটামুটি পণ্য।"
R002720,O003942,4,"ডেলিভারি সময়মতো হয়েছে।"
R002721,O003943,4,"মান ভালো তবে প্যাকেজিং আরেকটু ভালো হতে পারতো।"
R002722,O003944,5,"Excellent product! Very happy with the purchase."
R002723,O003946,5,"দ্রুত ডেলিভারি মান ভালো।"
R002724,O003947,1,"খুবই খারাপ অভিজ্ঞতা।"
R002725,O003949,3,"Average quality, expected better."
R002726,O003950,4,"Good quality overall."
R002727,O003952,4,"Satisfied with the product."
R002728,O003953,5,"Excellent product, very happy with the purchase."
R002729,O003955,5,"Highly recommend to everyone."
R002730,O003956,2,"ডেলিভারি দেরিতে হয়েছে।"
R002731,O003957,3,"কোনো বিশেষ মন্তব্য নেই।"
R002732,O003959,4,"Decent product for the price."
R002733,O003960,4,"ডেলিভারি সময়মতো হয়েছে।"
R002734,O003962,5,"প্যাকেজিং চমৎকার ছিল।"
R002735,O003963,5,"Excellent product! Very happy with the purchase."
R002736,O003965,2,"পণ্যের মান আশানুরূপ নয়।"
R002737,O003966,3,"Product is okay."
R002738,O003968,4,"মান ভালো তবে প্যাকেজিং আরেকটু ভালো হতে পারতো।"
R002739,O003969,4,"Good quality overall."
R002740,O003971,5,"দ্রুত ডেলিভারি মান ভালো।"
R002741,O003972,5,"Excellent product, very happy with the purchase."
R002742,O003973,2,"Not satisfied with the quality."
R002743,O003975,3,"মোটামুটি পণ্য।"
R002744,O003976,4,"Satisfied with the product."
R002745,O003978,4,"Decent product for the price."
R002746,O003979,5,"Highly recommend to everyone."
R002747,O003981,5,"প্যাকেজিং চমৎকার ছিল।"
R002748,O003982,2,"ডেলিভারি দেরিতে হয়েছে।"
R002749,O003984,3,"Average quality, expected better."
R002750,O003985,4,"ডেলিভারি সময়মতো হয়েছে।"
R002751,O003986,4,"মান ভালো তবে প্যাকেজিং আরেকটু ভালো হতে পারতো।"
R002752,O003988,5,"Excellent product! Very happy with the purchase."
R002753,O003989,1,"Very disappointed."
R002754,O003991,2,"পণ্যের মান আশানুরূপ নয়।"
R002755,O003992,3,"কোনো বিশেষ মন্তব্য নেই।"
R002756,O003994,4,"Good quality overall."
R002757,O003995,4,"Satisfied with the product."
R002758,O003997,5,"দ্রুত ডেলিভারি মান ভালো।"
R002759,O003998,1,"পণ্য ক্ষতিগ্রস্ত অবস্থায় পৌঁছেছে।"
R002760,O004000,3,"Product is okay."
R002761,O004001,3,"মোটামুটি পণ্য।"
R002762,O004002,4,"Decent product for the price."
R002763,O004004,5,"Excellent product, very happy with the purchase."
R002764,O004005,5,"Highly recommend to everyone."
R002765,O004007,1,"খুবই খারাপ অভিজ্ঞতা।"
R002766,O004008,3,"Average quality, expected better."
R002767,O004010,3,"কোনো বিশেষ মন্তব্য নেই।"
R002768,O004011,4,"ডেলিভারি সময়মতো হয়েছে।"
R002769,O004013,5,"প্যাকেজিং চমৎকার ছিল।"
R002770,O004014,5,"Excellent product! Very happy with the purchase."
R002771,O004015,1,"Very disappointed."
R002772,O004017,3,"Product is okay."
R002773,O004018,4,"মান ভালো তবে প্যাকেজিং আরেকটু ভালো হতে পারতো।"
R002774,O004020,4,"Good quality overall."
R002775,O004021,5,"দ্রুত ডেলিভারি মান ভালো।"
R002776,O004023,5,"Excellent product, very happy with the purchase."
R002777,O004024,1,"পণ্য ক্ষতিগ্রস্ত অবস্থায় পৌঁছেছে।"
R002778,O004026,3,"মোটামুটি পণ্য।"
R002779,O004027,4,"Satisfied with the product."
R002780,O004028,4,"Decent product for the price."
R002781,O004030,5,"Highly recommend to everyone."
R002782,O004031,5,"প্যাকেজিং চমৎকার ছিল।"
R002783,O004033,2,"Not satisfied with the quality."
R002784,O004034,3,"Average quality, expected better."
R002785,O004036,4,"ডেলিভারি সময়মতো হয়েছে।"
R002786,O004037,4,"মান ভালো তবে প্যাকেজিং আরেকটু ভালো হতে পারতো।"
R002787,O004039,5,"Excellent product! Very happy with the purchase."
R002788,O004040,5,"দ্রুত ডেলিভারি মান ভালো।"
R002789,O004042,2,"ডেলিভারি দেরিতে হয়েছে।"
R002790,O004043,3,"কোনো বিশেষ মন্তব্য নেই।"
R002791,O004044,4,"Good quality overall."
R002792,O004046,4,"Satisfied with the product."
R002793,O004047,5,"Excellent product, very happy with the purchase."
R002794,O004049,5,"Highly recommend to everyone."
R002795,O004050,2,"পণ্যের মান আশানুরূপ নয়।"
R002796,O004052,3,"Product is okay."
R002797,O004053,4,"Decent product for the price."
R002798,O004055,4,"ডেলিভারি সময়মতো হয়েছে।"
R002799,O004056,5,"প্যাকেজিং চমৎকার ছিল।"
R002800,O004057,1,"খুবই খারাপ অভিজ্ঞতা।"
R002801,O004059,2,"Not satisfied with the quality."
R002802,O004060,3,"মোটামুটি পণ্য।"
R002803,O004062,4,"মান ভালো তবে প্যাকেজিং আরেকটু ভালো হতে পারতো।"
R002804,O004063,4,"Good quality overall."
R002805,O004065,5,"Excellent product! Very happy with the purchase."
R002806,O004066,1,"Very disappointed."
R002807,O004068,2,"ডেলিভারি দেরিতে হয়েছে।"
R002808,O004069,3,"Average quality, expected better."
R002809,O004071,4,"Satisfied with the product."
R002810,O004072,5,"দ্রুত ডেলিভারি মান ভালো।"
R002811,O004073,5,"Excellent product, very happy with the purchase."
R002812,O004075,1,"পণ্য ক্ষতিগ্রস্ত অবস্থায় পৌঁছেছে।"
R002813,O004076,3,"কোনো বিশেষ মন্তব্য নেই।"
R002814,O004078,3,"Product is okay."
R002815,O004079,4,"Decent product for the price."
R002816,O004081,5,"Highly recommend to everyone."
R002817,O004082,5,"প্যাকেজিং চমৎকার ছিল।"
R002818,O004084,1,"খুবই খারাপ অভিজ্ঞতা।"
R002819,O004085,3,"মোটামুটি পণ্য।"
R002820,O004086,4,"ডেলিভারি সময়মতো হয়েছে।"
R002821,O004088,4,"মান ভালো তবে প্যাকেজিং আরেকটু ভালো হতে পারতো।"
R002822,O004089,5,"Excellent product! Very happy with the purchase."
R002823,O004091,5,"দ্রুত ডেলিভারি মান ভালো।"
R002824,O004092,1,"Very disappointed."
R002825,O004094,3,"Average quality, expected better."
R002826,O004095,4,"Good quality overall."
R002827,O004097,4,"Satisfied with the product."
R002828,O004098,5,"Excellent product, very happy with the purchase."
R002829,O004100,5,"Highly recommend to everyone."
R002830,O004101,2,"পণ্যের মান আশানুরূপ নয়।"
R002831,O004102,3,"কোনো বিশেষ মন্তব্য নেই।"
R002832,O004104,4,"Decent product for the price."
R002833,O004105,4,"ডেলিভারি সময়মতো হয়েছে।"
R002834,O004107,5,"প্যাকেজিং চমৎকার ছিল।"
R002835,O004108,5,"Excellent product! Very happy with the purchase."
R002836,O004110,2,"Not satisfied with the quality."
R002837,O004111,3,"Product is okay."
R002838,O004113,4,"মান ভালো তবে প্যাকেজিং আরেকটু ভালো হতে পারতো।"
R002839,O004114,4,"Good quality overall."
R002840,O004115,5,"দ্রুত ডেলিভারি মান ভালো।"
R002841,O004117,5,"Excellent product, very happy with the purchase."
R002842,O004118,2,"ডেলিভারি দেরিতে হয়েছে।"
R002843,O004120,3,"মোটামুটি পণ্য।"
R002844,O004121,4,"Satisfied with the product."
R002845,O004123,4,"Decent product for the price."
R002846,O004124,5,"Highly recommend to everyone."
R002847,O004126,5,"প্যাকেজিং চমৎকার ছিল।"
R002848,O004127,2,"পণ্যের মান আশানুরূপ নয়।"
R002849,O004128,3,"Average quality, expected better."
R002850,O004130,4,"ডেলিভারি সময়মতো হয়েছে।"
R002851,O004131,4,"মান ভালো তবে প্যাকেজিং আরেকটু ভালো হতে পারতো।"
R002852,O004133,5,"Excellent product! Very happy with the purchase."
R002853,O004134,1,"পণ্য ক্ষতিগ্রস্ত অবস্থায় পৌঁছেছে।"
R002854,O004136,2,"Not satisfied with the quality."
R002855,O004137,3,"কোনো বিশেষ মন্তব্য নেই।"
R002856,O004139,4,"Good quality overall."
R002857,O004140,4,"Satisfied with the product."
R002858,O004142,5,"দ্রুত ডেলিভারি মান ভালো।"
R002859,O004143,1,"খুবই খারাপ অভিজ্ঞতা।"
R002860,O004144,3,"Product is okay."
R002861,O004146,3,"মোটামুটি পণ্য।"
R002862,O004147,4,"Decent product for the price."
R002863,O004149,5,"Excellent product, very happy with the purchase."
R002864,O004150,5,"Highly recommend to everyone."
R002865,O004152,1,"Very disappointed."
R002866,O004153,3,"Average quality, expected better."
R002867,O004155,3,"কোনো বিশেষ মন্তব্য নেই।"
R002868,O004156,4,"ডেলিভারি সময়মতো হয়েছে।"
R002869,O004157,5,"প্যাকেজিং চমৎকার ছিল।"
R002870,O004159,5,"Excellent product! Very happy with the purchase."
R002871,O004160,1,"পণ্য ক্ষতিগ্রস্ত অবস্থায় পৌঁছেছে।"
R002872,O004162,3,"Product is okay."
R002873,O004163,4,"মান ভালো তবে প্যাকেজিং আরেকটু ভালো হতে পারতো।"
R002874,O004165,4,"Good quality overall."
R002875,O004166,5,"দ্রুত ডেলিভারি মান ভালো।"
R002876,O004168,5,"Excellent product, very happy with the purchase."
R002877,O004169,1,"খুবই খারাপ অভিজ্ঞতা।"
R002878,O004171,3,"মোটামুটি পণ্য।"
R002879,O004172,4,"Satisfied with the product."
R002880,O004173,4,"Decent product for the price."
R002881,O004175,5,"Highly recommend to everyone."
R002882,O004176,5,"প্যাকেজিং চমৎকার ছিল।"
R002883,O004178,2,"ডেলিভারি দেরিতে হয়েছে।"
R002884,O004179,3,"Average quality, expected better."
R002885,O004181,4,"ডেলিভারি সময়মতো হয়েছে।"
R002886,O004182,4,"মান ভালো তবে প্যাকেজিং আরেকটু ভালো হতে পারতো।"
R002887,O004184,5,"Excellent product! Very happy with the purchase."
R002888,O004185,5,"দ্রুত ডেলিভারি মান ভালো।"
R002889,O004186,2,"পণ্যের মান আশানুরূপ নয়।"
R002890,O004188,3,"কোনো বিশেষ মন্তব্য নেই।"
R002891,O004189,4,"Good quality overall."
R002892,O004191,4,"Satisfied with the product."
R002893,O004192,5,"Excellent product, very happy with the purchase."
R002894,O004194,5,"Highly recommend to everyone."
R002895,O004195,2,"Not satisfied with the quality."
R002896,O004197,3,"Product is okay."
R002897,O004198,4,"Decent product for the price."
R002898,O004200,4,"ডেলিভারি সময়মতো হয়েছে।"
R002899,O004201,5,"প্যাকেজিং চমৎকার ছিল।"
R002900,O004202,1,"Very disappointed."
R002901,O004204,2,"ডেলিভারি দেরিতে হয়েছে।"
R002902,O004205,3,"মোটামুটি পণ্য।"
R002903,O004207,4,"মান ভালো তবে প্যাকেজিং আরেকটু ভালো হতে পারতো।"
R002904,O004208,4,"Good quality overall."
R002905,O004210,5,"Excellent product! Very happy with the purchase."
R002906,O004211,1,"পণ্য ক্ষতিগ্রস্ত অবস্থায় পৌঁছেছে।"
R002907,O004213,2,"পণ্যের মান আশানুরূপ নয়।"
R002908,O004214,3,"Average quality, expected better."
R002909,O004215,4,"Satisfied with the product."
R002910,O004217,5,"দ্রুত ডেলিভারি মান ভালো।"
R002911,O004218,5,"Excellent product, very happy with the purchase."
R002912,O004220,1,"খুবই খারাপ অভিজ্ঞতা।"
R002913,O004221,3,"কোনো বিশেষ মন্তব্য নেই।"
R002914,O004223,3,"Product is okay."
R002915,O004224,4,"Decent product for the price."
R002916,O004226,5,"Highly recommend to everyone."
R002917,O004227,5,"প্যাকেজিং চমৎকার ছিল।"
R002918,O004228,1,"Very disappointed."
R002919,O004230,3,"মোটামুটি পণ্য।"
R002920,O004231,4,"ডেলিভারি সময়মতো হয়েছে।"
R002921,O004233,4,"মান ভালো তবে প্যাকেজিং আরেকটু ভালো হতে পারতো।"
R002922,O004234,5,"Excellent product! Very happy with the purchase."
R002923,O004236,5,"দ্রুত ডেলিভারি মান ভালো।"
R002924,O004237,1,"পণ্য ক্ষতিগ্রস্ত অবস্থায় পৌঁছেছে।"
R002925,O004239,3,"Average quality, expected better."
R002926,O004240,4,"Good quality overall."
R002927,O004242,4,"Satisfied with the product."
R002928,O004243,5,"Excellent product, very happy with the purchase."
R002929,O004244,5,"Highly recommend to everyone."
R002930,O004246,2,"Not satisfied with the quality."
R002931,O004247,3,"কোনো বিশেষ মন্তব্য নেই।"
R002932,O004249,4,"Decent product for the price."
R002933,O004250,4,"ডেলিভারি সময়মতো হয়েছে।"
R002934,O004252,5,"প্যাকেজিং চমৎকার ছিল।"
R002935,O004253,5,"Excellent product! Very happy with the purchase."
R002936,O004255,2,"ডেলিভারি দেরিতে হয়েছে।"
R002937,O004256,3,"Product is okay."
R002938,O004257,4,"মান ভালো তবে প্যাকেজিং আরেকটু ভালো হতে পারতো।"
R002939,O004259,4,"Good quality overall."
R002940,O004260,5,"দ্রুত ডেলিভারি মান ভালো।"
R002941,O004262,5,"Excellent product, very happy with the purchase."
R002942,O004263,2,"পণ্যের মান আশানুরূপ নয়।"
R002943,O004265,3,"মোটামুটি পণ্য।"
R002944,O004266,4,"Satisfied with the product."
R002945,O004268,4,"Decent product for the price."
R002946,O004269,5,"Highly recommend to everyone."
R002947,O004271,5,"প্যাকেজিং চমৎকার ছিল।"
R002948,O004272,2,"Not satisfied with the quality."
R002949,O004273,3,"Average quality, expected better."
R002950,O004275,4,"ডেলিভারি সময়মতো হয়েছে।"
R002951,O004276,4,"মান ভালো তবে প্যাকেজিং আরেকটু ভালো হতে পারতো।"
R002952,O004278,5,"Excellent product! Very happy with the purchase."
R002953,O004279,1,"খুবই খারাপ অভিজ্ঞতা।"
R002954,O004281,2,"ডেলিভারি দেরিতে হয়েছে।"
R002955,O004282,3,"কোনো বিশেষ মন্তব্য নেই।"
R002956,O004284,4,"Good quality overall."
R002957,O004285,4,"Satisfied with the product."
R002958,O004286,5,"দ্রুত ডেলিভারি মান ভালো।"
R002959,O004288,1,"Very disappointed."
R002960,O004289,3,"Product is okay."
R002961,O004291,3,"মোটামুটি পণ্য।"
R002962,O004292,4,"Decent product for the price."
R002963,O004294,5,"Excellent product, very happy with the purchase."
R002964,O004295,5,"Highly recommend to everyone."
R002965,O004297,1,"পণ্য ক্ষতিগ্রস্ত অবস্থায় পৌঁছেছে।"
R002966,O004298,3,"Average quality, expected better."
R002967,O004300,3,"কোনো বিশেষ মন্তব্য নেই।"
R002968,O004301,4,"ডেলিভারি সময়মতো হয়েছে।"
R002969,O004302,5,"প্যাকেজিং চমৎকার ছিল।"
R002970,O004304,5,"Excellent product! Very happy with the purchase."
R002971,O004305,1,"খুবই খারাপ অভিজ্ঞতা।"
R002972,O004307,3,"Product is okay."
R002973,O004308,4,"মান ভালো তবে প্যাকেজিং আরেকটু ভালো হতে পারতো।"
R002974,O004310,4,"Good quality overall."
R002975,O004311,5,"দ্রুত ডেলিভারি মান ভালো।"
R002976,O004313,5,"Excellent product, very happy with the purchase."
R002977,O004314,1,"Very disappointed."
R002978,O004315,3,"মোটামুটি পণ্য।"
R002979,O004317,4,"Satisfied with the product."
R002980,O004318,4,"Decent product for the price."
R002981,O004320,5,"Highly recommend to everyone."
R002982,O004321,5,"প্যাকেজিং চমৎকার ছিল।"
R002983,O004323,2,"পণ্যের মান আশানুরূপ নয়।"
R002984,O004324,3,"Average quality, expected better."
R002985,O004326,4,"ডেলিভারি সময়মতো হয়েছে।"
R002986,O004327,4,"মান ভালো তবে প্যাকেজিং আরেকটু ভালো হতে পারতো।"
R002987,O004328,5,"Excellent product! Very happy with the purchase."
R002988,O004330,5,"দ্রুত ডেলিভারি মান ভালো।"
R002989,O004331,2,"Not satisfied with the quality."
R002990,O004333,3,"কোনো বিশেষ মন্তব্য নেই।"
R002991,O004334,4,"Good quality overall."
R002992,O004336,4,"Satisfied with the product."
R002993,O004337,5,"Excellent product, very happy with the purchase."
R002994,O004339,5,"Highly recommend to everyone."
R002995,O004340,2,"ডেলিভারি দেরিতে হয়েছে।"
R002996,O004342,3,"Product is okay."
R002997,O004343,4,"Decent product for the price."
R002998,O004344,4,"ডেলিভারি সময়মতো হয়েছে।"
R002999,O004346,5,"প্যাকেজিং চমৎকার ছিল।"
R003000,O004347,1,"পণ্য ক্ষতিগ্রস্ত অবস্থায় পৌঁছেছে।"
R003001,O004349,2,"পণ্যের মান আশানুরূপ নয়।"
R003002,O004350,3,"মোটামুটি পণ্য।"
R003003,O004352,4,"মান ভালো তবে প্যাকেজিং আরেকটু ভালো হতে পারতো।"
R003004,O004353,4,"Good quality overall."
R003005,O004355,5,"Excellent product! Very happy with the purchase."
R003006,O004356,1,"খুবই খারাপ অভিজ্ঞতা।"
R003007,O004357,2,"Not satisfied with the quality."
R003008,O004359,3,"Average quality, expected better."
R003009,O004360,4,"Satisfied with the product."
R003010,O004362,5,"দ্রুত ডেলিভারি মান ভালো।"
R003011,O004363,5,"Excellent product, very happy with the purchase."
R003012,O004365,1,"Very disappointed."
R003013,O004366,3,"কোনো বিশেষ মন্তব্য নেই।"
R003014,O004368,3,"Product is okay."
R003015,O004369,4,"Decent product for the price."
R003016,O004371,5,"Highly recommend to everyone."
R003017,O004372,5,"প্যাকেজিং চমৎকার ছিল।"
R003018,O004373,1,"পণ্য ক্ষতিগ্রস্ত অবস্থায় পৌঁছেছে।"
R003019,O004375,3,"মোটামুটি পণ্য।"
R003020,O004376,4,"ডেলিভারি সময়মতো হয়েছে।"
R003021,O004378,4,"মান ভালো তবে প্যাকেজিং আরেকটু ভালো হতে পারতো।"
R003022,O004379,5,"Excellent product! Very happy with the purchase."
R003023,O004381,5,"দ্রুত ডেলিভারি মান ভালো।"
R003024,O004382,1,"খুবই খারাপ অভিজ্ঞতা।"
R003025,O004384,3,"Average quality, expected better."
R003026,O004385,4,"Good quality overall."
R003027,O004386,4,"Satisfied with the product."
R003028,O004388,5,"Excellent product, very happy with the purchase."
R003029,O004389,5,"Highly recommend to everyone."
R003030,O004391,2,"ডেলিভারি দেরিতে হয়েছে।"
R003031,O004392,3,"কোনো বিশেষ মন্তব্য নেই।"
R003032,O004394,4,"Decent product for the price."
R003033,O004395,4,"ডেলিভারি সময়মতো হয়েছে।"
R003034,O004397,5,"প্যাকেজিং চমৎকার ছিল।"
R003035,O004398,5,"Excellent product! Very happy with the purchase."
R003036,O004400,2,"পণ্যের মান আশানুরূপ নয়।"
R003037,O004401,3,"Product is okay."
R003038,O004402,4,"মান ভালো তবে প্যাকেজিং আরেকটু ভালো হতে পারতো।"
R003039,O004404,4,"Good quality overall."
R003040,O004405,5,"দ্রুত ডেলিভারি মান ভালো।"
R003041,O004407,5,"Excellent product, very happy with the purchase."
R003042,O004408,2,"Not satisfied with the quality."
R003043,O004410,3,"মোটামুটি পণ্য।"
R003044,O004411,4,"Satisfied with the product."
R003045,O004413,4,"Decent product for the price."
R003046,O004414,5,"Highly recommend to everyone."
R003047,O004415,5,"প্যাকেজিং চমৎকার ছিল।"
R003048,O004417,2,"ডেলিভারি দেরিতে হয়েছে।"
R003049,O004418,3,"Average quality, expected better."
R003050,O004420,4,"ডেলিভারি সময়মতো হয়েছে।"
R003051,O004421,4,"মান ভালো তবে প্যাকেজিং আরেকটু ভালো হতে পারতো।"
R003052,O004423,5,"Excellent product! Very happy with the purchase."
R003053,O004424,1,"Very disappointed."
R003054,O004426,2,"পণ্যের মান আশানুরূপ নয়।"
R003055,O004427,3,"কোনো বিশেষ মন্তব্য নেই।"
R003056,O004428,4,"Good quality overall."
R003057,O004430,4,"Satisfied with the product."
R003058,O004431,5,"দ্রুত ডেলিভারি মান ভালো।"
R003059,O004433,1,"পণ্য ক্ষতিগ্রস্ত অবস্থায় পৌঁছেছে।"
R003060,O004434,3,"Product is okay."
R003061,O004436,3,"মোটামুটি পণ্য।"
R003062,O004437,4,"Decent product for the price."
R003063,O004439,5,"Excellent product, very happy with the purchase."
R003064,O004440,5,"Highly recommend to everyone."
R003065,O004442,1,"খুবই খারাপ অভিজ্ঞতা।"
R003066,O004443,3,"Average quality, expected better."
R003067,O004444,3,"কোনো বিশেষ মন্তব্য নেই।"
R003068,O004446,4,"ডেলিভারি সময়মতো হয়েছে।"
R003069,O004447,5,"প্যাকেজিং চমৎকার ছিল।"
R003070,O004449,5,"Excellent product! Very happy with the purchase."
R003071,O004450,1,"Very disappointed."
R003072,O004452,3,"Product is okay."
R003073,O004453,4,"মান ভালো তবে প্যাকেজিং আরেকটু ভালো হতে পারতো।"
R003074,O004455,4,"Good quality overall."
R003075,O004456,5,"দ্রুত ডেলিভারি মান ভালো।"
R003076,O004457,5,"Excellent product, very happy with the purchase."
R003077,O004459,1,"পণ্য ক্ষতিগ্রস্ত অবস্থায় পৌঁছেছে।"
R003078,O004460,3,"মোটামুটি পণ্য।"
R003079,O004462,4,"Satisfied with the product."
R003080,O004463,4,"Decent product for the price."
R003081,O004465,5,"Highly recommend to everyone."
R003082,O004466,5,"প্যাকেজিং চমৎকার ছিল।"
R003083,O004468,2,"Not satisfied with the quality."
R003084,O004469,3,"Average quality, expected better."
R003085,O004471,4,"ডেলিভারি সময়মতো হয়েছে।"
R003086,O004472,4,"মান ভালো তবে প্যাকেজিং আরেকটু ভালো হতে পারতো।"
R003087,O004473,5,"Excellent product! Very happy with the purchase."
R003088,O004475,5,"দ্রুত ডেলিভারি মান ভালো।"
R003089,O004476,2,"ডেলিভারি দেরিতে হয়েছে।"
R003090,O004478,3,"কোনো বিশেষ মন্তব্য নেই।"
R003091,O004479,4,"Good quality overall."
R003092,O004481,4,"Satisfied with the product."
R003093,O004482,5,"Excellent product, very happy with the purchase."
R003094,O004484,5,"Highly recommend to everyone."
R003095,O004485,2,"পণ্যের মান আশানুরূপ নয়।"
R003096,O004486,3,"Product is okay."
R003097,O004488,4,"Decent product for the price."
R003098,O004489,4,"ডেলিভারি সময়মতো হয়েছে।"
R003099,O004491,5,"প্যাকেজিং চমৎকার ছিল।"
R003100,O004492,1,"খুবই খারাপ অভিজ্ঞতা।"
R003101,O004494,2,"Not satisfied with the quality."
R003102,O004495,3,"মোটামুটি পণ্য।"
R003103,O004497,4,"মান ভালো তবে প্যাকেজিং আরেকটু ভালো হতে পারতো।"
R003104,O004498,4,"Good quality overall."
R003105,O004500,5,"Excellent product! Very happy with the purchase."
R003106,O004501,1,"Very disappointed."
R003107,O004502,2,"ডেলিভারি দেরিতে হয়েছে।"
R003108,O004504,3,"Average quality, expected better."
R003109,O004505,4,"Satisfied with the product."
R003110,O004507,5,"দ্রুত ডেলিভারি মান ভালো।"
R003111,O004508,5,"Excellent product, very happy with the purchase."
R003112,O004510,1,"পণ্য ক্ষতিগ্রস্ত অবস্থায় পৌঁছেছে।"
R003113,O004511,3,"কোনো বিশেষ মন্তব্য নেই।"
R003114,O004513,3,"Product is okay."
R003115,O004514,4,"Decent product for the price."
R003116,O004515,5,"Highly recommend to everyone."
R003117,O004517,5,"প্যাকেজিং চমৎকার ছিল।"
R003118,O004518,1,"খুবই খারাপ অভিজ্ঞতা।"
R003119,O004520,3,"মোটামুটি পণ্য।"
R003120,O004521,4,"ডেলিভারি সময়মতো হয়েছে।"
R003121,O004523,4,"মান ভালো তবে প্যাকেজিং আরেকটু ভালো হতে পারতো।"
R003122,O004524,5,"Excellent product! Very happy with the purchase."
R003123,O004526,5,"দ্রুত ডেলিভারি মান ভালো।"
R003124,O004527,1,"Very disappointed."
R003125,O004528,3,"Average quality, expected better."
R003126,O004530,4,"Good quality overall."
R003127,O004531,4,"Satisfied with the product."
R003128,O004533,5,"Excellent product, very happy with the purchase."
R003129,O004534,5,"Highly recommend to everyone."
R003130,O004536,2,"পণ্যের মান আশানুরূপ নয়।"
R003131,O004537,3,"কোনো বিশেষ মন্তব্য নেই।"
R003132,O004539,4,"Decent product for the price."
R003133,O004540,4,"ডেলিভারি সময়মতো হয়েছে।"
R003134,O004542,5,"প্যাকেজিং চমৎকার ছিল।"
R003135,O004543,5,"Excellent product! Very happy with the purchase."
R003136,O004544,2,"Not satisfied with the quality."
R003137,O004546,3,"Product is okay."
R003138,O004547,4,"মান ভালো তবে প্যাকেজিং আরেকটু ভালো হতে পারতো।"
R003139,O004549,4,"Good quality overall."
R003140,O004550,5,"দ্রুত ডেলিভারি মান ভালো।"
R003141,O004552,5,"Excellent product, very happy with the purchase."
R003142,O004553,2,"ডেলিভারি দেরিতে হয়েছে।"
R003143,O004555,3,"মোটামুটি পণ্য।"
R003144,O004556,4,"Satisfied with the product."
R003145,O004557,4,"Decent product for the price."
R003146,O004559,5,"Highly recommend to everyone."
R003147,O004560,5,"প্যাকেজিং চমৎকার ছিল।"
R003148,O004562,2,"পণ্যের মান আশানুরূপ নয়।"
R003149,O004563,3,"Average quality, expected better."
R003150,O004565,4,"ডেলিভারি সময়মতো হয়েছে।"
R003151,O004566,4,"মান ভালো তবে প্যাকেজিং আরেকটু ভালো হতে পারতো।"
R003152,O004568,5,"Excellent product! Very happy with the purchase."
R003153,O004569,1,"পণ্য ক্ষতিগ্রস্ত অবস্থায় পৌঁছেছে।"
R003154,O004571,2,"Not satisfied with the quality."
R003155,O004572,3,"কোনো বিশেষ মন্তব্য নেই।"
R003156,O004573,4,"Good quality overall."
R003157,O004575,4,"Satisfied with the product."
R003158,O004576,5,"দ্রুত ডেলিভারি মান ভালো।"
R003159,O004578,1,"খুবই খারাপ অভিজ্ঞতা।"
R003160,O004579,3,"Product is okay."
R003161,O004581,3,"মোটামুটি পণ্য।"
R003162,O004582,4,"Decent product for the price."
R003163,O004584,5,"Excellent product, very happy with the purchase."
R003164,O004585,5,"Highly recommend to everyone."
R003165,O004586,1,"Very disappointed."
R003166,O004588,3,"Average quality, expected better."
R003167,O004589,3,"কোনো বিশেষ মন্তব্য নেই।"
R003168,O004591,4,"ডেলিভারি সময়মতো হয়েছে।"
R003169,O004592,5,"প্যাকেজিং চমৎকার ছিল।"
R003170,O004594,5,"Excellent product! Very happy with the purchase."
R003171,O004595,1,"পণ্য ক্ষতিগ্রস্ত অবস্থায় পৌঁছেছে।"
R003172,O004597,3,"Product is okay."
R003173,O004598,4,"মান ভালো তবে প্যাকেজিং আরেকটু ভালো হতে পারতো।"
R003174,O004600,4,"Good quality overall."
R003175,O004601,5,"দ্রুত ডেলিভারি মান ভালো।"
R003176,O004602,5,"Excellent product, very happy with the purchase."
R003177,O004604,1,"খুবই খারাপ অভিজ্ঞতা।"
R003178,O004605,3,"মোটামুটি পণ্য।"
R003179,O004607,4,"Satisfied with the product."
R003180,O004608,4,"Decent product for the price."
R003181,O004610,5,"Highly recommend to everyone."
R003182,O004611,5,"প্যাকেজিং চমৎকার ছিল।"
R003183,O004613,2,"ডেলিভারি দেরিতে হয়েছে।"
R003184,O004614,3,"Average quality, expected better."
R003185,O004615,4,"ডেলিভারি সময়মতো হয়েছে।"
R003186,O004617,4,"মান ভালো তবে প্যাকেজিং আরেকটু ভালো হতে পারতো।"
R003187,O004618,5,"Excellent product! Very happy with the purchase."
R003188,O004620,5,"দ্রুত ডেলিভারি মান ভালো।"
R003189,O004621,2,"পণ্যের মান আশানুরূপ নয়।"
R003190,O004623,3,"কোনো বিশেষ মন্তব্য নেই।"
R003191,O004624,4,"Good quality overall."
R003192,O004626,4,"Satisfied with the product."
R003193,O004627,5,"Excellent product, very happy with the purchase."
R003194,O004628,5,"Highly recommend to everyone."
R003195,O004630,2,"Not satisfied with the quality."
R003196,O004631,3,"Product is okay."
R003197,O004633,4,"Decent product for the price."
R003198,O004634,4,"ডেলিভারি সময়মতো হয়েছে।"
R003199,O004636,5,"প্যাকেজিং চমৎকার ছিল।"
R003200,O004637,1,"Very disappointed."
R003201,O004639,2,"ডেলিভারি দেরিতে হয়েছে।"
R003202,O004640,3,"মোটামুটি পণ্য।"
R003203,O004642,4,"মান ভালো তবে প্যাকেজিং আরেকটু ভালো হতে পারতো।"
R003204,O004643,4,"Good quality overall."
R003205,O004644,5,"Excellent product! Very happy with the purchase."
R003206,O004646,1,"পণ্য ক্ষতিগ্রস্ত অবস্থায় পৌঁছেছে।"
R003207,O004647,2,"পণ্যের মান আশানুরূপ নয়।"
R003208,O004649,3,"Average quality, expected better."
R003209,O004650,4,"Satisfied with the product."
R003210,O004652,5,"দ্রুত ডেলিভারি মান ভালো।"
R003211,O004653,5,"Excellent product, very happy with the purchase."
R003212,O004655,1,"খুবই খারাপ অভিজ্ঞতা।"
R003213,O004656,3,"কোনো বিশেষ মন্তব্য নেই।"
R003214,O004657,3,"Product is okay."
R003215,O004659,4,"Decent product for the price."
R003216,O004660,5,"Highly recommend to everyone."
R003217,O004662,5,"প্যাকেজিং চমৎকার ছিল।"
R003218,O004663,1,"Very disappointed."
R003219,O004665,3,"মোটামুটি পণ্য।"
R003220,O004666,4,"ডেলিভারি সময়মতো হয়েছে।"
R003221,O004668,4,"মান ভালো তবে প্যাকেজিং আরেকটু ভালো হতে পারতো।"
R003222,O004669,5,"Excellent product! Very happy with the purchase."
R003223,O004671,5,"দ্রুত ডেলিভারি মান ভালো।"
R003224,O004672,1,"পণ্য ক্ষতিগ্রস্ত অবস্থায় পৌঁছেছে।"
R003225,O004673,3,"Average quality, expected better."
R003226,O004675,4,"Good quality overall."
R003227,O004676,4,"Satisfied with the product."
R003228,O004678,5,"Excellent product, very happy with the purchase."
R003229,O004679,5,"Highly recommend to everyone."
R003230,O004681,2,"Not satisfied with the quality."
R003231,O004682,3,"কোনো বিশেষ মন্তব্য নেই।"
R003232,O004684,4,"Decent product for the price."
R003233,O004685,4,"ডেলিভারি সময়মতো হয়েছে।"
R003234,O004686,5,"প্যাকেজিং চমৎকার ছিল।"
R003235,O004688,5,"Excellent product! Very happy with the purchase."
R003236,O004689,2,"ডেলিভারি দেরিতে হয়েছে।"
R003237,O004691,3,"Product is okay."
R003238,O004692,4,"মান ভালো তবে প্যাকেজিং আরেকটু ভালো হতে পারতো।"
R003239,O004694,4,"Good quality overall."
R003240,O004695,5,"দ্রুত ডেলিভারি মান ভালো।"
R003241,O004697,5,"Excellent product, very happy with the purchase."
R003242,O004698,2,"পণ্যের মান আশানুরূপ নয়।"
R003243,O004700,3,"মোটামুটি পণ্য।"
R003244,O004701,4,"Satisfied with the product."
R003245,O004702,4,"Decent product for the price."
R003246,O004704,5,"Highly recommend to everyone."
R003247,O004705,5,"প্যাকেজিং চমৎকার ছিল।"
R003248,O004707,2,"Not satisfied with the quality."
R003249,O004708,3,"Average quality, expected better."
R003250,O004710,4,"ডেলিভারি সময়মতো হয়েছে।"
R003251,O004711,4,"মান ভালো তবে প্যাকেজিং আরেকটু ভালো হতে পারতো।"
R003252,O004713,5,"Excellent product! Very happy with the purchase."
R003253,O004714,1,"খুবই খারাপ অভিজ্ঞতা।"
R003254,O004715,2,"ডেলিভারি দেরিতে হয়েছে।"
R003255,O004717,3,"কোনো বিশেষ মন্তব্য নেই।"
R003256,O004718,4,"Good quality overall."
R003257,O004720,4,"Satisfied with the product."
R003258,O004721,5,"দ্রুত ডেলিভারি মান ভালো।"
R003259,O004723,1,"Very disappointed."
R003260,O004724,3,"Product is okay."
R003261,O004726,3,"মোটামুটি পণ্য।"
R003262,O004727,4,"Decent product for the price."
R003263,O004728,5,"Excellent product, very happy with the purchase."
R003264,O004730,5,"Highly recommend to everyone."
R003265,O004731,1,"পণ্য ক্ষতিগ্রস্ত অবস্থায় পৌঁছেছে।"
R003266,O004733,3,"Average quality, expected better."
R003267,O004734,3,"কোনো বিশেষ মন্তব্য নেই।"
R003268,O004736,4,"ডেলিভারি সময়মতো হয়েছে।"
R003269,O004737,5,"প্যাকেজিং চমৎকার ছিল।"
R003270,O004739,5,"Excellent product! Very happy with the purchase."
R003271,O004740,1,"খুবই খারাপ অভিজ্ঞতা।"
R003272,O004742,3,"Product is okay."
R003273,O004743,4,"মান ভালো তবে প্যাকেজিং আরেকটু ভালো হতে পারতো।"
R003274,O004744,4,"Good quality overall."
R003275,O004746,5,"দ্রুত ডেলিভারি মান ভালো।"
R003276,O004747,5,"Excellent product, very happy with the purchase."
R003277,O004749,1,"Very disappointed."
R003278,O004750,3,"মোটামুটি পণ্য।"
R003279,O004752,4,"Satisfied with the product."
R003280,O004753,4,"Decent product for the price."
R003281,O004755,5,"Highly recommend to everyone."
R003282,O004756,5,"প্যাকেজিং চমৎকার ছিল।"
R003283,O004757,2,"পণ্যের মান আশানুরূপ নয়।"
R003284,O004759,3,"Average quality, expected better."
R003285,O004760,4,"ডেলিভারি সময়মতো হয়েছে।"
R003286,O004762,4,"মান ভালো তবে প্যাকেজিং আরেকটু ভালো হতে পারতো।"
R003287,O004763,5,"Excellent product! Very happy with the purchase."
R003288,O004765,5,"দ্রুত ডেলিভারি মান ভালো।"
R003289,O004766,2,"Not satisfied with the quality."
R003290,O004768,3,"কোনো বিশেষ মন্তব্য নেই।"
R003291,O004769,4,"Good quality overall."
R003292,O004771,4,"Satisfied with the product."
R003293,O004772,5,"Excellent product, very happy with the purchase."
R003294,O004773,5,"Highly recommend to everyone."
R003295,O004775,2,"ডেলিভারি দেরিতে হয়েছে।"
R003296,O004776,3,"Product is okay."
R003297,O004778,4,"Decent product for the price."
R003298,O004779,4,"ডেলিভারি সময়মতো হয়েছে।"
R003299,O004781,5,"প্যাকেজিং চমৎকার ছিল।"
R003300,O004782,1,"পণ্য ক্ষতিগ্রস্ত অবস্থায় পৌঁছেছে।"
R003301,O004784,2,"পণ্যের মান আশানুরূপ নয়।"
R003302,O004785,3,"মোটামুটি পণ্য।"
R003303,O004786,4,"মান ভালো তবে প্যাকেজিং আরেকটু ভালো হতে পারতো।"
R003304,O004788,4,"Good quality overall."
R003305,O004789,5,"Excellent product! Very happy with the purchase."
R003306,O004791,1,"খুবই খারাপ অভিজ্ঞতা।"
R003307,O004792,2,"Not satisfied with the quality."
R003308,O004794,3,"Average quality, expected better."
R003309,O004795,4,"Satisfied with the product."
R003310,O004797,5,"দ্রুত ডেলিভারি মান ভালো।"
R003311,O004798,5,"Excellent product, very happy with the purchase."
R003312,O004800,1,"Very disappointed."
R003313,O004801,3,"কোনো বিশেষ মন্তব্য নেই।"
R003314,O004802,3,"Product is okay."
R003315,O004804,4,"Decent product for the price."
R003316,O004805,5,"Highly recommend to everyone."
R003317,O004807,5,"প্যাকেজিং চমৎকার ছিল।"
R003318,O004808,1,"পণ্য ক্ষতিগ্রস্ত অবস্থায় পৌঁছেছে।"
R003319,O004810,3,"মোটামুটি পণ্য।"
R003320,O004811,4,"ডেলিভারি সময়মতো হয়েছে।"
R003321,O004813,4,"মান ভালো তবে প্যাকেজিং আরেকটু ভালো হতে পারতো।"
R003322,O004814,5,"Excellent product! Very happy with the purchase."
R003323,O004815,5,"দ্রুত ডেলিভারি মান ভালো।"
R003324,O004817,1,"খুবই খারাপ অভিজ্ঞতা।"
R003325,O004818,3,"Average quality, expected better."
R003326,O004820,4,"Good quality overall."
R003327,O004821,4,"Satisfied with the product."
R003328,O004823,5,"Excellent product, very happy with the purchase."
R003329,O004824,5,"Highly recommend to everyone."
R003330,O004826,2,"ডেলিভারি দেরিতে হয়েছে।"
R003331,O004827,3,"কোনো বিশেষ মন্তব্য নেই।"
R003332,O004828,4,"Decent product for the price."
R003333,O004830,4,"ডেলিভারি সময়মতো হয়েছে।"
R003334,O004831,5,"প্যাকেজিং চমৎকার ছিল।"
R003335,O004833,5,"Excellent product! Very happy with the purchase."
R003336,O004834,2,"পণ্যের মান আশানুরূপ নয়।"
R003337,O004836,3,"Product is okay."
R003338,O004837,4,"মান ভালো তবে প্যাকেজিং আরেকটু ভালো হতে পারতো।"
R003339,O004839,4,"Good quality overall."
R003340,O004840,5,"দ্রুত ডেলিভারি মান ভালো।"
R003341,O004842,5,"Excellent product, very happy with the purchase."
R003342,O004843,2,"Not satisfied with the quality."
R003343,O004844,3,"মোটামুটি পণ্য।"
R003344,O004846,4,"Satisfied with the product."
R003345,O004847,4,"Decent product for the price."
R003346,O004849,5,"Highly recommend to everyone."
R003347,O004850,5,"প্যাকেজিং চমৎকার ছিল।"
R003348,O004852,2,"ডেলিভারি দেরিতে হয়েছে।"
R003349,O004853,3,"Average quality, expected better."
R003350,O004855,4,"ডেলিভারি সময়মতো হয়েছে।"
R003351,O004856,4,"মান ভালো তবে প্যাকেজিং আরেকটু ভালো হতে পারতো।"
R003352,O004857,5,"Excellent product! Very happy with the purchase."
R003353,O004859,1,"Very disappointed."
R003354,O004860,2,"পণ্যের মান আশানুরূপ নয়।"
R003355,O004862,3,"কোনো বিশেষ মন্তব্য নেই।"
R003356,O004863,4,"Good quality overall."
R003357,O004865,4,"Satisfied with the product."
R003358,O004866,5,"দ্রুত ডেলিভারি মান ভালো।"
R003359,O004868,1,"পণ্য ক্ষতিগ্রস্ত অবস্থায় পৌঁছেছে।"
R003360,O004869,3,"Product is okay."
R003361,O004871,3,"মোটামুটি পণ্য।"
R003362,O004872,4,"Decent product for the price."
R003363,O004873,5,"Excellent product, very happy with the purchase."
R003364,O004875,5,"Highly recommend to everyone."
R003365,O004876,1,"খুবই খারাপ অভিজ্ঞতা।"
R003366,O004878,3,"Average quality, expected better."
R003367,O004879,3,"কোনো বিশেষ মন্তব্য নেই।"
R003368,O004881,4,"ডেলিভারি সময়মতো হয়েছে।"
R003369,O004882,5,"প্যাকেজিং চমৎকার ছিল।"
R003370,O004884,5,"Excellent product! Very happy with the purchase."
R003371,O004885,1,"Very disappointed."
R003372,O004886,3,"Product is okay."
R003373,O004888,4,"মান ভালো তবে প্যাকেজিং আরেকটু ভালো হতে পারতো।"
R003374,O004889,4,"Good quality overall."
R003375,O004891,5,"দ্রুত ডেলিভারি মান ভালো।"
R003376,O004892,5,"Excellent product, very happy with the purchase."
R003377,O004894,1,"পণ্য ক্ষতিগ্রস্ত অবস্থায় পৌঁছেছে।"
R003378,O004895,3,"মোটামুটি পণ্য।"
R003379,O004897,4,"Satisfied with the product."
R003380,O004898,4,"Decent product for the price."
R003381,O004900,5,"Highly recommend to everyone."
R003382,O004901,5,"প্যাকেজিং চমৎকার ছিল।"
R003383,O004902,2,"Not satisfied with the quality."
R003384,O004904,3,"Average quality, expected better."
R003385,O004905,4,"ডেলিভারি সময়মতো হয়েছে।"
R003386,O004907,4,"মান ভালো তবে প্যাকেজিং আরেকটু ভালো হতে পারতো।"
R003387,O004908,5,"Excellent product! Very happy with the purchase."
R003388,O004910,5,"দ্রুত ডেলিভারি মান ভালো।"
R003389,O004911,2,"ডেলিভারি দেরিতে হয়েছে।"
R003390,O004913,3,"কোনো বিশেষ মন্তব্য নেই।"
R003391,O004914,4,"Good quality overall."
R003392,O004915,4,"Satisfied with the product."
R003393,O004917,5,"Excellent product, very happy with the purchase."
R003394,O004918,5,"Highly recommend to everyone."
R003395,O004920,2,"পণ্যের মান আশানুরূপ নয়।"
R003396,O004921,3,"Product is okay."
R003397,O004923,4,"Decent product for the price."
R003398,O004924,4,"ডেলিভারি সময়মতো হয়েছে।"
R003399,O004926,5,"প্যাকেজিং চমৎকার ছিল।"
R003400,O004927,1,"খুবই খারাপ অভিজ্ঞতা।"
R003401,O004928,2,"Not satisfied with the quality."
R003402,O004930,3,"মোটামুটি পণ্য।"
R003403,O004931,4,"মান ভালো তবে প্যাকেজিং আরেকটু ভালো হতে পারতো।"
R003404,O004933,4,"Good quality overall."
R003405,O004934,5,"Excellent product! Very happy with the purchase."
R003406,O004936,1,"Very disappointed."
R003407,O004937,2,"ডেলিভারি দেরিতে হয়েছে।"
R003408,O004939,3,"Average quality, expected better."
R003409,O004940,4,"Satisfied with the product."
R003410,O004942,5,"দ্রুত ডেলিভারি মান ভালো।"
R003411,O004943,5,"Excellent product, very happy with the purchase."
R003412,O004944,1,"পণ্য ক্ষতিগ্রস্ত অবস্থায় পৌঁছেছে।"
R003413,O004946,3,"কোনো বিশেষ মন্তব্য নেই।"
R003414,O004947,3,"Product is okay."
R003415,O004949,4,"Decent product for the price."
R003416,O004950,5,"Highly recommend to everyone."
R003417,O004952,5,"প্যাকেজিং চমৎকার ছিল।"
R003418,O004953,1,"খুবই খারাপ অভিজ্ঞতা।"
R003419,O004955,3,"মোটামুটি পণ্য।"
R003420,O004956,4,"ডেলিভারি সময়মতো হয়েছে।"
R003421,O004957,4,"মান ভালো তবে প্যাকেজিং আরেকটু ভালো হতে পারতো।"
R003422,O004959,5,"Excellent product! Very happy with the purchase."
R003423,O004960,5,"দ্রুত ডেলিভারি মান ভালো।"
R003424,O004962,1,"Very disappointed."
R003425,O004963,3,"Average quality, expected better."
R003426,O004965,4,"Good quality overall."
R003427,O004966,4,"Satisfied with the product."
R003428,O004968,5,"Excellent product, very happy with the purchase."
R003429,O004969,5,"Highly recommend to everyone."
R003430,O004971,2,"পণ্যের মান আশানুরূপ নয়।"
R003431,O004972,3,"কোনো বিশেষ মন্তব্য নেই।"
R003432,O004973,4,"Decent product for the price."
R003433,O004975,4,"ডেলিভারি সময়মতো হয়েছে।"
R003434,O004976,5,"প্যাকেজিং চমৎকার ছিল।"
R003435,O004978,5,"Excellent product! Very happy with the purchase."
R003436,O004979,2,"Not satisfied with the quality."
R003437,O004981,3,"Product is okay."
R003438,O004982,4,"মান ভালো তবে প্যাকেজিং আরেকটু ভালো হতে পারতো।"
R003439,O004984,4,"Good quality overall."
R003440,O004985,5,"দ্রুত ডেলিভারি মান ভালো।"
R003441,O004986,5,"Excellent product, very happy with the purchase."
R003442,O004988,2,"ডেলিভারি দেরিতে হয়েছে।"
R003443,O004989,3,"মোটামুটি পণ্য।"
R003444,O004991,4,"Satisfied with the product."
R003445,O004992,4,"Decent product for the price."
R003446,O004994,5,"Highly recommend to everyone."
R003447,O004995,5,"প্যাকেজিং চমৎকার ছিল।"
R003448,O004997,2,"পণ্যের মান আশানুরূপ নয়।"
R003449,O004998,3,"Average quality, expected better."
R003450,O005000,4,"ডেলিভারি সময়মতো হয়েছে।"
